CASE_ID,ACCIDENT_YEAR,PROC_DATE,JURIS,COLLISION_DATE,COLLISION_TIME,OFFICER_ID,REPORTING_DISTRICT,DAY_OF_WEEK,CHP_SHIFT,POPULATION,CNTY_CITY_LOC,SPECIAL_COND,BEAT_TYPE,CHP_BEAT_TYPE,CITY_DIVISION_LAPD,CHP_BEAT_CLASS,BEAT_NUMBER,PRIMARY_RD,SECONDARY_RD,DISTANCE,DIRECTION,INTERSECTION,WEATHER_1,WEATHER_2,STATE_HWY_IND,CALTRANS_COUNTY,CALTRANS_DISTRICT,STATE_ROUTE,ROUTE_SUFFIX,POSTMILE_PREFIX,POSTMILE,LOCATION_TYPE,RAMP_INTERSECTION,SIDE_OF_HWY,TOW_AWAY,COLLISION_SEVERITY,NUMBER_KILLED,NUMBER_INJURED,PARTY_COUNT,PRIMARY_COLL_FACTOR,PCF_CODE_OF_VIOL,PCF_VIOL_CATEGORY,PCF_VIOLATION,PCF_VIOL_SUBSECTION,HIT_AND_RUN,TYPE_OF_COLLISION,MVIW,PED_ACTION,ROAD_SURFACE,ROAD_COND_1,ROAD_COND_2,LIGHTING,CONTROL_DEVICE,CHP_ROAD_TYPE,PEDESTRIAN_ACCIDENT,BICYCLE_ACCIDENT,MOTORCYCLE_ACCIDENT,TRUCK_ACCIDENT,NOT_PRIVATE_PROPERTY,ALCOHOL_INVOLVED,STWD_VEHTYPE_AT_FAULT,CHP_VEHTYPE_AT_FAULT,COUNT_SEVERE_INJ,COUNT_VISIBLE_INJ,COUNT_COMPLAINT_PAIN,COUNT_PED_KILLED,COUNT_PED_INJURED,COUNT_BICYCLIST_KILLED,COUNT_BICYCLIST_INJURED,COUNT_MC_KILLED,COUNT_MC_INJURED,PRIMARY_RAMP,SECONDARY_RAMP,LATITUDE,LONGITUDE,COUNTY,CITY,POINT_X,POINT_Y
92402590,2024,2024-05-30,9365,2024-05-22,"705 ",019458,,3,1,9,4800,0,1,1,,2,083,"I-80 W/B","SUISUN VALEY ROAD O/C",1584.00,E,N,A,-,Y,SOL,,80," "," ",13.759,H,,L,N,4,0,1,2,A,-,03,22350,,N,C,C,A,A,H,-,A,D,0,,,,,Y,,E,22,0,0,1,0,0,0,0,0,0,"- ","- ",38.225440979003906,-122.125,SOLANO,UNINCORPORATED,-122.12500762939453,38.225444793701172
94467675,2024,2024-11-13,9365,2024-10-31,1545,022412,,4,2,6,4807,0,1,S,,2,781,"I-780 W/B","LAUREL STREET OVERCROSSING",1000.00,E,N,A,-,Y,SOL,,780," "," ",6.856,H,,L,N,4,0,1,4,A,-,03,22350,,N,C,C,A,A,H,-,B,D,0,,,,,Y,,A,07,0,0,1,0,0,0,0,0,0,"- ","- ",38.090080261230469,-122.22467803955078,SOLANO,VALLEJO,-122.22477722167969,38.089859008789062
94701331,2025,2025-05-27,9365,2025-05-26,1140,017736,,1,1,9,4800,0,1,1,,2,085,"I-80 W/B","LAGOON VALLEY RD",75.00,W,N,A,-,Y,SOL,,80," ",R,23.117,H,,L,N,3,0,1,2,A,-,03,22350,,N,C,C,A,A,H,-,A,D,0,,,,,Y,,A,07,0,1,0,0,0,0,0,0,0,"- ","- ",38.325031280517578,-122.02423858642578,SOLANO,UNINCORPORATED,-122.02424621582031,38.325031280517578
94783011,2025,2025-07-30,9365,2025-07-29,"450 ",024430,,2,3,9,4800,0,1,1,,2,680,"I-680 N/B","PARISH RD",1435.00,N,N,A,-,Y,SOL,,680," ",R,5.297,H,,R,N,3,0,1,1,A,-,08,22107,,N,E,8,A,A,H,-,B,D,0,,,,,Y,,-,"- ",0,1,0,0,0,0,0,0,0,"- ","- ",38.119861602783203,-122.10600280761719,SOLANO,UNINCORPORATED,-122.1060791015625,38.119857788085938
94998969,2025,2026-01-05,9365,2025-12-26,1815,023408,,5,2,5,4803,0,1,1,,2,680,"I-680 N/B","MARSHVIEW RD",581.00,S,N,B,-,Y,SOL,,680," ",R,7.200,H,,R,Y,4,0,1,2,C,-,18,,,N,E,H,A,B,H,-,D,D,0,,,,,Y,,-,"- ",0,0,1,0,0,0,0,0,0,"- ","- ",38.146858215332031,-122.11045837402344,SOLANO,FAIRFIELD,-122.11041259765625,38.146873474121094
7045090,2015,2015-09-08,4807,2015-07-16,2022,633,VPD,4,5,6,4807,0,0,0,,0,002,"ROLLINGWOOD DR","BENICIA RD",0.00,,Y,A,-,N,,,,,,,,,,N,4,0,1,2,A,-,12,21453,A,N,D,C,A,A,H,-,B,A,0,,,,,Y,,-,"- ",0,0,1,0,0,0,0,0,0,"- ","- ",,,SOLANO,VALLEJO,-122.20845998,38.089059910000003
91064137,2019,2019-08-30,9365,2019-08-27,1625,017747,,2,2,5,4803,0,1,1,,2,085,"I-80 W/B","MANUEL CAMPOS PKWY",2640.00,W,N,A,-,Y,,,80,,,,,,W,N,3,0,1,2,A,-,07,21658,A,N,B,C,A,A,H,-,A,D,0,,,,,Y,,A,07,0,1,0,0,0,0,0,0,0,"- ","- ",38.289199829101562,-122.03589630126953,SOLANO,FAIRFIELD,-122.03623199462891,38.289482116699219
91279429,2020,2020-08-03,9365,2020-07-24,1847,019927,,5,2,9,4800,0,1,1,,2,680,"I-680 N/B","LAKE HERMAN RD",3062.00,N,N,A,-,Y,,,,,,,,,,Y,2,0,1,2,A,-,07,21658,A,N,C,C,A,A,H,-,A,D,0,,,,,Y,,A,01,1,0,0,0,0,0,0,0,0,"- ","- ",38.053508758544922,-122.06230163574219,SOLANO,UNINCORPORATED,-122.10672760009766,38.093082427978516
91358069,2020,2020-12-03,9365,2020-11-20,1725,021857,,5,2,6,4807,0,1,1,,2,080,"I-80 WESTBOUND","SOLANO AVE.",1056.00,W,N,A,-,Y,,,80,,,,,,W,Y,4,0,1,3,A,-,03,22350,,N,C,C,A,A,H,-,B,D,0,,,,,Y,,A,01,0,0,1,0,0,0,0,0,0,"- ","- ",38.103118896484375,-122.22994232177734,SOLANO,VALLEJO,-122.22984313964844,38.103118896484375
91469147,2020,2021-05-10,9365,2020-12-07,1845,018803,,1,2,5,4803,0,1,1,,2,084,"I-80 E/B","SR-12 RIO VISTA O/C",600.00,E,N,A,-,Y,,,80,,,,,,E,Y,4,0,1,6,A,-,08,22107,,M,E,I,A,A,H,-,C,D,0,,,,,Y,,A,07,0,0,1,0,0,0,0,0,0,"- ","- ",38.240371704101562,-122.09078216552734,SOLANO,FAIRFIELD,-122.09081268310547,38.240451812744141
91485275,2021,2021-05-28,9365,2021-05-20,1620,017820,,4,2,5,4803,0,1,1,,2,084,"I-80 E/B","AIRBASE PARKWAY",2316.00,W,N,A,-,Y,,,80,,,,,,E,Y,3,0,1,2,A,-,08,22107,,N,B,C,A,A,H,-,A,A,0,,,Y,,Y,,A,07,0,1,0,0,0,0,0,0,1,"- ","- ",38.268661499023438,-122.05361938476562,SOLANO,FAIRFIELD,-122.05357360839844,38.26861572265625
91529664,2021,2021-07-27,9365,2021-07-23,1835,020972,,5,2,6,4807,0,1,3,,2,371,"SR-37 E/B","FAIRGROUNDS DR.",2000.00,W,N,A,-,Y,,,37,,,,,,E,Y,3,0,3,2,A,-,03,22350,,N,C,C,A,A,H,-,A,D,0,,,,,Y,,A,01,0,3,0,0,0,0,0,0,0,"- ","- ",38.141731262207031,-122.24239349365234,SOLANO,VALLEJO,-122.24238586425781,38.141738891601562
85008023,2025,2026-01-12,4807,2025-11-09,1921,#774,,7,5,6,4807,0,0,0,,0,006,"SONOMA BL","FLORIDA ST",40.00,N,N,A,-,N,,,,,,,,,,N,4,0,1,2,A,-,03,22350,,F,C,C,A,A,H,-,C,A,0,,,,,Y,,-,99,0,0,1,0,0,0,0,0,0,"- ","- ",38.105049133300781,-122.25486755371094,SOLANO,VALLEJO,-122.25485992431641,38.105148315429688
90087513,2015,2016-01-04,9365,2015-12-09,1730,019051,,3,2,6,4807,0,1,3,,2,371,"SR-37 E/B","FAIRGROUNDS DR",300.00,E,N,B,-,Y,,,37,,,,,,E,N,4,0,1,1,A,-,03,22350,,N,E,I,A,B,H,-,C,D,0,,,,,Y,,A,01,0,0,1,0,0,0,0,0,0,"- ","- ",38.14134,-122.2299,SOLANO,VALLEJO,-122.22990021,38.141288930000002
90147653,2016,2016-03-30,9365,2016-03-22,0930,013706,,2,1,3,4802,0,1,1,,2,089,"I-80 W/B","KIDWELL ROAD",1900.00,E,N,A,-,Y,,,,,,,,,,Y,2,0,1,2,A,-,03,22350,,N,C,C,A,A,H,-,A,D,0,,,,,Y,,A,01,1,0,0,0,0,0,0,0,0,"- ","- ",38.509500000000003,-121.7814,SOLANO,DIXON,-121.78152914,38.509469590000002
90156159,2016,2016-04-12,9365,2016-04-02,1445,020074,,6,2,9,4800,0,1,3,,2,371,"SR-37 (WESTBOUND)","SKAGGS ISLAND ROAD",5280.00,W,N,A,-,Y,,,37,,,,,,,Y,4,0,1,2,A,-,03,22350,,N,C,C,A,A,H,-,A,D,0,,,Y,,Y,,C,02,0,0,1,0,0,0,0,0,1,"- ","- ",38.152769999999997,-122.39181000000001,SOLANO,UNINCORPORATED,-122.39181189,38.152760569999998
90940521,2019,2019-03-06,9365,2019-02-28,0814,014687,,4,1,9,4800,0,1,3,,2,370,"SR-37 W/B","RAILROAD AVE",13200.00,W,N,B,-,Y,,,37,,,,,,W,Y,4,0,1,2,A,-,03,22350,,N,C,C,A,A,H,-,A,D,0,,,,,Y,,A,01,0,0,1,0,0,0,0,0,0,"- ","- ",38.132278442382812,-122.33744049072266,SOLANO,UNINCORPORATED,-122.33746337890625,38.132228851318359
91041169,2019,2019-07-29,9365,2019-07-17,0918,017508,,3,1,5,4806,0,1,1,,2,087,"I-80 EB","LEISURE TOWN RD",1500.00,W,N,A,-,Y,,,80,,,,,,E,Y,3,0,2,2,A,-,08,22107,,N,A,C,A,A,D,-,A,A,0,,,,Y,Y,,F,76,0,1,1,0,0,0,0,0,0,"- ","- ",38.382598876953125,-121.94101715087891,SOLANO,VACAVILLE,-121.94097900390625,38.382549285888672
9797797,2025,2025-05-27,4806,2025-05-05,1928,856,902,1,5,5,4806,0,0,0,,0,009,"HARBISON DR","DAMIONO LN",363.00,N,N,A,-,N,,,,,,,,,,N,4,0,1,2,A,-,05,21202,A,N,D,G,A,A,H,-,A,A,0,,Y,,,Y,,L,04,0,0,1,0,0,0,1,0,0,"- ","- ",38.361679077148438,-121.96331787109375,SOLANO,VACAVILLE,-121.96378326416016,38.362560272216797
9883268,2025,2025-12-10,4806,2025-10-09,2023,871,405,4,5,5,4806,0,0,0,,0,004,"ELMIRA RD","ALLISON DR",286.00,W,N,A,-,N,,,,,,,,,,Y,4,0,1,1,A,-,08,22107,,N,E,I,A,A,H,-,C,A,0,,,Y,,Y,,C,02,0,0,1,0,0,0,0,0,1,"- ","- ",38.352001190185547,-121.96399688720703,SOLANO,VACAVILLE,-121.96556091308594,38.352382659912109
81505575,2021,2021-06-24,4807,2021-01-24,1528,#726,VALLE,7,5,6,4807,0,0,0,,0,001,"ADMIRAL CALLAGHAN LN","FLEMING AV E",0.00,,Y,C,-,N,,,,,,,,,,Y,3,0,1,2,A,-,08,22107,,N,A,C,A,B,H,-,A,A,0,,,,,Y,,A,01,0,1,0,0,0,0,0,0,0,"- ","- ",38.117198944091797,-122.22949981689453,SOLANO,VALLEJO,-122.22950744628906,38.117286682128906
81776368,2022,2022-05-20,4803,2022-05-10,1147,1771,,2,5,5,4803,0,0,0,,0,00E,"AIR BASE PARKWAY","DOVER AVENUE",320.00,E,N,C,-,N,,,,,,,,,,N,4,0,1,2,A,-,03,22350,,N,C,C,A,B,H,-,A,D,0,,,,,Y,,A,01,0,0,1,0,0,0,0,0,0,"- ","- ",38.272598266601562,-122.02484893798828,SOLANO,FAIRFIELD,-122.0238037109375,38.272720336914062
84459361,2024,2024-11-06,4803,2024-11-01,1336,1742,,5,5,5,4803,0,0,0,,0,00S,"BROADWAY STREET","JEFFERSON STREET",0.00,,Y,B,-,N,,,,,,,,,,N,4,0,1,2,A,-,09,21802,A,N,D,C,A,A,H,-,A,A,0,,,,,Y,,A,07,0,0,1,0,0,0,0,0,0,"- ","- ",38.245761871337891,-122.04178619384766,SOLANO,FAIRFIELD,-122.04187774658203,38.245876312255859
84518943,2024,2024-12-30,4803,2024-12-13,"943 ",1797,,5,5,5,4803,0,0,0,,0,00S,"JACKSON STREET","DELAWARE STREET",0.00,,Y,B,-,N,,,,,,,,,,Y,4,0,1,2,A,-,09,21802,A,N,D,C,A,B,H,-,A,A,0,,,,,Y,,A,01,0,0,1,0,0,0,0,0,0,"- ","- ",38.246929168701172,-122.04456329345703,SOLANO,FAIRFIELD,-122.0445556640625,38.247028350830078
9572388,2023,2023-07-12,4806,2023-06-14,1915,647,401,3,5,5,4806,0,0,0,,0,004,"AEGEAN WY","SUNSET LN",0.00,,Y,A,-,N,,,,,,,,,,Y,3,0,1,2,A,-,01,23153,A,F,A,C,A,A,H,-,A,D,0,,,,,Y,Y,A,01,0,1,0,0,0,0,0,0,0,"- ","- ",38.354419708251953,-121.973876953125,SOLANO,VACAVILLE,-121.97380828857422,38.354362487792969
9598204,2023,2023-09-11,4806,2023-07-31,1024,341,102,1,5,5,4806,0,0,0,,0,001,"MERCHANT ST","ALAMO DR",33.00,N,N,A,-,N,,,,,,,,,,Y,4,0,1,2,A,-,08,22107,,N,A,C,A,A,H,-,A,A,0,,,,,Y,,A,01,0,0,1,0,0,0,0,0,0,"- ","- ",38.347518920898438,-121.99777984619141,SOLANO,VACAVILLE,-121.99761962890625,38.34759521484375
9626701,2023,2023-11-06,4801,2023-09-26,"800 ",4293,3,2,5,4,4801,0,0,0,,0,003,"ROSE DR","BARTON WY",345.00,E,N,A,-,N,,,,,,,,,,N,4,0,1,2,A,-,09,21804,A,N,A,C,A,A,H,-,A,D,0,,,,,Y,,A,07,0,0,1,0,0,0,0,0,0,"- ","- ",38.086040496826172,-122.16828918457031,SOLANO,BENICIA,-122.16854858398438,38.085956573486328
9758268,2024,2024-12-03,4806,2024-11-21,"803 ",807,708,4,5,5,4806,0,0,0,,0,007,"ALAMO DR","ALAMO LN",75.00,E,N,C,-,N,,,,,,,,,,N,4,0,1,2,A,-,03,22350,,N,C,C,A,B,H,-,A,A,0,,,,,Y,,A,01,0,0,1,0,0,0,0,0,0,"- ","- ",38.335540771484375,-121.9852294921875,SOLANO,VACAVILLE,-121.98493194580078,38.335529327392578
9768545,2024,2025-01-15,4806,2024-12-21,2106,856,,6,5,5,4806,0,0,0,,0,008,"ELMIRA RD","PEABODY RD",50.00,W,N,C,-,N,,,,,,,,,,N,4,0,1,2,A,-,03,22350,,N,C,C,A,B,H,-,C,A,0,,,,,Y,Y,D,22,0,0,1,0,0,0,0,0,0,"- ","- ",38.354141235351562,-121.97621917724609,SOLANO,VACAVILLE,-121.97608184814453,38.354030609130859
9776584,2025,2025-01-21,4806,2025-01-05,1500,686,502,7,5,5,4806,0,0,0,,0,005,"EL MIRA RD","NUT TREE RD",470.00,E,N,A,-,N,,,,,,,,,,Y,4,0,3,2,A,-,09,21804,A,N,A,C,A,A,H,-,A,A,0,,,,,Y,,A,01,0,0,3,0,0,0,0,0,0,"- ","- ",38.351741790771484,-121.95317840576172,SOLANO,VACAVILLE,-121.95159149169922,38.351654052734375
8751898,2018,2018-12-11,4805,2018-07-09,0746,5S21,4805,1,5,4,4805,0,0,0,,0,002,"PINTAIL DR","CACKLING DR",180.00,W,N,A,-,N,,,,,,,,,,N,2,0,1,2,A,-,08,22100,B,N,G,G,A,A,H,-,A,D,0,,Y,,,Y,,L,04,1,0,0,0,0,0,1,0,0,"- ","- ",38.248950958251953,-122.00784301757812,SOLANO,"SUISUN CITY",-122.00840759277344,38.249095916748047
8757751,2018,2019-01-09,4803,2018-11-17,1449,1687,,6,5,5,4803,0,0,0,,0,,"EAST TABOR AV","KIDDER AV",0.00,,Y,A,-,N,,,,,,,,,,,4,0,3,3,A,-,12,22450,A,N,D,C,A,A,H,-,A,A,0,,,,,Y,,A,01,0,0,3,0,0,0,0,0,0,"- ","- ",,,SOLANO,FAIRFIELD,-122.03018951416016,38.265518188476562
8803258,2019,2019-02-25,4807,2019-01-10,0605,707,VALLE,4,5,6,4807,0,0,0,,0,004,"LEMON ST","5TH ST",0.00,,Y,B,C,N,,,,,,,,,,Y,4,0,1,2,A,-,12,22450,A,N,D,C,A,B,H,-,C,A,0,,,,,Y,,A,01,0,0,1,0,0,0,0,0,0,"- ","- ",38.088760375976562,-122.2418212890625,SOLANO,VALLEJO,-122.24175262451172,38.088771820068359
8818664,2018,2019-03-28,4806,2018-01-31,0754,410,503,3,5,5,4806,0,0,0,,0,005,"STIRLING DR","DUNCAN DR",0.00,,Y,A,-,N,,,,,,,,,,N,3,0,1,2,A,-,09,21801,,N,D,G,A,A,H,-,A,A,0,,Y,,,Y,,L,04,0,1,0,0,0,0,1,0,0,"- ","- ",38.343509674072266,-121.95159912109375,SOLANO,VACAVILLE,-121.95159149169922,38.343498229980469
8825914,2019,2019-03-29,4806,2019-02-08,2041,457,516,5,5,5,4806,0,0,0,,0,005,"MARSHALL RD","LEISURE TOWN RD",54.00,W,N,C,-,N,,,,,,,,,,N,4,0,2,3,A,-,01,23152,A,N,C,C,A,B,H,-,C,A,0,,,,,Y,Y,A,01,0,0,2,0,0,0,0,0,0,"- ","- ",38.343128204345703,-121.93399047851562,SOLANO,VACAVILLE,-121.93418884277344,38.343070983886719
8849341,2018,2019-05-06,4803,2018-12-13,1630,1577,,4,5,5,4803,0,0,0,,0,00S,"GATEWAY BL","TRAVIS BL",42.00,N,N,A,-,N,,,,,,,,,,N,3,0,2,2,A,-,04,21703,,F,C,C,A,-,H,-,A,A,0,,,,,Y,,-,99,0,1,1,0,0,0,0,0,0,"- ","- ",38.258029937744141,-122.05686187744141,SOLANO,FAIRFIELD,-122.05684661865234,38.258243560791016
8402227,2017,2017-07-17,4807,2017-06-22,1203,630,VALLE,4,5,6,4807,0,0,0,,0,005,"SPRINGS RD","TUOLUMNE ST",100.00,W,N,A,-,N,,,,,,,,,,,3,0,4,2,A,-,08,22107,,N,-,I,A,A,H,-,A,D,0,,,,,Y,,-,,0,1,3,0,0,0,0,0,0,"- ","- ",,,SOLANO,VALLEJO,-122.23853765,38.106180000000002
8408698,2017,2017-08-03,4807,2017-05-15,1545,694,VALLE,1,5,6,4807,0,0,0,,0,005,"TOULUMNE ST","LOMA VISTA",0.00,,Y,A,-,N,,,,,,,,,,N,4,0,1,2,A,-,10,21950,C,N,G,G,A,A,H,-,A,A,0,,Y,,,Y,,A,01,0,0,1,0,0,0,1,0,0,"- ","- ",,,SOLANO,VALLEJO,-122.23804989999999,38.115479919999999
8447831,2017,2018-05-04,4803,2017-08-11,1836,1563,4803,5,5,5,4803,0,0,0,,0,EAST,"AIR BASE PKWY","WALTERS RD",115.00,E,N,A,-,N,,,,,,,,,,Y,4,0,2,2,A,-,03,22350,,N,C,C,A,A,H,-,A,A,0,,,,,Y,,A,01,0,0,2,0,0,0,0,0,0,"- ","- ",38.271569999999997,-121.98795,SOLANO,FAIRFIELD,-121.98758469000001,38.271590600000003
8526867,2017,2018-01-10,4803,2017-12-20,1632,1565,SOLAN,3,5,5,4803,0,0,0,,0,00S,"WEST TEXAS ST","PENNSYLVANIA AV",270.00,W,N,A,-,N,,,,,,,,,,N,4,0,1,2,A,-,09,21801,A,N,D,C,A,A,H,-,A,A,0,,,,,Y,,A,01,0,0,1,0,0,0,0,0,0,"- ","- ",38.249250000000004,-122.0498,SOLANO,FAIRFIELD,-122.05091037,38.249249900000002
8751140,2018,2018-12-17,4805,2018-08-25,1425,5L84,4805,6,5,4,4805,0,0,0,,0,003,"WALTERS RD","MONTEBELLO DR",15.00,N,N,A,-,N,,,,,,,,,,,3,0,2,2,A,-,12,21453,A,N,A,C,A,A,H,-,A,A,0,,,,,Y,,D,22,0,1,1,0,0,0,0,0,0,"- ","- ",,,SOLANO,"SUISUN CITY",-121.98811340332031,38.246372222900391
8751878,2018,2018-12-11,4805,2018-05-19,1730,5L67,4805,6,5,4,4805,0,0,0,,0,002,"SUNSET AV","PINTAIL DR",0.00,,Y,A,-,N,,,,,,,,,,N,4,0,1,2,A,-,12,21453,A,N,D,C,A,A,H,-,A,A,0,,,,,Y,,A,01,0,0,1,0,0,0,0,0,0,"- ","- ",38.249340057373047,-122.02037811279297,SOLANO,"SUISUN CITY",-122.02052307128906,38.249320983886719
6737935,2014,2015-01-21,9365,2014-11-29,1825,018205,,6,2,9,4800,0,3,5,,2,040,"CURREY RD","SIEVERS RD",0.00,,Y,B,-,N,,,,,,,,,,Y,4,0,1,2,A,-,03,22350,,N,D,C,A,B,H,-,D,A,0,,,,,Y,,A,01,0,0,1,0,0,0,0,0,0,"- ","- ",,,SOLANO,UNINCORPORATED,-121.82228993,38.489099899999999
6821394,2015,2016-09-06,9365,2015-02-10,0155,019621,,2,3,6,4807,0,1,3,,2,370,"RT 37","RT 80",75.00,W,N,A,-,Y,SOL,4,37,-,R,11.710,H,-,E,Y,3,0,1,1,A,-,01,23152,A,N,E,I,A,A,H,-,D,D,1,,,,,Y,Y,A,01,0,1,0,0,0,0,0,0,0,"- ","- ",38.141030000000001,-122.21894,SOLANO,VALLEJO,-122.21906697999999,38.141047569999998
6983990,2015,2016-11-30,9365,2015-05-09,1420,18941,,6,2,5,4803,0,1,1,,2,081,"RT 80","RED TOP RD",1000.00,E,N,A,-,Y,SOL,4,80,-,R,11.600,H,-,W,N,4,0,1,2,A,-,07,21658,A,M,B,C,A,A,H,-,A,D,1,,,,,Y,,-,99,0,0,1,0,0,0,0,0,0,"- ","- ",38.204909999999998,-122.15398,SOLANO,FAIRFIELD,-122.15489881000001,38.204192140000004
8363163,2017,2017-05-16,4807,2017-04-20,1948,700,VALLE,4,5,6,4807,0,0,0,,0,002,"ASCOT PKY","SUNRISE WY",0.00,,Y,A,-,N,,,,,,,,,,N,4,0,1,2,A,-,08,22107,,N,B,C,A,A,H,-,B,D,0,,,,,Y,,D,22,0,0,1,0,0,0,0,0,0,"- ","- ",,,SOLANO,VALLEJO,-122.20272993,38.117969950000003
8369575,2017,2017-05-31,4807,2017-05-07,0918,658,VALLE,7,5,6,4807,0,0,0,,0,005,"TUOLUMNE ST","FLORIDA ST",0.00,,Y,A,-,N,,,,,,,,,,Y,4,0,1,2,A,-,12,21453,A,F,-,C,A,A,H,-,A,A,0,,,,,Y,,-,,0,0,1,0,0,0,0,0,0,"- ","- ",,,SOLANO,VALLEJO,-122.2382099,38.104809940000003
8385959,2017,2017-07-10,4803,2017-06-07,1258,450,,3,5,5,4803,0,0,0,,0,00S,"TEXAS ST","JEFFERSON ST",0.00,,Y,A,-,N,,,,,,,,,,N,4,0,1,4,A,-,03,22350,,N,C,C,A,A,H,-,A,A,0,,,,,Y,,A,01,0,0,1,0,0,0,0,0,0,"- ","- ",38.249250000000004,-122.04170000000001,SOLANO,FAIRFIELD,-122.04188993,38.249229980000003
6443698,2014,2016-02-12,9365,2014-03-30,1620,17559,,7,2,5,4806,0,1,1,,2,086,"RT 80","PENA ADOBE RD",100.00,E,N,A,-,Y,SOL,4,80,-,-,23.980,H,-,W,Y,4,0,1,4,A,-,03,22350,,N,C,C,A,A,H,-,A,D,1,,,,,Y,,A,01,0,0,1,0,0,0,0,0,0,"- ","- ",38.33634,-122.01692,SOLANO,VACAVILLE,-122.01660124999999,38.337077379999997
6566456,2014,2016-05-18,9365,2014-07-03,1050,15437,,4,1,4,4801,0,1,1,,2,680,"RT 680","INDUSTRIAL WY",200.00,N,N,A,-,Y,SOL,4,680,-,R,1.350,H,-,S,Y,3,0,4,1,A,-,08,22107,,N,E,I,A,A,H,-,A,D,1,,,,,Y,,A,01,0,2,2,0,0,0,0,0,0,"- ","- ",38.068849999999998,-122.12719,SOLANO,BENICIA,-122.12732939999999,38.069026270000002
6607226,2014,2016-05-25,9365,2014-08-15,1655,019572,,5,2,9,4800,0,1,A,,2,030,"RT 113","BINGHAMPTON RD",260.00,N,N,A,-,Y,SOL,4,113,-,-,12.820,H,-,S,Y,3,0,1,1,A,-,08,22107,,N,E,I,A,A,H,-,A,D,0,,,,,Y,,A,07,0,1,0,0,0,0,0,0,0,"- ","- ",38.351860000000002,-122.82317999999999,SOLANO,UNINCORPORATED,-121.82313533999999,38.35190206
6739692,2014,2015-01-22,9365,2014-11-28,0645,014494,,5,1,5,4803,0,1,1,,2,085,"RT 80","MANUEL CAMPOS PKWY",1056.00,W,N,A,-,Y,,,80,,,,,,,Y,4,0,1,1,A,-,08,22107,,N,E,I,A,A,H,-,B,D,0,,,,,Y,,A,01,0,0,1,0,0,0,0,0,0,"- ","- ",38.289149999999999,-122.03607,SOLANO,FAIRFIELD,-122.03612174,38.289194629999997
6821061,2015,2015-03-17,9365,2015-02-04,1718,015810,,3,2,9,4800,0,1,A,,2,030,"CHERRY GLEN RD","LYON RD",40.00,S,N,A,-,N,,,,,,,,,,Y,3,0,1,2,A,-,03,22350,,N,C,C,A,A,H,-,A,D,0,,,Y,,Y,,C,02,0,1,0,0,0,0,0,0,1,"- ","- ",38.326270000000001,-122.0254,SOLANO,UNINCORPORATED,-122.02555778999999,38.32635604
6945521,2015,2015-07-30,4803,2015-05-01,2235,1546,,5,5,5,4803,0,0,0,,0,00E,"PEABODY RD","VANDEN RD",0.00,,Y,A,-,N,,,,,,,,,,N,4,0,1,2,A,-,08,22107,,F,B,C,A,A,H,-,C,A,0,,,,,Y,,D,23,0,0,1,0,0,0,0,0,0,"- ","- ",,,SOLANO,FAIRFIELD,-121.96958986,38.28685995
92385942,2024,2024-05-09,9365,2024-05-04,"900 ",023301,,6,1,9,4800,0,1,1,,2,081,"I-80 E/B","HIDDENBROOKE PKY",5755.00,W,N,C,-,Y,NAP,,80," "," ",6.991,H,,R,Y,4,0,1,1,A,-,03,22350,,N,E,I,A,B,H,-,A,D,0,,,,,Y,,A,07,0,0,1,0,0,0,0,0,0,"- ","- ",38.1573486328125,-122.21311187744141,SOLANO,UNINCORPORATED,-122.21299743652344,38.157299041748047
91874675,2022,2022-09-27,9365,2022-09-19,1010,017820,,1,1,6,4807,0,1,1,,2,080,"I-80 E/B","BENICIA RD",1003.00,W,N,B,-,Y,SOL,,80,,,2.252,H,,R,Y,4,0,1,2,A,-,03,22350,,N,C,C,A,A,H,-,A,A,0,,,,,Y,,A,01,0,0,1,0,0,0,0,0,0,"- ","- ",38.091789245605469,-122.23026275634766,SOLANO,VALLEJO,-122.23027801513672,38.091793060302734
92048972,2023,2023-04-20,9365,2023-04-18,1715,023278,,2,2,5,4803,0,1,1,,2,083,"I-80 E/B","SUISUN VALLEY RD",2640.00,E,N,A,-,Y,SOL,,80," "," ",14.075,H,,R,N,4,0,1,2,A,-,07,21658,A,N,B,C,A,A,H,-,A,D,0,,,,,Y,,-,"- ",0,0,1,0,0,0,0,0,0,"- ","- ",38.22760009765625,-122.12021636962891,SOLANO,FAIRFIELD,-122.12021636962891,38.227596282958984
92092502,2023,2023-06-13,9365,2023-06-03,"110 ",022656,,6,3,9,4800,0,1,3,,2,370,"SR-37 E/B","NOBLE RD",5280.00,E,N,A,-,Y,SOL,,37," ",R,0.177,H,,R,N,3,0,1,1,A,-,01,23152,A,N,E,I,A,A,H,-,D,D,0,,,,,Y,Y,A,01,0,1,0,0,0,0,0,0,0,"- ","- ",38.155471801757812,-122.40363311767578,SOLANO,UNINCORPORATED,-122.40363311767578,38.155452728271484
92196195,2023,2023-10-11,9365,2023-10-06,1755,023262,,5,2,5,4803,0,1,1,,2,083,"I-80 E/B",SR-12,5280.00,W,N,A,-,Y,SOL,,80," "," ",14.776,H,,R,N,4,0,1,2,A,-,08,22107,,N,A,C,A,A,H,-,A,D,0,,,,,Y,,A,01,0,0,1,0,0,0,0,0,0,"- ","- ",38.232650756835938,-122.10885620117188,SOLANO,FAIRFIELD,-122.10881042480469,38.232582092285156