CASE_ID,ACCIDENT_YEAR,PROC_DATE,JURIS,COLLISION_DATE,COLLISION_TIME,OFFICER_ID,REPORTING_DISTRICT,DAY_OF_WEEK,CHP_SHIFT,POPULATION,CNTY_CITY_LOC,SPECIAL_COND,BEAT_TYPE,CHP_BEAT_TYPE,CITY_DIVISION_LAPD,CHP_BEAT_CLASS,BEAT_NUMBER,PRIMARY_RD,SECONDARY_RD,DISTANCE,DIRECTION,INTERSECTION,WEATHER_1,WEATHER_2,STATE_HWY_IND,CALTRANS_COUNTY,CALTRANS_DISTRICT,STATE_ROUTE,ROUTE_SUFFIX,POSTMILE_PREFIX,POSTMILE,LOCATION_TYPE,RAMP_INTERSECTION,SIDE_OF_HWY,TOW_AWAY,COLLISION_SEVERITY,NUMBER_KILLED,NUMBER_INJURED,PARTY_COUNT,PRIMARY_COLL_FACTOR,PCF_CODE_OF_VIOL,PCF_VIOL_CATEGORY,PCF_VIOLATION,PCF_VIOL_SUBSECTION,HIT_AND_RUN,TYPE_OF_COLLISION,MVIW,PED_ACTION,ROAD_SURFACE,ROAD_COND_1,ROAD_COND_2,LIGHTING,CONTROL_DEVICE,CHP_ROAD_TYPE,PEDESTRIAN_ACCIDENT,BICYCLE_ACCIDENT,MOTORCYCLE_ACCIDENT,TRUCK_ACCIDENT,NOT_PRIVATE_PROPERTY,ALCOHOL_INVOLVED,STWD_VEHTYPE_AT_FAULT,CHP_VEHTYPE_AT_FAULT,COUNT_SEVERE_INJ,COUNT_VISIBLE_INJ,COUNT_COMPLAINT_PAIN,COUNT_PED_KILLED,COUNT_PED_INJURED,COUNT_BICYCLIST_KILLED,COUNT_BICYCLIST_INJURED,COUNT_MC_KILLED,COUNT_MC_INJURED,PRIMARY_RAMP,SECONDARY_RAMP,LATITUDE,LONGITUDE,COUNTY,CITY,POINT_X,POINT_Y
91034303,2019,2019-08-13,9365,2019-07-16,0605,014948,,2,1,9,4800,0,1,3,,2,122,"SR-12 E/B","MAUDS LN",0.00,,Y,A,-,Y,,,12,,,,,,E,Y,4,0,1,2,A,-,08,22101,D,N,B,C,A,A,H,-,A,A,0,,,,,Y,,A,01,0,0,1,0,0,0,0,0,0,"- ","- ",38.204399108886719,-121.87349700927734,SOLANO,UNINCORPORATED,-121.87350463867188,38.204391479492188
91052766,2019,2019-08-15,9365,2019-08-09,1435,019790,,5,2,9,4800,0,1,A,,2,030,"MIDWAY RD","PADDON RD",142.00,E,N,A,-,N,,,,,,,,,,Y,3,0,1,1,A,-,01,23152,F,N,E,I,A,A,H,-,A,D,0,,,,,Y,,A,07,0,1,0,0,0,0,0,0,0,"- ","- ",38.417098999023438,-121.95204925537109,SOLANO,UNINCORPORATED,-121.95290374755859,38.417068481445312
91069292,2019,2019-10-29,9365,2019-08-31,1820,020633,,6,2,9,4800,0,1,A,,2,030,"FOX RD","WEBER RD",1848.00,E,N,A,-,N,,,,,,,,,,Y,3,0,1,1,A,-,01,23152,A,N,E,I,A,A,H,-,A,D,0,,,,,Y,Y,A,01,0,1,0,0,0,0,0,0,0,"- ","- ",38.397159576416016,-121.87819671630859,SOLANO,UNINCORPORATED,-121.87819671630859,38.402359008789062
91095093,2019,2019-10-10,9365,2019-10-10,0550,016919,,4,3,5,4803,0,1,1,,2,083,"I-80 W/B","SR-12 R/V O/C",3696.00,W,N,A,-,Y,,,,,,,,,,Y,3,0,2,2,A,-,03,22350,,N,C,C,A,A,H,-,D,D,0,,,,,Y,,A,01,0,1,1,0,0,0,0,0,0,"- ","- ",38.235191345214844,-122.10333251953125,SOLANO,FAIRFIELD,,
91165425,2020,2020-01-14,9365,2020-01-08,1612,019299,,3,2,6,4807,0,1,1,,2,080,"I-80 E/B","TOLL PLAZA",15.00,W,N,B,-,Y,,,80,,,,,,E,Y,4,0,1,2,A,-,08,22107,,N,E,I,A,A,H,-,A,D,0,,,,,Y,,A,01,0,0,1,0,0,0,0,0,0,"- ","- ",38.068939208984375,-122.22675323486328,SOLANO,VALLEJO,-122.22660064697266,38.069015502929688
9116780,2020,2021-06-15,4805,2020-02-03,0645,5L94,4805,1,5,4,4805,0,0,0,,0,001,"RT 12","WALTERS RD",0.00,,Y,A,-,Y,SOL,4,12,-,-,7.474,I,5,W,Y,4,0,1,2,A,-,12,21453,A,N,D,C,A,A,H,-,A,A,0,,,,Y,Y,,G,24,0,0,1,0,0,0,0,0,0,"- ","- ",38.240230560302734,-121.98983764648438,SOLANO,"SUISUN CITY",-121.98969268798828,38.240303039550781
9116874,2020,2020-10-22,4803,2020-06-17,0704,1691,,3,5,5,4803,0,0,0,,0,0CE,"AIR BASE PKWY","NORTH TEXAS ST",776.00,W,N,A,-,N,,,,,,,,,,Y,4,0,1,2,A,-,04,21703,,N,C,C,A,A,H,-,A,D,0,,,,,Y,,D,22,0,0,1,0,0,0,0,0,0,WO,"- ",38.273689270019531,-122.03414916992188,SOLANO,FAIRFIELD,-122.03691864013672,38.272857666015625
91169539,2020,2020-01-21,9365,2020-01-11,2210,020565,,6,3,5,4806,0,1,1,,2,085,"I-80 E/B","LAGOON VALLEY RD",6.00,E,N,A,-,Y,,,80,,,,,,E,Y,2,0,2,1,A,-,08,22107,,N,F,A,A,A,H,-,D,D,0,,,,,Y,,A,01,1,0,1,0,0,0,0,0,0,"- ","- ",38.325111389160156,-122.02375030517578,SOLANO,VACAVILLE,-122.02384185791016,38.325168609619141
91207970,2020,2020-03-13,9365,2020-03-07,0900,019651,,6,1,6,4807,0,1,1,,2,080,"I-80 W/B","TENNESSEE ST",500.00,W,N,B,C,Y,,,80,,,,,,W,Y,4,0,2,2,A,-,03,22350,,N,D,C,A,B,H,-,A,D,0,,,,,Y,,A,07,0,0,2,0,0,0,0,0,0,"- ","- ",38.108238220214844,-122.22982025146484,SOLANO,VALLEJO,-122.22978210449219,38.108238220214844
91212798,2020,2020-03-20,9365,2020-03-10,1538,018803,,2,2,5,4803,0,1,1,,2,083,"I-80 W/B","SUISUN VALLEY RD",5280.00,E,N,A,-,Y,,,80,,,,,,W,Y,3,0,1,2,A,-,07,21658,A,F,F,A,A,A,H,-,A,D,0,,,Y,,Y,,-,99,0,1,0,0,0,0,0,0,1,"- ","- ",38.2310791015625,-122.11290740966797,SOLANO,FAIRFIELD,-122.11292266845703,38.231101989746094
9122784,2020,2020-10-07,4803,2020-07-11,0626,1724,,6,5,5,4803,0,0,0,,0,00E,"JOSEPH GEREVAS DR","GLUSEN DR",398.00,W,N,A,-,N,,,,,,,,,,,4,0,1,2,A,-,03,22350,,N,G,B,C,A,H,-,A,D,0,Y,,,,Y,,A,07,0,0,1,0,1,0,0,0,0,"- ","- ",38.301609039306641,-121.97634124755859,SOLANO,FAIRFIELD,,
9123028,2020,2020-10-09,4806,2020-07-08,1350,326,,3,5,5,4806,0,0,0,,0,,"BEL AIR DR","WOODBURY CIR",30.00,N,N,A,-,N,,,,,,,,,,Y,3,0,1,2,A,-,08,22107,,N,C,E,A,A,H,-,A,D,0,,,,,Y,,A,07,0,1,0,0,0,0,0,0,0,"- ","- ",38.339218139648438,-121.95510864257812,SOLANO,VACAVILLE,-121.95561981201172,38.337921142578125
91233327,2020,2020-05-04,9365,2020-04-27,0350,021352,,1,3,6,4807,0,1,1,,2,080,"I-80 W/B","POMONA STREET",4000.00,E,N,A,-,Y,,,80,,,,,,W,Y,4,0,1,1,A,-,03,22350,,N,E,J,A,A,H,-,C,D,0,,,,,Y,,A,01,0,0,1,0,0,0,0,0,0,"- ","- ",38.064430236816406,-122.22644805908203,SOLANO,VALLEJO,-122.22666931152344,38.064411163330078
91257414,2020,2020-06-25,9365,2020-06-18,1020,017805,,4,1,5,4803,0,1,1,,2,084,"I-80 W/B","WATERMAN BLVD",2460.00,E,N,A,-,Y,,,80,,,,,,W,Y,3,0,3,2,A,-,03,22350,,M,C,C,A,A,H,-,A,D,0,,,,,Y,,A,07,0,2,1,0,0,0,0,0,0,"- ","- ",38.278411865234375,-122.04557800292969,SOLANO,FAIRFIELD,-122.04560852050781,38.278434753417969
91257642,2020,2020-06-25,9365,2020-06-21,0006,021157,,7,3,5,4803,0,1,1,,2,081,"I-80 E/B","RED TOP RD",4752.00,W,N,A,-,Y,,,80,,,,,,E,Y,2,0,2,2,C,-,18,,,N,D,C,A,A,H,-,D,D,0,,,,,Y,Y,-,"- ",1,0,1,0,0,0,0,0,0,"- ","- ",38.191551208496094,-122.16790008544922,SOLANO,FAIRFIELD,-122.16788482666016,38.191532135009766
91314281,2020,2020-09-29,9365,2020-09-21,1735,021352,,1,2,5,4806,0,1,1,,2,086,"I-80 W/B","ALAMO DRIVE",1000.00,W,N,A,-,Y,,,80,,,,,,W,Y,4,0,1,3,A,-,03,22350,,N,C,C,A,A,H,-,A,D,0,,,,,Y,,A,01,0,0,1,0,0,0,0,0,0,"- ","- ",38.344741821289062,-122.00183868408203,SOLANO,VACAVILLE,-122.00182342529297,38.344699859619141
91316694,2020,2020-10-02,9365,2020-09-29,0005,018192,,2,3,9,4800,0,1,1,,2,087,"I-80 W/B","WEST A STREET",2640.00,W,N,A,-,Y,,,,,,,,,,Y,3,0,1,1,A,-,08,22107,,N,E,I,A,A,H,-,D,D,0,,,,,Y,,A,01,0,1,0,0,0,0,0,0,0,"- ","- ",38.262901306152344,-121.51519775390625,SOLANO,UNINCORPORATED,,
91319550,2020,2020-10-07,9365,2020-10-02,1810,021127,,5,2,5,4803,0,1,3,,2,122,"SR-12 E/B","CHADBOURNE RD",1551.00,E,N,A,-,Y,,,12,,,,,,E,Y,3,0,1,1,A,-,08,22107,,N,E,I,A,A,H,-,A,D,0,,,,,Y,,D,22,0,1,0,0,0,0,0,0,0,"- ","- ",38.239429473876953,-122.08937072753906,SOLANO,FAIRFIELD,-122.08937072753906,38.239498138427734
91337352,2020,2020-11-03,9365,2020-10-26,1645,021609,,1,2,6,4807,0,1,1,,2,081,"I-80 W/B","REDWOOD PARKWAY",100.00,W,N,A,-,Y,,,80,,,,,,W,N,4,0,1,3,A,-,03,22350,,N,C,C,A,A,H,-,A,D,0,,,,Y,Y,,G,26,0,0,1,0,0,0,0,0,0,"- ","- ",38.121231079101562,-122.23047637939453,SOLANO,VALLEJO,-122.23046112060547,38.121227264404297
91345234,2020,2020-11-13,9365,2020-10-26,1600,015536,,1,2,5,4806,0,1,1,,2,086,"I-80 E/B","ALLISON DR",1320.00,W,N,A,-,Y,,,80,,,,,,E,Y,4,0,2,3,A,-,03,22350,,N,C,C,A,A,H,-,A,D,0,,,,Y,Y,,G,25,0,0,2,0,0,0,0,0,0,"- ","- ",38.358600616455078,-121.97371673583984,SOLANO,VACAVILLE,-121.97373962402344,38.358623504638672
91350611,2020,2020-11-20,9365,2020-11-18,2130,021432,,3,2,9,4800,0,1,A,,2,030,"MANKAS CORNER RD","2743 MANKAS CORNER RD.",273.00,S,N,A,-,N,,,,,,,,,,Y,3,0,1,1,A,-,01,23152,A,N,E,I,A,A,H,-,D,D,0,,,,,Y,Y,A,01,0,1,0,0,0,0,0,0,0,"- ","- ",38.275779724121094,-122.09256744384766,SOLANO,UNINCORPORATED,,
9135255,2020,2020-09-23,4807,2020-06-22,0409,731,VALLE,1,5,6,4807,0,0,0,,0,006,"CURTOLA PKWY","MAINE ST",194.00,S,N,A,-,N,,,,,,,,,,Y,3,0,1,2,A,-,08,22107,,N,C,E,A,A,H,-,C,D,0,,,,,Y,,A,01,0,1,0,0,0,0,0,0,0,"- ","- ",,,SOLANO,VALLEJO,-122.25668334960938,38.097118377685547
91367916,2020,2020-12-15,9365,2020-12-10,0635,014948,,4,1,5,4803,0,1,1,,2,085,"I-80 W/B","MANUEL CAMPOS O/C",1584.00,W,N,A,-,Y,,,,,,,,,,Y,4,0,2,2,A,-,03,22350,,N,C,C,A,A,H,-,B,D,0,,,,,Y,,A,01,0,0,2,0,0,0,0,0,0,"- ","- ",38.288200378417969,-122.03569793701172,SOLANO,FAIRFIELD,-122.0341796875,38.295360565185547
91422841,2021,2021-05-27,9365,2021-02-25,1934,018803,,4,2,9,4800,0,3,5,,2,020,"GREEN VALLEY RD","MASON RD",300.00,N,N,A,-,N,,,,,,,,,,Y,3,0,1,1,A,-,08,22107,,N,E,I,A,A,H,-,D,D,0,,,,,Y,,A,01,0,1,0,0,0,0,0,0,0,"- ","- ",38.238269805908203,-122.15419006347656,SOLANO,UNINCORPORATED,-122.15310668945312,38.236728668212891
91424290,2021,2021-05-27,9365,2021-02-28,1630,019815,,7,2,9,4800,0,3,5,,2,040,"ROBBEN ROAD","VAUGHN ROAD",2900.00,S,N,A,-,N,,,,,,,,,,Y,3,0,1,1,A,-,08,22107,,N,F,A,A,A,H,-,A,D,0,,,,,Y,,A,01,0,1,0,0,0,0,0,0,0,"- ","- ",38.459011077880859,-121.78582763671875,SOLANO,UNINCORPORATED,-121.78588104248047,38.459125518798828
91509863,2021,2021-06-30,9365,2021-06-20,1615,019815,,7,2,5,4806,0,1,1,,2,087,"I-80 E/B","LEISURE TOWN ROAD",3500.00,E,N,A,-,Y,,,80,,,,,,E,Y,4,0,2,4,A,-,03,22350,,N,C,C,A,A,H,-,A,A,0,,,,,Y,,A,01,0,0,2,0,0,0,0,0,0,"- ","- ",38.396091461181641,-121.92343139648438,SOLANO,VACAVILLE,-121.9234619140625,38.396129608154297
91520177,2021,2021-07-14,9365,2021-07-02,1340,019815,,5,1,9,4800,0,1,A,,2,030,"BYRNES RD","HAWKINS RD",0.00,,Y,A,-,N,,,,,,,,,,Y,3,0,3,2,A,-,09,21802,A,N,-,C,A,A,H,-,A,A,0,,,,,Y,,A,01,0,1,2,0,0,0,0,0,0,"- ","- ",38.358970642089844,-121.90611267089844,SOLANO,UNINCORPORATED,-121.90605163574219,38.358909606933594
91520991,2021,2021-07-15,9365,2021-07-11,0225,021204,,7,3,5,4803,0,1,1,,2,085,"I-80 W/B","MANUEL CAMPOS PKWY",2640.00,W,N,A,-,Y,,,80,,,,,,W,Y,3,0,1,1,A,-,01,23152,A,N,E,I,A,A,H,-,D,D,0,,,,,Y,Y,A,01,0,1,0,0,0,0,0,0,0,"- ","- ",38.291458129882812,-122.03497314453125,SOLANO,FAIRFIELD,-122.03480529785156,38.291374206542969
91531606,2021,2021-07-30,9365,2021-07-07,1956,019109,,3,2,6,4807,0,1,1,,2,081,"EASTBOUND I-80","COLUMBUS PKWY",1500.00,W,N,A,-,Y,,,80,,,,,,,Y,3,0,1,2,A,-,03,22350,,N,B,C,A,A,H,-,A,A,0,,,,,Y,,A,07,0,1,0,0,0,0,0,0,0,"- ","- ",38.133998870849609,-122.22318267822266,SOLANO,VALLEJO,-122.22319793701172,38.134014129638672
91534780,2021,2021-08-02,9365,2021-07-30,1620,020428,,5,2,6,4807,0,1,1,,2,080,"I-80 E/B","I-780 E/B",120.00,E,N,A,-,Y,,,80,,,,,,E,N,4,0,1,2,A,-,03,22350,,N,C,C,A,A,H,-,A,D,0,,,,,Y,,A,07,0,0,1,0,0,0,0,0,0,"- ","- ",38.092029571533203,-122.23024749755859,SOLANO,VALLEJO,-122.23021697998047,38.092021942138672
91557284,2021,2022-01-10,9365,2021-08-26,1045,017163,,4,1,9,4800,0,2,4,,2,402,"MIDWAY RD","SIKES RD",4594.00,W,N,A,-,N,,,,,,,,,,Y,3,0,1,1,A,-,08,22107,,N,E,I,A,A,H,-,A,D,0,,,,,Y,,A,01,0,1,0,0,0,0,0,0,0,"- ","- ",38.416248321533203,-121.76519775390625,SOLANO,UNINCORPORATED,-121.76506805419922,38.416202545166016
91565761,2021,2021-09-08,9365,2021-08-27,1700,019815,,5,2,9,4800,0,1,1,,2,089,"I-80 W/B","KIDWELL ROAD",3000.00,E,N,A,-,Y,,,80,,,,,,W,N,4,0,2,2,A,-,03,22350,,N,C,C,A,A,H,-,A,A,0,,,,,Y,,A,07,0,0,2,0,0,0,0,0,0,"- ","- ",38.515159606933594,-121.775390625,SOLANO,UNINCORPORATED,-121.77541351318359,38.515186309814453
91600629,2021,2021-10-19,9365,2021-10-15,1610,020566,,5,2,9,4800,0,1,1,,2,680,"I-680 N/B","INDUSTRIAL WAY",120.00,N,N,A,-,Y,,,,,,,,,,N,4,0,1,2,A,-,03,22350,,N,C,C,A,A,H,-,A,D,0,,,,,Y,,D,22,0,0,1,0,0,0,0,0,0,"- ","- ",38.071239471435547,-122.12518310546875,SOLANO,UNINCORPORATED,-122.12775421142578,38.068283081054688
91624385,2021,2021-11-15,9365,2021-11-05,1820,021645,,5,2,6,4807,0,1,1,,2,080,"I-80 E/B","BENICIA RD",712.00,E,N,A,-,Y,,,80,,,,,,E,N,4,0,3,2,A,-,03,22350,,M,C,C,A,A,H,-,C,D,0,,,,,Y,,-,99,0,0,3,0,0,0,0,0,0,"- ","- ",38.096408843994141,-122.22966766357422,SOLANO,VALLEJO,-122.22974395751953,38.096412658691406
91640018,2021,2021-12-01,9365,2021-11-29,1925,017747,,1,2,5,4803,0,1,1,,2,085,"I-80 W/B","MANUEL CAMPOS PKWY",5808.00,E,N,A,-,Y,,,,,,,,,,Y,4,0,1,1,A,-,08,22107,,N,E,8,A,A,H,-,D,D,0,,,,,Y,,A,01,0,0,1,0,0,0,0,0,0,"- ","- ",38.320289611816406,-122.02794647216797,SOLANO,FAIRFIELD,-122.03418731689453,38.295051574707031
91668628,2021,2022-01-03,9365,2021-12-26,1455,021609,,7,2,9,4800,0,1,1,,2,083,"I-80 E/B TO I-680 S/B","GOLD HILL RD",13200.00,N,N,C,-,Y,,,80,,,,R,,E,Y,3,0,1,1,A,-,03,22350,,N,E,I,A,B,H,-,A,D,0,,,,,Y,,A,01,0,1,0,0,0,0,0,0,0,"- ","- ",38.215141296386719,-122.13912200927734,SOLANO,UNINCORPORATED,-122.13912200927734,38.215141296386719
91680255,2022,2022-01-18,9365,2022-01-03,0110,021674,,1,3,9,4800,0,1,1,,2,086,"I-80 E/B TO PENA ADOBE RD","RIVERA RD",250.00,W,N,A,-,Y,,,,,,,,,,Y,2,0,1,1,A,-,01,23152,A,N,E,I,A,A,H,-,D,D,0,,,,,Y,Y,A,01,1,0,0,0,0,0,0,0,0,"- ","- ",38.334869384765625,-122.01693725585938,SOLANO,UNINCORPORATED,-122.01693725585938,38.334869384765625
9173058,2020,2021-01-08,4806,2020-10-15,0904,553,,4,5,5,4806,0,0,0,,0,,"PEABODY RD","FOXBORO PKY",0.00,,Y,A,-,N,,,,,,,,,,Y,3,0,1,2,A,-,12,21453,A,N,D,C,A,A,H,-,A,D,0,,,,,Y,,A,01,0,1,0,0,0,0,0,0,0,"- ","- ",38.323600769042969,-121.970458984375,SOLANO,VACAVILLE,-121.97045135498047,38.323471069335938
91735329,2022,2022-03-28,9365,2022-03-19,0808,022801,,6,1,6,4807,0,1,1,,2,081,"I-80 W/B","REDWOOD ST",119.00,E,N,B,-,Y,SOL,,80,,,4.438,H,,L,N,4,0,1,2,A,-,03,22350,,M,C,C,A,B,H,-,A,D,0,,,,,Y,,-,99,0,0,1,0,0,0,0,0,0,"- ","- ",38.123210906982422,-122.23001861572266,SOLANO,VALLEJO,-122.23002624511719,38.123210906982422
91738450,2022,2022-04-01,9365,2022-03-21,1912,017736,,1,2,9,4800,0,1,3,,2,121,"SR-12 W/B","SPURS TRAIL",958.00,W,N,A,-,Y,SOL,,12,,,0.693,H,,L,N,2,0,1,2,A,-,08,22100,B,F,D,C,A,A,H,-,B,D,0,,,,,Y,,A,01,1,0,0,0,0,0,0,0,0,"- ","- ",38.208549499511719,-122.1904296875,SOLANO,UNINCORPORATED,-122.1904296875,38.208610534667969
9174440,2020,2020-11-10,4807,2020-09-05,2038,729,"V PD",6,5,6,4807,0,0,0,,0,001,"REDWOOD PKWY","SKYLINE DR",128.00,W,N,A,-,N,,,,,,,,,,N,4,0,1,2,A,-,08,22107,,F,B,C,A,A,H,-,C,D,0,,,,,Y,,A,01,0,0,1,0,0,0,0,0,0,"- ","- ",38.122341156005859,-122.22308349609375,SOLANO,VALLEJO,-122.22357177734375,38.122417449951172
9174605,2020,2020-11-20,4807,2020-09-28,1553,635,VALLE,1,5,6,4807,0,0,0,,0,003,"GLEN COVE PKWY","SAYBROOK WY",321.00,S,N,A,-,N,,,,,,,,,,N,3,0,1,1,A,-,08,22107,,N,E,I,A,A,H,-,A,D,0,,,Y,,Y,,C,02,0,1,0,0,0,0,0,0,1,"- ","- ",38.0772705078125,-122.21086883544922,SOLANO,VALLEJO,-122.21028137207031,38.076675415039062
9175016,2020,2020-12-28,4806,2020-10-18,2003,777,706,7,5,5,4806,0,0,0,,0,007,"ALAMO DR","ALMO LN N",0.00,,Y,A,-,N,,,,,,,,,,Y,4,0,1,2,A,-,00,23153,F,F,D,C,A,A,H,-,C,A,0,,,,,Y,,A,01,0,0,1,0,0,0,0,0,0,"- ","- ",38.335540771484375,-121.9852294921875,SOLANO,VACAVILLE,-121.98518371582031,38.335590362548828
91762415,2022,2022-06-24,9365,2022-04-24,0141,022286,,7,3,5,4803,0,1,1,,2,084,"I-80 EASTBOUND","AIR BASE PARKWAY",1800.00,W,N,A,-,Y,SOL,,80,,,18.473,H,,L,N,2,0,2,2,A,-,07,21658,A,N,B,C,A,A,H,-,C,D,0,,,,,Y,Y,A,01,1,1,0,0,0,0,0,0,0,"- ","- ",38.265029907226562,-122.05709838867188,SOLANO,FAIRFIELD,-122.05701446533203,38.264987945556641
91805758,2022,2022-06-29,9365,2022-06-23,1110,015293,,4,1,9,4800,0,1,A,,2,030,"ROBBEN ROAD","MIDWAY ROAD",0.00,,Y,A,-,N,,,,,,,,,,N,3,0,1,2,A,-,12,22450,A,N,D,C,A,A,H,-,A,A,0,,,,Y,Y,,G,25,0,1,0,0,0,0,0,0,0,"- ","- ",38.41632080078125,-121.78594970703125,SOLANO,UNINCORPORATED,-121.78597259521484,38.41632080078125
91849147,2022,2022-08-25,9365,2022-08-23,1425,020566,,2,2,9,4800,0,1,1,,2,086,"I-80 E/B","MIDWAY RD",528.00,W,N,A,-,Y,SOL,,80,,,32.084,H,,R,N,4,0,1,3,A,-,03,22350,,N,C,C,A,A,H,-,A,D,0,,,,,Y,,A,01,0,0,1,0,0,0,0,0,0,"- ","- ",38.410858154296875,-121.90435791015625,SOLANO,UNINCORPORATED,-121.90432739257812,38.410835266113281
91856137,2022,2022-09-02,9365,2022-08-24,1355,017736,,3,1,5,4806,0,1,1,,2,086,"I-80 E/B TO ALAMO DRIVE","ALAMO DR",200.00,W,N,A,-,Y,,,,,,,,,,Y,4,0,1,1,A,-,03,22350,,N,E,I,A,A,H,-,A,D,0,,,,,Y,,A,01,0,0,1,0,0,0,0,0,0,"- ","- ",38.345489501953125,-121.99794769287109,SOLANO,VACAVILLE,-121.99794769287109,38.345489501953125
91858297,2022,2022-09-06,9365,2022-08-24,1154,017654,,3,1,6,4807,0,1,1,,2,081,"I-80 E/B","REDWOOD ST",1400.00,W,N,A,-,Y,SOL,,80,,,4.163,H,,R,Y,4,0,2,2,A,-,03,22350,,N,C,C,A,A,H,-,A,D,0,,,,,Y,,A,01,0,0,2,0,0,0,0,0,0,"- ","- ",38.119300842285156,-122.23026275634766,SOLANO,VALLEJO,-122.23024749755859,38.119300842285156
91869117,2022,2022-09-20,9365,2022-09-17,1607,021996,,6,2,5,4806,0,1,1,,2,087,"I-80 E/B","LEISURE TOWN ROAD",286.00,E,N,A,-,Y,SOL,,80,,,29.930,H,,R,N,4,0,2,2,A,-,03,22350,,N,C,C,A,A,H,-,A,D,0,,,,,Y,,A,07,0,0,2,0,0,0,0,0,0,"- ","- ",38.388778686523438,-121.93299102783203,SOLANO,VACAVILLE,-121.93291473388672,38.388721466064453
91904118,2022,2022-10-28,9365,2022-10-22,1715,017736,,6,2,5,4806,0,1,1,,2,086,"I-80 W/B","ALAMO DR",518.00,E,N,A,-,Y,SOL,,80,,R,25.416,H,,L,N,3,0,2,2,A,-,03,22350,,N,C,C,A,A,D,E,A,D,0,,,,,Y,,A,01,0,1,1,0,0,0,0,0,0,"- ","- ",38.347160339355469,-121.99530792236328,SOLANO,VACAVILLE,-121.99535369873047,38.347221374511719
91905032,2022,2022-10-31,9365,2022-10-14,2205,022326,,5,3,5,4806,0,1,1,,2,085,"I-80 E/B","DAVIS STREET",1690.00,W,N,A,-,Y,SOL,,80,,R,25.688,H,,R,Y,3,0,5,4,A,-,03,22350,,N,C,C,A,A,D,-,C,A,0,,,,,Y,,A,07,0,2,3,0,0,0,0,0,0,"- ","- ",38.348678588867188,-121.99082183837891,SOLANO,VACAVILLE,-121.99083709716797,38.348701477050781
9190511,2020,2020-12-14,4807,2020-11-13,1851,637,VALLE,5,5,6,4807,0,0,0,,0,008,"SONOMA BL","MINI DR",40.00,N,N,C,-,Y,SOL,4,29,-,-,5.880,H,-,S,Y,4,0,1,4,A,-,01,23153,A,N,C,C,A,B,H,-,C,A,0,,,,,Y,Y,A,07,0,0,1,0,0,0,0,0,0,"- ","- ",38.153770446777344,-122.25372314453125,SOLANO,VALLEJO,-122.25387573242188,38.154254913330078
91907370,2022,2022-11-02,9365,2022-11-01,1120,016783,,2,1,5,4803,0,1,1,,2,084,"I-80 W/B","TRAVIS BLVD",900.00,W,N,B,C,Y,SOL,,80,,,17.765,H,,L,Y,3,0,3,4,A,-,03,22350,,N,D,C,A,B,H,-,A,D,0,,,,Y,Y,,A,01,0,3,0,0,0,0,0,0,0,"- ","- ",38.256488800048828,-122.06426239013672,SOLANO,FAIRFIELD,-122.06422424316406,38.256473541259766
91907428,2022,2022-11-02,9365,2022-10-24,0918,020834,,1,1,5,4806,0,1,1,,2,086,"I-80 W/B","RIVERA RD",800.00,E,N,A,-,Y,SOL,,80,,,24.138,H,,L,N,4,0,1,3,A,-,07,21658,A,M,B,C,A,A,H,-,A,A,0,,,,Y,Y,,-,99,0,0,1,0,0,0,0,0,0,"- ","- ",38.338180541992188,-122.01571655273438,SOLANO,VACAVILLE,-122.01575469970703,38.338199615478516
91919253,2022,2022-11-16,9365,2022-11-08,0508,022460,,2,3,6,4807,0,1,1,,2,081,"I80 W/B","AMERICAN CANYON ROAD",4168.00,W,N,C,-,Y,NAP,,80,,,7.318,H,,L,Y,3,0,1,1,A,-,03,22350,,N,E,I,A,B,H,-,C,D,0,,,,,Y,,-,"- ",0,1,0,0,0,0,0,0,0,"- ","- ",38.161468505859375,-122.21047210693359,SOLANO,VALLEJO,-122.21037292480469,38.161430358886719
91939455,2022,2022-12-12,9365,2022-12-02,1745,020835,,5,2,3,4802,0,1,1,,2,088,"I-80 WESTBOUND, EAST OF DIXON AVENUE","DIXON AVENUE",500.00,E,N,A,-,Y,SOL,,80,,,36.005,H,,L,N,3,0,2,3,A,-,03,22350,,N,C,C,A,A,H,-,C,D,0,,,,,Y,,A,01,0,2,0,0,0,0,0,0,0,"- ","- ",38.450618743896484,-121.85279083251953,SOLANO,DIXON,-121.85277557373047,38.450607299804688
9194063,2020,2021-02-12,4806,2020-12-08,1851,686,110,2,5,5,4806,0,0,0,,0,001,"ORCHARD AV","GRANADA LN",98.00,S,N,A,-,N,,,,,,,,,,Y,4,0,1,1,A,-,08,22107,,N,A,I,A,A,H,-,C,A,0,,,,,Y,,A,01,0,0,1,0,0,0,0,0,0,"- ","- ",38.378639221191406,-122.00454711914062,SOLANO,VACAVILLE,-122.00453948974609,38.378330230712891