CASE_ID,ACCIDENT_YEAR,PROC_DATE,JURIS,COLLISION_DATE,COLLISION_TIME,OFFICER_ID,REPORTING_DISTRICT,DAY_OF_WEEK,CHP_SHIFT,POPULATION,CNTY_CITY_LOC,SPECIAL_COND,BEAT_TYPE,CHP_BEAT_TYPE,CITY_DIVISION_LAPD,CHP_BEAT_CLASS,BEAT_NUMBER,PRIMARY_RD,SECONDARY_RD,DISTANCE,DIRECTION,INTERSECTION,WEATHER_1,WEATHER_2,STATE_HWY_IND,CALTRANS_COUNTY,CALTRANS_DISTRICT,STATE_ROUTE,ROUTE_SUFFIX,POSTMILE_PREFIX,POSTMILE,LOCATION_TYPE,RAMP_INTERSECTION,SIDE_OF_HWY,TOW_AWAY,COLLISION_SEVERITY,NUMBER_KILLED,NUMBER_INJURED,PARTY_COUNT,PRIMARY_COLL_FACTOR,PCF_CODE_OF_VIOL,PCF_VIOL_CATEGORY,PCF_VIOLATION,PCF_VIOL_SUBSECTION,HIT_AND_RUN,TYPE_OF_COLLISION,MVIW,PED_ACTION,ROAD_SURFACE,ROAD_COND_1,ROAD_COND_2,LIGHTING,CONTROL_DEVICE,CHP_ROAD_TYPE,PEDESTRIAN_ACCIDENT,BICYCLE_ACCIDENT,MOTORCYCLE_ACCIDENT,TRUCK_ACCIDENT,NOT_PRIVATE_PROPERTY,ALCOHOL_INVOLVED,STWD_VEHTYPE_AT_FAULT,CHP_VEHTYPE_AT_FAULT,COUNT_SEVERE_INJ,COUNT_VISIBLE_INJ,COUNT_COMPLAINT_PAIN,COUNT_PED_KILLED,COUNT_PED_INJURED,COUNT_BICYCLIST_KILLED,COUNT_BICYCLIST_INJURED,COUNT_MC_KILLED,COUNT_MC_INJURED,PRIMARY_RAMP,SECONDARY_RAMP,LATITUDE,LONGITUDE,COUNTY,CITY,POINT_X,POINT_Y
91722090,2022,2022-03-14,9365,2022-03-07,0505,022833,,1,3,9,4800,0,1,1,,2,083,"I-80 E/B","RED TOP ROAD",65.00,E,N,A,-,Y,SOL,,80,,R,11.415,H,,R,Y,4,0,1,1,A,-,08,22107,,N,F,A,A,A,H,-,D,D,0,,,,,Y,,A,08,0,0,1,0,0,0,0,0,0,"- ","- ",38.202079772949219,-122.15672302246094,SOLANO,UNINCORPORATED,-122.15677642822266,38.202117919921875
91730925,2022,2022-03-24,9365,2022-03-19,2050,022766,,6,2,3,4802,0,1,1,,2,088,"I-80 W/B","DIXON AVE",2760.00,E,N,A,-,Y,SOL,,80,,,36.050,H,,L,N,3,0,1,1,A,-,08,22107,,N,E,I,A,A,H,-,D,D,0,,,,,Y,,A,07,0,1,0,0,0,0,0,0,0,"- ","- ",38.451141357421875,-121.85224914550781,SOLANO,DIXON,-121.8521728515625,38.451076507568359
9173406,2020,2020-11-20,4807,2020-09-19,0101,703,VALLE,6,5,6,4807,0,0,0,,0,004,"14TH ST","CAMPBELL AV",0.00,,Y,A,-,N,,,,,,,,,,Y,4,0,2,3,A,-,09,21802,A,N,D,C,A,A,H,-,C,A,0,,,,,Y,,A,01,0,0,2,0,0,0,0,0,0,"- ","- ",38.100009918212891,-122.23110961914062,SOLANO,VALLEJO,-122.23107147216797,38.099891662597656
91736528,2022,2022-03-29,9365,2022-03-24,1728,019458,,4,2,6,4807,0,1,1,,2,080,"I-80 E/B","MAGAZINE STREET O/C",528.00,E,N,A,-,Y,SOL,,80,,,1.909,H,,R,Y,4,0,2,2,A,-,07,21658,A,N,B,C,A,A,H,-,A,D,0,,,Y,,Y,,D,22,0,0,2,0,0,0,0,0,2,"- ","- ",38.087100982666016,-122.23216247558594,SOLANO,VALLEJO,-122.232177734375,38.087104797363281
91737517,2022,2022-03-30,9365,2022-03-28,1111,022801,,1,1,5,4803,0,1,1,,2,681,"I-680 N/B","CORDELIA RD U/C",92.00,N,N,B,-,Y,SOL,,680,,,12.694,H,,R,N,3,0,1,4,A,-,03,22350,,N,C,C,A,B,H,-,A,D,0,,,,,Y,,A,01,0,1,0,0,0,0,0,0,0,"- ","- ",38.21044921875,-122.13777160644531,SOLANO,FAIRFIELD,-122.13775634765625,38.21044921875
91746619,2022,2022-04-12,9365,2022-04-04,2010,022833,,1,2,5,4806,0,1,1,,2,085,"I-80 W/B","LAGOON VALLEY RD",4275.00,W,N,A,-,Y,SOL,,80,,R,22.311,H,,L,N,3,0,1,2,A,-,08,22107,,M,E,I,A,A,H,-,D,D,0,,,,,Y,,A,01,0,1,0,0,0,0,0,0,0,"- ","- ",38.315151214599609,-122.03202056884766,SOLANO,VACAVILLE,-122.03221893310547,38.315212249755859
9175012,2020,2021-01-06,4802,2020-10-09,1415,1261,FAIRF,5,5,3,4802,0,0,0,,0,003,"CURREY RD","RT 80",0.00,,Y,A,-,Y,SOL,4,80,-,-,38.143,R,1,W,,4,0,1,2,A,-,03,22350,,N,D,C,A,A,H,-,A,D,0,,,,,Y,,A,01,0,0,1,0,0,0,0,0,0,"- ",WF,38.474861145019531,-121.82231140136719,SOLANO,DIXON,-121.82469177246094,38.47247314453125
91753934,2022,2022-04-21,9365,2022-04-10,2140,022460,,7,2,6,4807,0,1,1,,2,081,"I-80 WESTBOUND","AMERICAN CANYON ROAD",7973.00,W,N,A,-,Y,SOL,,80,,,6.559,H,,L,Y,2,0,2,2,A,-,01,23152,A,N,B,2,A,A,H,-,C,D,0,,,,,Y,Y,A,01,2,0,0,0,0,0,0,0,0,"- ","- ",38.151691436767578,-122.21665954589844,SOLANO,VALLEJO,-122.21664428710938,38.151687622070312
91773212,2022,2022-05-16,9365,2022-05-15,1745,020949,,7,2,5,4806,0,1,1,,2,087,"I-80 W/B","LEISURE TOWN ROAD OVER-CROSSING",5755.00,W,N,A,-,Y,SOL,,80,,R,28.739,H,,R,Y,4,0,1,2,A,-,07,21658,A,N,B,C,A,A,D,-,B,D,0,,,,,Y,,A,01,0,0,1,0,0,0,0,0,0,"- ","- ",38.377010345458984,-121.94805908203125,SOLANO,VACAVILLE,-121.94813537597656,38.377071380615234
91778340,2022,2022-05-23,9365,2022-05-14,2045,021352,,6,2,4,4801,0,1,1,,2,077,"I-780 E/B","W K STREET",50.00,W,N,A,-,Y,SOL,,780,,,4.171,H,,R,Y,2,0,1,1,C,-,18,,,N,E,I,A,A,H,-,D,A,0,,,,,Y,,-,"- ",1,0,0,0,0,0,0,0,0,"- ","- ",38.070720672607422,-122.18486785888672,SOLANO,BENICIA,-122.18484497070312,38.070728302001953
91786344,2022,2022-06-02,9365,2022-05-31,0620,016783,,2,1,5,4806,0,1,1,,2,086,"I-80 W/B","ALAMO DR",1000.00,W,N,A,-,Y,SOL,,80,,R,24.999,H,,L,Y,3,0,3,4,A,-,03,22350,,N,C,C,A,A,H,-,A,D,0,,,,,Y,,A,08,0,3,0,0,0,0,0,0,0,"- ","- ",38.344451904296875,-122.00228881835938,SOLANO,VACAVILLE,-122.0023193359375,38.344493865966797
91798678,2022,2022-06-20,9365,2022-06-10,1240,022833,,5,1,5,4806,0,1,1,,2,086,"I-80 WB FROM MASON STREET","MASON ST",584.00,W,N,A,-,Y,,,,,,,,,,N,4,0,1,1,A,-,08,22107,,N,E,I,A,A,H,-,A,D,0,,,Y,,Y,,C,02,0,0,1,0,0,0,0,0,1,"- ","- ",38.353450775146484,-121.98110198974609,SOLANO,VACAVILLE,-121.98110198974609,38.353450775146484
91798724,2022,2022-06-20,9365,2022-06-11,2230,022286,,6,3,5,4806,0,1,1,,2,086,"I-80 E/B TO ALLISON DR","ALLISON DR",1338.00,W,N,A,-,Y,SOL,,80,,R,26.992,H,,R,N,3,0,1,1,A,-,01,23152,A,N,E,I,A,A,H,-,C,D,0,,,,,Y,Y,A,01,0,1,0,0,0,0,0,0,0,"- ","- ",38.359401702880859,-121.97225189208984,SOLANO,VACAVILLE,-121.97237396240234,38.359519958496094
9180023,2020,2020-12-03,4802,2020-10-17,1634,1316,,6,5,3,4802,0,0,0,,0,,"RT 113","CURREY RD",0.00,,Y,A,-,Y,SOL,4,80,-,-,38.143,R,1,W,Y,4,0,1,2,A,-,04,21703,,N,C,C,A,A,H,-,A,D,0,,,,,Y,,A,07,0,0,1,0,0,0,0,0,0,"- ","- ",,,SOLANO,DIXON,-121.82469177246094,38.47247314453125
91802664,2022,2022-06-24,9365,2022-06-05,0300,022460,,7,3,5,4803,0,1,1,,2,083,"I-80 W/B","ROCKVILLE ROAD",687.00,W,N,C,-,Y,SOL,,80,,,17.040,H,,L,N,3,0,2,1,A,-,03,22350,,N,E,I,A,D,H,-,C,D,0,,,,,Y,,A,01,0,1,1,0,0,0,0,0,0,"- ","- ",38.248310089111328,-122.07231903076172,SOLANO,FAIRFIELD,-122.07224273681641,38.248214721679688
91802802,2022,2022-06-24,9365,2022-06-12,2135,022424,,7,2,5,4803,0,1,1,,2,082,"I-80 E/B","LYNCH ROAD",2910.00,W,N,A,-,Y,SOL,,80,,,9.111,H,,R,Y,4,0,1,1,A,-,08,22107,,N,E,I,A,A,H,-,C,D,0,,,,,Y,,A,01,0,0,1,0,0,0,0,0,0,"- ","- ",38.179931640625,-122.18733978271484,SOLANO,FAIRFIELD,-122.18724822998047,38.179832458496094
91808974,2022,2022-07-01,9365,2022-06-29,1830,022766,,3,2,9,4800,0,1,1,,2,680,"I-680 S/B","PARISH RD",5174.00,S,N,A,-,Y,SOL,,680,,R,4.013,H,,L,Y,4,0,1,1,A,-,08,22107,,N,E,I,A,A,H,-,A,D,0,,,,,Y,,D,22,0,0,1,0,0,0,0,0,0,"- ","- ",38.101829528808594,-122.10420989990234,SOLANO,UNINCORPORATED,-122.10413360595703,38.101814270019531
91817461,2022,2022-07-14,9365,2022-07-09,1750,021645,,6,2,9,4800,0,1,1,,2,082,"I-80 W/B","RED TOP RD",4700.00,E,N,A,-,Y,SOL,,80,,R,10.474,H,,L,Y,3,0,1,1,A,-,08,22107,,N,E,I,A,A,H,-,A,D,0,,,,,Y,,A,01,0,1,0,0,0,0,0,0,0,"- ","- ",38.191871643066406,-122.16808319091797,SOLANO,UNINCORPORATED,-122.16808319091797,38.191871643066406
91819476,2022,2022-09-28,9365,2022-07-09,2048,020949,,6,2,9,4800,0,1,3,,2,122,SR-12,SR-113,0.00,,Y,A,-,Y,SOL,,113,,,0.021,H,,R,Y,3,0,1,1,A,-,03,22350,,N,F,A,A,A,H,-,B,D,0,,,Y,,Y,,C,02,0,1,0,0,0,0,0,0,1,"- ","- ",38.183860778808594,-121.80619049072266,SOLANO,UNINCORPORATED,-121.80623626708984,38.183860778808594
91834231,2022,2022-08-05,9365,2022-07-31,1430,022326,,7,2,5,4806,0,1,1,,2,505,"I-505 S/B","VACA VALLEY PKY",4725.00,S,N,B,-,Y,SOL,,505,,R,0.547,H,,L,Y,4,0,1,3,A,-,03,22350,,N,C,C,A,A,H,-,A,D,0,,,,,Y,,A,08,0,0,1,0,0,0,0,0,0,"- ","- ",38.381141662597656,-121.95294952392578,SOLANO,VACAVILLE,-121.95296478271484,38.381141662597656
91844319,2022,2022-08-19,9365,2022-08-17,1045,020281,,3,1,6,4807,0,1,1,,2,078,"I-780 W/B","GLEN COVE RD O/C",900.00,E,N,B,-,Y,SOL,,780,,,5.822,H,,L,N,4,0,1,2,A,-,03,22350,,N,C,C,A,A,H,-,A,D,0,,,,,Y,,A,01,0,0,1,0,0,0,0,0,0,"- ","- ",38.085300445556641,-122.20693206787109,SOLANO,VALLEJO,-122.20697021484375,38.08514404296875
91857702,2022,2022-09-06,9365,2022-08-22,1600,022286,,1,2,5,4803,0,1,1,,2,083,"I-80 E/B",I-680,1200.00,W,N,A,-,Y,SOL,,80,,,12.594,H,,R,N,4,0,1,3,A,-,03,22350,,N,C,C,A,A,H,-,A,D,0,,,,,Y,,A,01,0,0,1,0,0,0,0,0,0,"- ","- ",38.214191436767578,-122.14124298095703,SOLANO,FAIRFIELD,-122.14125061035156,38.214199066162109
91868324,2022,2022-09-19,9365,2022-09-14,1537,019651,,3,2,5,4803,0,1,1,,2,083,"I-80 WB","DAN WILSON CREEK UNDER-CROSSING",1400.00,E,N,A,-,Y,SOL,,80,,,14.204,H,,L,N,4,0,1,2,A,-,07,21658,A,N,E,I,A,A,H,-,A,D,0,,,,,Y,,A,01,0,0,1,0,0,0,0,0,0,"- ","- ",38.228771209716797,-122.11807250976562,SOLANO,FAIRFIELD,-122.11814880371094,38.228885650634766
91871364,2022,2022-09-22,9365,2022-09-11,0211,022306,,7,3,9,4800,0,1,1,,2,084,"I-80 WESTBOUND","MANUEL CAMPOS PARKWAY",1584.00,E,N,A,-,Y,SOL,,80,,,21.245,H,,L,Y,2,0,7,3,C,-,18,,,N,A,C,A,A,D,-,D,D,0,,,,,Y,,-,"- ",1,6,0,0,0,0,0,0,0,"- ","- ",38.299919128417969,-122.03410339355469,SOLANO,UNINCORPORATED,-122.03413391113281,38.299919128417969
91878846,2022,2022-09-30,9365,2022-09-24,0210,021157,,6,3,5,4803,0,1,1,,2,083,"I-80 W/B","LOPES RD",1900.00,W,N,A,-,Y,SOL,,80,,,12.423,H,,L,N,3,0,1,2,A,-,03,22350,,F,C,C,A,A,H,-,C,D,0,,,Y,,Y,,-,99,0,1,0,0,0,0,0,0,1,"- ","- ",38.212909698486328,-122.14402770996094,SOLANO,FAIRFIELD,-122.14383697509766,38.212734222412109
91879271,2022,2022-09-30,9365,2022-09-25,2115,022286,,7,2,5,4803,0,1,1,,2,084,"I-80 WB TO MANUEL CAMPOS","MANUEL CAMPOS",916.00,E,N,A,-,Y,SOL,,80,,,21.144,H,,L,N,3,0,1,1,A,-,01,23152,A,N,E,I,A,A,H,-,C,D,0,,,,,Y,Y,A,01,0,1,0,0,0,0,0,0,0,"- ","- ",38.298458099365234,-122.03431701660156,SOLANO,FAIRFIELD,-122.03415679931641,38.298458099365234
91884386,2022,2022-10-06,9365,2022-09-30,1505,021645,,5,2,4,4801,0,1,1,,2,077,"I-780 E/B","E. 2ND STREET",470.00,W,N,A,-,Y,SOL,,780,,,2.109,H,,R,Y,4,0,1,2,A,-,07,21658,A,N,F,A,A,A,H,-,A,D,0,,,,,Y,,A,07,0,0,1,0,0,0,0,0,0,"- ","- ",38.059169769287109,-122.15099334716797,SOLANO,BENICIA,-122.15074920654297,38.059310913085938
91891743,2022,2022-10-17,9365,2022-10-15,0940,017508,,6,1,9,4800,0,3,5,,2,020,"MANKAS CORNER RD W/B","LEDGEWOOD RD",3.00,W,N,A,-,N,,,,,,,,,,N,3,0,1,2,A,-,03,22350,,N,C,C,A,A,H,-,A,D,0,,,Y,,Y,,C,02,0,1,0,0,0,0,0,0,1,"- ","- ",38.278881072998047,-122.10218811035156,SOLANO,UNINCORPORATED,-122.10233306884766,38.278873443603516
91894091,2022,2022-10-19,9365,2022-10-11,1235,019458,,2,1,9,4800,0,2,4,,2,202,"SUISUN VALLEY ROAD","JOYCE LN",5016.00,N,N,A,-,N,,,,,,,,,,N,4,0,1,1,A,-,08,22107,,N,E,I,A,A,H,-,A,D,0,,,Y,,Y,,C,02,0,0,1,0,0,0,0,0,1,"- ","- ",38.313758850097656,-122.13153076171875,SOLANO,UNINCORPORATED,-122.13202667236328,38.313961029052734
91907640,2022,2022-11-02,9365,2022-10-24,2140,022286,,1,2,5,4806,0,1,1,,2,086,"I-80 EASTBOUND","WEBER RD",1780.00,E,N,A,-,Y,SOL,,80,,,31.560,H,,R,N,4,0,1,1,A,-,08,22107,,N,E,I,A,A,H,-,D,D,0,,,,,Y,,A,01,0,0,1,0,0,0,0,0,0,"- ","- ",38.405590057373047,-121.91136932373047,SOLANO,VACAVILLE,-121.91130828857422,38.405540466308594
91911245,2022,2022-11-07,9365,2022-10-28,2255,020565,,5,3,9,4800,0,1,1,,2,089,"I-80 W/B","TRANSITION TO SR-113 N/B",100.00,N,N,A,-,Y,,,,,,,,,,N,3,0,1,1,A,-,08,22107,,N,E,I,A,A,H,-,D,D,0,,,,,Y,,A,01,0,1,0,0,0,0,0,0,0,"- ","- ",38.525669097900391,-121.76699066162109,SOLANO,UNINCORPORATED,,
91911432,2022,2022-11-07,9365,2022-11-04,1520,021645,,5,2,6,4807,0,1,1,,2,080,"I-80 W/B TO I-780","BENICIA RD",40.00,E,N,A,-,Y,SOL,,80,,,2.453,H,,L,Y,4,0,1,1,A,-,08,22107,,N,E,8,A,A,H,-,A,D,0,,,,,Y,,A,01,0,0,1,0,0,0,0,0,0,"- ","- ",38.094669342041016,-122.23008728027344,SOLANO,VALLEJO,-122.23001861572266,38.09466552734375
91919280,2022,2022-11-16,9365,2022-11-10,1833,021674,,4,2,6,4807,0,1,1,,2,080,"I-80 W/B","MAGAZINE ST",1560.00,E,N,A,-,Y,SOL,,80,,,1.470,H,,L,N,4,0,1,1,A,-,08,22107,,N,E,J,A,A,H,-,D,D,0,,,,,Y,,A,07,0,0,1,0,0,0,0,0,0,"- ","- ",38.080978393554688,-122.23333740234375,SOLANO,VALLEJO,-122.23342895507812,38.080974578857422
91923443,2022,2022-11-21,9365,2022-11-13,0320,022326,,7,3,5,4803,0,1,1,,2,083,"I-80 E/B","ROCKVILLE RD",2060.00,E,N,A,-,Y,SOL,,80,,,16.798,H,,R,Y,3,0,3,2,A,-,07,21658,A,N,C,2,A,A,H,-,D,D,0,,,,,Y,,A,07,0,1,2,0,0,0,0,0,0,"- ","- ",38.246761322021484,-122.07627868652344,SOLANO,FAIRFIELD,-122.07625579833984,38.246711730957031
91935432,2022,2022-12-06,9365,2022-12-06,0845,017163,,2,1,9,4800,0,2,4,,2,201,"WILLOTTA DR","ROCKVILLE RD",0.00,,Y,B,-,N,,,,,,,,,,Y,3,0,1,2,A,-,09,21802,A,N,D,C,A,B,H,-,A,A,0,,,,,Y,,A,01,0,1,0,0,0,0,0,0,0,"- ","- ",38.244270324707031,-122.11382293701172,SOLANO,UNINCORPORATED,-122.11381530761719,38.244293212890625
91940749,2022,2022-12-13,9365,2022-12-04,1310,017508,,7,1,5,4803,0,1,1,,2,084,"I80 WB WATERMAN ON","I-80 W/B",145.00,W,N,C,-,Y,,,,,,,,,,Y,4,0,1,2,A,-,07,21658,A,N,E,I,A,B,H,-,A,D,0,,,,,Y,,A,01,0,0,1,0,0,0,0,0,0,"- ","- ",38.272201538085938,-122.05229187011719,SOLANO,FAIRFIELD,-122.04993438720703,38.273406982421875
91941038,2022,2022-12-13,9365,2022-12-05,0928,017654,,1,1,6,4807,0,1,1,,2,081,"I-80 E/B","REDWOOD PKY",1380.00,E,N,B,-,Y,SOL,,80,,,4.702,H,,R,Y,4,0,1,1,A,-,08,22107,,N,E,I,A,B,H,-,A,D,0,,,,,Y,,D,22,0,0,1,0,0,0,0,0,0,"- ","- ",38.126701354980469,-122.227783203125,SOLANO,VALLEJO,-122.22784423828125,38.126724243164062
91969647,2023,2023-01-17,9365,2023-01-08,"650 ",017654,,7,1,9,4800,0,3,5,,2,040,"PEDRICK RD","TREMONT RD",390.00,S,N,C,-,N,,,,,,,,,,Y,4,0,1,1,A,-,03,22350,,N,F,I,A,B,F,-,D,D,0,,,,,Y,,A,01,0,0,1,0,0,0,0,0,0,"- ","- ",38.495079040527344,-121.80364990234375,SOLANO,UNINCORPORATED,-121.80369567871094,38.495090484619141
91971122,2023,2023-01-18,9365,2023-01-15,2240,022326,,7,3,5,4803,0,1,1,,2,681,"I-680 NB TO I-80 EB","PITTMAN RD",3270.00,W,N,C,-,Y,,,,,,,,,,Y,4,0,1,1,A,-,08,22107,,N,E,8,A,B,H,-,C,D,0,,,,,Y,,A,01,0,0,1,0,0,0,0,0,0,"- ","- ",38.216350555419922,-122.13736724853516,SOLANO,FAIRFIELD,-122.13736724853516,38.216350555419922
91984427,2022,2023-02-01,9365,2022-12-03,1615,021674,,6,2,5,4803,0,1,1,,2,083,"I-80 E/B","I-680 N/B TO I-80 W/B",510.00,E,N,C,-,Y,SOL,,80,,,12.931,H,,R,N,1,1,0,3,A,-,03,22350,,N,D,C,A,B,H,-,A,D,0,,,,,Y,,A,01,0,0,0,0,0,0,0,0,0,"- ","- ",38.217571258544922,-122.13654327392578,SOLANO,FAIRFIELD,-122.136474609375,38.217514038085938
91996126,2023,2023-02-16,9365,2023-02-11,"512 ",018712,,6,3,9,4800,0,1,1,,2,089,"I-80 W/B","SR-113 S/B",120.00,E,N,C,-,Y,SOL,,80," "," ",38.241,H,,L,Y,4,0,1,3,A,-,03,22350,,N,D,C,A,B,H,-,B,D,0,,,,,Y,,A,01,0,0,1,0,0,0,0,0,0,"- ","- ",38.473388671875,-121.82340240478516,SOLANO,UNINCORPORATED,-121.82345581054688,38.473434448242188
92011554,2023,2023-03-07,9365,2023-02-27,1630,022460,,1,2,5,4806,0,1,1,,2,087,"I-80 EB","MERIDIAN ROAD",1739.00,W,N,A,-,Y,SOL,,80," "," ",31.034,H,,R,Y,2,0,1,2,A,-,03,22350,,N,C,C,A,A,H,-,A,D,0,,,,Y,Y,,A,01,1,0,0,0,0,0,0,0,0,"- ","- ",38.400150299072266,-121.91826629638672,SOLANO,VACAVILLE,-121.91828918457031,38.400165557861328
92037519,2023,2023-04-05,9365,2023-03-26,"304 ",022286,,7,3,6,4807,0,1,3,,2,370,"SR-37 W/B","WILSON RD",500.00,E,N,A,-,Y,SOL,,37," "," ",8.501,H,,L,N,4,0,1,1,A,-,08,22107,,N,E,I,A,A,H,-,C,D,0,,,,,Y,,A,07,0,0,1,0,0,0,0,0,0,"- ","- ",38.126411437988281,-122.26869201660156,SOLANO,VALLEJO,-122.26874542236328,38.126449584960938
9204009,2020,2021-02-11,4806,2020-12-05,0836,3799,,6,5,5,4806,0,0,0,,0,,"ALAMO DR","VANDEN RD",43.00,W,N,A,-,N,,,,,,,,,,,4,0,1,2,A,-,03,22350,,N,B,C,A,A,H,-,A,A,0,,,,,Y,,A,01,0,0,1,0,0,0,0,0,0,"- ","- ",38.335418701171875,-121.94300079345703,SOLANO,VACAVILLE,-121.94317626953125,38.335380554199219
9206362,2021,2021-03-19,4806,2021-01-25,1326,553,,1,5,5,4806,0,0,0,,0,,"NUT TREE RD","NUT TREE PKWY",75.00,N,N,A,-,,,,,,,,,,,,4,0,2,2,A,-,04,21703,,N,C,C,A,A,H,-,A,D,0,,,,,Y,,A,01,0,0,2,0,0,0,0,0,0,"- ","- ",38.368289947509766,-121.95619201660156,SOLANO,VACAVILLE,-121.95647430419922,38.368568420410156
92075720,2023,2023-05-23,9365,2023-05-10,"555 ",017820,,3,3,9,4800,0,1,1,,2,681,"I-680 S/B","GOLD HILL RD",0.59,S,N,A,-,Y,SOL,,680," ",R,9.407,H,,L,Y,4,0,2,4,A,-,03,22350,,N,C,C,A,A,H,-,A,A,0,,,,,Y,,A,07,0,0,2,0,0,0,0,0,0,"- ","- ",38.174648284912109,-122.12991333007812,SOLANO,UNINCORPORATED,-122.12992858886719,38.174640655517578
92081740,2023,2023-05-30,9365,2023-05-28,2015,022066,,7,2,6,4807,0,1,1,,2,080,"I-80 E/B","MAGAZINE ST",2112.00,W,N,B,-,Y,SOL,,80," "," ",1.399,H,,R,N,4,0,2,2,A,-,03,22350,,N,C,C,A,A,H,-,B,D,0,,,,,Y,,A,01,0,0,2,0,0,0,0,0,0,"- ","- ",38.079971313476562,-122.23312377929688,SOLANO,VALLEJO,-122.23309326171875,38.079971313476562
92084954,2023,2023-06-02,9365,2023-05-31,1625,021116,,3,2,9,4800,0,1,3,,2,122,"SR-12 E/B","AZEVEDO RD",993.00,E,N,A,-,Y,SOL,,12," "," ",22.886,H,,R,N,4,0,1,2,A,-,03,22350,,N,C,C,A,A,H,-,D,D,0,,,,,Y,,A,07,0,0,1,0,0,0,0,0,0,"- ","- ",38.183361053466797,-121.73795318603516,SOLANO,UNINCORPORATED,-121.73795318603516,38.183376312255859
92094784,2023,2023-06-15,9365,2023-06-11,1150,022066,,7,1,5,4803,0,1,1,,2,681,"I-680 S/B","GOLD HILL RD",1584.00,S,N,A,-,Y,SOL,,680," ",R,9.714,H,,L,Y,3,0,1,1,A,-,08,22107,,N,E,8,A,A,H,-,A,D,0,,,,,Y,,D,22,0,1,0,0,0,0,0,0,0,"- ","- ",38.178749084472656,-122.132080078125,SOLANO,FAIRFIELD,-122.1322021484375,38.178707122802734
92120203,2023,2023-07-18,9365,2023-07-14,1140,017508,,5,1,9,4800,0,1,1,,2,085,"I-80 E/B","LAGOON VALLEY RD  O/C",80.00,W,N,A,-,Y,SOL,,80," ",R,23.049,H,,R,Y,3,0,1,2,A,-,07,21658,A,N,F,A,A,A,H,-,A,D,0,,,Y,,Y,,A,08,0,1,0,0,0,0,0,0,1,"- ","- ",38.323970794677734,-122.02449798583984,SOLANO,UNINCORPORATED,-122.02458190917969,38.324005126953125
92135242,2023,2023-08-03,9365,2023-07-28,"55  ",018192,,5,3,9,4800,0,1,3,,2,113,"SR-113 N/B","MIDWAY ROAD",800.00,N,N,A,-,N,,,,,,,,,,Y,2,0,1,1,A,-,01,23152,A,N,E,8,A,A,H,-,C,D,0,,,,,Y,Y,D,22,1,0,0,0,0,0,0,0,0,"- ","- ",38.418769836425781,-121.82263946533203,SOLANO,UNINCORPORATED,-121.82270050048828,38.418769836425781
92135286,2023,2023-08-03,9365,2023-07-28,1620,023231,,5,2,5,4806,0,1,1,,2,087,"I-80 W/B","LEISURE TOWN ROAD",2270.00,E,N,A,-,Y,SOL,,80," "," ",30.298,H,,L,N,4,0,2,3,A,-,03,22350,,N,C,C,A,A,H,-,A,D,0,,,,,Y,,A,07,0,0,2,0,0,0,0,0,0,"- ","- ",38.392799377441406,-121.92807006835938,SOLANO,VACAVILLE,-121.92812347412109,38.392837524414062
92135536,2023,2023-08-03,9365,2023-07-27,1528,023362,,4,2,5,4803,0,1,1,,2,085,"I 80 E/B","THE EAST ROAD EDGE OF AIR BASE PARKWAY OVER CROSSI",4435.00,E,N,A,-,Y,SOL,,80," "," ",20.048,H,,R,N,3,0,1,2,A,-,03,22350,,N,C,C,A,A,H,-,A,D,0,,,,,Y,,D,22,0,1,0,0,0,0,0,0,0,"- ","- ",38.283920288085938,-122.04067993164062,SOLANO,FAIRFIELD,-122.04062652587891,38.283893585205078
92138965,2023,2023-08-08,9365,2023-08-02,"520 ",019458,,3,3,6,4807,0,1,1,,2,080,"I-80 W/B","MAGAZINE STREET O/C",1380.00,W,N,B,-,Y,SOL,,80," "," ",1.507,H,,L,N,4,0,1,2,A,-,03,22350,,N,C,C,A,A,H,-,D,D,0,,,,,Y,,A,01,0,0,1,0,0,0,0,0,0,"- ","- ",38.081501007080078,-122.23342132568359,SOLANO,VALLEJO,-122.23346710205078,38.081497192382812
92141112,2023,2023-08-10,9365,2023-03-26,2045,017736,,7,2,9,4800,0,1,3,,2,113,"SR-113 S/B","BINGHAMTON RD",95.00,S,N,A,-,Y,SOL,,113," "," ",12.748,H,,L,Y,1,1,0,2,A,-,01,23152,A,N,C,2,A,A,H,-,D,D,0,,,Y,,Y,Y,C,02,0,0,0,0,0,0,0,1,0,"- ","- ",38.350971221923828,-121.82322692871094,SOLANO,UNINCORPORATED,-121.82314300537109,38.350971221923828
92146641,2023,2023-08-17,9365,2023-08-17,"817 ",020667,,4,1,4,4801,0,1,1,,2,078,"I-780 E/B","EAST 5TH ST",1056.00,W,N,A,-,Y,SOL,,780," "," ",1.801,H,,L,Y,4,0,1,1,A,-,08,22107,,N,F,A,A,A,H,-,A,D,0,,,,,Y,,A,08,0,0,1,0,0,0,0,0,0,"- ","- ",38.055370330810547,-122.14775085449219,SOLANO,BENICIA,-122.14763641357422,38.055431365966797