CASE_ID,ACCIDENT_YEAR,PROC_DATE,JURIS,COLLISION_DATE,COLLISION_TIME,OFFICER_ID,REPORTING_DISTRICT,DAY_OF_WEEK,CHP_SHIFT,POPULATION,CNTY_CITY_LOC,SPECIAL_COND,BEAT_TYPE,CHP_BEAT_TYPE,CITY_DIVISION_LAPD,CHP_BEAT_CLASS,BEAT_NUMBER,PRIMARY_RD,SECONDARY_RD,DISTANCE,DIRECTION,INTERSECTION,WEATHER_1,WEATHER_2,STATE_HWY_IND,CALTRANS_COUNTY,CALTRANS_DISTRICT,STATE_ROUTE,ROUTE_SUFFIX,POSTMILE_PREFIX,POSTMILE,LOCATION_TYPE,RAMP_INTERSECTION,SIDE_OF_HWY,TOW_AWAY,COLLISION_SEVERITY,NUMBER_KILLED,NUMBER_INJURED,PARTY_COUNT,PRIMARY_COLL_FACTOR,PCF_CODE_OF_VIOL,PCF_VIOL_CATEGORY,PCF_VIOLATION,PCF_VIOL_SUBSECTION,HIT_AND_RUN,TYPE_OF_COLLISION,MVIW,PED_ACTION,ROAD_SURFACE,ROAD_COND_1,ROAD_COND_2,LIGHTING,CONTROL_DEVICE,CHP_ROAD_TYPE,PEDESTRIAN_ACCIDENT,BICYCLE_ACCIDENT,MOTORCYCLE_ACCIDENT,TRUCK_ACCIDENT,NOT_PRIVATE_PROPERTY,ALCOHOL_INVOLVED,STWD_VEHTYPE_AT_FAULT,CHP_VEHTYPE_AT_FAULT,COUNT_SEVERE_INJ,COUNT_VISIBLE_INJ,COUNT_COMPLAINT_PAIN,COUNT_PED_KILLED,COUNT_PED_INJURED,COUNT_BICYCLIST_KILLED,COUNT_BICYCLIST_INJURED,COUNT_MC_KILLED,COUNT_MC_INJURED,PRIMARY_RAMP,SECONDARY_RAMP,LATITUDE,LONGITUDE,COUNTY,CITY,POINT_X,POINT_Y
90736457,2018,2018-05-29,9365,2018-05-20,0729,016970,,7,1,9,4800,0,1,1,,2,089,"I-80 E/B","KIDWELL RD",300.00,W,N,A,-,Y,,,80,,,,,,E,Y,2,0,2,1,A,-,08,22107,,N,F,A,A,A,H,-,A,D,0,,,,,Y,,A,07,2,0,0,0,0,0,0,0,0,"- ","- ",38.504798889160156,-121.78589630126953,SOLANO,UNINCORPORATED,-121.78600311279297,38.504905700683594
90736531,2018,2018-08-29,9365,2018-05-21,0635,015416,,1,1,5,4803,0,1,1,,2,084,"I-80 W/B","CHADBOURNE RD",1584.00,E,N,A,-,Y,,,80,,,,,,W,N,4,0,1,2,A,-,03,22350,,N,C,C,A,A,H,-,A,D,0,,,,,Y,,D,22,0,0,1,0,0,0,0,0,0,"- ","- ",38.244831085205078,-122.08164215087891,SOLANO,FAIRFIELD,-122.08160400390625,38.244754791259766
90742714,2018,2018-06-06,9365,2018-05-29,0935,014264,,2,1,5,4806,0,1,1,,2,086,"I-80 E/B","MASON STREET",200.00,E,N,A,-,Y,,,80,,,,,,E,Y,3,0,1,1,A,-,08,22107,,N,E,I,A,A,H,-,A,D,0,,,,,Y,,A,01,0,1,0,0,0,0,0,0,0,"- ","- ",38.354110717773438,-121.97875213623047,SOLANO,VACAVILLE,-121.97869873046875,38.354042053222656
9074305,2020,2020-07-10,4803,2020-03-25,2050,1697,,3,5,5,4803,0,0,0,,0,,"PENNSYLVANIA AV","TABOR AV",0.00,,Y,B,-,N,,,,,,,,,,N,4,0,2,2,A,-,09,21801,A,N,C,C,A,A,A,-,C,D,0,,,,,Y,,A,01,0,0,2,0,0,0,0,0,0,"- ","- ",38.265480041503906,-122.04981231689453,SOLANO,FAIRFIELD,-122.0499267578125,38.265548706054688
90743595,2018,2018-06-07,9365,2018-05-27,0625,016970,,7,1,9,4800,0,1,A,,2,030,"VACA VALLEY ROAD","N. ORCHARD AVE",1056.00,W,N,A,-,N,,,,,,,,,,Y,2,0,2,1,A,-,01,23152,A,N,F,A,A,A,H,-,A,D,0,,,,,Y,Y,A,07,1,0,1,0,0,0,0,0,0,"- ","- ",38.379501342773438,-122.00879669189453,SOLANO,UNINCORPORATED,-122.00821685791016,38.379390716552734
90744186,2018,2018-06-08,9365,2018-05-31,1218,019651,,4,1,9,4800,0,1,1,,2,081,"I-80 E/B TO AMERICNA CANYON ROAD","AMERICAN CANYON RD",850.00,W,N,A,-,Y,,,80,,,,R,,E,Y,4,0,1,2,A,-,03,22350,,N,C,C,A,A,H,-,A,D,0,,,,,Y,,A,01,0,0,1,0,0,0,0,0,0,"- ","- ",38.167671203613281,-122.20213317871094,SOLANO,UNINCORPORATED,-122.20213317871094,38.167671203613281
90745697,2018,2018-06-11,9365,2018-06-01,1700,019458,,5,2,9,4800,0,1,1,,2,089,"I-80 E/B","KIDWELL RD.",6864.00,E,N,A,-,Y,,,80,,,,,,E,Y,3,0,3,2,A,-,03,22350,,N,C,C,A,A,H,-,A,D,0,,,,,Y,,A,01,0,1,2,0,0,0,0,0,0,"- ","- ",38.520248413085938,-121.76962280273438,SOLANO,UNINCORPORATED,-121.76959228515625,38.520217895507812
9074941,2020,2020-05-20,4806,2020-02-13,1547,605,601,4,5,5,4806,0,0,0,,0,006,"ALAMO DR","MARNA DR",164.00,W,N,A,-,N,,,,,,,,,,Y,4,0,1,2,A,-,03,22350,,N,C,C,A,A,H,-,A,A,0,,,,,Y,,A,01,0,0,1,0,0,0,0,0,0,"- ","- ",38.335319519042969,-121.96314239501953,SOLANO,VACAVILLE,-121.96377563476562,38.335369110107422
9075168,2020,2020-06-22,4806,2020-03-11,1708,575,,3,5,5,4806,0,0,0,,0,,"EAST MONTE VISTA AV","DOBBINS ST",130.00,E,N,A,-,N,,,,,,,,,,Y,4,0,3,3,A,-,03,22350,,N,C,C,A,A,H,-,A,D,0,,,,,Y,,A,01,0,0,3,0,0,0,0,0,0,"- ","- ",,,SOLANO,VACAVILLE,-121.98831939697266,38.359001159667969
90753362,2018,2018-06-21,9365,2018-06-13,0814,014687,,3,1,3,4802,0,1,1,,2,088,"I-80 E/B","PITT SCHOOL RD",500.00,E,N,A,-,Y,,,80,,,,,,E,Y,4,0,1,2,A,-,08,22107,,N,C,C,A,A,H,-,A,D,0,,,,,Y,,A,01,0,0,1,0,0,0,0,0,0,"- ","- ",38.462509155273438,-121.83689880371094,SOLANO,DIXON,-121.83696746826172,38.462596893310547
90764205,2018,2018-07-06,9365,2018-06-29,1730,019458,,5,2,9,4800,0,1,1,,2,089,"I-80 E/B","SR-113 S/B TO I-80 E/B CONNECTOR RAMP",280.00,W,N,B,-,Y,,,80,,,,,,E,N,4,0,3,2,A,-,08,22107,,N,E,I,A,A,H,-,A,D,0,,,,,Y,,A,01,0,0,3,0,0,0,0,0,0,"- ","- ",38.524200439453125,-121.76535797119141,SOLANO,UNINCORPORATED,-121.76531219482422,38.524147033691406
90766527,2018,2018-07-10,9365,2018-07-02,0330,020774,,1,3,9,4800,0,1,1,,2,089,"I-80 E/B","PEDRICK RD",3696.00,E,N,A,-,Y,,,80,,,,,,E,Y,2,0,2,1,A,-,08,22107,,N,E,I,A,A,H,-,D,D,0,,,,,Y,,A,01,1,1,0,0,0,0,0,0,0,"- ","- ",38.501930236816406,-121.78913116455078,SOLANO,UNINCORPORATED,-121.78914642333984,38.501949310302734
90780024,2018,2018-07-30,9365,2018-04-13,1930,021050,,5,2,9,4800,0,1,A,,2,030,"CORDELIA ROAD (2200 BLOCK)","PENNSYLVANIA AVE",187.00,W,N,A,-,N,,,,,,,,,,Y,1,1,0,1,A,-,01,23152,A,N,E,I,A,A,H,-,A,D,0,,,Y,,Y,Y,C,02,0,0,0,0,0,0,0,1,0,"- ","- ",38.235179901123047,-122.05425262451172,SOLANO,UNINCORPORATED,-122.05402374267578,38.235416412353516
90781256,2018,2018-07-31,9365,2018-07-23,0219,021116,,1,3,5,4803,0,1,3,,2,121,"SR-12 W/B","RED TOP RD",1584.00,E,N,A,-,Y,,,,,,,,,,Y,4,0,1,2,A,-,01,23152,A,N,D,C,A,A,H,-,D,D,0,,,,Y,Y,Y,A,01,0,0,1,0,0,0,0,0,0,"- ","- ",38.209640502929688,-122.15020751953125,SOLANO,FAIRFIELD,-122.15126037597656,38.20819091796875
90798950,2018,2018-08-27,9365,2018-08-19,1805,020299,,7,2,5,4803,0,1,1,,2,084,"I-80 E/B","MANUEL CAMPOS PKWAY O/C",1426.00,W,N,A,-,Y,,,80,,,,,,E,Y,4,0,1,2,A,-,03,22350,,N,C,C,A,A,H,-,A,D,0,,,,,Y,Y,A,01,0,0,1,0,0,0,0,0,0,"- ","- ",38.291259765625,-122.03466796875,SOLANO,FAIRFIELD,-122.03459167480469,38.291221618652344
90810611,2018,2018-09-28,9365,2018-09-08,0315,021027,,6,3,9,4800,0,1,1,,2,089,"I-80 E/B","PEDRICK RD",3140.00,E,N,A,-,Y,,,80,,,,,,E,N,4,0,1,2,A,-,03,22350,,N,C,C,A,A,H,-,C,D,0,,,,,Y,,A,01,0,0,1,0,0,0,0,0,0,"- ","- ",38.495311737060547,-121.79638671875,SOLANO,UNINCORPORATED,-121.79636383056641,38.495285034179688
90811448,2018,2018-09-12,9365,2018-09-07,1510,016505,,5,2,5,4803,0,1,3,,2,122,"SR 12 E/B","CHADBOURNE RD U/C",170.00,E,N,A,-,Y,,,12,,,,,,E,Y,3,0,1,1,A,-,08,22107,,N,F,A,A,A,H,-,A,D,0,,,,,Y,,A,01,0,1,0,0,0,0,0,0,0,"- ","- ",38.239479064941406,-122.08894348144531,SOLANO,FAIRFIELD,-122.08894348144531,38.239513397216797
90811518,2018,2018-09-12,9365,2018-08-26,0953,019651,,7,1,3,4802,0,1,1,,2,089,"I-80 W/B","PEDRICK RD",2600.00,W,N,A,B,Y,,,80,,,,,,W,Y,4,0,1,2,A,-,07,21658,A,N,B,C,A,A,H,-,A,D,0,,,,,Y,,A,07,0,0,1,0,0,0,0,0,0,"- ","- ",38.483798980712891,-121.81037902832031,SOLANO,DIXON,-121.81034088134766,38.483753204345703
90817675,2018,2018-09-20,9365,2018-09-18,1825,016505,,2,2,5,4803,0,1,1,,2,085,"I-80 E/B","MANUEL CAMPOS PKWY",1251.00,W,N,A,-,Y,,,80,,,,,,E,Y,4,0,1,1,A,-,08,22107,,N,E,A,A,A,H,-,A,A,0,,,,,Y,,D,22,0,0,1,0,0,0,0,0,0,"- ","- ",38.284618377685547,-122.03988647460938,SOLANO,FAIRFIELD,-122.03995513916016,38.284675598144531
90818455,2018,2018-09-21,9365,2018-09-19,2040,020606,,3,2,9,4800,0,1,3,,2,370,"SR-37 E/B","SOLANO COUNTY LINE",1663.00,E,N,A,-,Y,,,37,,,,,,E,Y,3,0,1,1,A,-,08,22107,,N,E,I,A,A,H,-,C,D,0,,,Y,,Y,,C,02,0,1,0,0,0,0,0,0,1,"- ","- ",38.155231475830078,-122.40212249755859,SOLANO,UNINCORPORATED,-122.40212249755859,38.155220031738281
90826784,2018,2018-10-02,9365,2018-09-21,2345,021127,,5,3,5,4803,0,1,3,,2,122,"SR-12 E/B","BECK AVE",13.00,W,N,A,-,Y,,,12,,,,,,E,Y,4,0,1,2,A,-,03,22350,,F,C,C,A,A,H,-,C,A,0,,,,,Y,,A,01,0,0,1,0,0,0,0,0,0,"- ","- ",38.240318298339844,-122.06655883789062,SOLANO,FAIRFIELD,-122.06655883789062,38.240242004394531
90835063,2018,2018-12-07,9365,2018-06-09,0036,021033,,6,3,5,4803,0,1,3,,2,122,"SR-12 E/B","CHADBOURNE RD",1130.00,E,N,A,-,Y,,,12,,,,,,E,Y,1,1,1,3,A,-,11,21956,A,N,G,B,E,A,H,-,C,D,0,Y,,,,Y,Y,N,60,1,0,0,1,1,0,0,0,0,"- ","- ",38.239791870117188,-122.07998657226562,SOLANO,FAIRFIELD,-122.07999420166016,38.239830017089844
90836059,2018,2018-10-15,9365,2018-10-03,2140,017736,,3,2,5,4803,0,1,1,,2,085,"I-80 E/B","MANUEL CAMPOS PARKWAY",3960.00,E,N,B,-,Y,,,80,,,,,,E,Y,3,0,1,1,A,-,01,23152,F,N,E,I,A,A,H,-,D,D,0,,,,,Y,,A,01,0,1,0,0,0,0,0,0,0,"- ","- ",38.306121826171875,-122.03378295898438,SOLANO,FAIRFIELD,-122.03369140625,38.306118011474609
90842864,2018,2018-10-23,9365,2018-10-12,1917,018803,,5,2,9,4800,0,1,3,,2,121,"SR-12 E/B","RED TOP ROAD",800.00,W,N,A,-,Y,,,12,,,,,,E,Y,4,0,1,1,A,-,08,22107,,N,E,I,A,A,H,-,C,D,0,,,,,Y,,A,01,0,0,1,0,0,0,0,0,0,"- ","- ",38.207550048828125,-122.15995025634766,SOLANO,UNINCORPORATED,-122.15995025634766,38.207637786865234
90847974,2018,2018-11-08,9365,2018-10-19,1205,017735,,5,1,3,4802,0,1,1,,2,088,"I-80 E/B","DIXON AVE OVERCROSSING",400.00,E,N,A,-,Y,,,80,,,,,,E,Y,3,0,1,2,A,-,01,23152,A,F,C,C,A,A,H,-,A,D,0,,,,,Y,Y,A,01,0,1,0,0,0,0,0,0,0,"- ","- ",38.446701049804688,-121.85743713378906,SOLANO,DIXON,-121.85743713378906,38.446697235107422
90853484,2018,2018-11-05,9365,2018-10-23,0545,017654,,2,3,5,4803,0,1,1,,2,083,"I-80 W/B TO SR-12 W/B","GREEN VALLEY RD",2000.00,W,N,A,-,Y,,,80,,,,R,,W,Y,3,0,2,2,A,-,01,23152,F,N,D,C,A,A,H,-,C,D,0,,,,,Y,,D,22,0,1,1,0,0,0,0,0,0,"- ","- ",38.212810516357422,-122.14454650878906,SOLANO,FAIRFIELD,-122.14454650878906,38.212810516357422
90858301,2018,2018-11-12,9365,2018-11-02,1750,019458,,5,2,9,4800,0,1,1,,2,089,"I-80 E/B","OLD DAVIS ROAD",2640.00,E,N,A,-,Y,,,80,,,,,,E,Y,4,0,3,2,A,-,03,22350,,N,C,C,A,A,H,-,B,D,0,,,,,Y,,A,01,0,0,3,0,0,0,0,0,0,"- ","- ",38.531051635742188,-121.74793243408203,SOLANO,UNINCORPORATED,-121.74790954589844,38.530994415283203
90860182,2018,2018-11-14,9365,2018-11-05,0205,021033,,1,3,5,4803,0,1,1,,2,680,"I-680 S/B",I-80,720.00,S,N,A,-,Y,,,680,,,,,,S,N,4,0,1,2,A,-,08,22107,,F,B,C,A,A,H,-,C,D,0,,,,,Y,,-,99,0,0,1,0,0,0,0,0,0,"- ","- ",38.214439392089844,-122.13794708251953,SOLANO,FAIRFIELD,-122.13796234130859,38.214439392089844
90860498,2018,2018-11-15,9365,2018-11-05,0835,021050,,1,1,6,4807,0,1,3,,2,370,"SR-37 W/B","SACRAMENTO ST",630.00,E,N,A,-,Y,,,37,,,,,,W,Y,4,0,1,2,A,-,01,23152,F,N,C,C,A,A,H,-,A,D,0,,,,,Y,,A,01,0,0,1,0,0,0,0,0,0,"- ","- ",38.127540588378906,-122.26753997802734,SOLANO,VALLEJO,-122.26744842529297,38.127437591552734
90860691,2018,2018-11-15,9365,2018-11-07,0600,017654,,3,1,6,4807,0,1,3,,2,370,"SR-37 W/B","WILSON AVE",515.00,E,N,A,-,Y,,,37,,,,,,W,Y,3,0,1,2,A,-,03,22350,,N,C,C,A,A,H,-,C,D,0,,,Y,,Y,,C,02,0,1,0,0,0,0,0,0,1,"- ","- ",38.123008728027344,-122.27365875244141,SOLANO,VALLEJO,-122.27364349365234,38.122970581054688
90863786,2018,2018-11-20,9365,2018-11-09,0045,020565,,5,3,5,4803,0,1,1,,2,084,"I-80 E/B","SR-12 O/C",5280.00,W,N,A,-,Y,,,,,,,,,,Y,4,0,1,2,A,-,01,23152,A,N,B,C,A,A,H,-,D,D,0,,,,,Y,Y,A,01,0,0,1,0,0,0,0,0,0,"- ","- ",38.232830047607422,-122.10838317871094,SOLANO,FAIRFIELD,,
90869320,2018,2018-11-28,9365,2018-11-21,1430,021127,,3,2,4,4801,0,1,1,,2,078,"I-780 W/B","WEST 7TH ST",454.00,W,N,C,-,Y,,,,,,,,,,Y,4,0,1,2,A,-,08,22107,,N,D,C,A,B,H,-,A,D,0,,,,,Y,,A,07,0,0,1,0,0,0,0,0,0,"- ","- ",38.354488372802734,-122.95799255371094,SOLANO,BENICIA,,
90873415,2018,2018-12-03,9365,2018-11-22,0140,021127,,4,3,5,4806,0,1,1,,2,086,"I-80 E/B","ALLISON DR",426.00,W,N,B,-,Y,,,80,,,,,,E,Y,2,0,4,2,A,-,08,22107,,N,B,C,A,A,H,-,C,D,0,,,,,Y,,A,01,2,1,1,0,0,0,0,0,0,"- ","- ",38.360591888427734,-121.97052764892578,SOLANO,VACAVILLE,-121.97056579589844,38.360645294189453
9087886,2020,2020-11-06,4803,2020-05-29,0608,1502,,5,5,5,4803,0,0,0,,0,00E,"AIR BASE PKWY","CLAY BANK RD",0.00,,Y,A,-,N,,,,,,,,,,Y,3,0,1,2,A,-,12,21453,A,N,B,C,A,A,H,-,A,A,0,,,,,Y,,A,01,0,1,0,0,0,0,0,0,0,"- ","- ",38.272579193115234,-122.00639343261719,SOLANO,FAIRFIELD,-122.00657653808594,38.272598266601562
90881848,2018,2018-12-13,9365,2018-12-11,1730,015882,,2,2,9,4800,0,1,3,,2,122,"SR-12 E/B","AZEVEDO RD",1056.00,W,N,A,-,Y,,,12,,,,,,E,Y,3,0,2,2,A,-,03,22350,,N,C,C,A,A,H,-,D,D,0,,,,,Y,,A,01,0,2,0,0,0,0,0,0,0,"- ","- ",38.183399200439453,-121.74579620361328,SOLANO,UNINCORPORATED,-121.74579620361328,38.183460235595703
90888126,2018,2018-12-21,9365,2018-12-21,0700,016919,,5,1,5,4803,0,1,1,,2,083,"I-80 E/B","SUISUN VALLEY RD O/C",1584.00,E,N,C,-,Y,,,80,,,,,,E,Y,4,0,1,1,A,-,08,22107,,N,E,I,A,B,H,-,B,D,0,,,,,Y,,A,01,0,0,1,0,0,0,0,0,0,"- ","- ",38.225440979003906,-122.12423706054688,SOLANO,FAIRFIELD,-122.124267578125,38.225494384765625
90893326,2018,2018-12-28,9365,2018-12-13,0755,016887,,4,1,9,4800,0,1,A,,2,030,"WINTERS RD.","BAKER RD.",0.00,,Y,A,-,N,,,,,,,,,,N,4,0,1,2,A,-,03,22350,,N,C,C,A,A,H,-,A,D,0,,,,,Y,,A,07,0,0,1,0,0,0,0,0,0,"- ","- ",38.502799987792969,-121.95770263671875,SOLANO,UNINCORPORATED,-121.95797729492188,38.502861022949219
90895013,2018,2018-12-31,9365,2018-12-29,2200,020774,,6,3,9,4800,0,3,5,,2,020,"TWIN SISTERS RD","SUISUN VALLEY RD",1320.00,W,N,A,-,N,,,,,,,,,,Y,4,0,3,1,A,-,03,22350,,N,E,I,A,A,H,-,D,D,0,,,,,Y,,A,01,0,0,3,0,0,0,0,0,0,"- ","- ",38.297378540039062,-122.13143157958984,SOLANO,UNINCORPORATED,-122.13008117675781,38.297149658203125
90902319,2019,2019-01-11,9365,2019-01-06,0110,021050,,7,3,3,4802,0,1,1,,2,087,"I-80 W/B","A ST",1584.00,W,N,B,-,Y,,,,,,,,,,Y,4,0,1,2,A,-,07,21658,A,N,B,C,A,B,H,-,D,D,0,,,,,Y,,A,01,0,0,1,0,0,0,0,0,0,"- ","- ",38.442691802978516,-122.86299133300781,SOLANO,DIXON,,
90903352,2019,2019-01-14,9365,2019-01-08,1635,020606,,2,2,9,4800,0,1,3,,2,121,"SR-12 E/B","NAPA COUNTY LINE",528.00,E,N,B,-,Y,,,12,,,,,,E,Y,4,0,2,3,A,-,03,22350,,N,C,C,A,B,H,-,A,D,0,,,,,Y,,A,01,0,0,2,0,0,0,0,0,0,"- ","- ",38.208900451660156,-122.19731140136719,SOLANO,UNINCORPORATED,-122.19731140136719,38.2088623046875
90906239,2019,2019-01-17,9365,2019-01-07,1215,017654,,1,1,6,4807,0,1,1,,2,080,"I-80 E/B","CARQUINEZ TOLL PLAZA",1100.00,W,N,B,-,Y,,,80,,,,,,E,N,4,0,1,2,A,-,21,22106,,N,C,C,A,A,H,-,A,D,0,,,,,Y,,A,07,0,0,1,0,0,0,0,0,0,"- ","- ",38.065189361572266,-122.22556304931641,SOLANO,VALLEJO,-122.22557830810547,38.065189361572266
90912451,2019,2019-01-25,9365,2019-01-16,1525,020606,,3,2,6,4807,0,1,1,,2,080,"I-80 E/B","CAQUINEZ BRIDGE TOLL PLAZA",50.00,E,N,B,C,Y,,,80,,,,,,E,Y,4,0,1,3,A,-,03,22350,,N,C,C,A,B,H,-,A,D,0,,,,,Y,,A,01,0,0,1,0,0,0,0,0,0,"- ","- ",38.069141387939453,-122.22682952880859,SOLANO,VALLEJO,-122.22669982910156,38.069206237792969
90913735,2019,2019-01-28,9365,2019-01-23,1753,017747,,3,2,5,4803,0,1,1,,2,084,"I-80 E/B","ROCKVILLE ROAD U/C",20.00,W,N,A,-,Y,,,80,,,,,,E,Y,4,0,3,2,A,-,03,22350,,N,C,C,A,A,H,-,D,D,0,,,,,Y,,A,01,0,0,3,0,0,0,0,0,0,"- ","- ",38.249599456787109,-122.06960296630859,SOLANO,FAIRFIELD,-122.06966400146484,38.249668121337891
90913841,2019,2019-01-28,9365,2019-01-24,1700,019651,,4,2,6,4807,0,1,3,,2,370,"SR-37 W/B","WILSON AVENUE U/C",1300.00,W,N,A,-,Y,,,,,,,,,,Y,4,0,2,2,A,-,03,22350,,N,C,C,A,A,H,-,A,D,0,,,,,Y,,A,07,0,0,2,0,0,0,0,0,0,"- ","- ",38.120670318603516,-122.27986907958984,SOLANO,VALLEJO,,
90914183,2019,2019-01-28,9365,2019-01-25,1605,017805,,5,2,5,4803,0,1,1,,2,083,"I-80 E/B","SUSUIN VALLEY RD. O/C",2500.00,E,N,A,-,Y,,,80,,,,,,E,N,4,0,1,3,A,-,03,22350,,N,C,C,A,A,H,-,A,D,0,,,,,Y,,A,07,0,0,1,0,0,0,0,0,0,"- ","- ",38.228008270263672,-122.11949920654297,SOLANO,FAIRFIELD,-122.11947631835938,38.227962493896484
90927996,2019,2019-02-18,9365,2019-02-08,1645,019927,,5,2,6,4807,0,1,3,,2,370,"SR-37 W/B","BROADWAY STREET",420.00,E,N,C,-,Y,,,37,,,,,,W,Y,4,0,1,1,A,-,08,22107,,N,E,I,A,B,H,-,A,D,0,,,,,Y,,A,01,0,0,1,0,0,0,0,0,0,"- ","- ",38.14263916015625,-122.25051879882812,SOLANO,VALLEJO,-122.25051879882812,38.142604827880859
90928033,2019,2019-02-18,9365,2019-02-08,2205,020606,,5,3,6,4807,0,1,3,,2,370,"SR-37 E/B","WILSON AVENUE",650.00,W,N,B,C,Y,,,37,,,,,,E,Y,4,0,2,2,A,-,01,23152,A,N,A,C,A,B,H,-,C,D,0,,,,,Y,Y,D,22,0,0,2,0,0,0,0,0,0,"- ","- ",38.122928619384766,-122.27361297607422,SOLANO,VALLEJO,-122.27358245849609,38.122856140136719
90928057,2019,2019-02-18,9365,2019-02-09,0555,017559,,6,3,9,4800,0,1,1,,2,088,"I-80 E/B","MIDWAY RD",5808.00,E,N,B,-,Y,,,80,,,,,,E,Y,4,0,1,2,A,-,03,22350,,N,C,C,A,B,H,-,D,D,0,,,,,Y,,A,08,0,0,1,0,0,0,0,0,0,"- ","- ",38.427719116210938,-121.88210296630859,SOLANO,UNINCORPORATED,-121.88211822509766,38.427745819091797
90933346,2019,2019-02-25,9365,2019-02-19,1635,019790,,2,2,9,4800,0,2,4,,1,032,"AMERICAN CANYON RD",I-80,286.00,N,N,A,-,N,,,,,,,,,,Y,3,0,3,2,A,-,05,21460,A,N,A,C,A,A,H,-,A,D,0,,,,,Y,,-,"- ",0,1,2,0,0,0,0,0,0,"- ","- ",38.169258117675781,-122.20218658447266,SOLANO,UNINCORPORATED,-122.20099639892578,38.169975280761719
90937800,2019,2019-03-01,9365,2019-02-24,0203,021116,,7,3,6,4807,0,1,1,,2,077,"I-780 W/B","GLEN COVE RD",2640.00,W,N,A,-,Y,,,,,,,,,,Y,3,0,1,1,A,-,01,23152,A,N,E,I,A,A,H,-,D,D,0,,,,,Y,Y,A,01,0,1,0,0,0,0,0,0,0,"- ","- ",38.0877685546875,-122.21761322021484,SOLANO,VALLEJO,-122.21862030029297,38.088272094726562
90939313,2019,2019-03-04,9365,2019-02-25,2210,017736,,1,3,9,4800,0,1,1,,2,089,"I-80 W/B TO SR-113 N/B","OLD DAVIS RD",3220.00,W,N,B,C,Y,,,80,,,,R,,W,Y,3,0,1,1,A,-,03,22350,,N,E,I,A,B,H,-,C,D,0,,,,,Y,,A,01,0,1,0,0,0,0,0,0,0,"- ","- ",38.525741577148438,-121.76661682128906,SOLANO,UNINCORPORATED,-121.76661682128906,38.525741577148438
90940030,2019,2019-03-05,9365,2019-02-25,1043,020068,,1,1,5,4803,0,1,1,,2,083,"I-80 E/B","SR-12 E/B",455.00,E,N,B,-,Y,,,80,,,,,,E,Y,2,0,1,1,A,-,08,22107,,N,E,I,A,A,H,-,A,D,0,,,,,Y,,A,01,1,0,0,0,0,0,0,0,0,"- ","- ",38.20928955078125,-122.14856719970703,SOLANO,FAIRFIELD,-122.14848327636719,38.209163665771484
90941109,2019,2019-03-06,9365,2019-03-06,0838,016783,,3,1,5,4803,0,1,1,,2,083,"I-80 E/B",SR-12,2640.00,W,N,C,-,Y,,,,,,,,,,Y,4,0,1,2,A,-,03,22350,,N,B,C,A,B,H,-,A,D,0,,,,,Y,,A,01,0,0,1,0,0,0,0,0,0,"- ","- ",38.235160827636719,-122.1025390625,SOLANO,FAIRFIELD,,
90941578,2019,2019-03-07,9365,2019-03-06,1859,019790,,3,2,9,4800,0,1,1,,2,084,"I-80 E/B","ABERNATHY RD",528.00,E,N,B,C,Y,,,80,,,,,,E,Y,4,0,2,1,A,-,08,22107,,N,E,I,A,B,H,-,D,D,0,,,,,Y,,A,07,0,0,2,0,0,0,0,0,0,"- ","- ",38.243900299072266,-122.08310699462891,SOLANO,UNINCORPORATED,-122.08307647705078,38.243824005126953
90944176,2019,2019-03-12,9365,2019-03-02,0445,017746,,6,3,9,4800,0,1,1,,2,082,"I-80 W/B","RED TOP ROAD",1584.00,W,N,B,C,Y,,,80,,,,,,W,Y,4,0,1,3,A,-,08,22107,,N,B,C,A,B,H,-,D,D,0,,,,Y,Y,,D,22,0,0,1,0,0,0,0,0,0,"- ","- ",38.195869445800781,-122.16436004638672,SOLANO,UNINCORPORATED,-122.16436767578125,38.195880889892578
90944651,2019,2019-03-12,9365,2019-03-08,1840,020281,,5,2,9,4800,0,2,4,,2,302,"GIBSON CANYON RD","PAMELA LN",190.00,S,N,B,-,N,,,,,,,,,,Y,4,0,1,1,A,-,08,22107,,N,E,I,A,A,H,-,D,D,0,,,,,Y,,D,22,0,0,1,0,0,0,0,0,0,"- ","- ",38.398811340332031,-122.99945831298828,SOLANO,UNINCORPORATED,-121.99952697753906,38.398834228515625
90945924,2019,2019-03-14,9365,2019-03-06,0450,017746,,3,3,6,4807,0,1,3,,2,370,"SR-37 W/B","WALNUT ST",50.00,E,N,B,C,Y,,,37,,,,,,W,Y,4,0,1,1,A,-,08,22107,,N,E,I,A,B,H,-,C,D,0,,,,,Y,,A,01,0,0,1,0,0,0,0,0,0,"- ","- ",38.117431640625,-122.28855895996094,SOLANO,VALLEJO,-122.28859710693359,38.117618560791016
9094686,2020,2020-08-18,4803,2020-04-30,2214,1594,,4,5,5,4803,0,0,0,,0,00E,"EAST TABOR AV","SUNSET AV",78.00,E,N,A,-,N,,,,,,,,,,Y,4,0,1,3,A,-,03,22350,,N,C,E,A,A,H,-,C,D,0,,,,,Y,,A,01,0,0,1,0,0,0,0,0,0,"- ","- ",38.265300750732422,-122.01972198486328,SOLANO,FAIRFIELD,-122.01959991455078,38.265338897705078