CASE_ID,ACCIDENT_YEAR,PROC_DATE,JURIS,COLLISION_DATE,COLLISION_TIME,OFFICER_ID,REPORTING_DISTRICT,DAY_OF_WEEK,CHP_SHIFT,POPULATION,CNTY_CITY_LOC,SPECIAL_COND,BEAT_TYPE,CHP_BEAT_TYPE,CITY_DIVISION_LAPD,CHP_BEAT_CLASS,BEAT_NUMBER,PRIMARY_RD,SECONDARY_RD,DISTANCE,DIRECTION,INTERSECTION,WEATHER_1,WEATHER_2,STATE_HWY_IND,CALTRANS_COUNTY,CALTRANS_DISTRICT,STATE_ROUTE,ROUTE_SUFFIX,POSTMILE_PREFIX,POSTMILE,LOCATION_TYPE,RAMP_INTERSECTION,SIDE_OF_HWY,TOW_AWAY,COLLISION_SEVERITY,NUMBER_KILLED,NUMBER_INJURED,PARTY_COUNT,PRIMARY_COLL_FACTOR,PCF_CODE_OF_VIOL,PCF_VIOL_CATEGORY,PCF_VIOLATION,PCF_VIOL_SUBSECTION,HIT_AND_RUN,TYPE_OF_COLLISION,MVIW,PED_ACTION,ROAD_SURFACE,ROAD_COND_1,ROAD_COND_2,LIGHTING,CONTROL_DEVICE,CHP_ROAD_TYPE,PEDESTRIAN_ACCIDENT,BICYCLE_ACCIDENT,MOTORCYCLE_ACCIDENT,TRUCK_ACCIDENT,NOT_PRIVATE_PROPERTY,ALCOHOL_INVOLVED,STWD_VEHTYPE_AT_FAULT,CHP_VEHTYPE_AT_FAULT,COUNT_SEVERE_INJ,COUNT_VISIBLE_INJ,COUNT_COMPLAINT_PAIN,COUNT_PED_KILLED,COUNT_PED_INJURED,COUNT_BICYCLIST_KILLED,COUNT_BICYCLIST_INJURED,COUNT_MC_KILLED,COUNT_MC_INJURED,PRIMARY_RAMP,SECONDARY_RAMP,LATITUDE,LONGITUDE,COUNTY,CITY,POINT_X,POINT_Y
91392063,2021,2021-01-21,9365,2021-01-13,0130,018192,,3,3,9,4800,0,1,3,,2,113,SR-113,"FLANNERY ROAD",100.00,S,N,B,-,N,,,,,,,,,,Y,4,0,1,1,C,-,18,,,N,H,H,A,A,H,-,D,D,0,,,,,Y,,-,"- ",0,0,1,0,0,0,0,0,0,"- ","- ",38.124401092529297,-121.48210144042969,SOLANO,UNINCORPORATED,-121.80591583251953,38.212444305419922
9139228,2020,2020-10-12,4807,2020-07-31,1700,672,VALLE,5,5,6,4807,0,0,0,,0,004,"MAINE ST","NAPA ST",0.00,,Y,A,-,N,,,,,,,,,,,2,0,1,3,A,-,09,21802,A,N,D,C,A,A,H,-,A,A,0,,,,,Y,,A,01,1,0,0,0,0,0,0,0,0,"- ","- ",38.090980529785156,-122.25170135498047,SOLANO,VALLEJO,-122.25164031982422,38.099071502685547
91396110,2021,2021-01-28,9365,2021-01-21,0420,017736,,4,3,5,4806,0,1,1,,2,086,"I-80 W/B","DAVIS ST",425.00,W,N,A,-,Y,,,80,,,,,,W,Y,4,0,1,2,A,-,03,22350,,N,C,C,A,A,H,-,C,D,0,,,,,Y,,A,01,0,0,1,0,0,0,0,0,0,"- ","- ",38.350429534912109,-121.98700714111328,SOLANO,VACAVILLE,-121.98702239990234,38.350460052490234
9139919,2020,2020-10-26,4803,2020-08-03,1802,1714,,1,5,5,4803,0,0,0,,0,00E,"WALTERS RD","EAST TABOR AV",34.00,N,N,A,-,N,,,,,,,,,,Y,3,0,2,3,A,-,04,21703,,N,C,C,A,A,H,-,A,A,0,,,,,Y,,A,01,0,1,1,0,0,0,0,0,0,"- ","- ",38.264720916748047,-121.98786163330078,SOLANO,FAIRFIELD,-121.98813629150391,38.264984130859375
91400216,2021,2021-02-02,9365,2021-01-27,0825,019651,,3,1,5,4803,0,1,1,,2,083,"I-680 S/B FROM I-80 W/B","I-80 W/B",50.00,S,N,B,C,Y,,,680,,,,R,,S,N,4,0,1,2,A,-,03,22350,,N,C,C,A,B,H,-,A,D,0,,,,,Y,,D,22,0,0,1,0,0,0,0,0,0,"- ","- ",38.216861724853516,-122.13774871826172,SOLANO,FAIRFIELD,-122.13774871826172,38.216861724853516
91411045,2021,2021-05-27,9365,2021-02-14,1805,021857,,7,2,9,4800,0,1,1,,2,081,"I-80 EASTBOUND","AMERICAN CANYON RD.",1584.00,W,N,C,-,Y,,,80,,,,,,E,Y,4,0,1,1,A,-,01,23152,A,N,E,8,A,B,H,-,C,D,0,,,,,Y,Y,A,01,0,0,1,0,0,0,0,0,0,"- ","- ",38.166919708251953,-122.20365142822266,SOLANO,UNINCORPORATED,-122.20359039306641,38.166828155517578
91418947,2021,2021-05-27,9365,2021-02-24,1905,017747,,3,2,5,4803,0,1,1,,2,085,"I-80 E/B","MANUEL CAMPOS PKWY",2640.00,E,N,A,-,Y,,,80,,,,,,E,Y,4,0,3,2,A,-,03,22350,,N,C,C,A,A,H,-,D,D,0,,,,,Y,,A,01,0,0,3,0,0,0,0,0,0,"- ","- ",38.303409576416016,-122.03370666503906,SOLANO,FAIRFIELD,-122.03373718261719,38.303409576416016
9142156,2020,2020-10-20,4803,2020-08-09,1626,911,,7,5,5,4803,0,0,0,,0,00S,"WEST TEXAS ST","2ND ST",0.00,,Y,A,-,N,,,,,,,,,,Y,3,0,1,2,A,-,01,23152,A,N,A,C,A,A,H,-,A,D,0,,,,,Y,Y,A,01,0,1,0,0,0,0,0,0,0,"- ","- ",38.249179840087891,-122.05513000488281,SOLANO,FAIRFIELD,-122.05515289306641,38.249259948730469
9142515,2020,2020-10-20,4802,2020-07-25,0123,1260,,6,5,3,4802,0,0,0,,0,003,"HANSEN CT","FULMOR DR",280.00,W,N,A,-,N,,,,,,,,,,N,3,0,1,2,A,-,11,21954,A,N,G,B,D,A,H,-,C,D,0,Y,,,,Y,,N,60,0,1,0,0,1,0,0,0,0,"- ","- ",38.462020874023438,-121.82962799072266,SOLANO,DIXON,-121.83051300048828,38.462318420410156
91437014,2021,2021-05-27,9365,2021-03-17,1737,018803,,3,2,5,4803,0,1,1,,2,083,"I-80 W/B","GREEN VALLEY RD",600.00,W,N,A,-,Y,,,,,,,,,,N,4,0,1,2,A,-,08,22107,,N,B,C,A,A,H,-,A,D,0,,,,,Y,,A,01,0,0,1,0,0,0,0,0,0,"- ","- ",,,SOLANO,FAIRFIELD,-122.14046478271484,38.215274810791016
9143791,2020,2020-10-19,4807,2020-08-10,1105,727,VALLE,1,5,6,4807,0,0,0,,0,005,"REDWOOD ST","VALLE VISTA AV",0.00,,Y,A,-,N,,,,,,,,,,Y,4,0,1,2,A,-,09,21804,A,N,D,C,A,A,H,-,A,A,0,,,,,Y,,A,01,0,0,1,0,0,0,0,0,0,"- ","- ",38.122379302978516,-122.23502349853516,SOLANO,VALLEJO,-122.23503112792969,38.122459411621094
9144322,2020,2020-10-13,4803,2020-08-13,0922,1691,,4,5,5,4803,0,0,0,,0,0CE,"AIR BASE PKWY",HEATH,907.00,E,N,A,-,N,,,,,,,,,,Y,3,0,1,1,A,-,08,22107,,N,E,I,A,-,H,-,A,D,0,,,,,Y,,A,01,0,1,0,0,0,0,0,0,0,"- ","- ",38.273128509521484,-122.04283905029297,SOLANO,FAIRFIELD,-122.03961181640625,38.272994995117188
91463147,2021,2021-05-27,9365,2021-04-24,1525,019458,,6,2,9,4800,0,1,1,,2,089,"I-80 W/B","SR-113 N/B O/C",528.00,W,N,A,-,Y,,,80,,,,,,W,Y,4,0,1,1,C,-,18,,,N,H,H,A,A,H,-,A,D,0,,,,,Y,,-,"- ",0,0,1,0,0,0,0,0,0,"- ","- ",38.519790649414062,-121.77039337158203,SOLANO,UNINCORPORATED,-121.77042388916016,38.519824981689453
91466071,2021,2021-05-27,9365,2021-04-30,0140,018192,,5,3,9,4800,0,1,1,,2,086,"I-80 E/B","ALAMO DRIVE",2640.00,W,N,A,-,Y,,,,,,,,,,Y,4,0,3,2,A,-,08,22107,,N,C,2,A,A,H,-,C,D,0,,,,,Y,,A,01,0,0,3,0,0,0,0,0,0,"- ","- ",38.202098846435547,-122.00509643554688,SOLANO,UNINCORPORATED,-122.00489807128906,38.343307495117188
91478376,2021,2021-05-27,9365,2021-05-13,1155,014687,,4,1,9,4800,0,1,1,,2,088,"I-80 W/B","DIXON AVENUE",5280.00,E,N,A,-,Y,,,80,,,,,,W,Y,3,0,1,1,A,-,08,22107,,N,E,8,A,A,H,-,A,D,0,,,,,Y,,A,01,0,1,0,0,0,0,0,0,0,"- ","- ",38.436279296875,-121.87139892578125,SOLANO,UNINCORPORATED,-121.87135314941406,38.43621826171875
91481924,2021,2021-05-27,9365,2021-05-25,0212,018803,,2,3,5,4806,0,1,1,,2,086,"I-80 W/B","ALLISON DR",500.00,E,N,A,-,Y,,,80,,,,,,W,Y,4,0,1,2,A,-,08,22107,,N,E,I,A,A,H,-,C,D,0,,,,,Y,,A,01,0,0,1,0,0,0,0,0,0,"- ","- ",38.362800598144531,-121.96733856201172,SOLANO,VACAVILLE,-121.96736907958984,38.36285400390625
91487764,2021,2021-06-02,9365,2021-05-27,1643,018794,,4,2,9,4800,0,1,1,,2,505,I-505,"MIDWAY RD.",528.00,S,N,A,-,Y,,,,,,,,,,Y,2,0,1,1,A,-,08,22107,,N,E,I,A,A,H,-,A,D,0,,,,,Y,,A,01,1,0,0,0,0,0,0,0,0,"- ","- ",38.412010192871094,-121.54535675048828,SOLANO,UNINCORPORATED,-121.94487762451172,38.415634155273438
9149545,2020,2020-11-25,4804,2020-08-05,1649,13417RV,4804,3,5,2,4804,0,0,0,,0,,"RT 12","CHURCH RD",600.00,E,N,A,-,Y,SOL,4,12,-,-,24.930,H,-,E,,3,0,1,2,A,-,03,22350,,N,C,C,A,A,H,-,A,D,0,,,,,Y,,A,07,0,1,0,0,0,0,0,0,0,"- ","- ",,,SOLANO,"RIO VISTA",-121.70768737792969,38.169265747070312
91497198,2021,2021-06-15,9365,2021-06-14,0620,017820,,1,1,4,4801,0,1,1,,2,077,"I-780 E/B","MILITARY WEST",50.00,W,N,A,-,Y,,,780,,,,,,E,Y,4,0,1,2,A,-,07,21658,A,M,B,D,A,A,H,-,A,A,0,,,,,Y,,-,99,0,0,1,0,0,0,0,0,0,"- ","- ",38.068050384521484,-122.18177795410156,SOLANO,BENICIA,-122.18169403076172,38.068290710449219
9150721,2020,2020-09-24,4807,2020-07-02,1110,694,VALLE,4,5,6,4807,0,0,0,,0,005,"FLORIDA ST","ALAMEDA ST",63.00,W,N,A,-,N,,,,,,,,,,Y,4,0,2,2,C,-,18,,,N,B,C,A,A,H,-,A,A,0,,,,,Y,,-,"- ",0,0,2,0,0,0,0,0,0,"- ","- ",38.104961395263672,-122.24822998046875,SOLANO,VALLEJO,-122.24839019775391,38.104942321777344
91513813,2021,2021-07-06,9365,2021-06-29,1940,018794,,2,2,9,4800,0,1,1,,2,086,"I-80 E/B","LAGOON VALLEY RD.",528.00,E,N,A,-,Y,,,80,,,,,,E,Y,4,0,1,2,A,-,03,22350,,N,C,C,A,A,H,-,A,D,0,,,,,Y,,A,01,0,0,1,0,0,0,0,0,0,"- ","- ",38.326900482177734,-122.02259826660156,SOLANO,UNINCORPORATED,-122.02268981933594,38.326953887939453
91513915,2021,2021-07-06,9365,2021-06-30,0030,018192,,3,3,6,4807,0,1,1,,2,081,"I-80 E/B","AMERICAN CANYON",5280.00,W,N,A,-,Y,,,,,,,,,,Y,4,0,1,2,A,-,07,21658,A,F,B,C,A,A,H,-,C,D,0,,,,,Y,,-,99,0,0,1,0,0,0,0,0,0,"- ","- ",38.158611297607422,-122.21206665039062,SOLANO,VALLEJO,-122.201171875,38.168460845947266
91515655,2021,2021-07-08,9365,2021-07-03,1115,017820,,6,1,6,4807,0,1,1,,2,078,"I-780 W/B","CEDAR AVE",710.00,E,N,A,-,Y,,,780,,,,,,W,N,4,0,1,2,A,-,03,22350,,N,C,2,A,A,H,-,A,A,0,,,,,Y,,A,01,0,0,1,0,0,0,0,0,0,"- ","- ",38.089889526367188,-122.22376251220703,SOLANO,VALLEJO,-122.22378540039062,38.089794158935547
91520326,2021,2021-07-14,9365,2021-07-09,0635,016970,,5,1,3,4802,0,1,1,,2,088,"I-80 W/B","PITT SCHOOL RD",3960.00,W,N,A,-,Y,,,80,,,,,,W,Y,3,0,1,2,A,-,07,21658,A,M,B,C,A,A,H,-,A,D,0,,,Y,,Y,,C,02,0,1,0,0,0,0,0,0,1,"- ","- ",38.458301544189453,-121.84278869628906,SOLANO,DIXON,-121.84282684326172,38.458347320556641
91525907,2021,2021-07-21,9365,2021-07-18,0145,018712,,7,3,9,4800,0,1,1,,2,088,"I-80 W/B","MIDWAY RD",1500.00,E,N,A,-,Y,,,80,,,,,,W,Y,3,0,2,2,A,-,01,23152,A,N,C,2,A,A,H,-,D,D,0,,,,,Y,Y,A,01,0,1,1,0,0,0,0,0,0,"- ","- ",38.419281005859375,-121.89360809326172,SOLANO,UNINCORPORATED,-121.89362335205078,38.419296264648438
91529554,2021,2021-07-27,9365,2021-07-19,2132,021432,,1,2,9,4800,0,1,1,,2,082,"I-80 E/B","AMERICAN CANYON RD.",5280.00,E,N,A,G,Y,,,80,,,,,,E,N,4,0,1,1,A,-,08,22107,,N,F,I,A,A,H,-,D,D,0,,,,,Y,,A,01,0,0,1,0,0,0,0,0,0,"- ","- ",38.183799743652344,-122.1820068359375,SOLANO,UNINCORPORATED,-122.18206787109375,38.183872222900391
91544281,2021,2021-08-13,9365,2021-08-08,1115,020972,,7,1,9,4800,0,1,3,,2,371,"SR-37 EB","SKAGGS ISLAND RD.",2000.00,E,N,A,-,Y,,,37,,,,,,E,Y,4,0,1,2,A,-,01,23152,F,N,C,C,A,A,H,-,A,D,0,,,,,Y,,A,01,0,0,1,0,0,0,0,0,0,"- ","- ",38.145290374755859,-122.37364959716797,SOLANO,UNINCORPORATED,-122.37364196777344,38.145328521728516
9154518,2020,2020-11-25,4807,2020-08-05,2329,717,VALLE,3,5,6,4807,0,0,0,,0,004,"CURTOLA PKWY","SONOMA BL",0.00,,Y,A,-,Y,SOL,4,29,-,-,1.921,I,5,N,,4,0,1,2,A,-,11,21456,C,N,G,B,B,A,H,-,C,A,0,Y,,,,Y,,N,60,0,0,1,0,1,0,0,0,0,"- ","- ",38.097049713134766,-122.25508117675781,SOLANO,VALLEJO,-122.25502014160156,38.097156524658203
9155000,2020,2020-10-30,4807,2020-08-07,1242,729,,5,5,6,4807,0,0,0,,0,,"REDWOOD ST","NORTH CAMINO ALTO",0.00,,Y,A,-,N,,,,,,,,,,Y,4,0,2,2,A,-,12,21453,A,N,D,C,A,A,H,-,A,A,0,,,,,Y,,A,01,0,0,2,0,0,0,0,0,0,"- ","- ",38.123111724853516,-122.24542236328125,SOLANO,VALLEJO,-122.24537658691406,38.123130798339844
91550055,2021,2021-08-20,9365,2021-08-13,0042,021116,,5,3,5,4806,0,1,1,,2,505,"I-505 S/B","VACA VALLEY PKY",2100.00,S,N,A,-,Y,,,505,,,,,,S,Y,3,0,1,2,A,-,01,23152,A,N,B,C,A,A,H,-,D,D,0,,,,,Y,Y,A,01,0,1,0,0,0,0,0,0,0,"- ","- ",38.388729095458984,-121.95115661621094,SOLANO,VACAVILLE,-121.95119476318359,38.388736724853516
91551435,2021,2021-08-23,9365,2021-08-21,1010,017805,,6,1,6,4807,0,1,1,,2,080,"I-80 WB","I-780 U/C",175.00,E,N,B,-,Y,,,80,,,,,,W,N,4,0,1,2,A,-,07,21658,A,N,B,C,A,A,H,-,A,D,0,,,Y,,Y,,A,01,0,0,1,0,0,0,0,0,1,"- ","- ",38.092239379882812,-122.23053741455078,SOLANO,VALLEJO,-122.23037719726562,38.092208862304688
91551941,2021,2021-10-28,9365,2021-08-11,2022,018803,,3,2,5,4803,0,1,1,,2,083,"I-80 E/B","SUISUN VALLEY RD",1320.00,E,N,A,-,Y,,,80,,,,,,E,Y,3,0,1,4,A,-,03,22350,,N,E,C,A,A,H,-,C,D,0,,,Y,,Y,,A,07,0,1,0,0,0,0,0,0,1,"- ","- ",38.225410461425781,-122.12445068359375,SOLANO,FAIRFIELD,-122.12444305419922,38.225399017333984
9155257,2020,2020-11-20,4803,2020-09-05,1416,1697,,6,5,5,4803,0,0,0,,0,00E,"EAST TABOR AV","WALTERS RD",21.00,W,N,A,-,N,,,,,,,,,,N,4,0,1,2,A,-,03,22350,,N,D,C,A,A,H,-,A,A,0,,,,,Y,,A,01,0,0,1,0,0,0,0,0,0,"- ","- ",38.264759063720703,-121.98806762695312,SOLANO,FAIRFIELD,-121.98821258544922,38.264888763427734
91557300,2021,2021-08-27,9365,2021-08-23,1514,018803,,1,2,9,4800,0,1,3,,2,121,"SR-12 E/B (JAMESON CYN)","SPURS TRAIL",200.00,W,N,A,-,Y,,,12,,,,,,E,N,4,0,2,2,A,-,03,22350,,N,C,C,A,A,H,-,A,D,0,,,,,Y,,A,01,0,0,2,0,0,0,0,0,0,"- ","- ",38.208320617675781,-122.18637847900391,SOLANO,UNINCORPORATED,-122.18637847900391,38.208408355712891
91557341,2021,2021-08-27,9365,2021-08-21,1420,019927,,6,2,4,4801,0,1,1,,2,680,"I-680 N/B","LAKE HERMAN ROAD",1320.00,S,N,A,-,Y,,,680,,,,,,N,Y,3,0,1,1,A,-,08,22107,,N,E,I,A,A,H,-,A,D,0,,,,,Y,,D,22,0,1,0,0,0,0,0,0,0,"- ","- ",38.08319091796875,-122.11386108398438,SOLANO,BENICIA,-122.11402130126953,38.083358764648438
91565799,2020,2021-09-08,9365,2020-12-25,2327,021853,,5,3,5,4803,0,1,1,,2,084,"I-80 E/B","TRAVIS BLVD",1056.00,E,N,B,-,Y,,,80,,,,,,E,Y,1,1,2,5,C,-,18,,,N,D,C,A,B,C,-,C,D,0,,,,,Y,,-,"- ",0,2,0,0,0,0,0,0,0,"- ","- ",38.261341094970703,-122.05977630615234,SOLANO,FAIRFIELD,-122.05974578857422,38.261306762695312
91566792,2021,2021-09-09,9365,2021-09-09,0600,016919,,4,1,5,4803,0,1,3,,2,121,SR-12,"RED TOP RD",5.00,E,N,A,-,Y,,,12,,,,,,,Y,4,0,1,2,A,-,03,22350,,N,C,C,A,A,H,-,D,D,0,,,,,Y,,D,22,0,0,1,0,0,0,0,0,0,"- ","- ",38.207771301269531,-122.15660095214844,SOLANO,FAIRFIELD,-122.15659332275391,38.207695007324219
91566795,2021,2021-09-09,9365,2021-09-06,0605,017805,,1,1,6,4807,0,1,1,,2,080,"I-80 WB","SONOMA BLVD U/C",660.00,E,N,A,-,Y,,,80,,,,,,W,Y,3,0,3,3,A,-,01,23152,A,N,C,C,A,A,H,-,B,D,0,,,,,Y,Y,A,01,0,1,2,0,0,0,0,0,0,"- ","- ",38.078338623046875,-122.23282623291016,SOLANO,VALLEJO,-122.23290252685547,38.078315734863281
91582395,2021,2021-09-29,9365,2021-09-19,1338,021996,,7,1,9,4800,0,1,1,,2,086,"I-80 E/B","RIVERA RD",3168.00,E,N,A,-,Y,,,80,,,,,,E,N,4,0,4,1,A,-,08,22107,,N,E,8,A,A,H,-,A,D,0,,,,,Y,,A,07,0,0,4,0,0,0,0,0,0,"- ","- ",38.341339111328125,-122.01097106933594,SOLANO,UNINCORPORATED,-122.01097869873047,38.341365814208984
91583083,2021,2021-09-29,9365,2021-09-26,0700,019927,,7,1,5,4803,0,1,1,,2,083,"SR-12 E/B","CHADBOURNE RD",390.00,E,N,A,-,Y,,,,,,,,,,Y,3,0,2,2,A,-,03,22350,,N,C,C,A,A,H,-,B,D,0,,,,,Y,Y,A,01,0,2,0,0,0,0,0,0,0,"- ","- ",38.142299652099609,-122.04570770263672,SOLANO,FAIRFIELD,-122.08277893066406,38.239719390869141
91583100,2021,2021-09-29,9365,2021-09-28,0455,018192,,2,3,9,4800,0,1,1,,2,089,"I-80 E/B","OLD DAVIS ROAD",200.00,W,N,A,-,Y,,,,,,,,,,N,4,0,1,2,A,-,07,21658,A,M,B,C,A,A,H,-,C,D,0,,,,,Y,,-,99,0,0,1,0,0,0,0,0,0,"- ","- ",38.314201354980469,-121.45269775390625,SOLANO,UNINCORPORATED,-121.757568359375,38.528450012207031
91585911,2021,2021-10-01,9365,2021-09-28,1355,019109,,2,1,6,4807,0,1,1,,2,081,"I-80 W/B","REDWOOD PKY",2391.00,E,N,A,-,Y,,,80,,,,,,W,Y,2,0,1,3,A,-,07,21658,A,N,B,C,A,A,H,-,A,D,0,,,,,Y,,A,07,1,0,0,0,0,0,0,0,0,"- ","- ",38.129238128662109,-122.22653961181641,SOLANO,VALLEJO,-122.22651672363281,38.129222869873047
91592736,2021,2021-10-11,9365,2021-10-02,2045,021352,,6,2,4,4801,0,1,1,,2,077,"I-780 W/B","E FIFTH",300.00,W,N,A,-,Y,,,780,,,,,,W,Y,3,0,1,1,A,-,01,23152,A,N,E,I,A,A,H,-,C,A,0,,,,,Y,,A,01,0,1,0,0,0,0,0,0,0,"- ","- ",38.053440093994141,-122.14560699462891,SOLANO,BENICIA,-122.14560699462891,38.053443908691406
91595424,2021,2021-10-13,9365,2021-10-09,2340,021598,,6,3,9,4800,0,1,1,,2,089,"I-80 E/B","KIDWELL ROAD",4752.00,E,N,A,-,Y,,,80,,,,,,E,Y,4,0,2,1,A,-,08,22107,,N,F,I,A,A,H,-,C,D,0,,,,,Y,,D,22,0,0,2,0,0,0,0,0,0,"- ","- ",38.514820098876953,-121.77509307861328,SOLANO,UNINCORPORATED,-121.77522277832031,38.514961242675781
91596053,2021,2021-10-14,9365,2021-10-06,0010,017736,,3,3,3,4802,0,1,1,,2,088,"I-80 E/B","CURREY ROAD O/C",1214.00,E,N,A,-,Y,,,80,,,,,,E,Y,4,0,1,2,A,-,07,21658,A,N,C,2,A,A,H,-,C,D,0,,,,,Y,,A,01,0,0,1,0,0,0,0,0,0,"- ","- ",38.475288391113281,-121.82071685791016,SOLANO,DIXON,-121.82071685791016,38.475284576416016
9160004,2020,2021-01-11,4803,2020-10-07,1155,1735,SOLAN,3,5,5,4803,0,0,0,,0,0CE,"ALASKA AV","CUNNINGHAM DR",294.00,E,N,A,-,N,,,,,,,,,,N,4,0,2,2,A,-,09,21804,A,N,D,C,A,A,H,-,A,D,0,,,,,Y,,A,01,0,0,2,0,0,0,0,0,0,"- ","- ",38.272800445556641,-122.04805755615234,SOLANO,FAIRFIELD,-122.04700469970703,38.272800445556641
91603995,2021,2021-10-22,9365,2021-10-14,1705,019815,,4,2,9,4800,0,1,1,,2,089,"I-80 E/B","OLD DAVIS ROAD",500.00,W,N,A,-,Y,,,80,,,,,,E,N,4,0,1,2,A,-,03,22350,,N,C,C,A,A,H,-,A,D,0,,,,,Y,,A,01,0,0,1,0,0,0,0,0,0,"- ","- ",38.528079986572266,-121.75877380371094,SOLANO,UNINCORPORATED,-121.75874328613281,38.528007507324219
91604153,2021,2021-10-22,9365,2021-10-17,1610,020566,,7,2,5,4803,0,1,3,,2,121,SR-12,"RED TOP RD",100.00,W,N,B,-,Y,,,12,,,,,,,N,4,0,1,2,A,-,03,22350,,N,C,C,A,A,H,-,A,D,0,,,,,Y,,D,22,0,0,1,0,0,0,0,0,0,"- ","- ",38.207569122314453,-122.15841674804688,SOLANO,FAIRFIELD,-122.15841674804688,38.2076416015625
91613693,2021,2021-11-02,9365,2021-10-27,2300,021116,,3,3,9,4800,0,3,5,,2,040,"CANTELOW RD","ENGLISH HILLS RD",1460.00,E,N,A,-,N,,,,,,,,,,Y,3,0,1,1,A,-,08,22107,,N,E,I,A,A,H,-,D,D,0,,,,,Y,,A,01,0,1,0,0,0,0,0,0,0,"- ","- ",38.416351318359375,-122.00298309326172,SOLANO,UNINCORPORATED,-121.99459838867188,38.416484832763672
91616419,2021,2021-11-04,9365,2021-10-24,0009,021996,,7,3,9,4800,0,1,1,,2,083,"I-80 E/B","SR-12 OVERCROSSING",646.00,W,N,C,-,Y,,,80,,,,,,E,N,4,0,3,3,A,-,03,22350,,N,C,C,A,B,H,-,D,D,0,,,,,Y,,A,07,0,0,3,0,0,0,0,0,0,"- ","- ",38.206890106201172,-122.15139770507812,SOLANO,UNINCORPORATED,-122.1513671875,38.20684814453125
91617733,2021,2021-11-05,9365,2021-05-19,1415,019458,,3,2,9,4800,0,1,3,,2,121,"SR-12 E/B","SPURS TRAIL",1954.00,W,N,A,-,Y,,,12,,,,,,E,Y,1,1,1,2,A,-,09,21801,A,N,D,C,A,A,H,-,A,D,0,,,,,Y,,A,01,1,0,0,0,0,0,0,0,0,"- ","- ",38.20867919921875,-122.19284057617188,SOLANO,UNINCORPORATED,-122.19284057617188,38.208667755126953
91627145,2021,2021-11-17,9365,2021-11-15,0645,017805,,1,1,6,4807,0,1,1,,2,080,"I-80 WB","BENICIA RD. O/C",100.00,E,N,E,-,Y,,,80,,,,,,W,N,4,0,6,3,A,-,03,22350,,N,C,C,A,A,H,-,A,D,0,,,,,Y,,D,22,0,0,6,0,0,0,0,0,0,"- ","- ",38.094741821289062,-122.22995758056641,SOLANO,VALLEJO,-122.23001098632812,38.094745635986328
91627526,2021,2021-11-17,9365,2021-11-12,1820,019815,,5,2,9,4800,0,3,5,,2,040,"RUNGE ROAD","TREMONT ROAD",5000.00,S,N,E,-,N,,,,,,,,,,Y,4,0,1,2,A,-,08,22107,,N,D,C,A,A,H,-,D,D,0,,,,,Y,,A,07,0,0,1,0,0,0,0,0,0,"- ","- ",38.488681793212891,-121.76902008056641,SOLANO,UNINCORPORATED,-121.76830291748047,38.482025146484375
91630584,2021,2021-11-19,9365,2021-11-17,1555,017747,,3,2,5,4803,0,1,1,,2,085,"I-80 E/B","MANUEL CAMPOS PKWY",3960.00,E,N,A,-,Y,,,,,,,,,,N,4,0,1,2,A,-,03,22350,,N,C,C,A,A,H,-,A,D,0,,,,,Y,,D,22,0,0,1,0,0,0,0,0,0,"- ","- ",38.318840026855469,-122.02884674072266,SOLANO,FAIRFIELD,-122.03389739990234,38.295608520507812
91639934,2021,2021-12-01,9365,2021-11-21,0600,017805,,7,1,6,4807,0,1,1,,2,080,"I-80 EB","AMERICAN CANYON RD. O/C",2640.00,W,N,A,-,Y,,,,,,,,,,Y,2,0,2,3,A,-,08,22107,,N,C,C,A,A,H,-,D,D,0,,,,Y,Y,,A,01,1,1,0,0,0,0,0,0,0,"- ","- ",38.159969329833984,-122.21151733398438,SOLANO,VALLEJO,-122.201171875,38.168460845947266
91640110,2021,2021-12-01,9365,2021-11-24,1015,015293,,3,1,5,4803,0,1,1,,2,084,"WATERMAN BLVD TO I-80 W/B","WATERMAN BLVD.",15.00,S,N,A,-,Y,,,,,,,,,,Y,3,0,1,1,A,-,08,22107,,N,F,A,A,A,H,-,A,A,0,,,,Y,Y,,F,26,0,1,0,0,0,0,0,0,0,"- ","- ",38.273139953613281,-122.05246734619141,SOLANO,FAIRFIELD,-122.07653045654297,38.269298553466797
91640211,2021,2021-12-01,9365,2021-11-21,1804,019815,,7,2,5,4803,0,1,1,,2,681,"I-680 S/B",I-80,300.00,S,N,A,-,Y,,,680,,,,,,S,Y,4,0,2,4,A,-,03,22350,,N,C,C,A,A,H,-,A,D,0,,,,,Y,,A,08,0,0,2,0,0,0,0,0,0,"- ","- ",38.216220855712891,-122.13794708251953,SOLANO,FAIRFIELD,-122.13795471191406,38.216220855712891