CASE_ID,ACCIDENT_YEAR,PROC_DATE,JURIS,COLLISION_DATE,COLLISION_TIME,OFFICER_ID,REPORTING_DISTRICT,DAY_OF_WEEK,CHP_SHIFT,POPULATION,CNTY_CITY_LOC,SPECIAL_COND,BEAT_TYPE,CHP_BEAT_TYPE,CITY_DIVISION_LAPD,CHP_BEAT_CLASS,BEAT_NUMBER,PRIMARY_RD,SECONDARY_RD,DISTANCE,DIRECTION,INTERSECTION,WEATHER_1,WEATHER_2,STATE_HWY_IND,CALTRANS_COUNTY,CALTRANS_DISTRICT,STATE_ROUTE,ROUTE_SUFFIX,POSTMILE_PREFIX,POSTMILE,LOCATION_TYPE,RAMP_INTERSECTION,SIDE_OF_HWY,TOW_AWAY,COLLISION_SEVERITY,NUMBER_KILLED,NUMBER_INJURED,PARTY_COUNT,PRIMARY_COLL_FACTOR,PCF_CODE_OF_VIOL,PCF_VIOL_CATEGORY,PCF_VIOLATION,PCF_VIOL_SUBSECTION,HIT_AND_RUN,TYPE_OF_COLLISION,MVIW,PED_ACTION,ROAD_SURFACE,ROAD_COND_1,ROAD_COND_2,LIGHTING,CONTROL_DEVICE,CHP_ROAD_TYPE,PEDESTRIAN_ACCIDENT,BICYCLE_ACCIDENT,MOTORCYCLE_ACCIDENT,TRUCK_ACCIDENT,NOT_PRIVATE_PROPERTY,ALCOHOL_INVOLVED,STWD_VEHTYPE_AT_FAULT,CHP_VEHTYPE_AT_FAULT,COUNT_SEVERE_INJ,COUNT_VISIBLE_INJ,COUNT_COMPLAINT_PAIN,COUNT_PED_KILLED,COUNT_PED_INJURED,COUNT_BICYCLIST_KILLED,COUNT_BICYCLIST_INJURED,COUNT_MC_KILLED,COUNT_MC_INJURED,PRIMARY_RAMP,SECONDARY_RAMP,LATITUDE,LONGITUDE,COUNTY,CITY,POINT_X,POINT_Y
92063663,2023,2023-05-08,9365,2023-04-28,2020,022277,,5,2,5,4803,0,1,1,,2,085,"I-80 E/B","MANUEL CAMPOS PKWY",2600.00,W,N,A,-,Y,SOL,,80," "," ",20.406,H,,R,Y,4,0,3,3,A,-,07,21658,A,N,C,C,A,A,H,-,C,D,0,,,,,Y,,A,07,0,0,3,0,0,0,0,0,0,"- ","- ",38.288200378417969,-122.03691101074219,SOLANO,FAIRFIELD,-122.03694915771484,38.288223266601562
92063716,2023,2023-05-09,9365,2023-04-26,1935,023278,,3,2,5,4803,0,1,1,,2,085,"I-80 E/B","TRAVIS BLVD",1848.00,E,N,A,-,Y,SOL,,80," "," ",18.220,H,,R,Y,3,0,5,2,A,-,08,22107,,N,C,C,A,A,H,-,A,D,0,,,,,Y,,A,07,0,4,1,0,0,0,0,0,0,"- ","- ",38.261928558349609,-122.05924987792969,SOLANO,FAIRFIELD,-122.05922698974609,38.261920928955078
92068815,2023,2023-05-15,9365,2023-05-02,"428 ",022460,,2,3,9,4800,0,1,1,,2,089,"I-80 W/B TO SR-113 N/B","GARROD DRIVE",2810.00,S,N,B,-,Y,,,,,,,,,,N,4,0,1,1,A,-,03,22350,,N,E,I,A,B,H,-,D,D,0,,,,,Y,,A,01,0,0,1,0,0,0,0,0,0,"- ","- ",38.525920867919922,-121.7652587890625,SOLANO,UNINCORPORATED,-121.7652587890625,38.525920867919922
92079593,2023,2023-05-26,9365,2023-05-26,"945 ",022766,,5,1,9,4800,0,3,5,,2,040,"PEDRICK RD","BINGHAMPTON RD",7762.00,N,N,A,-,N,,,,,,,,,,Y,3,0,1,1,A,-,08,22107,,N,E,I,A,A,H,-,A,D,0,,,,,Y,,A,08,0,1,0,0,0,0,0,0,0,"- ","- ",38.372570037841797,-121.80458068847656,SOLANO,UNINCORPORATED,-121.8045654296875,38.37255859375
92085823,2023,2023-06-05,9365,2023-05-24,2201,022286,,3,3,6,4807,0,1,1,,2,080,"I-80 EASTBOUND","TOLL PLAZA",10.00,E,N,A,-,Y,SOL,,80," "," ",0.602,H,,R,N,4,0,1,2,A,-,03,22350,,N,C,C,A,A,H,-,C,D,0,,,,,Y,Y,A,07,0,0,1,0,0,0,0,0,0,"- ","- ",38.069221496582031,-122.226806640625,SOLANO,VALLEJO,-122.22672271728516,38.069248199462891
92086943,2023,2023-06-06,9365,2023-06-01,2320,023262,,4,3,5,4803,0,1,1,,2,085,"I-80 E/B","MANUEL CAMPOS PARKWAY",3000.00,W,N,A,-,Y,SOL,,80," "," ",20.287,H,,R,N,4,0,1,2,A,-,03,22350,,M,C,C,A,A,H,-,D,D,0,,,,,Y,,-,99,0,0,1,0,0,0,0,0,0,"- ","- ",38.286769866943359,-122.03813171386719,SOLANO,FAIRFIELD,-122.03816223144531,38.286785125732422
92087000,2023,2023-06-06,9365,2023-06-02,"400 ",022277,,5,3,9,4800,0,1,3,,2,122,"SR-12 W/B","SR-113 S/B",0.00,,Y,A,-,Y,SOL,,12," "," ",19.165,H,,L,Y,4,0,1,1,A,-,03,22350,,N,E,I,A,A,H,-,C,D,0,,,,,Y,,A,01,0,0,1,0,0,0,0,0,0,"- ","- ",38.18389892578125,-121.80625915527344,SOLANO,UNINCORPORATED,-121.80625915527344,38.183670043945312
92089313,2023,2023-06-08,9365,2023-05-29,2220,022656,,1,3,5,4803,0,1,1,,2,084,"I-80 W/B","TRAVIS BLVD",1636.00,E,N,A,-,Y,SOL,,80," "," ",18.248,H,,L,Y,3,0,2,1,A,-,08,22107,,N,F,A,A,A,H,-,D,D,0,,,,,Y,,A,01,0,2,0,0,0,0,0,0,0,"- ","- ",38.262359619140625,-122.05941772460938,SOLANO,FAIRFIELD,-122.05928039550781,38.262287139892578
92092670,2023,2023-06-13,9365,2023-06-07,2119,021609,,3,2,6,4807,0,1,1,,2,081,"I-80 E/B",SR-37,528.00,W,N,A,-,Y,SOL,,80," "," ",5.435,H,,R,Y,4,0,1,2,A,-,03,22350,,N,C,2,A,A,H,-,C,D,0,,,,Y,Y,Y,A,01,0,0,1,0,0,0,0,0,0,"- ","- ",38.136280059814453,-122.22205352783203,SOLANO,VALLEJO,-122.2218017578125,38.136180877685547
92100844,2023,2023-06-23,9365,2023-06-21,1250,017163,,3,1,9,4800,0,2,4,,2,402,"MIDWAY RD","ELIZABETH RD",0.00,,Y,A,-,N,,,,,,,,,,Y,3,0,1,2,A,-,09,21801,A,N,D,C,A,A,H,-,A,D,0,,,Y,,Y,,A,08,0,1,0,0,0,0,0,0,1,"- ","- ",38.417041778564453,-121.90902709960938,SOLANO,UNINCORPORATED,-121.90901184082031,38.417030334472656
92104154,2023,2023-06-28,9365,2023-06-25,1240,022066,,7,1,5,4803,0,1,1,,2,085,"I-80 W/B","MANUEL CAMPOS PARKWAY",500.00,W,N,A,-,Y,SOL,,80," "," ",20.828,H,,L,N,3,0,1,5,A,-,03,22350,,N,C,C,A,A,D,-,A,D,0,,,,,Y,,D,22,0,1,0,0,0,0,0,0,0,"- ","- ",38.293880462646484,-122.03415679931641,SOLANO,FAIRFIELD,-122.03424072265625,38.293880462646484
92107383,2023,2023-06-30,9365,2023-06-29,1100,020667,,4,1,5,4806,0,1,1,,2,086,"I-80 E/B","MASON ST",22.00,W,N,A,-,Y,SOL,,80," ",R,26.457,H,,R,Y,4,0,1,1,A,-,08,22107,,N,E,I,A,A,D,-,A,D,0,,,,,Y,,A,01,0,0,1,0,0,0,0,0,0,"- ","- ",38.35430908203125,-121.97855377197266,SOLANO,VACAVILLE,-121.97846221923828,38.354251861572266
92112934,2023,2023-07-10,9365,2023-06-30,"820 ",020667,,5,1,9,4800,0,1,A,,2,030,"CANTELOW RD","STAGECOACH LN",0.00,,Y,A,-,N,,,,,,,,,,N,3,0,1,2,A,-,03,22350,,N,F,A,A,A,H,-,A,D,0,,Y,,Y,Y,,L,04,0,1,0,0,0,0,1,0,0,"- ","- ",38.424358367919922,-122.02413940429688,SOLANO,UNINCORPORATED,-122.02394866943359,38.424365997314453
92119710,2023,2024-06-10,9365,2023-07-10,"320 ",022656,,1,3,5,4803,0,1,1,,2,083,"I-80 W/B","CHADBOURNE RD",7920.00,W,N,A,-,Y,SOL,,80," "," ",14.653,H,,L,Y,3,0,1,1,A,-,08,22107,,N,E,I,A,A,H,-,D,D,0,,,,,Y,,D,22,0,1,0,0,0,0,0,0,0,"- ","- ",38.232070922851562,-122.11106109619141,SOLANO,FAIRFIELD,-122.1109619140625,38.231937408447266
92121925,2023,2023-07-20,9365,2023-07-13,"522 ",019458,,4,3,6,4807,0,1,1,,2,078,"I-780 W/B","LAUREL ST. O/C",220.00,E,N,A,-,Y,SOL,,780," "," ",7.024,H,,L,Y,4,0,1,2,A,-,07,21658,A,N,B,C,A,A,H,-,A,D,0,,,,,Y,,D,22,0,0,1,0,0,0,0,0,0,"- ","- ",38.090850830078125,-122.22759246826172,SOLANO,VALLEJO,-122.22767639160156,38.090663909912109
92123080,2023,2023-07-21,9365,2023-07-14,"905 ",019458,,5,1,6,4807,0,1,1,,2,080,"I-80 W/B","MAGAZINE STREET O/C",260.00,W,N,A,-,Y,SOL,,80," "," ",1.724,H,,L,N,4,0,2,1,A,-,03,22350,,N,E,I,A,A,D,E,A,D,0,,,,,Y,,A,07,0,0,2,0,0,0,0,0,0,"- ","- ",38.084609985351562,-122.23341369628906,SOLANO,VALLEJO,-122.23322296142578,38.084587097167969
92125684,2023,2023-07-25,9365,2023-07-23,"40  ",022834,,7,3,9,4800,0,1,1,,2,089,"INTERSTATE 80 WESTBOUND","PEDRICK ROAD OVER CROSSING",649.00,E,N,A,-,Y,SOL,,80," "," ",39.868,H,,L,Y,4,0,1,1,A,-,08,22107,,N,E,I,A,A,H,-,D,D,0,,,,,Y,,A,01,0,0,1,0,0,0,0,0,0,"- ","- ",38.490119934082031,-121.80213165283203,SOLANO,UNINCORPORATED,-121.80220794677734,38.490177154541016
92125719,2023,2023-07-25,9365,2023-07-20,1820,020991,,4,2,3,4802,0,1,1,,2,088,"I-80 W/B","MILK FARM RD.",7392.00,E,N,A,-,Y,SOL,,80," "," ",39.280,H,,L,N,4,0,1,2,A,-,07,21658,A,N,C,C,A,A,H,-,A,D,0,,,,,Y,Y,A,01,0,0,1,0,0,0,0,0,0,"- ","- ",38.484130859375,-121.80989074707031,SOLANO,DIXON,-121.80987548828125,38.484123229980469
92126711,2023,2023-07-26,9365,2023-07-22,1110,017508,,6,1,5,4803,0,1,1,,2,084,"I-80 E/B","AIRBASE PARKWAY",2693.00,W,N,A,-,Y,SOL,,80," "," ",18.653,H,,R,N,2,0,2,1,A,-,08,22107,,N,E,I,A,A,D,-,A,D,0,,,,,Y,,A,07,1,1,0,0,0,0,0,0,0,"- ","- ",38.267040252685547,-122.05473327636719,SOLANO,FAIRFIELD,-122.05485534667969,38.267105102539062
92127666,2023,2023-07-27,9365,2023-05-06,1710,021609,,6,2,5,4806,0,1,1,,2,085,"I-80 W/B","LAGOON VALLEY RD",528.00,W,N,A,-,Y,,,,,,,,,,Y,3,0,1,3,A,-,07,21658,A,F,D,C,A,A,D,-,A,D,0,,,,,Y,,D,22,0,1,0,0,0,0,0,0,0,"- ","- ",38.24163818359375,-122.08638000488281,SOLANO,VACAVILLE,,
92134288,2023,2023-08-02,9365,2023-07-28,1215,020667,,5,1,9,4800,0,2,4,,2,402,"MIDWAY RD","LEWIS RD",590.00,W,N,A,-,N,,,,,,,,,,Y,4,0,2,2,A,-,08,22105,,N,D,C,A,A,H,-,A,D,0,,,,,Y,,A,07,0,0,2,0,0,0,0,0,0,"- ","- ",38.415668487548828,-121.89524841308594,SOLANO,UNINCORPORATED,-121.8951416015625,38.415676116943359
9213550,2020,2021-02-09,4806,2020-12-13,1239,484,901.,7,5,5,4806,0,0,0,,0,009,"LEISURE TOWN RD","GILLEY WY",0.00,,Y,B,-,,,,,,,,,,,,4,0,1,2,A,-,06,21750,,N,B,C,A,A,H,-,A,A,0,,,,,Y,,J,41,0,0,1,0,0,0,0,0,0,"- ","- ",38.382049560546875,-121.93374633789062,SOLANO,VACAVILLE,-121.93370819091797,38.381980895996094
92137905,2023,2023-08-07,9365,2023-07-30,"332 ",022460,,7,3,6,4807,0,1,1,,2,080,I-80,"SONOMA BLVD U/C",856.00,W,N,A,-,Y,SOL,,80," "," ",0.981,H,,R,Y,4,0,2,3,C,-,18,,,F,E,E,A,A,D,-,D,D,0,,,,,Y,,-,"- ",0,0,2,0,0,0,0,0,0,"- ","- ",38.074268341064453,-122.23033142089844,SOLANO,VALLEJO,-122.23040771484375,38.074234008789062
92138855,2023,2023-08-08,9365,2023-08-01,1551,023300,,2,2,9,4800,0,1,3,,2,113,SR-113,"MCORMACK RD",981.00,N,N,A,-,Y,SOL,,113," "," ",1.196,H,,R,N,4,0,2,1,A,-,08,22107,,N,F,A,A,A,H,-,A,D,0,,,,,Y,,A,01,0,0,2,0,0,0,0,0,0,"- ","- ",38.200878143310547,-121.80597686767578,SOLANO,UNINCORPORATED,-121.80606079101562,38.200878143310547
92139107,2023,2023-08-08,9365,2023-08-02,1740,023307,,3,2,9,4800,0,2,4,,2,402,"MIDWAY RD","PORTER ST",0.00,,Y,A,-,N,,,,,,,,,,Y,3,0,1,2,A,-,09,21802,A,N,D,C,A,A,H,-,A,A,0,,,,,Y,,A,01,0,1,0,0,0,0,0,0,0,"- ","- ",38.416980743408203,-121.85099792480469,SOLANO,UNINCORPORATED,-121.85197448730469,38.416732788085938
92146561,2023,2023-08-17,9365,2023-08-08,1955,023278,,2,2,9,4800,0,1,1,,2,088,"I-80 W/B","MIDWAY RD",898.00,E,N,A,-,Y,SOL,,80," "," ",32.931,H,,L,Y,4,0,1,2,A,-,03,22350,,N,C,C,A,A,H,-,A,D,0,,,Y,,Y,,C,02,0,0,1,0,0,0,0,0,1,"- ","- ",38.419448852539062,-121.89338684082031,SOLANO,UNINCORPORATED,-121.89340209960938,38.419464111328125
92172532,2023,2023-09-18,9365,2023-09-09,1610,023294,,6,2,9,4800,0,1,1,,2,089,"I-80 W/B","KIDWELL ROAD",1888.00,E,N,A,-,Y,SOL,,80," "," ",41.616,H,,L,Y,4,0,1,2,A,-,01,23152,A,N,D,2,A,A,H,-,A,A,0,,,,,Y,Y,A,01,0,0,1,0,0,0,0,0,0,"- ","- ",38.509449005126953,-121.78148651123047,SOLANO,UNINCORPORATED,-121.78153228759766,38.509479522705078
92175186,2023,2023-09-20,9365,2023-09-11,2125,023300,,1,2,5,4806,0,1,1,,2,087,"I-80 E/B FROM LEISURE TOWN RD","LEISURE TOWN ROAD O/C",421.00,E,N,A,-,Y,SOL,,80," "," ",29.920,H,,R,N,4,0,1,1,A,-,01,23152,A,M,E,I,A,A,H,-,C,D,0,,,,,Y,Y,A,07,0,0,1,0,0,0,0,0,0,"- ","- ",38.388458251953125,-121.93283843994141,SOLANO,VACAVILLE,-121.93304443359375,38.388622283935547
92175416,2023,2023-09-20,9365,2023-06-29,"645 ",020834,,4,1,6,4807,0,1,1,,2,080,"I-80 W/B",I-780,200.00,W,N,A,-,Y,SOL,,80," "," ",2.388,H,,L,N,4,0,1,3,A,-,07,21658,A,M,B,C,A,A,H,-,A,D,0,,,Y,Y,Y,,G,25,0,0,1,0,0,0,0,0,1,"- ","- ",38.09375,-122.23011779785156,SOLANO,VALLEJO,-122.23012542724609,38.09375
92176413,2023,2023-09-21,9365,2023-09-15,2305,022766,,5,3,5,4803,0,1,1,,2,083,"I-80 E/B","RED TOP RD",75.00,E,N,A,-,Y,SOL,,80," ",R,11.418,H,,R,Y,3,0,1,2,A,-,03,22350,,N,C,C,A,A,H,-,C,D,0,,,,,Y,,A,01,0,1,0,0,0,0,0,0,0,"- ","- ",38.202129364013672,-122.15672302246094,SOLANO,FAIRFIELD,-122.15673828125,38.202144622802734
92178141,2023,2023-09-25,9365,2023-09-15,"726 ",020834,,5,1,5,4803,0,1,1,,2,085,"I-80 W/B","MANUEL CAMPOS PKWY",2882.00,E,N,A,-,Y,SOL,,80," "," ",21.478,H,,L,N,4,0,1,2,A,-,03,22350,,N,C,C,A,A,H,-,A,D,0,,,,,Y,,A,07,0,0,1,0,0,0,0,0,0,"- ","- ",38.303291320800781,-122.03397369384766,SOLANO,FAIRFIELD,-122.03404998779297,38.303291320800781
92178690,2023,2023-09-25,9365,2023-09-16,1620,023294,,6,2,9,4800,0,1,1,,2,680,"I-680 S/B","PARISH RD",2183.00,N,N,A,-,Y,,,,,,,,,,Y,4,0,2,3,A,-,03,22350,,N,C,C,A,A,H,-,A,D,0,,,,,Y,,A,07,0,0,2,0,0,0,0,0,0,"- ","- ",35.121921539306641,-122.10655212402344,SOLANO,UNINCORPORATED,-122.10631561279297,38.119960784912109
92188121,2023,2024-01-23,9365,2023-08-29,1500,023278,,2,2,4,4801,0,1,1,,2,680,"I-680 S/B","LAKE HERMAN RD",7973.00,S,N,A,-,Y,SOL,,680," ",R,1.327,H,,L,Y,4,0,1,2,A,-,07,21658,A,N,C,C,A,A,H,-,A,D,0,,,,,Y,,A,01,0,0,1,0,0,0,0,0,0,"- ","- ",38.068328857421875,-122.12789154052734,SOLANO,BENICIA,-122.12789154052734,38.068332672119141
92188266,2023,2023-10-02,9365,2023-09-25,1859,021609,,1,2,6,4807,0,1,3,,2,371,"SR-37 E/B","FAIRGROUNDS DR",528.00,W,N,A,-,Y,SOL,,37," "," ",10.666,H,,R,Y,4,0,1,1,C,-,18,,,N,E,I,A,A,H,-,C,D,0,,,,,Y,,-,"- ",0,0,1,0,0,0,0,0,0,"- ","- ",38.141399383544922,-122.23786926269531,SOLANO,VALLEJO,-122.23787689208984,38.14129638671875
92194258,2023,2023-10-09,9365,2023-09-29,1126,022801,,5,1,9,4800,0,1,1,,2,088,"I-80 W/B","MIDWAY RD",3062.00,E,N,A,-,Y,SOL,,80," "," ",33.207,H,,L,N,3,0,1,1,C,-,18,,,N,E,I,A,A,H,-,A,D,0,,,Y,,Y,,-,"- ",0,1,0,0,0,0,0,0,1,"- ","- ",38.422191619873047,-121.88964080810547,SOLANO,UNINCORPORATED,-121.88971710205078,38.422256469726562
9219434,2021,2021-03-09,4806,2021-01-27,1411,605,807,3,5,5,4806,0,0,0,,0,008,"ALAMO DR","BUTCHER RD",0.00,,Y,B,-,N,,,,,,,,,,N,4,0,2,2,A,-,12,21453,A,N,D,C,A,B,H,-,A,A,0,,,,,Y,,D,22,0,0,2,0,0,0,0,0,0,"- ","- ",38.343559265136719,-121.99578857421875,SOLANO,VACAVILLE,-121.99575805664062,38.343601226806641
92194721,2023,2023-10-09,9365,2023-10-04,1750,023408,,3,2,5,4803,0,1,1,,2,084,"I-80 E/B FROM CHADBOURNE RD","CHADBOURNE RD",500.00,E,N,A,-,Y,SOL,,80," "," ",16.266,H,,R,Y,3,0,1,2,A,-,03,22350,,N,C,C,A,A,H,-,A,A,0,,,,,Y,,A,07,0,1,0,0,0,0,0,0,0,"- ","- ",38.24298095703125,-122.08470916748047,SOLANO,FAIRFIELD,-122.08478546142578,38.243080139160156
9219707,2020,2021-02-10,4807,2020-12-03,0830,743,VALLE,4,5,6,4807,0,0,0,,0,005,"FLORIDA ST","SHASTA ST",0.00,,Y,A,-,N,,,,,,,,,,N,4,0,1,2,A,-,12,22450,A,N,D,C,A,A,H,-,A,A,0,,,,,Y,,A,01,0,0,1,0,0,0,0,0,0,"- ","- ",38.104759216308594,-122.23484039306641,SOLANO,VALLEJO,-122.23484039306641,38.104751586914062
92201363,2023,2023-10-17,9365,2023-10-14,"848 ",023473,,6,1,6,4807,0,1,1,,2,081,"I-80 E/B","REDWOOD ST",1162.00,W,N,B,-,Y,SOL,,80," "," ",4.203,H,,R,N,3,0,1,3,A,-,07,21658,A,M,B,C,A,A,H,-,A,D,0,,,,Y,Y,,D,22,0,1,0,0,0,0,0,0,0,"- ","- ",38.119869232177734,-122.23026275634766,SOLANO,VALLEJO,-122.23027801513672,38.119869232177734
92201487,2023,2023-10-17,9365,2023-10-09,2045,022833,,1,2,6,4807,0,1,1,,2,081,"I-80 E/B","AMERICAN CANYON RD",6600.00,W,N,B,-,Y,SOL,,80," "," ",6.487,H,,R,N,2,0,1,2,A,-,01,23152,A,N,B,C,A,A,H,-,D,D,0,,,,,Y,Y,D,22,1,0,0,0,0,0,0,0,0,"- ","- ",38.150611877441406,-122.21650695800781,SOLANO,VALLEJO,-122.21658325195312,38.150619506835938
92208670,2023,2023-10-25,9365,2023-10-24,"610 ",023307,,2,1,3,4802,0,1,1,,2,088,"I-80 E/B","W A STREET",4224.00,W,N,A,-,Y,SOL,,80," "," ",35.080,H,,R,Y,3,0,1,1,A,-,08,22107,,N,F,A,A,A,H,-,D,D,0,,,,,Y,,A,01,0,1,0,0,0,0,0,0,0,"- ","- ",38.441001892089844,-121.86466979980469,SOLANO,DIXON,-121.86470794677734,38.441032409667969
92209699,2023,2023-10-26,9365,2023-10-25,"600 ",023300,,3,1,5,4803,0,1,1,,2,085,"I-80 W/B","AIR BASE PKY",2650.00,E,N,A,-,Y,SOL,,80," "," ",19.696,H,,L,Y,4,0,1,2,A,-,03,22350,,N,C,C,A,A,H,-,D,D,0,,,,,Y,,A,07,0,0,1,0,0,0,0,0,0,"- ","- ",38.279739379882812,-122.04457855224609,SOLANO,FAIRFIELD,-122.04453277587891,38.279716491699219
9221382,2020,2021-02-19,4801,2020-03-02,1514,4309,2,1,5,4,4801,0,0,0,,0,002,"E 2ND ST","RT 780",165.00,N,N,A,-,N,,,,,,,,,,N,4,0,2,2,A,-,09,21801,,N,D,C,A,A,H,-,E,A,0,,,,,Y,,A,01,0,0,2,0,0,0,0,0,0,"- ",WO,38.059440612792969,-122.14914703369141,SOLANO,BENICIA,-122.14971923828125,38.058170318603516
9221386,2020,2021-02-25,4801,2020-04-08,1520,3895,2,3,5,4,4801,0,0,0,,0,002,"E 2ND ST","E S ST",0.00,,Y,A,-,Y,SOL,4,780,-,-,1.925,R,4,W,Y,3,0,1,2,A,-,12,21453,A,N,D,C,A,A,H,-,A,A,0,,,,,Y,,A,07,0,1,0,0,0,0,0,0,0,"- ","- ",38.058788299560547,-122.14923095703125,SOLANO,BENICIA,-122.14876556396484,38.057113647460938
92228567,2023,2023-11-06,9365,2023-10-30,1512,021293,,1,2,5,4803,0,1,1,,2,084,I80WB,"MANUEL CAMPOS PARKWAY",1531.00,E,N,A,-,Y,SOL,,80," "," ",21.234,H,,L,N,3,0,1,3,A,-,03,22350,,N,C,C,A,A,D,-,A,A,0,,,,,Y,,A,01,0,1,0,0,0,0,0,0,0,"- ","- ",38.299758911132812,-122.0341796875,SOLANO,FAIRFIELD,-122.03414154052734,38.299758911132812
92228774,2023,2023-11-06,9365,2023-10-20,2235,023328,,5,3,9,4800,0,1,3,,2,122,"SR-12 W/B","SCALLY RD",946.00,W,N,A,-,Y,SOL,,12," "," ",8.686,H,,L,Y,4,0,2,1,A,-,08,22107,,N,F,A,A,A,H,-,D,D,0,,,,,Y,,A,01,0,0,2,0,0,0,0,0,0,"- ","- ",38.228900909423828,-121.97384643554688,SOLANO,UNINCORPORATED,-121.97386932373047,38.228855133056641
92241850,2023,2023-11-21,9365,2023-11-09,1415,023301,,4,2,9,4800,0,1,1,,2,082,"I-80 E/B","LYNCH RD",335.00,W,N,A,-,Y,SOL,,80," ",R,9.600,H,,R,N,3,0,1,1,A,-,08,22107,,N,F,A,A,A,H,-,A,D,0,,,Y,,Y,,C,02,0,1,0,0,0,0,0,0,1,"- ","- ",38.184730529785156,-122.18080902099609,SOLANO,UNINCORPORATED,-122.18080139160156,38.184722900390625
92257853,2023,2023-12-11,9365,2023-12-05,2005,022796,,2,2,9,4800,0,1,A,,2,030,"HAY RD","MERIDIAN RD",0.00,,Y,A,-,N,,,,,,,,,,Y,3,0,1,1,A,-,12,22450,A,N,E,8,A,A,H,-,D,A,0,,,,,Y,,D,22,0,1,0,0,0,0,0,0,0,"- ","- ",38.315479278564453,-121.91552734375,SOLANO,UNINCORPORATED,-121.91542053222656,38.3154296875
92260794,2023,2024-03-01,9365,2023-12-11,2020,023294,,1,2,5,4803,0,1,1,,2,085,"I-80 W/B","MANUEL CAMPOS PARKWAY",1901.00,W,N,A,-,Y,SOL,,80," "," ",20.553,H,,L,Y,1,1,3,2,A,-,03,22350,,N,C,C,A,A,D,-,D,A,0,,,,,Y,,A,01,0,0,3,0,0,0,0,0,0,"- ","- ",38.290088653564453,-122.03566741943359,SOLANO,FAIRFIELD,-122.03569793701172,38.290103912353516
92260811,2023,2023-12-13,9365,2023-12-06,1625,023390,,3,2,5,4803,0,1,1,,2,085,"I-80 W/B","LAGOON VALLEY RD",5808.00,W,N,B,C,Y,SOL,,80," "," ",22.006,H,,L,N,4,0,2,3,A,-,03,22350,,N,B,C,A,B,D,-,A,D,0,,,,,Y,,A,01,0,0,2,0,0,0,0,0,0,"- ","- ",38.310909271240234,-122.03327941894531,SOLANO,FAIRFIELD,-122.03340148925781,38.310920715332031
92265702,2023,2023-12-19,9365,2023-12-17,1845,023301,,7,2,5,4803,0,1,1,,2,083,"I-80 W/B","CHADBOURNE RD",1320.00,W,N,B,-,Y,SOL,,80," "," ",15.898,H,,L,N,4,0,2,2,A,-,07,21658,A,N,B,C,A,B,H,-,D,D,0,,,,,Y,,A,07,0,0,2,0,0,0,0,0,0,"- ","- ",38.240680694580078,-122.09098052978516,SOLANO,FAIRFIELD,-122.09097290039062,38.240669250488281
92266341,2023,2023-12-19,9365,2023-12-14,"925 ",023328,,4,1,9,4800,0,1,1,,2,085,"I-80 E/B","CHERRY GLEN RD",2904.00,W,N,A,-,Y,SOL,,80," ",R,22.582,H,,R,Y,3,0,1,1,C,-,18,,,N,E,8,A,A,H,-,A,D,0,,,,,Y,,-,"- ",0,1,0,0,0,0,0,0,0,"- ","- ",38.318351745605469,-122.02925872802734,SOLANO,UNINCORPORATED,-122.02935791015625,38.318405151367188
92267136,2023,2023-12-20,9365,2023-12-09,1322,022656,,6,1,5,4806,0,1,1,,2,086,"I-80 W/B","LAGOON VALLEY RD",203.00,E,N,A,-,Y,SOL,,80," ",R,23.175,H,,L,N,3,0,3,4,A,-,03,22350,,N,C,C,A,A,H,-,A,D,0,,,,,Y,,A,01,0,2,1,0,0,0,0,0,0,"- ","- ",38.325771331787109,-122.02371978759766,SOLANO,VACAVILLE,-122.02375793457031,38.325786590576172
92271145,2023,2023-12-26,9365,2023-12-15,1516,023408,,5,2,6,4807,0,1,3,,2,370,SR-37,"WILSON AVE",600.00,E,N,A,-,Y,SOL,,37," ",R,8.116,H,,R,Y,3,0,1,1,A,-,03,22350,,N,E,I,A,A,H,-,A,D,0,,,,,Y,,A,01,0,1,0,0,0,0,0,0,0,"- ","- ",38.122840881347656,-122.27381134033203,SOLANO,VALLEJO,-122.27379608154297,38.122817993164062
92280314,2023,2024-01-05,9365,2023-12-29,1555,022656,,5,2,5,4806,0,1,1,,2,086,"I-80 E/B","ALAMO DR",138.00,W,N,C,-,Y,SOL,,80," ",R,25.268,H,,R,N,4,0,1,3,A,-,03,22350,,N,C,C,A,B,H,-,A,D,0,,,,,Y,,A,01,0,0,1,0,0,0,0,0,0,"- ","- ",38.345970153808594,-121.99771881103516,SOLANO,VACAVILLE,-121.99774169921875,38.34600830078125