CASE_ID,ACCIDENT_YEAR,PROC_DATE,JURIS,COLLISION_DATE,COLLISION_TIME,OFFICER_ID,REPORTING_DISTRICT,DAY_OF_WEEK,CHP_SHIFT,POPULATION,CNTY_CITY_LOC,SPECIAL_COND,BEAT_TYPE,CHP_BEAT_TYPE,CITY_DIVISION_LAPD,CHP_BEAT_CLASS,BEAT_NUMBER,PRIMARY_RD,SECONDARY_RD,DISTANCE,DIRECTION,INTERSECTION,WEATHER_1,WEATHER_2,STATE_HWY_IND,CALTRANS_COUNTY,CALTRANS_DISTRICT,STATE_ROUTE,ROUTE_SUFFIX,POSTMILE_PREFIX,POSTMILE,LOCATION_TYPE,RAMP_INTERSECTION,SIDE_OF_HWY,TOW_AWAY,COLLISION_SEVERITY,NUMBER_KILLED,NUMBER_INJURED,PARTY_COUNT,PRIMARY_COLL_FACTOR,PCF_CODE_OF_VIOL,PCF_VIOL_CATEGORY,PCF_VIOLATION,PCF_VIOL_SUBSECTION,HIT_AND_RUN,TYPE_OF_COLLISION,MVIW,PED_ACTION,ROAD_SURFACE,ROAD_COND_1,ROAD_COND_2,LIGHTING,CONTROL_DEVICE,CHP_ROAD_TYPE,PEDESTRIAN_ACCIDENT,BICYCLE_ACCIDENT,MOTORCYCLE_ACCIDENT,TRUCK_ACCIDENT,NOT_PRIVATE_PROPERTY,ALCOHOL_INVOLVED,STWD_VEHTYPE_AT_FAULT,CHP_VEHTYPE_AT_FAULT,COUNT_SEVERE_INJ,COUNT_VISIBLE_INJ,COUNT_COMPLAINT_PAIN,COUNT_PED_KILLED,COUNT_PED_INJURED,COUNT_BICYCLIST_KILLED,COUNT_BICYCLIST_INJURED,COUNT_MC_KILLED,COUNT_MC_INJURED,PRIMARY_RAMP,SECONDARY_RAMP,LATITUDE,LONGITUDE,COUNTY,CITY,POINT_X,POINT_Y
6614800,2014,2014-09-12,4803,2014-07-31,1518,1360,NSOLA,4,5,5,4803,0,0,0,,0,0CE,"TRAVIS BL","WASHINGTON ST",125.00,W,N,A,-,N,,,,,,,,,,Y,3,0,3,4,A,-,03,22350,,N,C,C,A,A,H,-,A,D,0,,,,,Y,,A,01,0,1,2,0,0,0,0,0,0,"- ","- ",,,SOLANO,FAIRFIELD,-122.03950543000001,38.258263249999999
6617504,2014,2014-09-16,4803,2014-08-10,0949,450,,7,5,5,4803,0,0,0,,0,00E,"CLAY BANK RD","WESTERN ST",45.00,S,N,A,-,N,,,,,,,,,,N,4,0,2,2,A,-,03,22350,,N,C,C,A,A,H,-,A,D,0,,,,,Y,,A,08,0,0,2,0,0,0,0,0,0,"- ","- ",,,SOLANO,FAIRFIELD,-122.00657,38.273526660000002
6620192,2014,2014-09-23,4806,2014-08-23,2308,457,,6,5,5,4806,0,0,0,,0,,"ALAMO DR","MARIPOSA AV",0.00,E,N,A,-,N,,,,,,,,,,Y,3,0,2,2,A,-,08,22107,,N,D,C,A,A,H,-,C,D,0,,,,,Y,,A,07,0,1,1,0,0,0,0,0,0,"- ","- ",,,SOLANO,VACAVILLE,-121.98019988999999,38.335499990000002
6622969,2014,2016-05-18,9365,2014-09-02,0715,014687,,2,1,5,4803,0,1,1,,2,681,"RT 680","GOLD HILL RD",700.00,N,N,A,-,Y,SOL,4,680,-,R,10.150,H,-,S,Y,4,0,1,2,A,-,04,21703,,N,C,C,A,A,H,-,A,D,1,,,,,Y,,A,01,0,0,1,0,0,0,0,0,0,"- ","- ",38.18712,-122.13695,SOLANO,FAIRFIELD,-122.13498349,38.183563939999999
6627894,2014,2014-09-24,4806,2014-09-15,1439,234,402,1,5,5,4806,0,0,0,,0,004,"ALLISON DR","ELMIRA RD",301.00,N,N,A,-,N,,,,,,,,,,N,4,0,1,3,A,-,03,22350,,N,C,C,A,A,H,-,A,A,0,,,,,Y,,-,,0,0,1,0,0,0,0,0,0,"- ","- ",,,SOLANO,VACAVILLE,-121.96449011,38.353077970000001
6629203,2014,2014-10-02,4806,2014-09-15,1743,640,602,1,5,5,4806,0,0,0,,0,006,"ELMIRA RD","SANTANA DR",0.00,,Y,A,-,N,,,,,,,,,,N,4,0,1,2,A,-,09,21801,A,F,D,G,A,A,H,-,A,D,0,,Y,,,Y,,A,01,0,0,1,0,0,0,1,0,0,"- ","- ",,,SOLANO,VACAVILLE,-121.96604986,38.35245991
6630873,2014,2014-11-04,9365,2014-09-10,1410,016505,,3,2,5,4803,0,1,1,,2,084,"RT 80","TRAVIS BLVD",2112.00,W,N,A,-,Y,,,80,,,,,,,Y,4,0,1,1,A,-,08,22107,,N,E,I,A,A,H,-,A,D,0,,,,,Y,,A,01,0,0,1,0,0,0,0,0,0,"- ","- ",38.253990000000002,-122.06617,SOLANO,FAIRFIELD,-122.06623879,38.254047190000001
6633792,2014,2014-10-13,4807,2014-09-11,1931,560,VPD,4,5,6,4807,0,0,0,,0,002,"SPRINGS RD","HUMBOLDT ST",97.00,E,N,A,-,N,,,,,,,,,,N,4,0,1,2,A,-,03,22350,,N,C,C,A,A,H,-,B,D,0,,,Y,,Y,,A,,0,0,1,0,0,0,0,0,1,"- ","- ",,,SOLANO,VALLEJO,-122.22788524000001,38.106080849999998
6633806,2014,2016-05-25,9365,2014-09-06,2340,018634,,6,3,9,4800,0,1,3,,2,113,"RT 113","MCCORMACK RD",1087.00,N,N,A,-,Y,SOL,4,113,-,-,1.220,H,-,S,Y,2,0,2,2,A,-,05,21460,A,N,A,C,A,A,H,-,D,D,0,,,,,Y,,A,01,1,1,0,0,0,0,0,0,0,"- ","- ",38.201000000000001,-121.806,SOLANO,UNINCORPORATED,-121.80606236,38.201225620000002
6633810,2014,2016-05-24,9365,2014-09-05,1319,017747,,5,1,6,4807,0,1,1,,2,081,"RT 37","RT 80",6.00,S,N,A,-,Y,SOL,4,80,-,-,5.630,H,-,E,N,4,0,1,2,B,-,22,,,N,B,C,A,A,H,-,A,D,1,,,,Y,Y,,A,01,0,0,1,0,0,0,0,0,0,"- ","- ",38.136060000000001,-122.22224,SOLANO,VALLEJO,-122.22008072,38.138850779999999
6635936,2014,2014-10-09,4806,2014-09-11,1244,603,,4,5,5,4806,0,0,0,,0,,"HARBISON DR","DAMIANO CT",365.00,N,N,A,-,N,,,,,,,,,,Y,4,0,1,3,A,-,09,21804,A,N,D,C,A,A,H,-,A,D,0,,,,,Y,,A,01,0,0,1,0,0,0,0,0,0,"- ","- ",,,SOLANO,VACAVILLE,-121.96329695,38.360754729999996
6640755,2014,2016-03-29,4801,2014-06-16,1642,2785,P32,1,5,4,4801,0,0,0,,0,002,"E 2ND ST","RT 780",0.00,,Y,A,-,Y,SOL,4,780,-,-,1.925,R,4,W,N,4,0,1,2,A,-,12,21453,A,M,D,C,A,A,H,-,A,A,0,,,,,Y,,A,01,0,0,1,0,0,0,0,0,0,"- ",WF,,,SOLANO,BENICIA,-122.14876314,38.057113049999998
6645243,2014,2016-05-18,9365,2014-09-25,0645,014687,,4,1,5,4803,0,1,1,,2,681,"RT 680","GOLD HILL RD",1000.00,N,N,B,C,Y,SOL,4,680,-,R,10.210,H,-,S,Y,4,0,1,3,A,-,04,21703,,N,C,C,A,B,H,-,A,D,1,,,,,Y,,A,01,0,0,1,0,0,0,0,0,0,"- ","- ",38.274290000000001,-122.04861,SOLANO,FAIRFIELD,-122.1354292,38.184362630000003
6646047,2014,2014-10-13,9365,2014-09-21,1557,19749,,7,2,9,4800,0,2,4,,2,201,"ROCKVILLE RD","SUISUN VALLEY RD",528.00,W,N,A,-,N,,,,,,,,,,Y,4,0,1,1,A,-,01,23152,A,N,E,I,A,A,H,-,A,D,0,,,,,Y,Y,A,01,0,0,1,0,0,0,0,0,0,"- ","- ",38.244059999999998,-122.12464,SOLANO,UNINCORPORATED,-122.12396904000001,38.24435038
6646133,2014,2014-10-14,9365,2014-09-24,0520,014948,,3,3,5,4803,0,1,1,,2,084,"RT 80","WEST TEXAS ST",5.00,W,N,A,-,Y,,,80,,,,,,,Y,4,0,1,2,A,-,07,21658,A,N,B,C,A,A,H,-,D,D,0,,,,,Y,,A,07,0,0,1,0,0,0,0,0,0,"- ","- ",38.250109999999999,-122.06958,SOLANO,FAIRFIELD,-122.06958388,38.250113329999998
6646137,2014,2014-10-14,9365,2014-09-23,0730,014687,,2,1,5,4803,0,1,1,,2,083,"RT 80","SUISUN VALLEY RD",2500.00,E,N,A,-,Y,,,80,,,,,,,Y,3,0,1,2,A,-,04,21703,,F,C,C,A,A,H,-,A,D,0,,,,,Y,,A,01,0,1,0,0,0,0,0,0,0,"- ","- ",38.228740000000002,-122.11886,SOLANO,FAIRFIELD,-122.1187975,38.228603280000002
6646141,2014,2016-04-30,9365,2014-09-23,0550,014948,,2,3,5,4803,0,1,1,,2,083,"RT 80","RED TOP RD",5280.00,E,N,A,-,Y,SOL,4,80,-,-,12.400,H,-,W,Y,4,0,2,2,A,-,04,21703,,N,C,C,A,A,D,-,D,D,1,,,,,Y,,A,01,0,0,2,0,0,0,0,0,0,"- ","- ",38.212569999999999,-122.14404999999999,SOLANO,FAIRFIELD,-122.1441652,38.212507129999999
6647625,2014,2016-05-24,9365,2014-09-30,0530,017805,,2,3,6,4807,0,1,3,,2,370,"RT 37","RT 29",500.00,W,N,A,-,Y,SOL,4,37,-,R,9.510,H,-,W,N,3,0,1,2,A,-,03,22350,,N,C,C,A,A,H,-,C,D,1,,,Y,,Y,,C,02,0,1,0,0,0,0,0,0,1,"- ","- ",38.134399999999999,-122.25993,SOLANO,VALLEJO,-122.25755664,38.138123090000001
6647854,2014,2016-05-25,9365,2014-09-23,0748,013433,,2,1,9,4800,0,1,3,,2,113,"RT 113","FLANNERY RD",810.00,S,N,A,-,Y,SOL,4,113,-,-,1.860,H,-,N,Y,3,0,2,2,A,-,05,21460,A,N,A,C,A,A,H,-,A,D,0,,,,,Y,,A,08,0,2,0,0,0,0,0,0,0,"- ","- ",38.211080000000003,-121.80594000000001,SOLANO,UNINCORPORATED,-121.80595717,38.210541030000002
6647862,2014,2014-11-03,9365,2014-09-29,1119,013433,,1,1,5,4803,0,1,1,,2,083,"RT 80","RT 12",3168.00,W,N,A,-,Y,,,,,,,,,,Y,4,0,1,3,A,-,07,21658,A,N,B,C,A,A,H,-,A,D,0,,,,,Y,,A,01,0,0,1,0,0,0,0,0,0,"- ","- ",38.235379999999999,-122.10507,SOLANO,FAIRFIELD,,
6647971,2014,2016-05-25,4801,2014-09-16,1021,2737,4801,2,5,4,4801,0,0,0,,0,004,"BAYSHORE RD","RT 680",60.00,W,N,A,-,Y,SOL,4,680,-,R,0.797,R,4,N,Y,4,0,1,1,A,-,03,22350,,N,F,A,A,A,H,-,A,A,0,,,,Y,Y,,G,27,0,0,1,0,0,0,0,0,0,"- ",NF,,,SOLANO,BENICIA,-122.13126188,38.061697270000003
6647983,2014,2014-10-21,4801,2014-09-12,1219,2785,P65,5,5,4,4801,0,0,0,,0,004,"EAST INDUSTRIAL","CHANNEL RD",400.00,E,N,A,-,N,,,,,,,,,,Y,3,0,3,2,A,-,05,21650,,N,A,C,A,A,H,-,A,A,0,,,,,Y,,A,01,0,2,1,0,0,0,0,0,0,"- ","- ",,,SOLANO,BENICIA,-122.13399046000001,38.077311440000003
6660180,2014,2014-12-10,4806,2014-10-14,1350,603,,2,5,5,4806,0,0,0,,0,,"PEABODY RD","CSP SOLANO DR",225.00,S,N,A,-,N,,,,,,,,,,Y,4,0,2,2,A,-,03,22350,,N,C,C,A,A,H,-,A,A,0,,,,,Y,,A,01,0,0,2,0,0,0,0,0,0,"- ","- ",,,SOLANO,VACAVILLE,-121.97049737,38.316790099999999
6660396,2014,2016-07-11,9365,2014-10-04,1500,017747,,6,2,6,4807,0,1,1,,2,081,"RT 80","RT 37",0.00,,Y,A,-,Y,SOL,4,80,-,-,5.888,R,1,W,Y,4,0,1,2,A,-,08,22107,,N,B,C,A,A,H,-,A,D,1,,,,,Y,,A,01,0,0,1,0,0,0,0,0,0,TO,TO,38.139209999999999,-122.22054,SOLANO,VALLEJO,-122.21819069999999,38.14233883
6661771,2014,2016-07-11,9365,2014-10-04,0920,17647,,6,1,6,4807,0,1,1,,2,081,"RT 80","AMERICAN CANYON RD",6864.00,W,N,A,-,Y,SOL,4,80,-,-,6.800,H,-,E,Y,3,0,3,1,A,-,08,22107,,N,E,I,A,A,H,-,A,D,1,,,,,Y,,A,01,0,1,2,0,0,0,0,0,0,"- ","- ",38.155200000000001,-122.21429999999999,SOLANO,VALLEJO,-122.21470189999999,38.154881230000001
6661815,2014,2014-12-11,4807,2014-10-08,1912,623,,3,5,6,4807,0,0,0,,0,001,FOOTHILL,CLYDESDALE,0.00,,Y,A,-,N,,,,,,,,,,N,4,0,1,2,A,-,05,21650,1,N,D,G,A,A,H,-,C,D,0,,Y,,,Y,,L,04,0,0,1,0,0,0,1,0,0,"- ","- ",,,SOLANO,VALLEJO,-122.21875987,38.129829979999997
6661885,2014,2014-12-15,4806,2014-10-01,1520,234,102,3,5,5,4806,0,0,0,,0,001,"STEVENSON ST","WILLIAM ST",0.00,,Y,A,-,N,,,,,,,,,,Y,4,0,1,2,A,-,09,21802,A,N,D,C,A,A,H,-,A,A,0,,,,,Y,,A,01,0,0,1,0,0,0,0,0,0,"- ","- ",,,SOLANO,VACAVILLE,-121.98974991999999,38.353899900000002
6663932,2014,2014-11-17,9365,2014-10-02,2330,018034,,4,3,5,4803,0,1,1,,2,085,"RT 80","MANUEL CAMPOS PKWY",200.00,E,N,A,-,Y,,,80,,,,,,,Y,3,0,1,1,A,-,08,22107,,N,F,A,A,A,H,-,C,D,0,,,,,Y,,A,01,0,1,0,0,0,0,0,0,0,"- ","- ",38.296770000000002,-122.03438,SOLANO,FAIRFIELD,-122.03418348,38.296766169999998
6664932,2014,2014-11-13,4807,2014-09-05,0700,662,,5,5,6,4807,0,0,0,,0,004,"MAGAZINE ST","GRANT ST",0.00,,Y,A,-,N,,,,,,,,,,N,4,0,2,2,C,-,18,,,N,C,C,A,A,H,-,A,A,0,,,,,Y,,-,"- ",0,0,2,0,0,0,0,0,0,"- ","- ",,,SOLANO,VALLEJO,-122.23772990000001,38.08292994
6666620,2014,2016-07-11,9365,2014-10-14,0310,19749,,2,3,6,4807,0,1,1,,2,081,"RT 80","RT 37",2112.00,E,N,A,-,Y,SOL,4,80,-,-,6.260,H,-,W,Y,4,0,1,1,A,-,08,22107,,N,E,I,A,A,H,-,D,D,1,,,,,Y,,D,22,0,0,1,0,0,0,0,0,0,"- ","- ",38.147449999999999,-122.21684999999999,SOLANO,VALLEJO,-122.21689422999999,38.147497379999997
6668352,2014,2014-12-12,9365,2014-10-06,0630,017805,,1,1,5,4803,0,1,1,,2,083,"RT 80","SUISUN VALLEY RD",1800.00,E,N,A,-,Y,,,80,,,,,,,Y,4,0,2,5,A,-,03,22350,,M,C,C,A,A,H,-,C,D,0,,,,,Y,,A,01,0,0,2,0,0,0,0,0,0,"- ","- ",38.225180000000002,-122.12559,SOLANO,FAIRFIELD,-122.12555027000001,38.225114740000002
6669067,2014,2014-12-15,4806,2014-10-18,0638,533,415,6,5,5,4806,0,0,0,,0,004,"SUMMERFIELD DR","NUT TREE RD",306.00,W,N,A,-,N,,,,,,,,,,Y,4,0,1,1,A,-,03,22350,,N,E,I,A,A,H,-,B,D,0,,,,,Y,Y,A,01,0,0,1,0,0,0,0,0,0,"- ","- ",,,SOLANO,VACAVILLE,-121.95427669999999,38.355121509999996
6671518,2014,2014-11-12,4803,2014-09-19,1031,1360,NSOLA,5,5,5,4803,0,0,0,,0,0CE,"DOVER AV","MEADOWLARK DR",45.00,S,N,A,-,N,,,,,,,,,,Y,4,0,1,2,A,-,08,22107,,N,B,E,A,A,H,-,A,D,0,,,,,Y,,A,07,0,0,1,0,0,0,0,0,0,"- ","- ",,,SOLANO,FAIRFIELD,-122.02494208,38.267506410000003
6673510,2014,2014-12-18,4803,2014-11-23,0011,1225,4803,7,5,5,4803,0,0,0,,0,00S,"PENNSYLVANIA AV","UTAH ST",0.00,,Y,A,-,N,,,,,,,,,,N,4,0,1,2,A,-,12,21453,A,N,H,G,A,A,H,-,E,A,0,,Y,,,Y,,J,48,0,0,1,0,0,0,1,0,0,"- ","- ",,,SOLANO,FAIRFIELD,-122.0499899,38.254519950000002
6674815,2014,2014-11-07,4801,2014-09-24,1521,2737,4801,3,5,4,4801,0,0,0,,0,002,"MILITARY EAST","E 3RD ST",0.00,,Y,A,-,N,,,,,,,,,,Y,4,0,1,2,A,-,12,22450,A,N,D,C,A,A,H,-,A,D,0,,,,,Y,,A,01,0,0,1,0,0,0,0,0,0,"- ","- ",,,SOLANO,BENICIA,-122.15091987,38.052719889999999
6676691,2014,2016-07-11,9365,2014-10-10,1050,17647,,5,1,6,4807,0,1,1,,2,081,"RT 80","RT 37",3696.00,E,N,A,-,Y,NAP,4,80,-,-,6.860,H,-,W,N,4,0,1,3,A,-,07,21658,A,N,B,C,A,A,H,-,A,D,1,,,,,Y,,A,08,0,0,1,0,0,0,0,0,0,"- ","- ",38.155099999999997,-122.215,SOLANO,VALLEJO,-122.21446482,38.155643429999998
6678135,2015,2017-04-03,4807,2015-12-01,2111,599,4807,2,5,6,4807,0,0,0,,0,001,"LAKE HERMAN RD","COLUMBUS PKWY",154.00,E,N,A,-,N,,,,,,,,,,Y,1,1,0,1,A,-,01,23152,A,N,E,I,A,A,H,-,C,D,0,,,,,Y,,-,,0,0,0,0,0,0,0,0,0,"- ","- ",,,SOLANO,VALLEJO,-122.19374564,38.115612820000003
6683523,2014,2014-12-19,9365,2014-10-20,0905,014264,,1,1,9,4800,0,3,5,,2,010,"BENICIA RD","LEMON ST",45.00,W,N,B,-,N,,,,,,,,,,Y,3,0,1,2,A,-,08,22107,,N,D,C,A,A,H,-,A,A,0,,,Y,,Y,,A,01,0,1,0,0,0,0,0,0,1,"- ","- ",38.094889999999999,-122.23111,SOLANO,UNINCORPORATED,-122.23113177,38.09496223
6683524,2014,2016-07-11,9365,2014-10-19,1220,017805,,7,1,6,4807,0,1,1,,2,081,"RT 80","TENNESSEE ST",1000.00,E,N,A,-,Y,SOL,4,80,-,-,3.700,H,-,E,Y,4,0,1,2,A,-,03,22350,,N,C,C,A,A,H,-,A,D,1,,,,,Y,,A,01,0,0,1,0,0,0,0,0,0,"- ","- ",38.114330000000002,-122.22977,SOLANO,VALLEJO,-122.22971531,38.112634049999997
6686879,2014,2014-12-30,9365,2014-10-25,1043,015810,,6,1,9,4800,0,1,A,,2,030,"BUCKTOWN LN","MORNING BIRD LN",528.00,N,N,B,C,N,,,,,,,,,,Y,4,0,1,2,A,-,05,21650,,N,A,C,A,B,H,-,A,D,0,,,,,Y,,A,07,0,0,1,0,0,0,0,0,0,"- ","- ",38.396509999999999,-122.02866,SOLANO,UNINCORPORATED,-122.02839589,38.396316409999997
6687084,2014,2014-12-24,9365,2014-10-28,0740,12196,,2,1,5,4803,0,1,1,,2,084,"RT 80","TRAVIS BL",900.00,W,N,A,-,Y,,,80,,,,,,,Y,4,0,1,3,A,-,03,22350,,N,C,C,A,A,H,-,A,D,0,,,,,Y,,A,01,0,0,1,0,0,0,0,0,0,"- ","- ",38.256520000000002,-122.06438,SOLANO,FAIRFIELD,-122.06426522,38.256424580000001
6688963,2014,2016-02-25,4804,2014-10-18,0105,RV98,273,6,5,2,4804,0,0,0,,0,001,"VIRGINIA WY","RT 12",612.00,N,N,A,-,N,,,,,,,,,,Y,3,0,1,2,A,-,03,22350,,N,C,E,A,A,H,-,D,-,0,,,,,Y,,-,,0,1,0,0,0,0,0,0,0,"- ","- ",,,SOLANO,"RIO VISTA",-121.68981397,38.162487830000003
6693837,2014,2014-12-08,4803,2014-10-17,1549,1360,NSLNO,5,5,5,4803,0,0,0,,0,00E,"EAST TABOR AV","WALTERS RD",700.00,W,N,A,-,N,,,,,,,,,,N,4,0,1,2,A,-,04,21703,,N,C,C,A,A,H,-,A,D,0,,,,,Y,,D,22,0,0,1,0,0,0,0,0,0,"- ","- ",,,SOLANO,FAIRFIELD,-121.99057836999999,38.264918020000003
6694169,2014,2014-12-30,9365,2014-10-25,1846,018874,,6,2,5,4803,0,1,1,,2,085,"RT 80","NORTH TEXAS ST",2500.00,E,N,B,-,Y,,,80,,,,,,,Y,4,0,1,2,A,-,03,22350,,N,C,C,A,A,H,-,D,D,0,,,,,Y,Y,A,07,0,0,1,0,0,0,0,0,0,"- ","- ",38.299689999999998,-122.03386999999999,SOLANO,FAIRFIELD,-122.03380842,38.299688250000003
6699126,2014,2014-11-17,4803,2014-10-22,2107,1542,,3,5,5,4803,0,0,0,,0,0CO,"LOPES RD","BRITTANY DR",120.00,N,N,A,-,N,,,,,,,,,,Y,3,0,1,1,A,-,01,23152,B,N,E,I,A,A,H,-,C,A,0,,,Y,,Y,Y,C,02,0,1,0,0,0,0,0,0,1,"- ","- ",,,SOLANO,FAIRFIELD,-122.1401446,38.195336820000001
6705492,2014,2015-01-08,9365,2014-11-03,0633,013433,,1,1,5,4803,0,1,1,,2,084,"RT 80","TRAVIS BL",1742.00,W,N,A,-,Y,,,80,,,,,,,Y,4,0,1,2,A,-,03,22350,,N,C,C,A,A,H,-,B,D,0,,,,,Y,,A,01,0,0,1,0,0,0,0,0,0,"- ","- ",38.253230000000002,-122.06662,SOLANO,FAIRFIELD,-122.06658749,38.253202620000003
6708120,2014,2014-12-26,4803,2014-10-15,0703,1327,SOLAN,3,5,5,4803,0,0,0,,0,00E,"SUNSET AV","EAST TRAVIS BL",150.00,S,N,C,-,N,,,,,,,,,,Y,4,0,2,2,A,-,03,22350,,N,A,C,A,B,H,-,A,A,0,,,,,Y,,A,07,0,0,2,0,0,0,0,0,0,"- ","- ",,,SOLANO,FAIRFIELD,-122.01997038,38.257698079999997
6710965,2014,2015-01-12,9365,2014-11-11,0300,16783,,2,3,3,4802,0,1,1,,2,089,"RT 80","DIXON AV",8700.00,W,N,A,-,Y,,,,,,,,,,Y,3,0,1,2,A,-,01,23152,A,N,C,C,A,A,H,-,D,D,0,,,,,Y,Y,A,01,0,1,0,0,0,0,0,0,0,"- ","- ",38.430059999999997,-121.87903,SOLANO,DIXON,-121.8806276,38.42914699
6711524,2014,2016-06-18,9365,2014-11-21,1133,015810,,5,1,5,4806,0,1,1,,2,086,"RT 80","DAVIS ST",100.00,W,N,A,-,Y,SOL,4,80,-,-,25.990,H,-,W,Y,3,0,2,3,A,-,07,21658,A,N,B,C,A,A,H,-,A,D,1,,,,,Y,,A,01,0,1,1,0,0,0,0,0,0,"- ","- ",38.350279999999998,-121.9876,SOLANO,VACAVILLE,-121.98545623,38.351056509999999
6711528,2014,2015-01-09,9365,2014-11-22,1500,017747,,6,2,5,4803,0,1,1,,2,084,"RT 80","AIR BASE PKWY",250.00,E,N,B,-,Y,,,80,,,,,,,Y,4,0,1,1,A,-,08,22107,,N,E,I,A,B,H,-,A,D,0,,,,,Y,,A,07,0,0,1,0,0,0,0,0,0,TO,"- ",38.272239999999996,-122.05159,SOLANO,FAIRFIELD,-122.05116226,38.27187825
6711544,2014,2016-06-18,9365,2014-11-19,1505,01559,,3,2,5,4803,0,1,3,,2,121,"RT 12","RED TOP RD",528.00,W,N,C,-,Y,SOL,4,12,-,-,2.330,H,-,E,Y,4,0,2,2,A,-,03,22350,,N,C,C,A,B,H,-,A,D,0,,,,,Y,,A,01,0,0,2,0,0,0,0,0,0,"- ","- ",38.207540000000002,-122.1592,SOLANO,FAIRFIELD,-122.15867858999999,38.207641719999998
6712305,2014,2015-01-23,4807,2014-10-12,1312,669,,7,5,6,4807,0,0,0,,0,001,"COLUMBUS PKWY","GREENMONT ST",0.00,,Y,A,-,N,,,,,,,,,,N,3,0,1,2,A,-,08,22107,,N,B,G,A,A,H,-,A,-,0,,Y,,,Y,,A,,0,1,0,0,0,0,1,0,0,"- ","- ",,,SOLANO,VALLEJO,-122.19610991,38.089129919999998
6714984,2014,2015-01-12,4806,2014-11-14,2202,457,,5,5,5,4806,0,0,0,,0,,"NUT TREE RD","BURTON DR",0.00,,Y,A,-,N,,,,,,,,,,N,4,0,1,2,A,-,09,21802,A,N,D,C,A,A,H,-,C,A,0,,,,,Y,,A,07,0,0,1,0,0,0,0,0,0,"- ","- ",,,SOLANO,VACAVILLE,-121.95381999999999,38.365249919999997
6715039,2014,2015-01-12,9365,2014-11-07,1250,017805,,5,1,4,4801,0,1,1,,2,077,"RT 780","2ND ST",260.00,E,N,A,-,Y,,,780,,,,,,,Y,4,0,2,2,A,-,05,21460,A,N,A,C,A,A,H,-,A,A,0,,,,,Y,,A,01,0,0,2,0,0,0,0,0,0,"- ","- ",38.056629999999998,-122.1495,SOLANO,BENICIA,-122.14901555,38.057050330000003
6715195,2014,2015-01-12,4807,2014-11-03,0928,676,VALLE,1,5,6,4807,0,0,0,,0,008,CHRISTOPHER,BORGES,0.00,S,N,A,-,N,,,,,,,,,,Y,3,0,1,1,A,-,08,22107,,N,A,I,A,A,H,-,A,D,0,,,,,Y,,-,,0,1,0,0,0,0,0,0,0,"- ","- ",,,SOLANO,VALLEJO,-122.23569985,38.152289959999997
6716098,2014,2015-06-09,4807,2014-10-16,1855,592,,4,5,6,4807,0,0,0,,0,002,"SPRINGS RD",MAPLE,18.00,E,N,A,-,N,,,,,,,,,,Y,4,0,1,2,A,-,09,21801,A,N,D,C,A,A,H,-,C,A,0,,,,,Y,,-,,0,0,1,0,0,0,0,0,0,"- ","- ",,,SOLANO,VALLEJO,-122.22053742,38.106020000000001
6718443,2014,2015-12-18,9365,2014-08-10,0036,19621,,7,3,6,4807,0,1,1,,2,080,"RT 80","CARQUINEZ TOLL PLZ",1690.00,E,N,B,-,Y,SOL,4,80,-,-,0.610,H,-,E,N,1,1,0,5,A,-,11,21954,A,N,G,B,D,A,H,-,D,D,1,Y,,,,Y,Y,N,60,0,0,0,1,0,0,0,0,0,"- ","- ",38.073259999999998,-122.22954,SOLANO,VALLEJO,-122.22696637,38.069731230000002
6718946,2014,2014-12-26,4807,2014-10-01,1831,670,,3,5,6,4807,0,0,0,,0,005,"TUOLUMNE ST","ALABAMA ST",0.00,,Y,A,-,N,,,,,,,,,,Y,4,0,2,2,A,-,09,21801,,N,D,C,A,A,H,-,A,D,0,,,,,Y,,D,,0,0,2,0,0,0,0,0,0,"- ","- ",,,SOLANO,VALLEJO,-122.23817988,38.108769950000003
6720522,2014,2014-12-30,4806,2014-10-31,1405,533,,5,5,5,4806,0,0,0,,0,005,"LEISURE TOWN RD","PURPLE MARTIN DR",2028.00,S,N,B,C,N,,,,,,,,,,N,2,0,2,2,A,-,11,21954,A,N,G,B,E,B,H,-,A,D,0,Y,,,,Y,,N,60,1,0,1,0,1,0,0,0,0,"- ","- ",,,SOLANO,VACAVILLE,-121.93407291,38.324872569999997
6720696,2014,2015-01-13,4803,2014-11-03,1109,450,,1,5,5,4803,0,0,0,,0,00E,"NORTH TEXAS ST","TRANSPORTATION CT",0.00,,Y,A,-,N,,,,,,,,,,N,4,0,1,2,A,-,09,21804,A,N,D,C,A,A,H,-,A,A,0,,,Y,,Y,,A,01,0,0,1,0,0,0,0,0,1,"- ","- ",,,SOLANO,FAIRFIELD,-122.03411998,38.288489970000001
6726328,2014,2015-01-06,4803,2014-10-29,0757,1360,"N SOL",3,5,5,4803,0,0,0,,0,00E,"DOVER AV","EAST PACIFIC AV",47.00,N,N,A,-,N,,,,,,,,,,Y,4,0,2,3,A,-,03,22350,,N,C,C,A,A,H,-,A,A,0,,,,,Y,,A,01,0,0,2,0,0,0,0,0,0,"- ","- ",,,SOLANO,FAIRFIELD,-122.02491327,38.270519069999999
6727739,2014,2015-01-30,9365,2014-11-24,1618,19058,,1,2,5,4803,0,2,4,,2,201,"ROCKVILLE RD","SUISUN VALLEY RD",200.00,E,N,A,-,N,,,,,,,,,,Y,4,0,1,2,A,-,08,22107,,N,D,C,A,A,H,-,A,D,0,,,,,Y,,A,01,0,0,1,0,0,0,0,0,0,"- ","- ",38.244079999999997,-122.12157999999999,SOLANO,FAIRFIELD,-122.12151926,38.244117529999997
6729775,2014,2016-06-18,4803,2014-11-11,0956,1236,,2,5,5,4803,0,0,0,,0,00S,"RT 12","PENNSYLVANIA AV",20.00,W,N,A,-,Y,SOL,4,12,-,R,4.060,H,-,E,N,4,0,1,3,B,-,22,,,N,B,C,A,A,H,-,A,A,0,,,,Y,Y,,-,"- ",0,0,1,0,0,0,0,0,0,"- ","- ",,,SOLANO,FAIRFIELD,-122.05079797,38.241151840000001