CASE_ID,ACCIDENT_YEAR,PROC_DATE,JURIS,COLLISION_DATE,COLLISION_TIME,OFFICER_ID,REPORTING_DISTRICT,DAY_OF_WEEK,CHP_SHIFT,POPULATION,CNTY_CITY_LOC,SPECIAL_COND,BEAT_TYPE,CHP_BEAT_TYPE,CITY_DIVISION_LAPD,CHP_BEAT_CLASS,BEAT_NUMBER,PRIMARY_RD,SECONDARY_RD,DISTANCE,DIRECTION,INTERSECTION,WEATHER_1,WEATHER_2,STATE_HWY_IND,CALTRANS_COUNTY,CALTRANS_DISTRICT,STATE_ROUTE,ROUTE_SUFFIX,POSTMILE_PREFIX,POSTMILE,LOCATION_TYPE,RAMP_INTERSECTION,SIDE_OF_HWY,TOW_AWAY,COLLISION_SEVERITY,NUMBER_KILLED,NUMBER_INJURED,PARTY_COUNT,PRIMARY_COLL_FACTOR,PCF_CODE_OF_VIOL,PCF_VIOL_CATEGORY,PCF_VIOLATION,PCF_VIOL_SUBSECTION,HIT_AND_RUN,TYPE_OF_COLLISION,MVIW,PED_ACTION,ROAD_SURFACE,ROAD_COND_1,ROAD_COND_2,LIGHTING,CONTROL_DEVICE,CHP_ROAD_TYPE,PEDESTRIAN_ACCIDENT,BICYCLE_ACCIDENT,MOTORCYCLE_ACCIDENT,TRUCK_ACCIDENT,NOT_PRIVATE_PROPERTY,ALCOHOL_INVOLVED,STWD_VEHTYPE_AT_FAULT,CHP_VEHTYPE_AT_FAULT,COUNT_SEVERE_INJ,COUNT_VISIBLE_INJ,COUNT_COMPLAINT_PAIN,COUNT_PED_KILLED,COUNT_PED_INJURED,COUNT_BICYCLIST_KILLED,COUNT_BICYCLIST_INJURED,COUNT_MC_KILLED,COUNT_MC_INJURED,PRIMARY_RAMP,SECONDARY_RAMP,LATITUDE,LONGITUDE,COUNTY,CITY,POINT_X,POINT_Y
7190836,2015,2016-02-23,4803,2015-10-15,1215,1352,SOLAN,4,5,5,4803,0,0,0,,0,SOUTH,"TRAVIS BL","RT 80",250.00,E,N,A,-,N,,,,,,,,,,Y,3,0,1,2,A,-,03,22350,,N,C,C,A,A,H,-,A,D,0,,,,,Y,,A,01,0,1,0,0,0,0,0,0,0,"- ",EO,38.25835,-122.06052,SOLANO,FAIRFIELD,-122.06237,38.258229999999998
7192054,2015,2016-08-08,4803,2015-11-13,2107,1507,FAIRF,5,5,5,4803,0,0,0,,0,0CE,"TRAVIS BL","PENNSYLVANIA AV",0.00,,Y,A,-,N,,,,,,,,,,Y,3,0,1,2,A,-,09,21453,C,N,D,C,A,A,H,-,C,A,0,,,,,Y,,-,"- ",0,1,0,0,0,0,0,0,0,"- ","- ",38.258130000000001,-122.04988,SOLANO,FAIRFIELD,-122.05000999000001,38.25822994
7193391,2016,2016-03-09,4803,2016-01-15,0855,1524,,5,5,5,4803,0,0,0,,0,EAST,"BAY TREE DR","TANGLEWOOD DR",0.00,,Y,A,-,N,,,,,,,,,,Y,4,0,1,2,A,-,12,22450,A,N,D,C,A,A,-,-,A,A,0,,,,,Y,,A,01,0,0,1,0,0,0,0,0,0,"- ","- ",38.279339999999998,-122.01022,SOLANO,FAIRFIELD,-122.00895997000001,38.27930997
7195290,2015,2016-03-02,4803,2015-12-30,2157,1530,NORTH,3,5,5,4803,0,0,0,,0,0CE,"AIR BASE PKWY","NORTH TEXAS ST",150.00,E,N,A,-,N,,,,,,,,,,N,4,0,1,2,A,-,04,21703,,N,C,C,A,A,H,-,C,D,0,,,,,Y,,D,22,0,0,1,0,0,0,0,0,0,"- ","- ",38.272930000000002,-122.03417,SOLANO,FAIRFIELD,-122.03404999999999,38.273069999999997
7199981,2016,2017-04-07,4806,2016-08-15,1906,533,509,1,5,5,4806,0,0,0,,0,,"NUT TREE RD","FAIRVIEW DR",0.00,,Y,A,-,N,,,,,,,,,,Y,1,1,1,2,A,-,01,23153,,N,D,C,A,A,H,-,A,D,0,,,Y,,Y,,C,02,0,1,0,0,0,0,0,1,0,"- ","- ",,,SOLANO,VACAVILLE,-121.95329988,38.33700992
7201700,2016,2016-03-08,4803,2016-02-29,0810,1274,,1,5,5,4803,0,0,0,,0,0CO,"LOPES RD","CANYON HILLS DR",0.00,,Y,B,-,N,,,,,,,,,,Y,4,0,1,2,A,-,09,21802,A,N,D,C,A,A,H,-,A,A,0,,,,,Y,,A,01,0,0,1,0,0,0,0,0,0,"- ","- ",38.173459999999999,-122.12896000000001,SOLANO,FAIRFIELD,-122.12889,38.17272998
7204664,2016,2016-03-11,4806,2016-02-09,0230,426,211,2,5,5,4806,0,0,0,,0,002,"VACA VALLEY PKWY","WRENTHAM DR",1120.00,W,N,A,-,N,,,,,,,,,,Y,3,0,1,1,A,-,01,23152,A,N,E,I,A,A,H,-,D,D,0,,,,,Y,,A,07,0,1,0,0,0,0,0,0,0,"- ","- ",,,SOLANO,VACAVILLE,-121.98684,38.386960000000002
7208529,2016,2016-03-25,4806,2016-03-09,1434,603,,3,5,5,4806,0,0,0,,0,,"ALAMO DR","MARIPOSA AV",250.00,E,N,B,-,N,,,,,,,,,,Y,4,0,2,2,A,-,03,22350,,N,C,C,A,A,H,-,A,D,0,,,,,Y,,A,01,0,0,2,0,0,0,0,0,0,"- ","- ",,,SOLANO,VACAVILLE,-121.97932829,38.335489629999998
7210037,2016,2016-03-23,4807,2016-02-17,1523,537,VALLE,3,5,6,4807,0,0,0,,0,007,"NORTH CAMINO ALTO","REDWOOD PKWY",14.00,N,N,A,-,N,,,,,,,,,,N,4,0,1,2,A,-,12,21453,A,F,D,C,A,A,H,-,A,A,0,,,,,Y,,A,,0,0,1,0,0,0,0,0,0,"- ","- ",,,SOLANO,VALLEJO,-122.24538377,38.123168339999999
8001627,2016,2016-04-05,4806,2016-03-12,0928,533,,6,5,5,4806,0,0,0,,0,,"ELMIRA RD","SHASTA DR",0.00,,Y,B,-,N,,,,,,,,,,Y,4,0,2,2,A,-,12,21453,A,N,D,C,A,B,H,-,A,A,0,,,,,Y,,-,"- ",0,0,2,0,0,0,0,0,0,"- ","- ",,,SOLANO,VACAVILLE,-121.97006995,38.353139890000001
8005486,2016,2017-02-13,4803,2016-03-19,1246,1327,SOLAN,6,5,5,4803,0,0,0,,0,00W,"TRAVIS BL","RT 80",30.00,W,N,A,-,Y,SOL,4,80,-,-,18.053,R,4,W,N,4,0,1,2,A,-,08,22107,,N,H,G,A,A,H,-,A,D,0,,Y,,,Y,,L,04,0,0,1,0,0,0,1,0,0,"- ",WF,38.258420000000001,-122.06399999999999,SOLANO,FAIRFIELD,-122.06124341,38.259954759999999
8007880,2016,2016-04-08,4807,2016-03-11,1102,667,VALLE,5,5,6,4807,0,0,0,,0,007,"REDWOOD ST","FAIRGROUNDS DR",0.00,,Y,C,-,N,,,,,,,,,,N,4,0,2,2,D,-,00,,,M,C,C,A,B,H,-,A,A,0,,,,,Y,,-,"- ",0,0,2,0,0,0,0,0,0,"- ","- ",,,SOLANO,VALLEJO,-122.23104985000001,38.122939969999997
8011611,2016,2016-04-11,4803,2016-03-24,1842,1526,NORTH,4,5,5,4803,0,0,0,,0,SOUTH,"OHIO ST","GREAT JONES ST",129.00,W,N,A,-,N,,,,,,,,,,Y,4,0,1,2,A,-,01,23152,A,N,C,E,A,A,H,-,A,D,0,,,,,Y,Y,A,01,0,0,1,0,0,0,0,0,0,"- ","- ",38.244779999999999,-122.04849,SOLANO,FAIRFIELD,-122.04902928,38.244753539999998
8011671,2016,2016-04-11,4803,2016-04-02,0918,880,,6,5,5,4803,0,0,0,,0,00E,"VANDEN RD","PEABODY RD",5808.00,E,N,A,-,N,,,,,,,,,,N,2,0,1,2,A,-,08,22107,,N,A,C,A,A,H,-,A,B,0,,,Y,,Y,,A,01,1,0,0,0,0,0,0,0,1,"- ","- ",38.285020000000003,-121.96968,SOLANO,FAIRFIELD,-121.95352916,38.295472930000003
8015011,2016,2017-02-09,4802,2016-03-16,1507,1212,4802,3,5,3,4802,0,0,0,,0,003,"N 1ST ST","E C ST",133.00,N,N,A,-,Y,SOL,4,113,-,-,19.460,H,-,N,N,4,0,1,2,A,-,03,22350,,N,C,C,A,A,H,-,A,D,0,,,,,Y,,A,07,0,0,1,0,0,0,0,0,0,"- ","- ",,,SOLANO,DIXON,-121.82249777,38.447977629999997
8015042,2016,2016-04-08,4802,2016-02-18,1451,1211,4802,4,5,3,4802,0,0,0,,0,,"WEST B ST","STEPHEN ST",84.00,W,N,A,-,N,,,,,,,,,,Y,3,0,1,3,A,-,01,23152,A,N,C,E,A,A,H,-,A,D,0,,,,,Y,,A,01,0,1,0,0,0,0,0,0,0,"- ","- ",,,SOLANO,DIXON,-121.82931336999999,38.44661
8015896,2015,2016-04-11,4802,2015-12-22,1745,1170,,2,5,3,4802,0,0,0,,0,004,"MARVIN WY","PORTER RD",427.00,W,N,A,-,N,,,,,,,,,,N,4,0,1,2,A,-,08,22107,,N,C,E,A,A,H,-,C,D,0,,,,,Y,,A,01,0,0,1,0,0,0,0,0,0,"- ","- ",,,SOLANO,DIXON,-121.82815099,38.444781810000002
8016196,2015,2016-04-11,4802,2015-11-27,1600,1224,,5,5,3,4802,0,0,0,,0,003,"EAST D ST","NORTH 2ND ST",107.00,E,N,A,-,N,,,,,,,,,,N,3,0,2,1,A,-,21,22106,,N,A,I,A,A,H,-,A,D,0,,,Y,,Y,,C,02,0,1,1,0,0,0,0,0,2,"- ","- ",,,SOLANO,DIXON,-121.82083631,38.448442270000001
8016409,2016,2017-02-09,4807,2016-02-11,2145,628,4807,4,5,6,4807,0,0,0,,0,006,"SONOMA BL","ARKANSAS ST",0.00,,Y,A,-,Y,SOL,4,29,-,-,3.030,H,-,S,Y,2,0,1,2,A,-,11,21954,A,N,G,B,D,A,H,-,E,D,0,Y,,,,Y,Y,N,60,1,0,0,0,1,0,0,0,0,"- ","- ",,,SOLANO,VALLEJO,-122.25466977000001,38.113088470000001
8019141,2014,2016-04-27,4805,2014-06-27,0712,5L66,,5,5,4,4805,0,0,0,,0,,"RT 12","MARINA BL",209.00,E,N,A,-,Y,SOL,4,12,-,-,5.190,H,-,W,Y,3,0,1,2,D,-,00,,,N,G,B,E,A,H,-,A,A,0,Y,,,,Y,,-,"- ",0,1,0,0,1,0,0,0,0,"- ","- ",,,SOLANO,"SUISUN CITY",-122.03071442,38.24456335
8021486,2016,2017-02-07,4803,2016-03-25,0952,1524,,5,5,5,4803,0,0,0,,0,SOUTH,"RT 12","BECK AV",0.00,,Y,A,-,Y,SOL,4,12,-,R,3.206,I,5,E,Y,4,0,2,2,A,-,12,21453,A,N,D,C,A,A,H,-,A,A,0,,,,Y,Y,,A,08,0,0,2,0,0,0,0,0,0,"- ","- ",,,SOLANO,FAIRFIELD,-122.06636673,38.24024893
8021527,2016,2016-04-14,4803,2016-03-29,0824,476,,2,5,5,4803,0,0,0,,0,0CE,"TRAVIS BL","UNION AV",0.00,,Y,A,-,N,,,,,,,,,,Y,3,0,2,2,A,-,12,21453,A,N,D,C,A,A,H,-,A,A,0,,,,,Y,,A,01,0,1,1,0,0,0,0,0,0,"- ","- ",38.258249999999997,-122.04040999999999,SOLANO,FAIRFIELD,-122.04040992,38.258269980000001
8022714,2016,2016-04-21,4803,2016-03-28,1411,476,,1,5,5,4803,0,0,0,,0,00S,"TEXAS ST","TAYLOR ST",0.00,,Y,B,-,N,,,,,,,,,,N,3,0,1,2,A,-,09,21802,A,N,F,A,A,A,H,-,A,A,0,,,Y,,Y,,A,01,0,1,0,0,0,0,0,0,1,"- ","- ",38.249250000000004,-122.04709,SOLANO,FAIRFIELD,-122.04720986,38.249249890000002
8022726,2016,2017-04-15,4803,2016-04-04,1802,960,4803,1,5,5,4803,0,0,0,,0,00E,"CLAY BANK RD","CEMENT HILL RD",0.00,,Y,A,-,N,,,,,,,,,,N,4,0,1,2,A,-,03,22350,,N,C,C,A,A,H,-,A,A,0,,,,,Y,,A,01,0,0,1,0,0,0,0,0,0,"- ","- ",,,SOLANO,FAIRFIELD,-122.00576993,38.27937996
8024146,2016,2016-04-19,4806,2016-04-05,1021,426,608,2,5,5,4806,0,0,0,,0,006,"PEABODY RD","ALAMO DR",0.00,,Y,A,-,N,,,,,,,,,,N,4,0,1,2,A,-,10,21950,A,N,G,B,B,A,H,-,A,A,0,Y,,,,Y,,A,08,0,0,1,0,1,0,0,0,0,"- ","- ",,,SOLANO,VACAVILLE,-121.97045987,38.335389960000001
8026576,2016,2016-04-26,4807,2016-03-22,1054,537,VALLE,2,5,6,4807,0,0,0,,0,001,"COLUMBUS PKWY","ADMIRAL CALLAGHAN LN",18.00,W,N,A,-,N,,,,,,,,,,N,2,0,2,3,A,-,17,21657,,N,A,C,A,A,H,-,A,A,0,,,,,Y,,A,,2,0,0,0,0,0,0,0,0,"- ","- ",,,SOLANO,VALLEJO,-122.21323199,38.137576889999998
8026843,2016,2016-04-25,4807,2016-03-06,1905,675,VPD,7,5,6,4807,0,0,0,,0,007,"LEWIS BROWN","B W WILLIAMS",0.00,W,N,C,-,N,,,,,,,,,,N,4,0,1,2,A,-,08,22107,,N,B,C,A,B,H,-,C,D,0,,,,,Y,,A,,0,0,1,0,0,0,0,0,0,"- ","- ",,,SOLANO,VALLEJO,-122.24981998,38.14192997
8028361,2016,2017-02-18,4803,2016-04-22,0841,1626,SOLAN,5,5,5,4803,0,0,0,,0,00S,"RT 12","WEBSTER ST",100.00,E,N,C,-,Y,SOL,4,12,-,R,4.520,H,-,E,Y,2,0,2,2,A,-,03,22350,,N,D,C,A,B,H,-,A,D,0,,,,,Y,Y,A,01,1,0,1,0,0,0,0,0,0,"- ","- ",38.243180000000002,-122.04322999999999,SOLANO,FAIRFIELD,-122.04266713,38.243236799999998
8030491,2016,2016-05-03,4807,2016-04-12,1537,637,VALLE,2,5,6,4807,0,0,0,,0,002,"LEXINGTON DR","STANMORE CIR",65.00,S,N,A,-,N,,,,,,,,,,Y,3,0,1,2,A,-,05,21650,,N,A,C,A,A,H,-,A,D,0,,,,,Y,,-,,0,1,0,0,0,0,0,0,0,"- ","- ",,,SOLANO,VALLEJO,-122.19916849000001,38.099900480000002
8033795,2016,2016-05-11,4803,2016-04-20,0800,504,,3,5,5,4803,0,0,0,,0,0CE,"AIR BASE PKWY","HEATH DR",397.00,W,N,A,-,N,,,,,,,,,,Y,4,0,1,3,A,-,03,22350,,N,C,C,A,A,H,-,A,D,0,,,,,Y,,A,01,0,0,1,0,0,0,0,0,0,"- ","- ",38.273130000000002,-122.04284,SOLANO,FAIRFIELD,-122.04415308999999,38.27302693
8036673,2016,2016-05-09,4806,2016-04-29,1801,457,,5,5,5,4806,0,0,0,,0,,"NUT TREE RD","BURTON DR",0.00,,Y,A,-,N,,,,,,,,,,Y,3,0,2,2,A,-,09,21802,A,N,D,C,A,A,H,-,A,A,0,,,,,Y,,A,07,0,1,1,0,0,0,0,0,0,"- ","- ",,,SOLANO,VACAVILLE,-121.95381999999999,38.365249919999997
8037194,2016,2016-05-17,4807,2016-04-28,0930,688,VALLE,4,5,6,4807,0,0,0,,0,005,"AMADOR ST","NEBRASKA ST",0.00,,Y,A,-,N,,,,,,,,,,Y,4,0,1,3,A,-,03,22350,,N,C,C,A,A,H,-,A,D,0,,,,,Y,,A,07,0,0,1,0,0,0,0,0,0,"- ","- ",,,SOLANO,VALLEJO,-122.24321986,38.11358998
8040485,2016,2016-05-18,4803,2016-04-20,0736,450,,3,5,5,4803,0,0,0,,0,0CE,"EAST PACIFIC AV","SANTA ANA DR",42.00,W,N,A,-,N,,,,,,,,,,N,4,0,2,2,A,-,08,22107,,N,B,E,A,A,H,-,A,D,0,,,,,Y,,A,01,0,0,2,0,0,0,0,0,0,"- ","- ",38.268949999999997,-122.03225999999999,SOLANO,FAIRFIELD,-122.03238632,38.268868490000003
8046132,2016,2016-05-24,4803,2016-04-30,1715,1492,,6,5,5,4803,0,0,0,,0,,"BECK AV","WEST TEXAS ST",0.00,,Y,A,-,N,,,,,,,,,,Y,4,0,3,2,A,-,12,21453,A,N,D,C,A,A,H,-,A,A,0,,,,,Y,,D,22,0,0,3,0,0,0,0,0,0,"- ","- ",38.249319999999997,-122.06621,SOLANO,FAIRFIELD,-122.06622996,38.249279940000001
8047900,2016,2016-06-03,4806,2016-05-26,1448,533,,4,5,5,4806,0,0,0,,0,,"DOBBINS ST","FRUITVALE RD",15.00,S,N,A,-,N,,,,,,,,,,N,4,0,1,2,A,-,01,23152,A,N,C,C,A,A,H,-,A,D,0,,,,,Y,Y,D,22,0,0,1,0,0,0,0,0,0,"- ","- ",,,SOLANO,VACAVILLE,-121.99276417999999,38.368852250000003
8048859,2016,2016-05-31,4803,2016-05-15,1852,1625,,7,5,5,4803,0,0,0,,0,00W,"HOLIDAY LN","TRAVIS BL",550.00,E,N,A,-,N,,,,,,,,,,Y,3,0,2,2,A,-,09,21801,A,N,D,C,A,A,H,-,A,D,0,,,,,Y,,A,07,0,1,1,0,0,0,0,0,0,"- ","- ",38.258369999999999,-122.06507000000001,SOLANO,FAIRFIELD,-122.06505,38.258229999999998
8049079,2016,2017-02-11,4807,2016-05-12,0704,600,4807,4,5,6,4807,0,0,0,,0,004,"SONOMA BL","RYDER ST",208.00,N,N,B,-,Y,SOL,4,29,-,-,1.490,H,-,N,Y,4,0,2,1,A,-,08,22107,,N,E,I,A,A,H,-,A,D,0,,,,,Y,,A,01,0,0,2,0,0,0,0,0,0,"- ","- ",,,SOLANO,VALLEJO,-122.24931741,38.093248330000002
8049119,2016,2016-06-01,4807,2016-05-17,1143,600,4807,2,5,6,4807,0,0,0,,0,001,"ADMIRAL CALLAGHAN LN","AUTO CLUB PKWY",586.00,S,N,A,-,N,,,,,,,,,,Y,4,0,1,3,A,-,08,22107,,N,D,C,A,A,H,-,A,D,0,,,,,Y,,A,01,0,0,1,0,0,0,0,0,0,"- ","- ",,,SOLANO,VALLEJO,-122.21565,38.135480000000001
8051201,2016,2016-06-02,4803,2016-05-18,0831,450,,3,5,5,4803,0,0,0,,0,0CE,"AIR BASE PKWY","HEATH DR",800.00,W,N,A,-,N,,,,,,,,,,N,4,0,1,2,A,-,04,21703,,N,C,C,A,A,H,-,A,D,0,,,,,Y,,A,01,0,0,1,0,0,0,0,0,0,"- ","- ",38.273130000000002,-122.04284,SOLANO,FAIRFIELD,-122.04555698,38.273048860000003
8053252,2016,2016-06-07,4807,2016-04-22,1643,679,VALLE,5,5,6,4807,0,0,0,,0,004,"MAGAZINE ST","5TH ST",0.00,,Y,A,-,N,,,,,,,,,,Y,4,0,1,2,A,-,12,22450,,N,D,C,A,A,H,-,A,A,0,,,,,Y,,-,,0,0,1,0,0,0,0,0,0,"- ","- ",,,SOLANO,VALLEJO,-122.23685991000001,38.083409940000003
8053440,2016,2016-06-10,4806,2016-05-10,0142,359,,2,5,5,4806,0,0,0,,0,,"MARCO LN","CORDOBA LN",0.00,,Y,A,-,N,,,,,,,,,,N,3,0,1,2,A,-,00,22017,,M,C,E,A,A,H,-,C,D,0,,,,,Y,,A,01,0,1,0,0,0,0,0,0,0,"- ","- ",,,SOLANO,VACAVILLE,-122.00182988,38.371099940000001
8054546,2016,2017-02-11,4807,2016-04-03,1550,653,VALLE,7,5,6,4807,0,0,0,,0,008,"MEADOWS DR","SONOMA BL",45.00,W,N,A,-,Y,SOL,4,29,-,-,5.370,I,6,S,N,4,0,1,2,A,-,03,22350,,N,C,C,A,A,H,-,A,A,0,,,,,Y,,A,,0,0,1,0,0,0,0,0,0,"- ","- ",,,SOLANO,VALLEJO,-122.25489322999999,38.147904990000001
8054617,2016,2016-06-28,4803,2016-05-29,1057,1506,,7,5,5,4803,0,0,0,,0,00E,"EAST TABOR AV","GRANDE CIR",0.00,,Y,A,-,N,,,,,,,,,,Y,4,0,2,2,A,-,12,21453,A,N,D,C,A,A,H,-,A,A,0,,,,,Y,,A,01,0,0,2,0,0,0,0,0,0,"- ","- ",38.265210000000003,-122.01069,SOLANO,FAIRFIELD,-122.01087997,38.265209949999999
8056081,2016,2017-02-11,4807,2016-05-21,2210,692,VALLE,6,5,6,4807,0,0,0,,0,007,"SONOMA BL","LEWIS BROWN PKWY",175.00,N,N,A,-,Y,SOL,4,29,-,-,4.750,H,-,S,N,4,0,1,2,A,-,06,21755,A,F,A,G,A,B,E,-,C,A,0,,Y,,,Y,,-,,0,0,1,0,0,0,1,0,0,"- ","- ",,,SOLANO,VALLEJO,-122.25612224,38.140201390000001
8056084,2016,2016-06-08,4803,2016-05-04,0915,1492,,3,5,5,4803,0,0,0,,0,00E,"DOVER AV","HILLSIDE DR",0.00,,Y,A,-,N,,,,,,,,,,N,4,0,1,2,A,-,10,21950,A,N,G,B,B,A,H,-,A,A,0,Y,,,,Y,,A,08,0,0,1,0,1,0,0,0,0,"- ","- ",38.286369999999998,-122.02502,SOLANO,FAIRFIELD,-122.02487995,38.286339920000003
8059889,2016,2016-06-16,4807,2016-03-18,1520,651,VALLE,5,5,6,4807,0,0,0,,0,005,"BROADWAY ST","TENNESSEE ST",0.00,,Y,A,-,N,,,,,,,,,,N,4,0,1,2,A,-,10,21950,A,F,G,B,B,A,H,-,A,A,0,Y,,,,Y,,-,,0,0,1,0,1,0,0,0,0,"- ","- ",,,SOLANO,VALLEJO,-122.24859991,38.109899929999997
8061341,2016,2016-08-10,4807,2016-06-25,1238,685,VALLE,6,5,6,4807,0,0,0,,0,008,"MINI DR","ELLIOT DR",0.00,,Y,A,-,N,,,,,,,,,,N,4,0,2,2,A,-,09,21802,A,N,D,C,A,A,H,-,A,A,0,,,,,Y,,-,"- ",0,0,2,0,0,0,0,0,0,"- ","- ",,,SOLANO,VALLEJO,-122.25794998000001,38.152619950000002
8061342,2016,2016-08-29,4807,2016-06-06,1910,683,VALLE,1,5,6,4807,0,0,0,,0,005,"TENNESSEE ST","MONTEREY ST",0.00,,Y,A,-,N,,,,,,,,,,N,4,0,1,2,A,-,10,21950,A,N,G,B,B,A,H,-,A,A,0,Y,,,,Y,,-,,0,0,1,0,1,0,0,0,0,"- ","- ",,,SOLANO,VALLEJO,-122.24637989,38.109869920000001
8061405,2016,2016-07-22,4807,2016-07-11,0103,687,VALLE,1,5,6,4807,0,0,0,,0,001,"REDWOOD PKWY","PENNY LN",12.00,W,N,A,-,N,,,,,,,,,,Y,4,0,1,1,A,-,03,22350,,N,F,J,A,A,H,-,C,D,0,,,,,Y,,-,,0,0,1,0,0,0,0,0,0,"- ","- ",,,SOLANO,VALLEJO,-122.20306505000001,38.129683630000002
8062395,2016,2016-07-05,4803,2016-06-22,1618,450,,3,5,5,4803,0,0,0,,0,0CE,"UNION AV","PEACH TREE DR",0.00,,Y,A,-,N,,,,,,,,,,N,3,0,2,2,A,-,09,21802,A,N,D,C,A,A,H,-,A,A,0,,,,,Y,,A,01,0,1,1,0,0,0,0,0,0,"- ","- ",38.271839999999997,-122.04061,SOLANO,FAIRFIELD,-122.04053987,38.2717399
8063481,2016,2016-06-23,4803,2016-05-23,1200,561,,1,5,5,4803,0,0,0,,0,0CE,"WEBSTER ST","TEXAS ST",0.00,,Y,A,-,N,,,,,,,,,,N,4,0,2,2,D,-,00,,,N,C,C,A,A,H,-,A,A,0,,,,,Y,,-,"- ",0,0,2,0,0,0,0,0,0,"- ","- ",38.249220000000001,-122.04315,SOLANO,FAIRFIELD,-122.0432199,38.24922995
8063523,2016,2016-08-29,4803,2016-06-07,0114,1507,FAIRF,2,5,5,4803,0,0,0,,0,00E,"CLAY BANK RD","REBECCA DR",50.00,S,N,A,-,N,,,,,,,,,,Y,4,0,1,1,A,-,01,23152,A,N,E,I,A,A,H,-,C,D,0,,,,,Y,Y,A,01,0,0,1,0,0,0,0,0,0,"- ","- ",38.280419999999999,-122.00568,SOLANO,FAIRFIELD,-122.00490469,38.280204079999997
8066676,2016,2016-06-23,4803,2016-06-03,1200,1506,,5,5,5,4803,0,0,0,,0,00S,"BECK AV","CADENASSO DR",0.00,,Y,A,-,N,,,,,,,,,,N,4,0,1,2,B,-,22,,,N,C,C,A,A,H,-,A,A,0,,,,,Y,,A,01,0,0,1,0,0,0,0,0,0,"- ","- ",38.247540000000001,-122.06621,SOLANO,FAIRFIELD,-122.06623985,38.247509979999997
8066741,2016,2016-06-23,4803,2016-06-08,1247,450,,3,5,5,4803,0,0,0,,0,00S,"NORTH TEXAS ST","TAFT ST",8.00,S,N,A,-,N,,,,,,,,,,N,4,0,1,2,A,-,09,21802,A,N,D,C,A,A,H,-,A,A,0,,,,,Y,,A,01,0,0,1,0,0,0,0,0,0,"- ","- ",38.250880000000002,-122.03425,SOLANO,FAIRFIELD,-122.03432789999999,38.250808929999998
8066769,2016,2016-06-23,4803,2016-06-11,0112,1600,4803,6,5,5,4803,0,0,0,,0,00E,"AIR BASE PKWY","PEABODY RD",0.00,,Y,A,-,N,,,,,,,,,,N,3,0,1,2,A,-,12,21453,A,N,D,C,A,A,H,-,A,A,0,,,,,Y,,A,01,0,1,0,0,0,0,0,0,0,"- ","- ",38.272530000000003,-121.96959,SOLANO,FAIRFIELD,-121.96968986,38.272529990000002
8067163,2015,2016-06-27,4807,2015-12-04,0917,654,VPD,5,5,6,4807,0,0,0,,0,007,"BROADWAY ST","COUCH ST",0.00,,Y,A,-,N,,,,,,,,,,Y,4,0,1,2,A,-,09,21802,A,N,D,C,A,A,H,-,A,A,0,,,,,Y,,A,01,0,0,1,0,0,0,0,0,0,"- ","- ",,,SOLANO,VALLEJO,-122.25148994,38.127469959999999
8067441,2016,2016-07-05,4801,2016-04-27,1028,2092,4801,3,5,4,4801,0,0,0,,0,004,"LAKE HERMAN RD","RESERVOIR RD",1584.00,W,N,C,-,N,,,,,,,,,,Y,3,0,1,1,A,-,03,22350,,N,F,A,A,B,H,-,A,D,0,,,,,Y,,A,08,0,1,0,0,0,0,0,0,0,"- ","- ",,,SOLANO,BENICIA,-122.13946489999999,38.095377450000001
8070155,2016,2016-08-15,4801,2016-05-09,0555,3922,,1,5,4,4801,0,0,0,,0,004,"E 2ND ST","LAKE HERMAN RD",528.00,S,N,B,-,N,,,,,,,,,,Y,4,0,1,2,A,-,09,21804,A,N,D,C,A,A,H,-,B,D,0,,,,,Y,,A,01,0,0,1,0,0,0,0,0,0,"- ","- ",,,SOLANO,BENICIA,-122.11403156,38.085347489999997
8070585,2016,2016-06-28,4803,2016-06-16,1230,1492,,4,5,5,4803,0,0,0,,0,,"SAN RAFAEL ST","SAN CLEMENTE ST",35.00,W,N,A,-,N,,,,,,,,,,N,4,0,1,2,A,-,03,22350,,F,G,B,D,A,H,-,A,D,0,Y,,,,Y,,A,01,0,0,1,0,1,0,0,0,0,"- ","- ",38.264679999999998,-122.02745,SOLANO,FAIRFIELD,-122.02764007,38.264757150000001
8070903,2016,2016-07-05,4807,2016-06-10,1810,690,VALLE,5,5,6,4807,0,0,0,,0,001,"ADMIRAL CALLAGHAN","PLAZA DR",240.00,E,N,A,-,N,,,,,,,,,,Y,4,0,1,2,A,-,03,22350,,N,C,C,A,A,H,-,A,D,0,,,,,Y,,-,,0,0,1,0,0,0,0,0,0,"- ","- ",,,SOLANO,VALLEJO,-122.21691582,38.135493189999998
8070973,2016,2016-07-01,4807,2016-06-07,1645,462,VALLE,2,5,6,4807,0,0,0,,0,001,"TENNESSEE ST","MAPLE AV",310.00,E,N,A,-,N,,,,,,,,,,N,4,0,1,2,A,-,09,21801,A,N,D,C,A,A,H,-,A,D,0,,,,,Y,,A,,0,0,1,0,0,0,0,0,0,"- ","- ",,,SOLANO,VALLEJO,-122.22003226,38.109657130000002
8072566,2016,2016-07-01,4806,2016-06-08,1627,575,,3,5,5,4806,0,0,0,,0,,"PEABODY RD","CALIFORNIA DR",0.00,,Y,A,-,N,,,,,,,,,,Y,4,0,2,2,A,-,12,21453,A,N,D,C,A,A,H,-,A,A,0,,,,,Y,,A,01,0,0,2,0,0,0,0,0,0,"- ","- ",,,SOLANO,VACAVILLE,-121.97045998999999,38.333229930000002
8073117,2016,2016-07-13,4806,2016-06-18,0850,533,,6,5,5,4806,0,0,0,,0,,"BROWNS VALLEY RD","RICE LN",237.00,N,N,A,-,N,,,,,,,,,,Y,4,0,1,1,A,-,03,22350,,N,E,I,A,A,H,-,A,D,0,,,,,Y,,D,22,0,0,1,0,0,0,0,0,0,"- ","- ",,,SOLANO,VACAVILLE,-121.97102494000001,38.402637230000003
8075238,2016,2017-02-18,4805,2016-04-22,1715,5L80,4805,5,5,4,4805,0,0,0,,0,003,"RT 12","EMPEROR DR",0.00,,Y,B,-,Y,SOL,4,12,-,-,6.600,H,-,W,Y,4,0,2,3,A,-,03,22350,,N,C,C,A,A,H,-,A,A,0,,,,,Y,Y,A,01,0,0,2,0,0,0,0,0,0,"- ","- ",,,SOLANO,"SUISUN CITY",-122.00493465,38.243369870000002
8077137,2016,2016-07-15,4807,2016-04-22,1703,655,VALLE,5,5,6,4807,0,0,0,,0,006,"SACRAMENTO ST","VALLE VISTA AV",79.00,N,N,B,-,N,,,,,,,,,,Y,2,0,1,2,A,-,09,21804,A,N,D,C,A,A,H,-,A,A,0,,,,,Y,,-,,1,0,0,0,0,0,0,0,0,"- ","- ",,,SOLANO,VALLEJO,-122.26018917,38.119666860000002