CASE_ID,ACCIDENT_YEAR,PROC_DATE,JURIS,COLLISION_DATE,COLLISION_TIME,OFFICER_ID,REPORTING_DISTRICT,DAY_OF_WEEK,CHP_SHIFT,POPULATION,CNTY_CITY_LOC,SPECIAL_COND,BEAT_TYPE,CHP_BEAT_TYPE,CITY_DIVISION_LAPD,CHP_BEAT_CLASS,BEAT_NUMBER,PRIMARY_RD,SECONDARY_RD,DISTANCE,DIRECTION,INTERSECTION,WEATHER_1,WEATHER_2,STATE_HWY_IND,CALTRANS_COUNTY,CALTRANS_DISTRICT,STATE_ROUTE,ROUTE_SUFFIX,POSTMILE_PREFIX,POSTMILE,LOCATION_TYPE,RAMP_INTERSECTION,SIDE_OF_HWY,TOW_AWAY,COLLISION_SEVERITY,NUMBER_KILLED,NUMBER_INJURED,PARTY_COUNT,PRIMARY_COLL_FACTOR,PCF_CODE_OF_VIOL,PCF_VIOL_CATEGORY,PCF_VIOLATION,PCF_VIOL_SUBSECTION,HIT_AND_RUN,TYPE_OF_COLLISION,MVIW,PED_ACTION,ROAD_SURFACE,ROAD_COND_1,ROAD_COND_2,LIGHTING,CONTROL_DEVICE,CHP_ROAD_TYPE,PEDESTRIAN_ACCIDENT,BICYCLE_ACCIDENT,MOTORCYCLE_ACCIDENT,TRUCK_ACCIDENT,NOT_PRIVATE_PROPERTY,ALCOHOL_INVOLVED,STWD_VEHTYPE_AT_FAULT,CHP_VEHTYPE_AT_FAULT,COUNT_SEVERE_INJ,COUNT_VISIBLE_INJ,COUNT_COMPLAINT_PAIN,COUNT_PED_KILLED,COUNT_PED_INJURED,COUNT_BICYCLIST_KILLED,COUNT_BICYCLIST_INJURED,COUNT_MC_KILLED,COUNT_MC_INJURED,PRIMARY_RAMP,SECONDARY_RAMP,LATITUDE,LONGITUDE,COUNTY,CITY,POINT_X,POINT_Y
81942701,2022,2022-12-15,4803,2022-11-09,0721,1749,,3,5,5,4803,0,0,0,,0,001,"BUSINESS CENTER DRIVE","NEITZEL ROAD",805.00,E,N,A,-,N,,,,,,,,,,Y,3,0,1,2,A,-,04,21703,,N,C,C,A,A,H,-,A,D,0,,,,,Y,,A,01,0,1,0,0,0,0,0,0,0,"- ","- ",38.219070434570312,-122.14026641845703,SOLANO,FAIRFIELD,-122.13838958740234,38.220661163330078
81942714,2022,2022-12-15,4803,2022-12-11,2104,1683,,7,5,5,4803,0,0,0,,0,003,"MANUEL CAMPOS PARKWAY","PARADISE VALLEY DRIVE (E)",0.00,,Y,B,C,N,,,,,,,,,,N,4,0,3,2,A,-,12,21453,A,N,D,D,A,B,H,-,C,A,0,,,,Y,Y,,-,"- ",0,0,3,0,0,0,0,0,0,"- ","- ",38.292739868164062,-122.02020263671875,SOLANO,FAIRFIELD,-122.02458190917969,38.292659759521484
81947249,2022,2022-12-20,4805,2022-12-14,0829,KHA01,2,3,5,4,4805,0,0,0,,0,001,"HIGHWAY 12","VILLAGE DRIVE",0.00,,Y,A,-,N,,,,,,,,,,N,3,0,2,2,A,-,03,22350,,N,C,C,A,A,H,-,A,A,0,,,,,Y,,I,11,0,2,0,0,0,0,0,0,0,"- ","- ",38.243820190429688,-122.02509307861328,SOLANO,"SUISUN CITY",-122.02503967285156,38.243816375732422
81950780,2022,2022-12-23,4803,2022-12-18,1755,1683,,7,5,5,4803,0,0,0,,0,003,"CAPITOLA WAY","MILLER DRIVE",0.00,,Y,A,-,N,,,,,,,,,,Y,4,0,1,2,A,-,12,22450,,F,D,G,A,A,H,-,A,A,0,,Y,,,Y,Y,L,04,0,0,1,0,0,0,1,0,0,"- ","- ",38.26361083984375,-122.06497192382812,SOLANO,FAIRFIELD,-122.06498718261719,38.263687133789062
81950786,2022,2022-12-23,4803,2022-12-20,0656,1742,,2,5,5,4803,0,0,0,,0,008,"VANDEN ROAD","PEABODY ROAD",72.00,E,N,A,-,N,,,,,,,,,,N,4,0,1,2,A,-,03,22350,,N,C,C,A,A,H,-,B,A,0,,,,,Y,,A,07,0,0,1,0,0,0,0,0,0,"- ","- ",38.286609649658203,-121.96952819824219,SOLANO,FAIRFIELD,-121.96933746337891,38.286861419677734
81950790,2022,2022-12-23,4803,2022-12-20,1756,1786,,2,5,5,4803,0,0,0,,0,002,"RT 12","BECK AVENUE",2293.00,E,N,A,-,N,,,,,,,,,,N,4,0,1,2,A,-,03,22350,,N,C,C,A,A,H,-,C,A,0,,,,,Y,,A,01,0,0,1,0,0,0,0,0,0,"- ","- ",38.240341186523438,-122.06636047363281,SOLANO,FAIRFIELD,-122.06636047363281,38.24041748046875
81951911,2022,2022-12-26,4807,2022-11-16,1722,#710,VALLE,3,5,6,4807,0,0,0,,0,005,"TUOLUMNE ST","CAMINO ALTO",135.00,S,N,A,-,N,,,,,,,,,,Y,4,0,2,3,A,-,08,22107,,N,B,E,A,A,H,-,A,D,0,,,,,Y,,A,01,0,0,2,0,0,0,0,0,0,"- ","- ",38.117321014404297,-122.23793029785156,SOLANO,VALLEJO,-122.23796081542969,38.117057800292969
81952064,2022,2022-12-26,4807,2022-11-08,1116,#671,VALLE,2,5,6,4807,0,0,0,,0,001,"ADMIRAL CALLAGHAN LN","ROTARY WY",520.00,N,N,C,-,N,,,,,,,,,,Y,4,0,1,2,A,-,03,22350,,N,D,C,A,B,H,-,A,D,0,,,,,Y,,A,01,0,0,1,0,0,0,0,0,0,"- ","- ",38.125911712646484,-122.22798156738281,SOLANO,VALLEJO,-122.22718811035156,38.127296447753906
81955084,2022,2022-12-29,4807,2022-11-18,1042,#762,VALLE,5,5,6,4807,0,0,0,,0,006,"TRINITY ST","HARBOR WY",0.00,,Y,A,-,N,,,,,,,,,,N,4,0,1,2,A,-,08,22107,,N,A,C,A,A,H,-,A,A,0,,,,,Y,,-,"- ",0,0,1,0,0,0,0,0,0,"- ","- ",38.107711791992188,-122.26484680175781,SOLANO,VALLEJO,-122.26478576660156,38.107765197753906
8195918,2016,2017-01-13,4807,2016-12-14,1253,600,4807,3,5,6,4807,0,0,0,,0,008,"MEADOWS DR","JACK LONDON DR",0.00,,Y,B,-,N,,,,,,,,,,Y,3,0,2,2,A,-,09,21802,A,N,D,D,A,B,H,-,A,A,0,,,,,Y,,D,22,0,2,0,0,0,0,0,0,0,"- ","- ",,,SOLANO,VALLEJO,-122.26440991,38.148139890000003
81962228,2023,2023-01-09,4803,2023-01-02,1247,1749,,1,5,5,4803,0,0,0,,0,003,"NORTH TEXAS STREET","TRANSPORTATION COURT",0.00,,Y,B,-,N,,,,,,,,,,Y,4,0,1,2,A,-,09,21804,A,N,D,C,A,B,A,-,A,A,0,,,,,Y,,A,01,0,0,1,0,0,0,0,0,0,"- ","- ",38.288539886474609,-122.03426361083984,SOLANO,FAIRFIELD,-122.03411865234375,38.288494110107422
81962230,2023,2023-01-09,4803,2023-01-04,2100,1769,,3,5,5,4803,0,0,0,,0,008,"EAST TABOR AVENUE","GRANDE CIRCLE (E)",84.00,E,N,C,-,N,,,,,,,,,,N,4,0,1,2,A,-,10,21952,,F,G,B,F,B,H,-,C,D,0,Y,,,,Y,,A,01,0,0,1,0,1,0,0,0,0,"- ","- ",38.265178680419922,-122.00906372070312,SOLANO,FAIRFIELD,-122.01058959960938,38.265205383300781
8197268,2016,2017-02-21,4807,2016-12-16,1724,652,VALLE,5,5,6,4807,0,0,0,,0,004,"SONOMA BL","MAGAZINE ST",0.00,,Y,A,-,N,,,,,,,,,,Y,3,0,3,2,A,-,12,21453,A,N,D,C,A,A,H,-,C,A,0,,,,,Y,,A,01,0,1,2,0,0,0,0,0,0,"- ","- ",,,SOLANO,VALLEJO,-122.23862991,38.082409890000001
81973576,2022,2023-01-23,4807,2022-12-11,1247,#744,VALLE,7,5,6,4807,0,0,0,,0,005,"FLORIDA ST","CALAVERAS ST",0.00,,Y,B,-,N,,,,,,,,,,Y,4,0,2,3,A,-,09,21802,A,N,D,C,A,B,H,-,A,A,0,,,,,Y,,A,01,0,0,2,0,0,0,0,0,0,"- ","- ",38.104801177978516,-122.23651123046875,SOLANO,VALLEJO,-122.23648834228516,38.104774475097656
8197749,2016,2017-01-06,4806,2016-12-28,1853,457,,3,5,5,4806,0,0,0,,0,,"MERCHANT ST","LOVERS LN",0.00,,Y,A,-,N,,,,,,,,,,Y,3,0,2,2,A,-,01,23152,A,N,D,C,A,A,H,-,C,D,0,,,,,Y,Y,A,01,0,1,1,0,0,0,0,0,0,"- ","- ",,,SOLANO,VACAVILLE,-121.99496988999999,38.349739919999998
81977884,2022,2023-01-26,4807,2022-11-11,1608,#764,VALLE,5,5,6,4807,0,0,0,,0,001,"ADMIRAL CALLAGHAN LN","REDWOOD PKWY",400.00,N,N,A,-,N,,,,,,,,,,Y,4,0,1,2,A,-,09,21801,A,N,A,C,A,A,H,-,A,A,0,,,,,Y,,A,01,0,0,1,0,0,0,0,0,0,"- ","- ",38.123531341552734,-122.22782897949219,SOLANO,VALLEJO,-122.22805023193359,38.1246337890625
81979944,2023,2023-01-27,4803,2023-01-22,1728,1753,,7,5,5,4803,0,0,0,,0,008,"AIR BASE PARKWAY","CLAY BANK ROAD",0.00,,Y,A,-,N,,,,,,,,,,Y,4,0,2,2,A,-,12,21453,A,N,D,C,A,A,H,-,B,A,0,,,,,Y,,A,01,0,0,2,0,0,0,0,0,0,"- ","- ",38.272468566894531,-122.00652313232422,SOLANO,FAIRFIELD,-122.006591796875,38.271816253662109
81980513,2023,2023-01-27,4805,2023-01-13,1214,CAN01,2,5,5,4,4805,0,0,0,,0,001,"SUNSET AVE","MERGANSER DR",568.00,S,-,C,-,N,,,,,,,,,,N,2,0,3,3,A,-,12,21453,A,N,D,C,A,B,H,-,A,A,0,,,,,Y,,A,01,1,2,0,0,0,0,0,0,0,"- ","- ",38.2435302734375,-122.02037048339844,SOLANO,"SUISUN CITY",-122.02043914794922,38.245059967041016
81980514,2023,2023-03-14,4805,2023-01-13,2033,DEM02,8,5,5,4,4805,0,0,0,,0,003,"EASTBOUND STATE ROUTE 12","LAWLER RANCH PARKWAY (WEST)",40.00,W,-,A,-,Y,SOL,,12," "," ",7.479,H,,R,N,3,0,1,2,A,-,01,23153,A,F,C,C,A,B,H,-,C,A,0,,,,,Y,Y,D,72,0,1,0,0,0,0,0,0,0,"- ","- ",38.240268707275391,-121.98964691162109,SOLANO,"SUISUN CITY",-121.98986053466797,38.240108489990234
81986578,2023,2023-02-06,4803,2023-02-03,"835 ",1742,,5,5,5,4803,0,0,0,,0,007,"DOVER AVENUE","AMHERST WAY",0.00,,Y,C,-,N,,,,,,,,,,Y,4,0,1,2,A,-,09,21804,A,N,D,C,A,B,H,-,A,A,0,,,,,Y,,A,01,0,0,1,0,0,0,0,0,0,"- ","- ",38.275020599365234,-122.02506256103516,SOLANO,FAIRFIELD,-122.02493286132812,38.275009155273438
81989182,2022,2023-02-08,4803,2022-12-24,2115,1584,SOLAN,6,5,5,4803,0,0,0,,0,008,"EAST TABOR AVENUE","RAILROAD AVENUE",0.00,,Y,A,-,N,,,,,,,,,,Y,1,1,2,2,A,-,01,23152,A,N,D,C,A,A,H,-,C,A,0,,,,,Y,Y,A,07,1,0,1,0,0,0,0,0,0,"- ","- ",38.264980316162109,-122.00446319580078,SOLANO,FAIRFIELD,-122.00466156005859,38.265029907226562
81989360,2022,2023-02-08,4807,2022-11-15,1840,#748,VALLE,2,5,6,4807,0,0,0,,0,007,"SONOMA BL","RT 37 EB OFFRAMP",13.00,S,N,A,-,Y,SOL,,29,,,4.716,H,,R,N,3,0,1,2,A,-,10,21950,A,N,G,B,B,A,H,-,C,A,0,Y,,,,Y,,D,22,0,1,0,0,1,0,0,0,0,"- ","- ",38.137428283691406,-122.25627136230469,SOLANO,VALLEJO,-122.25608062744141,38.137428283691406
81994639,2023,2023-02-15,4803,2023-02-08,2014,1632,,3,5,5,4803,0,0,0,,0,004,"TRAVIS BOULEVARD","PENNSYLVANIA AVENUE",122.00,W,N,A,-,N,,,,,,,,,,N,4,0,2,5,A,-,03,22350,,F,C,C,A,A,H,-,C,A,0,,,,,Y,Y,A,07,0,0,2,0,0,0,0,0,0,"- ","- ",38.258129119873047,-122.04988098144531,SOLANO,FAIRFIELD,-122.05043792724609,38.258228302001953
81997593,2023,2023-02-20,4803,2023-02-12,2100,1577,,7,5,5,4803,0,0,0,,0,003,"NORTH TEXAS STREET","DICKSON HILL ROAD",20.00,S,N,A,-,N,,,,,,,,,,N,3,0,1,2,A,-,03,22350,,F,B,G,A,A,H,-,C,D,0,,Y,,,Y,,A,01,0,1,0,0,0,0,1,0,0,"- ","- ",38.29058837890625,-122.03424835205078,SOLANO,FAIRFIELD,-122.03408813476562,38.290634155273438
81997594,2023,2023-02-20,4803,2023-02-14,1900,1746,4803,2,5,5,4803,0,0,0,,0,005,"2397 HEATH DR","AIRBASE PARKWAY",375.00,S,N,A,-,N,,,,,,,,,,N,4,0,1,2,A,-,03,22350,,F,D,C,A,A,H,-,C,D,0,,,,,Y,Y,-,99,0,0,1,0,0,0,0,0,0,"- ","- ",,,SOLANO,FAIRFIELD,-122.04283905029297,38.271541595458984
82009830,2023,2023-03-06,4807,2023-01-10,2011,#635,VALLE,2,5,6,4807,0,0,0,,0,005,"SONOMA BL","TENNESSEE ST",0.00,,Y,A,-,N,,,,,,,,,,Y,4,0,2,2,A,-,12,21453,A,N,D,C,A,B,H,-,C,A,0,,,,,Y,,-,"- ",0,0,2,0,0,0,0,0,0,"- ","- ",38.109981536865234,-122.25476837158203,SOLANO,VALLEJO,-122.25473022460938,38.1099853515625
82014357,2023,2023-03-10,4803,2023-02-28,1122,1742,,2,5,5,4803,0,0,0,,0,001,"GREEN VALLEY ROAD","BUSINESS CENTER DRIVE",0.00,,Y,B,C,N,,,,,,,,,,Y,4,0,1,3,A,-,12,21453,A,N,D,C,A,B,H,-,A,A,0,,,,,Y,,A,01,0,0,1,0,0,0,0,0,0,"- ","- ",38.218379974365234,-122.14115905761719,SOLANO,FAIRFIELD,-122.14144134521484,38.218292236328125
8201687,2017,2017-03-28,4806,2017-03-11,1505,596,418,6,5,5,4806,0,0,0,,0,,"ULATIS DR","LEISURE TOWN RD",33.00,W,N,A,-,N,,,,,,,,,,N,4,0,1,2,A,-,03,22350,,N,C,C,A,A,H,-,A,A,0,,,,,Y,,A,01,0,0,1,0,0,0,0,0,0,"- ","- ",,,SOLANO,VACAVILLE,-121.93414452,38.358009160000002
82018046,2023,2023-03-15,4803,2023-02-26,"927 ",1771,,7,5,5,4803,0,0,0,,0,008,"AIR BASE PARKWAY","CLAY BANK ROAD",81.00,W,N,A,-,N,,,,,,,,,,N,3,0,1,1,A,-,08,22107,,N,E,I,A,B,A,-,A,A,0,,,,,Y,Y,A,01,0,1,0,0,0,0,0,0,0,"- ","- ",38.272468566894531,-122.00652313232422,SOLANO,FAIRFIELD,-122.006591796875,38.271820068359375
82020207,2023,2023-03-17,4803,2023-03-12,2312,1683,,7,5,5,4803,0,0,0,,0,003,"MANUEL CAMPOS PARKWAY","NORTH TEXAS STREET",350.00,E,N,B,-,N,,,,,,,,,,Y,4,0,1,1,A,-,03,22350,,N,E,I,A,B,H,-,C,D,0,,,,,Y,,A,01,0,0,1,0,0,0,0,0,0,"- ","- ",38.293769836425781,-122.03179168701172,SOLANO,FAIRFIELD,-122.03091430664062,38.29302978515625
8202195,2016,2017-01-03,4803,2016-12-16,0949,1565,SOLAN,5,5,5,4803,0,0,0,,0,00S,"PENNSYLVANIA AV","MISSOURI ST",225.00,S,N,A,-,N,,,,,,,,,,Y,4,0,1,2,A,-,09,21802,A,N,D,C,A,A,H,-,A,A,0,,,,,Y,,A,07,0,0,1,0,0,0,0,0,0,"- ","- ",38.248150000000003,-122.04971999999999,SOLANO,FAIRFIELD,-122.04999861,38.247532040000003
82024462,2023,2023-03-22,4803,2023-03-06,1610,1746,,1,5,5,4803,0,0,0,,0,006,"TRAVIS BOULEVARD","JEFFERSON STREET",41.00,E,N,A,-,N,,,,,,,,,,N,4,0,1,2,A,-,03,22350,,F,C,C,A,A,H,-,A,A,0,,,,,Y,,A,01,0,0,1,0,0,0,0,0,0,"- ","- ",38.258090972900391,-122.04213714599609,SOLANO,FAIRFIELD,-122.04206085205078,38.258251190185547
82034379,2023,2023-03-31,4807,2023-02-18,1500,#703,VALLE,6,5,6,4807,0,0,0,,0,004,"MAINE ST","SUTTER ST",0.00,,Y,A,-,N,,,,,,,,,,Y,4,0,1,2,A,-,09,21802,A,N,D,C,A,A,H,-,A,A,0,,,,,Y,,A,01,0,0,1,0,0,0,0,0,0,"- ","- ",38.099098205566406,-122.25334930419922,SOLANO,VALLEJO,-122.25331115722656,38.099086761474609
82034399,2023,2023-03-31,4807,2023-02-27,1305,#764,VALLE,1,5,6,4807,0,0,0,,0,006,"MARE ISLAND CSWY","NIMITZ AVE",985.00,E,N,C,-,N,,,,,,,,,,Y,4,0,1,1,A,-,03,22350,,N,F,I,A,B,H,-,A,D,0,,,,,Y,,A,01,0,0,1,0,0,0,0,0,0,"- ","- ",,,SOLANO,VALLEJO,,
82039496,2023,2023-04-07,4805,2023-03-21,"644 ",KHA01,2,2,5,4,4805,0,0,0,,0,001,"HIGHWAY 12","SUNSET AVE",0.00,,Y,C,-,N,,,,,,,,,,Y,4,0,2,2,A,-,03,22350,,N,C,C,A,B,H,-,C,A,0,,,,,Y,,A,01,0,0,2,0,0,0,0,0,0,"- ","- ",38.2435302734375,-122.02037048339844,SOLANO,"SUISUN CITY",-122.02040863037109,38.243728637695312
82039984,2023,2023-04-10,4803,2023-04-05,1040,1311,,3,5,5,4803,0,0,0,,0,002,"WEST TEXAS STREET","BECK AVENUE",20.00,E,N,A,-,N,,,,,,,,,,N,3,0,1,2,D,-,00,,,F,B,D,A,A,H,-,A,A,0,,,,,Y,,-,"- ",0,1,0,0,0,0,0,0,0,"- ","- ",38.249320983886719,-122.06620788574219,SOLANO,FAIRFIELD,-122.066162109375,38.249279022216797
82040209,2023,2023-04-10,4803,2023-03-24,1914,1784,,5,5,5,4803,0,0,0,,0,007,"CLAY BANK ROAD","AIR BASE PARKWAY",0.00,,Y,A,-,N,,,,,,,,,,N,3,0,2,2,A,-,03,22350,,F,C,C,A,A,H,-,B,D,0,,,,,Y,,D,22,0,2,0,0,0,0,0,0,0,"- ","- ",38.272579193115234,-122.00639343261719,SOLANO,FAIRFIELD,-122.006591796875,38.271816253662109
82042188,2022,2023-04-11,4805,2022-04-02,0324,ABD01,1,6,5,4,4805,0,0,0,,0,001,"CORDELIA RD","WEST ST",134.00,W,-,B,-,N,,,,,,,,,,N,4,0,1,1,A,-,01,23152,A,M,E,I,A,A,H,-,C,D,0,,,,,Y,Y,A,01,0,0,1,0,0,0,0,0,0,"- ","- ",38.235881805419922,-122.04396820068359,SOLANO,"SUISUN CITY",-122.04442596435547,38.235881805419922
82042491,2023,2023-04-12,4803,2023-03-30,"235 ",1759,,4,5,5,4803,0,0,0,,0,006,"NORTH TEXAS STREET","OAK STREET",0.00,,Y,A,-,N,,,,,,,,,,Y,3,0,1,1,A,-,01,23152,A,N,E,I,A,A,H,-,C,A,0,,,,,Y,Y,D,22,0,1,0,0,0,0,0,0,0,"- ","- ",38.261920928955078,-122.03411865234375,SOLANO,FAIRFIELD,-122.03423309326172,38.261962890625
82042494,2023,2023-04-12,4803,2023-03-31,1815,1788,FAIRF,5,5,5,4803,0,0,0,,0,003,"MANUEL CAMPOS PARKWAY","I 80 EB ONRAMP",0.00,,Y,A,-,N,,,,,,,,,,N,3,0,1,2,-,-,"- ",,,N,C,C,A,-,H,-,A,-,0,,,,,Y,,-,"- ",0,1,0,0,0,0,0,0,0,"- ","- ",38.294448852539062,-122.03286743164062,SOLANO,FAIRFIELD,-122.03391265869141,38.295097351074219
8204288,2016,2017-01-09,4806,2016-12-10,2349,457,,6,5,5,4806,0,0,0,,0,,"YOUNGSDALE DR","PEREGRINE WY",146.00,S,N,B,-,N,,,,,,,,,,Y,4,0,1,2,A,-,01,23152,A,N,D,E,A,B,H,-,C,D,0,,,,,Y,Y,A,01,0,0,1,0,0,0,0,0,0,"- ","- ",,,SOLANO,VACAVILLE,-121.96427761,38.323850479999997
82053263,2023,2023-04-26,4803,2023-04-16,1139,1552,,7,5,5,4803,0,0,0,,0,007,"NORTH TEXAS STREET","MARIGOLD DRIVE",423.00,N,N,A,-,N,,,,,,,,,,N,3,0,2,1,A,-,08,22107,,N,E,I,A,A,H,-,A,D,0,,,,,Y,,A,01,0,2,0,0,0,0,0,0,0,"- ","- ",38.283969879150391,-122.03402709960938,SOLANO,FAIRFIELD,-122.03414916992188,38.285423278808594
8206014,2017,2017-01-18,4803,2017-01-02,1042,476,,1,5,5,4803,0,0,0,,0,00S,"5TH ST","IDAHO ST",54.00,N,N,B,C,N,,,,,,,,,,N,2,0,1,2,A,-,00,23103,A,F,A,E,A,B,H,-,A,D,0,,,,,Y,,A,01,1,0,0,0,0,0,0,0,0,"- ","- ",38.250950000000003,-122.06055000000001,SOLANO,FAIRFIELD,-122.06075,38.251228330000004
82060251,2023,2023-05-03,4805,2023-04-03,1445,CON01,2,1,5,4,4805,0,0,0,,0,001,"HWY 12","MARINA BLVD",0.00,,Y,A,-,Y,SOL,,12," ",R,5.149,H,,R,N,4,0,1,2,A,-,21,22106,,N,C,C,A,A,H,-,A,A,0,,,,,Y,,A,01,0,0,1,0,0,0,0,0,0,"- ","- ",38.244480133056641,-122.03156280517578,SOLANO,"SUISUN CITY",-122.03156280517578,38.244476318359375
82060926,2023,2023-05-04,4807,2023-03-07,2044,#741,VALLE,2,5,6,4807,0,0,0,,0,002,"SPRINGS RD","OAKWOOD AV",0.00,,Y,A,-,N,,,,,,,,,,N,4,0,1,2,A,-,12,21453,A,N,D,C,A,A,H,-,C,A,0,,,,,Y,,I,11,0,0,1,0,0,0,0,0,0,"- ","- ",38.105880737304688,-122.2177734375,SOLANO,VALLEJO,-122.21774291992188,38.105998992919922
82062827,2023,2023-05-08,4807,2023-03-05,"118 ",#747,VALLE,7,5,6,4807,0,0,0,,0,003,"ROBLES WY","REDBUD LN",152.00,W,N,C,-,N,,,,,,,,,,Y,3,0,1,3,A,-,01,23152,A,N,C,E,A,B,H,-,C,D,0,,,,,Y,Y,A,01,0,1,0,0,0,0,0,0,0,"- ","- ",38.080249786376953,-122.20645904541016,SOLANO,VALLEJO,-122.20651245117188,38.080692291259766
82067241,2023,2023-05-12,4803,2023-05-06,1243,1803,4803,6,5,5,4803,0,0,0,,0,001,"BUSINESS CENTER DRIVE","HEALTHCARE DRIVE (S)",430.00,E,N,A,-,N,,,,,,,,,,Y,3,0,1,2,A,-,09,21801,A,N,D,C,A,A,H,-,A,D,0,,,,,Y,,A,01,0,1,0,0,0,0,0,0,0,"- ","- ",38.216571807861328,-122.14434051513672,SOLANO,FAIRFIELD,,
82067245,2023,2023-05-12,4803,2023-05-08,"833 ",1735,,1,5,5,4803,0,0,0,,0,005,"DOVER AVENUE","EAST PACIFIC AVENUE",112.00,N,N,A,-,N,,,,,,,,,,N,4,0,1,2,A,-,03,22350,,N,C,C,A,B,H,-,A,D,0,,,,,Y,,A,01,0,0,1,0,0,0,0,0,0,"- ","- ",38.270359039306641,-122.02477264404297,SOLANO,FAIRFIELD,-122.02491760253906,38.270698547363281
82070382,2023,2023-05-17,4803,2023-04-25,"757 ",1771,,2,5,5,4803,0,0,0,,0,005,"AIR BASE PARKWAY","NORTH TEXAS STREET",390.00,W,N,A,-,N,,,,,,,,,,Y,4,0,3,3,A,-,03,22350,,N,C,D,A,A,H,-,A,D,0,,,,,Y,,A,07,0,0,3,0,0,0,0,0,0,"- ","- ",38.272930145263672,-122.03417205810547,SOLANO,FAIRFIELD,-122.03334808349609,38.273006439208984
82073345,2023,2023-05-22,4803,2023-05-16,1753,1563,,2,5,5,4803,0,0,0,,0,008,"EAST TABOR AVENUE","RAILROAD AVENUE",0.00,,Y,A,-,N,,,,,,,,,,Y,3,0,3,2,A,-,09,21802,A,N,D,C,A,A,H,-,A,A,0,,,,,Y,,A,01,0,3,0,0,0,0,0,0,0,"- ","- ",38.264980316162109,-122.00446319580078,SOLANO,FAIRFIELD,-122.00466156005859,38.265029907226562
82073750,2022,2023-05-22,4805,2022-05-15,1605,PAR01,5,7,5,4,4805,0,0,0,,0,002,"538 WIGEON WY","SNOW DR",0.00,,Y,A,-,N,,,,,,,,,,N,3,0,1,1,B,-,22,,,N,C,C,A,A,H,-,A,A,0,,,Y,,Y,,-,"- ",0,1,0,0,0,0,0,0,1,"- ","- ",38.245620727539062,-122.01064300537109,SOLANO,"SUISUN CITY",-122.01484680175781,38.245426177978516
82077015,2023,2023-05-25,4807,2023-04-17,1841,#765,VALLE,1,5,6,4807,0,0,0,,0,006,"SACRAMENTO ST","HICHBORN ST",85.00,N,N,A,-,N,,,,,,,,,,N,3,0,1,2,A,-,03,22350,,N,E,E,A,A,H,-,A,A,0,,,Y,,Y,,C,02,0,1,0,0,0,0,0,0,1,"- ","- ",38.113201141357422,-122.25803375244141,SOLANO,VALLEJO,-122.25803375244141,38.113422393798828
82078839,2023,2023-05-26,4803,2023-05-18,1409,1730,4803,4,5,5,4803,0,0,0,,0,005,"AIR BASE PARKWAY","AIR BASE PARKWAY EB ONRAMP (E)",340.00,E,N,A,-,N,,,,,,,,,,N,3,0,2,3,A,-,03,22350,,F,C,C,A,A,H,-,A,D,0,,,,,Y,,A,01,0,2,0,0,0,0,0,0,0,"- ","- ",38.272800445556641,-122.02336120605469,SOLANO,FAIRFIELD,,
82078965,2023,2023-05-26,4807,2023-01-31,1005,#752,VALLE,2,5,6,4807,0,0,0,,0,005,"SONOMA BL","CAROLINA ST",15.00,S,N,A,-,N,,,,,,,,,,N,3,0,1,2,A,-,11,21456,B,N,G,B,B,A,H,-,A,A,0,Y,,,,Y,,N,60,0,1,0,0,1,0,0,0,0,"- ","- ",38.104019165039062,-122.25489807128906,SOLANO,VALLEJO,-122.2548828125,38.104019165039062
82079680,2022,2023-05-26,4805,2022-01-26,1140,PAR01,2,3,5,4,4805,0,0,0,,0,001,"SUNSET AV","RAILROAD AVE",25.00,N,-,A,-,N,,,,,,,,,,N,4,0,1,2,A,-,03,22350,,M,C,C,A,A,H,-,D,A,0,,,,,Y,,A,01,0,0,1,0,0,0,0,0,0,"- ","- ",38.253780364990234,-122.01994323730469,SOLANO,"SUISUN CITY",-122.01985168457031,38.256309509277344
82079830,2023,2023-05-29,4807,2023-04-09,1716,#744,VALLE,7,5,6,4807,0,0,0,,0,004,"SONOMA BL","WINCHESTER ST",100.00,N,N,A,-,N,,,,,,,,,,Y,4,0,1,3,A,-,08,22107,,N,D,E,A,A,H,-,A,D,0,,,,,Y,,A,01,0,0,1,0,0,0,0,0,0,"- ","- ",38.086490631103516,-122.2423095703125,SOLANO,VALLEJO,-122.24228668212891,38.086513519287109
82079832,2023,2023-05-29,4807,2023-04-10,2123,#735,VALLE,1,5,6,4807,0,0,0,,0,005,"SONOMA BL","GEORGIA ST",0.00,,Y,A,-,Y,SOL,,29," "," ",2.200,H,,R,Y,4,0,1,2,A,-,12,21453,A,N,D,C,A,A,H,-,C,A,0,,,,Y,Y,,F,26,0,0,1,0,0,0,0,0,0,"- ","- ",38.101100921630859,-122.25496673583984,SOLANO,VALLEJO,-122.25495147705078,38.101100921630859