CASE_ID,ACCIDENT_YEAR,PROC_DATE,JURIS,COLLISION_DATE,COLLISION_TIME,OFFICER_ID,REPORTING_DISTRICT,DAY_OF_WEEK,CHP_SHIFT,POPULATION,CNTY_CITY_LOC,SPECIAL_COND,BEAT_TYPE,CHP_BEAT_TYPE,CITY_DIVISION_LAPD,CHP_BEAT_CLASS,BEAT_NUMBER,PRIMARY_RD,SECONDARY_RD,DISTANCE,DIRECTION,INTERSECTION,WEATHER_1,WEATHER_2,STATE_HWY_IND,CALTRANS_COUNTY,CALTRANS_DISTRICT,STATE_ROUTE,ROUTE_SUFFIX,POSTMILE_PREFIX,POSTMILE,LOCATION_TYPE,RAMP_INTERSECTION,SIDE_OF_HWY,TOW_AWAY,COLLISION_SEVERITY,NUMBER_KILLED,NUMBER_INJURED,PARTY_COUNT,PRIMARY_COLL_FACTOR,PCF_CODE_OF_VIOL,PCF_VIOL_CATEGORY,PCF_VIOLATION,PCF_VIOL_SUBSECTION,HIT_AND_RUN,TYPE_OF_COLLISION,MVIW,PED_ACTION,ROAD_SURFACE,ROAD_COND_1,ROAD_COND_2,LIGHTING,CONTROL_DEVICE,CHP_ROAD_TYPE,PEDESTRIAN_ACCIDENT,BICYCLE_ACCIDENT,MOTORCYCLE_ACCIDENT,TRUCK_ACCIDENT,NOT_PRIVATE_PROPERTY,ALCOHOL_INVOLVED,STWD_VEHTYPE_AT_FAULT,CHP_VEHTYPE_AT_FAULT,COUNT_SEVERE_INJ,COUNT_VISIBLE_INJ,COUNT_COMPLAINT_PAIN,COUNT_PED_KILLED,COUNT_PED_INJURED,COUNT_BICYCLIST_KILLED,COUNT_BICYCLIST_INJURED,COUNT_MC_KILLED,COUNT_MC_INJURED,PRIMARY_RAMP,SECONDARY_RAMP,LATITUDE,LONGITUDE,COUNTY,CITY,POINT_X,POINT_Y
82359501,2024,2024-04-09,4807,2024-02-16,"153 ",#621,,5,5,6,4807,0,0,0,,0,004,"SONOMA BL","CURTOLA PKWY",0.00,,Y,A,-,Y,SOL,,29," "," ",1.918,H,,R,Y,4,0,2,2,A,-,12,21453,A,N,D,C,A,A,H,-,C,A,0,,,,,Y,,-,"- ",0,0,2,0,0,0,0,0,0,"- ","- ",38.097049713134766,-122.25508117675781,SOLANO,VALLEJO,-122.2550048828125,38.097084045410156
82363537,2024,2024-04-15,4803,2024-03-26,"846 ",1771,,2,5,5,4803,0,0,0,,0,001,"LOPES ROAD","WOODSIDE WAY",0.00,,Y,A,-,N,,,,,,,,,,Y,4,0,1,2,A,-,09,21804,A,N,D,C,A,A,H,-,A,A,0,,,,,Y,,A,07,0,0,1,0,0,0,0,0,0,"- ","- ",38.177570343017578,-122.13144683837891,SOLANO,FAIRFIELD,-122.13130187988281,38.176486968994141
82363539,2024,2024-04-15,4803,2024-04-11,1352,1474,,4,5,5,4803,0,0,0,,0,005,"PENNSYLVANIA AVENUE","TEXAS STREET",0.00,,Y,A,-,N,,,,,,,,,,N,3,0,1,2,A,-,03,22350,,N,C,C,A,A,H,-,A,A,0,,,,,Y,,A,01,0,1,0,0,0,0,0,0,0,"- ","- ",38.249248504638672,-122.04979705810547,SOLANO,FAIRFIELD,-122.04997253417969,38.249244689941406
82372461,2024,2024-04-23,4803,2024-04-05,1527,1730,4803,5,5,5,4803,0,0,0,,0,003,"MANUEL CAMPOS PARKWAY","NORTH TEXAS STREET",0.00,,Y,B,-,N,,,,,,,,,,N,3,0,1,4,A,-,08,22107,,N,B,C,A,B,H,-,A,D,0,,,,,Y,,D,82,0,1,0,0,0,0,0,0,0,"- ","- ",38.293769836425781,-122.03179168701172,SOLANO,FAIRFIELD,-122.03184509277344,38.293659210205078
82374857,2024,2024-04-25,4805,2024-04-16,"916 ",VER01,7,2,5,4,4805,0,0,0,,0,002,"PINTAIL DR","EMPEROR DR",0.00,,Y,A,-,N,,,,,,,,,,N,3,0,1,2,A,-,09,21800,A,N,D,C,A,A,H,-,A,A,0,,,,,Y,,A,07,0,1,0,0,0,0,0,0,0,"- ","- ",38.247890472412109,-122.00486755371094,SOLANO,"SUISUN CITY",-122.00485229492188,38.247875213623047
82379011,2024,2024-05-01,4803,2024-04-29,1545,1822,FPD,1,5,5,4803,0,0,0,,0,008,"PEABODY ROAD","CEMENT HILL ROAD",0.00,,Y,A,-,N,,,,,,,,,,N,4,0,1,2,A,-,04,21703,,N,C,C,A,A,H,-,A,A,0,,,,,Y,,A,01,0,0,1,0,0,0,0,0,0,"- ","- ",38.289741516113281,-121.96965789794922,SOLANO,FAIRFIELD,-121.96958923339844,38.286865234375
82380869,2024,2024-05-03,4803,2024-04-23,2116,1714,,2,5,5,4803,0,0,0,,0,008,"AIR BASE PARKWAY","CLAY BANK ROAD",284.00,E,N,A,-,N,,,,,,,,,,Y,3,0,1,3,A,-,09,21804,A,N,B,C,A,A,H,-,C,A,0,,,,,Y,,A,01,0,1,0,0,0,0,0,0,0,"- ","- ",38.272579193115234,-122.00639343261719,SOLANO,FAIRFIELD,-122.00605773925781,38.272453308105469
82380870,2024,2024-05-03,4803,2024-04-26,1249,1797,,5,5,5,4803,0,0,0,,0,002,"WOOLNER AVENUE","BECK AVENUE",0.00,,Y,A,-,N,,,,,,,,,,Y,3,0,3,2,A,-,17,21451,A,N,A,C,A,A,H,-,A,A,0,,,,,Y,,A,01,0,1,2,0,0,0,0,0,0,"- ","- ",38.245128631591797,-122.06625366210938,SOLANO,FAIRFIELD,-122.06623840332031,38.245212554931641
82383176,2024,2024-05-07,4803,2024-04-29,"831 ",1771,,1,5,5,4803,0,0,0,,0,002,"EMPIRE STREET","JEFFERSON STREET",0.00,,Y,A,-,N,,,,,,,,,,Y,3,0,2,2,A,-,12,22450,,N,D,C,A,A,H,-,A,A,0,,,,,Y,,A,07,0,2,0,0,0,0,0,0,0,"- ","- ",38.250339508056641,-122.04171752929688,SOLANO,FAIRFIELD,-122.04187774658203,38.250331878662109
82389937,2024,2024-08-14,4805,2024-05-12,1906,KHA01,,7,5,4,4805,0,0,0,,0,003,"WALTERS RD","PETERSEN RD",0.00,,Y,A,-,N,,,,,,,,,,N,3,0,1,1,A,-,08,22107,,N,E,I,A,A,H,-,A,A,0,,,,,Y,,A,01,0,1,0,0,0,0,0,0,0,"- ","- ",38.243499755859375,-121.98828125,SOLANO,"SUISUN CITY",-121.98825836181641,38.243465423583984
82392161,2024,2024-05-17,4803,2024-05-08,1100,1780,,3,5,5,4803,0,0,0,,0,008,"EAST TABOR AVENUE","MANOR PLACE",34.00,N,N,A,-,N,,,,,,,,,,N,3,0,1,2,A,-,03,22350,,N,C,C,A,A,H,-,A,D,0,,,,,Y,,A,01,0,1,0,0,0,0,0,0,0,"- ","- ",38.265239715576172,-122.01290893554688,SOLANO,FAIRFIELD,-122.01312255859375,38.265228271484375
82392165,2024,2024-05-17,4803,2024-05-09,1345,1780,,4,5,5,4803,0,0,0,,0,004,"PENNSYLVANIA AVENUE","UTAH STREET",0.00,,Y,A,-,N,,,,,,,,,,N,3,0,2,2,A,-,12,21453,A,N,D,C,A,A,H,-,A,A,0,,,,,Y,,A,01,0,2,0,0,0,0,0,0,0,"- ","- ",38.254478454589844,-122.04976654052734,SOLANO,FAIRFIELD,-122.04998779296875,38.2545166015625
82394518,2024,2024-05-21,4805,2024-04-13,2000,FLO02,,6,5,4,4805,0,0,0,,0,003,"HWY 12","OF THE EAST PROLONGATION CURB LINE OF WALTERS RD",54.00,E,-,A,-,Y,SOL,,12," "," ",7.479,H,,R,N,4,0,1,2,A,-,09,21800,A,N,D,C,A,A,H,-,C,A,0,,,,,Y,,A,01,0,0,1,0,0,0,0,0,0,"- ","- ",38.240261077880859,-121.98964691162109,SOLANO,"SUISUN CITY",-121.98985290527344,38.240104675292969
82396596,2024,2024-05-23,4803,2024-05-12,1453,1822,,7,5,5,4803,0,0,0,,0,005,"EAST PACIFIC AVENUE","NORTH TEXAS STREET",0.00,,Y,A,-,N,,,,,,,,,,N,4,0,1,2,A,-,09,21804,A,F,D,G,A,A,H,-,A,D,0,,Y,,,Y,,A,01,0,0,1,0,0,0,1,0,0,"- ","- ",38.268928527832031,-122.03414916992188,SOLANO,FAIRFIELD,-122.03416442871094,38.268844604492188
82398685,2023,2024-05-27,4807,2023-11-26,"36  ",#635,,7,5,6,4807,0,0,0,,0,007,"BROADWAY ST","SERENO DR",75.00,N,N,A,-,N,,,,,,,,,,Y,1,1,3,2,A,-,01,23152,B,N,A,C,A,A,H,-,C,A,0,,,,,Y,Y,A,07,3,0,0,0,0,0,0,0,0,"- ","- ",38.127761840820312,-122.25157928466797,SOLANO,VALLEJO,-122.25160217285156,38.127971649169922
82402836,2024,2024-05-31,4807,2024-04-01,1603,2244,,1,5,6,4807,0,0,0,,0,002,"GEORGIA ST","STEFFAN ST",19.00,W,N,A,-,N,,,,,,,,,,Y,4,0,1,2,A,-,12,21453,A,F,D,C,A,A,H,-,A,A,0,,,,,Y,,A,01,0,0,1,0,0,0,0,0,0,"- ","- ",38.100841522216797,-122.22850036621094,SOLANO,VALLEJO,-122.22855377197266,38.10076904296875
82406150,2024,2024-06-05,4803,2024-05-29,1301,1697,,3,5,5,4803,0,0,0,,0,005,"AIR BASE PARKWAY","HEATH DRIVE",27.00,W,N,A,-,N,,,,,,,,,,N,4,0,1,2,A,-,03,22350,,F,C,C,A,A,H,-,A,A,0,,,,,Y,,-,99,0,0,1,0,0,0,0,0,0,"- ","- ",38.272869110107422,-122.04277038574219,SOLANO,FAIRFIELD,-122.04281616210938,38.272636413574219
82412145,2024,2024-06-12,4803,2024-04-07,"100 ",1739,,7,5,5,4803,0,0,0,,0,006,"COOLIDGE STREET","EAST TENNESSEE STREET",200.00,N,N,A,-,N,,,,,,,,,,N,4,0,1,2,A,-,08,22107,,N,C,E,A,A,H,-,C,D,0,,,,,Y,,D,22,0,0,1,0,0,0,0,0,0,"- ","- ",38.253868103027344,-122.02690124511719,SOLANO,FAIRFIELD,-122.02685546875,38.25433349609375
82412150,2024,2024-06-13,4803,2024-06-01,2305,1825,,6,5,5,4803,0,0,0,,0,006,"EAST TABOR AVENUE","NORTH TEXAS STREET",230.00,E,N,A,-,N,,,,,,,,,,N,4,0,1,2,A,-,11,21954,A,N,G,B,D,A,H,-,C,D,0,Y,,,,Y,,N,60,0,0,1,0,1,0,0,0,0,"- ","- ",38.265651702880859,-122.0341796875,SOLANO,FAIRFIELD,-122.03338623046875,38.265548706054688
82413435,2024,2024-06-13,4803,2024-05-21,1636,1753,,2,5,5,4803,0,0,0,,0,003,"TRAVIS BOULEVARD","HOLIDAY LANE",227.00,W,N,A,-,N,,,,,,,,,,N,4,0,1,2,A,-,03,22350,,N,C,C,A,A,H,-,A,A,0,,,,,Y,Y,A,01,0,0,1,0,0,0,0,0,0,"- ","- ",38.258369445800781,-122.06507110595703,SOLANO,FAIRFIELD,-122.06584167480469,38.258258819580078
82413444,2024,2024-06-13,4803,2024-06-06,1244,1697,,4,5,5,4803,0,0,0,,0,004,"THE COURTYARD","MAUPIN LANE",276.00,W,N,A,-,N,,,,,,,,,,N,4,0,1,2,A,-,09,21801,A,N,D,C,A,A,H,-,A,D,0,,,,,Y,,A,01,0,0,1,0,0,0,0,0,0,"- ","- ",,,SOLANO,FAIRFIELD,,
82413451,2024,2024-06-13,4803,2024-06-06,2306,1820,,4,5,5,4803,0,0,0,,0,001,"BUSINESS CENTER DRIVE","WESTAMERICA DRIVE",202.00,S,N,A,-,N,,,,,,,,,,Y,4,0,2,1,A,-,08,22107,,N,F,A,A,A,H,-,C,D,0,,,,,Y,,A,01,0,0,2,0,0,0,0,0,0,"- ","- ",38.225868225097656,-122.13265991210938,SOLANO,FAIRFIELD,-122.13261413574219,38.225929260253906
82418909,2024,2024-06-20,4803,2024-06-09,1713,1771,,7,5,5,4803,0,0,0,,0,008,"EAST TABOR AVENUE","CARDINAL WAY",13.00,E,N,A,-,N,,,,,,,,,,Y,3,0,1,4,A,-,08,22103,,N,D,C,A,A,H,-,A,D,0,,,,,Y,,A,01,0,1,0,0,0,0,0,0,0,"- ","- ",38.265338897705078,-122.02140045166016,SOLANO,FAIRFIELD,-122.02141571044922,38.265388488769531
82418916,2024,2024-06-20,4803,2024-06-14,1438,652,,5,5,5,4803,0,0,0,,0,001,"CHADBOURNE ROAD","LOW COURT",0.00,,Y,A,-,Y,,,,,,,,,,Y,4,0,3,2,A,-,12,21453,A,N,D,C,A,A,H,-,A,A,0,,,,,Y,,A,01,0,0,3,0,0,0,0,0,0,"- ","- ",38.235679626464844,-122.08396148681641,SOLANO,FAIRFIELD,-122.08400726318359,38.23577880859375
82418920,2024,2024-06-20,4803,2024-06-16,1245,1771,,7,5,5,4803,0,0,0,,0,001,"BUSCH DRIVE","HALE RANCH ROAD",1266.00,E,N,A,-,N,,,,,,,,,,Y,4,0,1,2,A,-,09,21801,A,N,D,C,A,A,H,-,A,D,0,,,,,Y,,A,01,0,0,1,0,0,0,0,0,0,"- ","- ",38.237510681152344,-122.09581756591797,SOLANO,FAIRFIELD,-122.09220886230469,38.238845825195312
82419420,2024,2024-06-20,4805,2024-05-26,"231 ",FLO02,,7,5,4,4805,0,0,0,,0,003,"WALTERS RD","HIGHWAY 12",0.00,,Y,A,-,Y,,,,,,,,,,Y,3,0,1,1,A,-,01,23152,A,N,E,J,A,A,H,-,C,A,0,,,,,Y,Y,A,01,0,1,0,0,0,0,0,0,0,"- ","- ",38.241058349609375,-121.98863220214844,SOLANO,"SUISUN CITY",-121.98977661132812,38.240352630615234
82421404,2024,2024-06-24,4807,2024-04-29,1418,G159,,1,5,6,4807,0,0,0,,0,006,"SACRAMENTO ST","FRISBIE ST",27.00,S,N,A,-,N,,,,,,,,,,Y,4,0,1,2,A,-,09,21801,A,N,D,C,A,A,H,-,A,D,0,,,,,Y,,A,01,0,0,1,0,0,0,0,0,0,"- ","- ",38.117168426513672,-122.25807952880859,SOLANO,VALLEJO,-122.25806427001953,38.117088317871094
82429100,2024,2024-07-03,4803,2024-06-24,1919,1714,,1,5,5,4803,0,0,0,,0,008,"VANDEN ROAD","LEISURE TOWN ROAD",1610.00,S,N,A,-,N,,,,,,,,,,Y,3,0,2,2,A,-,08,22105,,N,D,C,A,A,H,-,A,D,0,,,,,Y,,A,01,0,1,1,0,0,0,0,0,0,"- ","- ",38.305011749267578,-121.94930267333984,SOLANO,FAIRFIELD,-121.94315338134766,38.312633514404297
82430515,2024,2024-07-04,4803,2024-07-02,1303,1492,,2,5,5,4803,0,0,0,,0,001,"GREEN VALLEY ROAD","BUSINESS CENTER DRIVE",0.00,,Y,A,-,N,,,,,,,,,,N,3,0,1,2,-,-,"- ",,,N,C,C,A,A,H,-,A,A,0,,,,,Y,,-,"- ",0,1,0,0,0,0,0,0,0,"- ","- ",38.218391418457031,-122.14125061035156,SOLANO,FAIRFIELD,-122.14144134521484,38.218292236328125
82437450,2024,2024-07-12,4807,2024-04-28,2058,#2281,,7,5,6,4807,0,0,0,,0,008,"MEADOWS DR","AZALEA CT",0.00,,Y,A,-,N,,,,,,,,,,Y,4,0,1,2,A,-,08,22107,,N,B,E,A,A,H,-,C,A,0,,,,,Y,,A,01,0,0,1,0,0,0,0,0,0,"- ","- ",38.148178100585938,-122.26737976074219,SOLANO,VALLEJO,-122.26734161376953,38.148174285888672
82438615,2024,2024-07-15,4807,2024-05-25,1131,#763,,6,5,6,4807,0,0,0,,0,002,"MAPLE AV","WEBB ST",18.00,S,N,B,-,N,,,,,,,,,,Y,4,0,3,2,A,-,01,23152,A,F,A,C,A,A,H,-,A,A,0,,,,,Y,Y,A,01,0,0,3,0,0,0,0,0,0,"- ","- ",38.101829528808594,-122.22104644775391,SOLANO,VALLEJO,-122.22105407714844,38.101730346679688
82601484,2024,2024-07-25,4803,2024-07-10,1548,1751,,3,5,5,4803,0,0,0,,0,004,"PENNSYLVANIA AVENUE","EMPIRE STREET",0.00,,Y,A,-,N,,,,,,,,,,N,2,0,1,2,A,-,01,23152,A,N,G,B,E,A,H,-,A,A,0,Y,,,,Y,,A,01,1,0,0,0,1,0,0,0,0,"- ","- ",38.250320434570312,-122.04976654052734,SOLANO,FAIRFIELD,-122.04997253417969,38.250343322753906
82601497,2024,2024-07-25,4803,2024-07-16,2139,1819,,2,5,5,4803,0,0,0,,0,00W,"WATERMAN BOULEVARD","HILBORN ROAD",0.00,,Y,A,-,N,,,,,,,,,,Y,4,0,2,2,A,-,09,21453,C,N,D,C,A,A,H,-,C,A,0,,,,,Y,,A,01,0,0,2,0,0,0,0,0,0,"- ","- ",38.273399353027344,-122.05252075195312,SOLANO,FAIRFIELD,-122.052490234375,38.273311614990234
82699983,2024,2024-07-26,4803,2024-07-20,1259,1797,,6,5,5,4803,0,0,0,,0,00S,"WEBSTER STREET","OHIO STREET",0.00,,Y,A,-,N,,,,,,,,,,N,4,0,1,2,A,-,09,21802,A,N,D,C,A,A,H,-,A,A,0,,,,,Y,,A,01,0,0,1,0,0,0,0,0,0,"- ","- ",38.244609832763672,-122.043212890625,SOLANO,FAIRFIELD,-122.04322814941406,38.244743347167969
82799980,2024,2024-07-29,4803,2024-07-25,1740,1730,,4,5,5,4803,0,0,0,,0,00W,"WEST TEXAS STREET","FIFTH STREET",0.00,,Y,A,-,N,,,,,,,,,,N,3,0,3,4,A,-,03,22350,,N,C,C,A,A,H,-,A,A,0,,,,,Y,,A,01,0,3,0,0,0,0,0,0,0,"- ","- ",38.249210357666016,-122.06056976318359,SOLANO,FAIRFIELD,-122.06071472167969,38.249271392822266
82800494,2024,2024-07-29,4805,2024-07-19,1714,DOO01,,5,5,4,4805,0,0,0,,0,002,"POTRERO CIR","MARSTON CT",0.00,,Y,A,-,N,,,,,,,,,,Y,4,0,1,3,A,-,09,21801,A,N,D,C,A,A,H,-,A,A,0,,,,,Y,,A,01,0,0,1,0,0,0,0,0,0,"- ","- ",38.238250732421875,-121.99510955810547,SOLANO,"SUISUN CITY",-121.99507904052734,38.23822021484375
8282854,2017,2017-01-25,4806,2017-01-06,0903,609,103,5,5,5,4806,0,0,0,,0,001,"ALAMO DR","OAK VIEW DR",37.00,S,N,A,-,N,,,,,,,,,,Y,4,0,1,3,A,-,03,22350,,N,C,C,A,A,H,-,A,D,0,,,,,Y,,A,07,0,0,1,0,0,0,0,0,0,"- ","- ",,,SOLANO,VACAVILLE,-122.00613382,38.351877960000003
8283251,2016,2017-02-08,4806,2016-12-23,1817,457,,5,5,5,4806,0,0,0,,0,,"NUT TREE RD","SUMMERFIELD DR",78.00,N,N,A,-,N,,,,,,,,,,Y,4,0,2,2,A,-,03,22350,,N,C,C,A,A,H,-,C,A,0,,,,,Y,,A,01,0,0,2,0,0,0,0,0,0,"- ","- ",,,SOLANO,VACAVILLE,-121.95320359,38.355324179999997
8283326,2017,2017-01-30,4806,2017-01-03,1347,609,708,2,5,5,4806,0,0,0,,0,006,"PEABODY RD","FOXBORO PKY",2112.00,S,N,C,-,N,,,,,,,,,,Y,4,0,2,3,A,-,03,22350,,N,C,C,A,B,H,-,A,A,0,,,,,Y,,A,01,0,0,2,0,0,0,0,0,0,"- ","- ",,,SOLANO,VACAVILLE,-121.97047816,38.317669000000002
8284130,2017,2017-02-24,4803,2017-01-04,2147,1552,SOLAN,3,5,5,4803,0,0,0,,0,0CE,"CEMENT HILL RD","ATLANTIC AV",0.00,,Y,C,-,N,,,,,,,,,,Y,4,0,4,1,A,-,03,22350,,N,E,I,A,B,H,-,C,A,0,,,,,Y,,A,01,0,0,4,0,0,0,0,0,0,"- ","- ",38.276359999999997,-122.03413,SOLANO,FAIRFIELD,-122.03104995,38.276779910000002
8284134,2017,2017-02-24,4803,2017-01-05,0822,684,CE,4,5,5,4803,0,0,0,,0,0CE,"NORTH TEXAS ST","TRANSPORTATION CT",475.00,N,N,A,-,N,,,,,,,,,,Y,3,0,1,2,A,-,01,23152,A,N,D,C,A,A,H,-,A,D,0,,,,,Y,Y,A,01,0,1,0,0,0,0,0,0,0,"- ","- ",,,SOLANO,FAIRFIELD,-122.03410433000001,38.289794630000003
8284154,2017,2017-02-24,4803,2017-01-15,1321,186,SOLAN,7,5,5,4803,0,0,0,,0,00W,"OLIVER RD","WEST TEXAS ST",0.00,,Y,A,-,N,,,,,,,,,,Y,4,0,1,2,A,-,08,22107,,F,B,C,A,A,H,-,A,A,0,,,,,Y,,-,,0,0,1,0,0,0,0,0,0,"- ","- ",38.249839999999999,-122.07043,SOLANO,FAIRFIELD,-122.07049995,38.249829990000002
8291083,2017,2017-08-04,4804,2017-01-11,1504,RV92,273,3,5,2,4804,0,0,0,,0,001,"E RT 12","CHURCH RD",3150.00,E,N,A,-,Y,SOL,4,12,-,-,25.420,H,-,E,N,4,0,2,2,A,-,03,22350,,N,C,C,A,A,H,-,A,A,0,,,,,Y,,A,01,0,0,2,0,0,0,0,0,0,"- ","- ",,,SOLANO,"RIO VISTA",-121.70105255999999,38.163998929999998
8292290,2017,2017-04-11,4801,2017-01-30,1930,3922,4801,1,5,4,4801,0,0,0,,0,003,"ROSE DR","PANORAMA DR",0.00,,Y,A,-,N,,,,,,,,,,N,4,0,1,2,A,-,12,22450,A,N,G,B,B,A,H,-,C,A,0,Y,,,,Y,,A,01,0,0,1,0,1,0,0,0,0,"- ","- ",,,SOLANO,BENICIA,-122.15213996,38.079909919999999
8293493,2016,2017-02-02,4807,2016-11-28,0800,578,VALLE,1,5,6,4807,0,0,0,,0,004,GEORGIA,PERKINS,0.00,,Y,A,-,N,,,,,,,,,,Y,4,0,3,2,A,-,09,21802,A,N,D,C,A,A,H,-,A,D,0,,,,,Y,,-,,0,0,3,0,0,0,0,0,0,"- ","- ",,,SOLANO,VALLEJO,-122.23715991,38.100859999999997
8294062,2017,2017-02-01,4803,2017-01-19,1959,1531,4803,4,5,5,4803,0,0,0,,0,00E,"AIR BASE PKWY","CLAY BANK RD",600.00,W,N,B,-,N,,,,,,,,,,Y,4,0,1,1,A,-,08,22107,,N,E,I,A,A,H,-,D,D,0,,,,,Y,,A,07,0,0,1,0,0,0,0,0,0,"- ","- ",38.272579999999998,-122.00639,SOLANO,FAIRFIELD,-122.00867055000001,38.272599999999997
8303867,2016,2017-02-08,4805,2016-11-18,1747,5L85,4805,5,5,4,4805,0,0,0,,0,001,"CORDELIA RD","WEST ST",32.00,E,N,A,-,N,,,,,,,,,,N,4,0,1,2,A,-,11,21954,A,N,G,B,D,A,H,-,D,D,0,Y,,,,Y,,N,60,0,0,1,0,1,0,0,0,0,"- ","- ",,,SOLANO,"SUISUN CITY",-122.04384856,38.235880000000002
8304363,2017,2017-03-01,4803,2017-01-21,1041,1641,SOLAN,6,5,5,4803,0,0,0,,0,00S,"WEST TEXAS ST","5TH ST",0.00,,Y,A,-,N,,,,,,,,,,N,4,0,1,3,A,-,03,22350,,N,C,C,B,A,H,-,A,A,0,Y,,,,Y,,D,22,0,0,1,0,1,0,0,0,0,"- ","- ",38.24935,-122.06054,SOLANO,FAIRFIELD,-122.06071985,38.249269890000001
8304593,2017,2017-06-28,4807,2017-01-19,0045,694,VALLE,4,5,6,4807,0,0,0,,0,005,"SONOMA BL","ILLINOIS ST",147.00,S,N,C,-,Y,SOL,4,29,-,-,2.920,H,-,N,N,2,0,1,2,A,-,11,21954,A,N,G,B,C,B,H,-,C,A,0,Y,,,,Y,,N,60,1,0,0,0,1,0,0,0,0,"- ","- ",,,SOLANO,VALLEJO,-122.25471372,38.111454440000003
8308644,2017,2017-02-28,4803,2017-02-03,1514,1565,SOLAN,5,5,5,4803,0,0,0,,0,00E,"PEABODY RD","DOBE LN",39.00,N,N,A,-,N,,,,,,,,,,Y,4,0,1,2,A,-,04,21703,,N,C,C,A,A,H,-,A,A,0,,,,,Y,Y,A,01,0,0,1,0,0,0,0,0,0,"- ","- ",38.276040000000002,-121.96973,SOLANO,FAIRFIELD,-121.96969959,38.276107119999999
8319691,2017,2017-03-09,4806,2017-02-24,2027,457,,5,5,5,4806,0,0,0,,0,,"SARA CT","TULARE DR",0.00,,N,A,-,N,,,,,,,,,,N,3,0,1,1,A,-,01,23152,A,N,E,I,A,A,H,-,C,A,0,,,,,Y,Y,D,22,0,1,0,0,0,0,0,0,0,"- ","- ",,,SOLANO,VACAVILLE,-121.96503998,38.336559960000002
8323447,2017,2017-03-15,4806,2017-02-11,1448,234,405,6,5,5,4806,0,0,0,,0,,"LEISURE TOWN RD","STONEGATE DR",652.00,N,N,A,-,N,,,,,,,,,,N,3,0,1,1,A,-,03,22350,,N,H,I,A,A,H,-,A,A,0,,,Y,,Y,,C,02,0,1,0,0,0,0,0,0,1,"- ","- ",,,SOLANO,VACAVILLE,-121.93389686,38.366019799999997
8323479,2017,2017-03-16,4806,2017-02-17,1336,609,703,5,5,5,4806,0,0,0,,0,,"MARSHALL RD","ALAMO DR",261.00,N,N,B,C,N,,,,,,,,,,Y,3,0,1,2,A,-,06,21755,,N,D,C,A,B,H,-,A,D,0,,,Y,,Y,,C,02,0,1,0,0,0,0,0,0,1,"- ","- ",,,SOLANO,VACAVILLE,-121.99343422,38.342813040000003
8326023,2017,2017-03-17,4807,2017-02-24,0904,599,VPD,5,5,6,4807,0,0,0,,0,007,"DEL MAR AV","VALLE VISTA AV",0.00,,Y,A,-,N,,,,,,,,,,N,4,0,1,2,A,-,09,21802,A,N,D,C,A,A,H,-,A,A,0,,,,,Y,,-,,0,0,1,0,0,0,0,0,0,"- ","- ",,,SOLANO,VALLEJO,-122.23495998999999,38.126240000000003
8326229,2017,2017-04-06,4803,2017-01-12,2117,1506,,4,5,5,4803,0,0,0,,0,0CO,"FERMI DR","WATT DR",829.00,E,N,A,-,N,,,,,,,,,,Y,4,0,1,2,A,-,08,22102,,N,D,C,A,A,H,-,C,D,0,,,,,Y,,A,07,0,0,1,0,0,0,0,0,0,"- ","- ",,,SOLANO,FAIRFIELD,-122.14613722999999,38.200828860000001
8326306,2017,2017-08-01,4807,2017-02-12,0204,637,VALLE,7,5,6,4807,0,0,0,,0,008,"SONOMA BL",MEADOWS,54.00,N,N,A,-,Y,SOL,4,29,-,-,5.380,H,-,S,Y,4,0,6,3,A,-,03,22350,,F,C,C,A,A,H,-,C,A,0,,,,,Y,Y,A,01,0,0,6,0,0,0,0,0,0,"- ","- ",,,SOLANO,VALLEJO,-122.25487330999999,38.148029379999997
8326465,2016,2017-05-22,4807,2016-08-04,1338,630,VALLE,4,5,6,4807,0,0,0,,0,008,"FAIRGROUNDS DR","RT 37",0.00,,Y,A,-,Y,SOL,4,37,-,R,11.093,R,4,W,Y,4,0,2,2,A,-,09,21453,,N,D,D,A,A,H,-,A,A,0,,,,,Y,,-,"- ",0,0,2,0,0,0,0,0,0,"- ",WF,,,SOLANO,VALLEJO,-122.23023351000001,38.141471209999999
8326647,2017,2017-04-29,4803,2017-03-05,2014,1578,,7,5,5,4803,0,0,0,,0,,"AIR BASE PKWY","WALTERS RD",394.00,E,N,A,-,N,,,,,,,,,,N,4,0,1,2,A,-,03,22350,,N,C,C,A,A,H,-,C,A,0,,,,,Y,,A,01,0,0,1,0,0,0,0,0,0,"- ","- ",38.271569999999997,-121.98795,SOLANO,FAIRFIELD,-121.98667413,38.27185893
8332962,2017,2017-03-30,4806,2017-03-03,1506,596,601,5,5,5,4806,0,0,0,,0,,"MARSHALL RD","PEABODY RD",580.00,W,N,A,-,N,,,,,,,,,,N,3,0,6,3,A,-,03,22350,,N,C,C,A,A,H,-,A,A,0,,,,,Y,Y,A,01,0,1,5,0,0,0,0,0,0,"- ","- ",,,SOLANO,VACAVILLE,-121.97597771,38.345515519999999
8333027,2017,2018-02-10,4807,2017-03-06,1320,633,VPD,1,5,6,4807,0,0,0,,0,007,"FAIRGROUNDS DR","RT 37",0.00,,Y,B,-,Y,SOL,4,37,-,-,10.756,R,4,E,Y,3,0,1,2,A,-,12,21453,A,N,D,C,A,A,H,-,A,A,0,,,,,Y,,D,22,0,1,0,0,0,0,0,0,0,"- ",EO,,,SOLANO,VALLEJO,-122.23630553,38.141274269999997