CASE_ID,ACCIDENT_YEAR,PROC_DATE,JURIS,COLLISION_DATE,COLLISION_TIME,OFFICER_ID,REPORTING_DISTRICT,DAY_OF_WEEK,CHP_SHIFT,POPULATION,CNTY_CITY_LOC,SPECIAL_COND,BEAT_TYPE,CHP_BEAT_TYPE,CITY_DIVISION_LAPD,CHP_BEAT_CLASS,BEAT_NUMBER,PRIMARY_RD,SECONDARY_RD,DISTANCE,DIRECTION,INTERSECTION,WEATHER_1,WEATHER_2,STATE_HWY_IND,CALTRANS_COUNTY,CALTRANS_DISTRICT,STATE_ROUTE,ROUTE_SUFFIX,POSTMILE_PREFIX,POSTMILE,LOCATION_TYPE,RAMP_INTERSECTION,SIDE_OF_HWY,TOW_AWAY,COLLISION_SEVERITY,NUMBER_KILLED,NUMBER_INJURED,PARTY_COUNT,PRIMARY_COLL_FACTOR,PCF_CODE_OF_VIOL,PCF_VIOL_CATEGORY,PCF_VIOLATION,PCF_VIOL_SUBSECTION,HIT_AND_RUN,TYPE_OF_COLLISION,MVIW,PED_ACTION,ROAD_SURFACE,ROAD_COND_1,ROAD_COND_2,LIGHTING,CONTROL_DEVICE,CHP_ROAD_TYPE,PEDESTRIAN_ACCIDENT,BICYCLE_ACCIDENT,MOTORCYCLE_ACCIDENT,TRUCK_ACCIDENT,NOT_PRIVATE_PROPERTY,ALCOHOL_INVOLVED,STWD_VEHTYPE_AT_FAULT,CHP_VEHTYPE_AT_FAULT,COUNT_SEVERE_INJ,COUNT_VISIBLE_INJ,COUNT_COMPLAINT_PAIN,COUNT_PED_KILLED,COUNT_PED_INJURED,COUNT_BICYCLIST_KILLED,COUNT_BICYCLIST_INJURED,COUNT_MC_KILLED,COUNT_MC_INJURED,PRIMARY_RAMP,SECONDARY_RAMP,LATITUDE,LONGITUDE,COUNTY,CITY,POINT_X,POINT_Y
8829757,2019,2019-04-12,4807,2019-03-06,1147,718,4807,3,5,6,4807,0,0,0,,0,005,"COUCH ST","REDWOOD ST",0.00,,Y,B,C,N,,,,,,,,,,N,4,0,1,2,A,-,03,22350,,N,C,C,A,B,H,-,A,A,0,,,,,Y,,J,43,0,0,1,0,0,0,0,0,0,"- ","- ",38.122360229492188,-122.25193023681641,SOLANO,VALLEJO,-122.25190734863281,38.122310638427734
8830308,2019,2019-03-27,4807,2019-01-18,1500,684,4807,5,5,6,4807,0,0,0,,0,004,"LEMON ST","5TH ST",0.00,,Y,A,-,N,,,,,,,,,,Y,4,0,3,3,A,-,12,22450,,N,D,C,A,A,H,-,A,A,0,,,,,Y,,A,01,0,0,3,0,0,0,0,0,0,"- ","- ",38.088760375976562,-122.2418212890625,SOLANO,VALLEJO,-122.24175262451172,38.088771820068359
8830576,2019,2019-04-03,4803,2019-03-06,1458,1697,,3,5,5,4803,0,0,0,,0,,"TEXAS ST","GREAT JONES ST",43.00,E,N,B,-,N,,,,,,,,,,N,3,0,1,3,A,-,03,22350,,N,C,C,A,A,H,-,A,D,0,,,,,Y,,A,07,0,1,0,0,0,0,0,0,0,"- ","- ",,,SOLANO,FAIRFIELD,-122.04839324951172,38.249248504638672
8830580,2019,2019-04-03,4803,2019-03-07,0912,476,,4,5,5,4803,0,0,0,,0,0CE,"AIR BASE PKWY","HEATH DR",0.00,,Y,B,-,N,,,,,,,,,,Y,2,0,3,3,A,-,12,21453,A,N,D,C,A,A,H,-,A,A,0,,,,,Y,,A,01,1,1,1,0,0,0,0,0,0,"- ","- ",,,SOLANO,FAIRFIELD,-122.04277038574219,38.27301025390625
8830629,2019,2019-05-06,4807,2019-03-06,0912,537,VALLE,3,5,6,4807,0,0,0,,0,004,"CURTOLA PKWY","ALAMEDA ST",0.00,,Y,B,-,N,,,,,,,,,,Y,4,0,1,2,A,-,12,21453,A,N,D,C,A,B,H,-,A,A,0,,,,,Y,,A,08,0,0,1,0,0,0,0,0,0,"- ","- ",38.096988677978516,-122.2484130859375,SOLANO,VALLEJO,-122.24838256835938,38.097080230712891
8831714,2018,2019-04-15,4807,2018-12-15,0837,705,VALLE,6,5,6,4807,0,0,0,,0,001,"HIDDENBROOKE PKWY","SKY VIEW DR",912.00,W,N,B,-,N,,,,,,,,,,Y,2,0,1,1,A,-,01,23152,A,N,E,I,A,A,H,-,A,D,0,,,,,Y,,A,01,1,0,0,0,0,0,0,0,0,"- ","- ",,,SOLANO,VALLEJO,,
8833065,2019,2019-04-10,4803,2019-02-23,2121,1649,,6,5,5,4803,0,0,0,,0,0CE,"EAST TRAVIS BL","EISENHOWER ST",0.00,,Y,B,-,N,,,,,,,,,,,4,0,2,2,A,-,03,22350,,F,C,C,A,A,H,-,C,A,0,,,,,Y,,A,01,0,0,2,0,0,0,0,0,0,"- ","- ",,,SOLANO,FAIRFIELD,-122.02912902832031,38.258220672607422
8833072,2019,2019-04-12,4807,2019-02-04,1112,719,4807,1,5,6,4807,0,0,0,,0,001,"COLUMBUS PKWY","LAKE HERMAN RD",712.00,N,N,C,-,N,,,,,,,,,,Y,3,0,1,1,A,-,03,22350,,N,E,I,A,B,H,-,A,D,0,,,,,Y,,D,22,0,1,0,0,0,0,0,0,0,"- ","- ",,,SOLANO,VALLEJO,-122.19380187988281,38.117774963378906
8833134,2019,2019-04-10,4807,2019-02-27,1241,643,4807,3,5,6,4807,0,0,0,,0,006,"SACRAMENTO ST","VALLE VISTA AV",66.00,S,N,C,-,N,,,,,,,,,,Y,4,0,1,1,A,-,08,22107,,N,E,I,A,B,H,-,A,A,0,,,,,Y,,A,07,0,0,1,0,0,0,0,0,0,"- ","- ",,,SOLANO,VALLEJO,-122.25989532470703,38.119342803955078
8833146,2019,2019-05-01,4807,2019-02-06,0746,719,4807,3,5,6,4807,0,0,0,,0,001,"LOCUST DR","KEN CT",100.00,W,N,A,-,N,,,,,,,,,,Y,4,0,2,2,A,-,03,22350,,N,A,C,A,A,H,-,A,D,0,,,,,Y,,-,"- ",0,0,2,0,0,0,0,0,0,"- ","- ",38.11199951171875,-122.20500183105469,SOLANO,VALLEJO,-122.20586395263672,38.112163543701172
8833206,2019,2019-04-09,4807,2019-01-23,0913,717,VALLE,3,5,6,4807,0,0,0,,0,002,"STEFFAN ST","JENNINGS AV",56.00,S,N,A,-,N,,,,,,,,,,Y,3,0,1,2,A,-,08,22107,,N,C,E,A,A,H,-,A,D,0,,,,,Y,,A,01,0,1,0,0,0,0,0,0,0,"- ","- ",38.099300384521484,-122.22850036621094,SOLANO,VALLEJO,-122.228515625,38.099117279052734
8835890,2019,2019-04-10,4807,2019-03-26,1600,720,VALLE,2,5,6,4807,0,0,0,,0,006,"SACRAMENTO ST","STUTZ ALY",12.00,S,N,A,-,N,,,,,,,,,,Y,4,0,2,2,A,-,09,21802,A,N,D,C,A,A,H,-,A,D,0,,,,,Y,,A,01,0,0,2,0,0,0,0,0,0,"- ","- ",,,SOLANO,VALLEJO,-122.25807189941406,38.111488342285156
8836571,2019,2019-04-15,4807,2019-04-01,1556,720,VALLE,1,5,6,4807,0,0,0,,0,005,FLORIDA,"CALAVERAS ST",0.00,,Y,C,-,N,,,,,,,,,,Y,3,0,2,2,A,-,09,21802,A,N,D,C,A,B,H,-,A,D,0,,,,,Y,,A,01,0,1,1,0,0,0,0,0,0,"- ","- ",,,SOLANO,VALLEJO,-122.23648834228516,38.104778289794922
8841466,2019,2019-04-17,4807,2019-01-31,1800,664,,4,5,6,4807,0,0,0,,0,,BROADWAY,"ILLINOIS ST",18.00,S,N,A,-,N,,,,,,,,,,N,2,0,1,2,A,-,11,21950,B,N,G,B,D,A,H,-,C,A,0,Y,,,,Y,,N,60,1,0,0,0,1,0,0,0,0,"- ","- ",38.111949920654297,-122.24859619140625,SOLANO,VALLEJO,-122.24855041503906,38.111862182617188
8841837,2019,2019-04-23,4806,2019-03-17,0126,457,202,7,5,5,4806,0,0,0,,0,002,"VINE ST","VINEYARD HILLS CT",1056.00,S,N,A,-,N,,,,,,,,,,Y,4,0,1,1,A,-,01,23152,A,N,E,I,A,A,H,-,D,D,0,,,,,Y,Y,D,22,0,0,1,0,0,0,0,0,0,"- ","- ",38.370151519775391,-121.98793029785156,SOLANO,VACAVILLE,-121.98753356933594,38.367202758789062
8842044,2019,2019-04-22,4806,2019-03-26,1106,605,906,2,5,5,4806,0,0,0,,0,009,"ORANGE DR","ORANGE TREE CIR W",45.00,E,N,B,-,N,,,,,,,,,,Y,4,0,1,2,A,-,08,22107,,N,D,C,A,A,H,-,A,A,0,,,,,Y,,A,01,0,0,1,0,0,0,0,0,0,"- ","- ",38.374290466308594,-121.95054626464844,SOLANO,VACAVILLE,-121.95066833496094,38.374404907226562
8842076,2019,2019-04-22,4806,2019-03-04,0757,426,109,1,5,5,4806,0,0,0,,0,001,"SHADY GLEN AV","SHADY GLEN CT",10.00,E,N,A,-,N,,,,,,,,,,N,3,0,1,2,A,-,11,21950,B,N,G,B,D,A,H,-,A,D,0,Y,,,,Y,,N,60,0,1,0,0,1,0,0,0,0,"- ","- ",38.366371154785156,-122.00981140136719,SOLANO,VACAVILLE,-122.00974273681641,38.366321563720703
8845754,2019,2019-04-30,4807,2019-03-22,1226,709,VALLE,5,5,6,4807,0,0,0,,0,001,"REDWOOD PKWY","TOPLEY DR",0.00,,Y,C,-,N,,,,,,,,,,N,4,0,2,2,A,-,09,21802,A,N,D,C,A,B,H,-,A,A,0,,,,,Y,,A,01,0,0,2,0,0,0,0,0,0,"- ","- ",,,SOLANO,VALLEJO,-122.21269989013672,38.120891571044922
8848298,2019,2019-04-26,4803,2019-04-10,0223,1600,4803,3,5,5,4803,0,0,0,,0,00S,"W TEXAS ST 1741","FIFTH ST",645.00,E,N,A,-,N,,,,,,,,,,N,2,0,2,1,A,-,01,23152,A,N,C,I,A,A,H,-,C,D,0,,,,,Y,Y,A,01,2,0,0,0,0,0,0,0,0,"- ","- ",,,SOLANO,FAIRFIELD,,
8848766,2019,2019-04-29,4803,2019-02-13,1530,1577,,3,5,5,4803,0,0,0,,0,0CE,"NORTH TEXAS ST","AIR BASE PKWY",315.00,N,N,C,-,N,,,,,,,,,,N,3,0,1,2,A,-,04,21703,,N,C,C,A,B,H,-,A,B,0,,,,,Y,Y,A,01,0,1,0,0,0,0,0,0,0,"- ","- ",38.272670745849609,-122.03410339355469,SOLANO,FAIRFIELD,-122.03421783447266,38.273178100585938
8852434,2019,2019-05-06,4807,2019-04-28,0312,676,VALLE,7,5,6,4807,0,0,0,,0,007,"REDWOOD PKWY","FAIRGROUNDS DR",0.00,,Y,A,-,N,,,,,,,,,,Y,4,0,1,2,A,-,12,21453,A,F,D,C,A,A,H,-,C,A,0,,,,,Y,,-,99,0,0,1,0,0,0,0,0,0,"- ","- ",38.122909545898438,-122.23098754882812,SOLANO,VALLEJO,-122.23104858398438,38.122940063476562
8854952,2019,2019-05-10,4803,2019-04-15,1416,1697,,1,5,5,4803,0,0,0,,0,,"TEXAS ST","JACKSON ST",145.00,E,N,B,-,N,,,,,,,,,,,4,0,1,2,A,-,03,22350,,N,C,C,A,A,H,-,A,A,0,,,,,Y,,D,22,0,0,1,0,0,0,0,0,0,"- ","- ",38.249111175537109,-122.04454803466797,SOLANO,FAIRFIELD,-122.04404449462891,38.249237060546875
8855138,2019,2019-08-23,4803,2019-04-19,1823,1641,,5,5,5,4803,0,0,0,,0,00S,"TRAVIS BL","RT 80",0.00,,Y,A,-,Y,SOL,4,80,-,-,18.078,R,4,E,Y,3,0,2,2,A,-,12,21453,A,N,D,D,A,A,H,-,B,A,0,,,,,Y,,A,01,0,2,0,0,0,0,0,0,0,"- ",EO,38.258201599121094,-122.060546875,SOLANO,FAIRFIELD,-122.06064605712891,38.260242462158203
8858389,2019,2019-05-24,4803,2019-01-17,1108,476,,4,5,5,4803,0,0,0,,0,,"WEBSTER ST","OHIO ST",0.00,,Y,B,-,N,,,,,,,,,,N,4,0,1,2,A,-,09,21802,A,N,D,C,A,A,H,-,A,A,0,,,,,Y,,A,01,0,0,1,0,0,0,0,0,0,"- ","- ",,,SOLANO,FAIRFIELD,-122.04322814941406,38.244739532470703
8858397,2019,2019-05-24,4803,2019-01-23,1206,1367,4803,3,5,5,4803,0,0,0,,0,0CO,"GREEN VALLEY RD","BUSINESS CENTER DR",373.00,S,N,A,-,N,,,,,,,,,,Y,4,0,1,2,A,-,03,22350,,N,C,C,A,A,H,-,A,A,0,,,,,Y,,-,,0,0,1,0,0,0,0,0,0,"- ","- ",,,SOLANO,FAIRFIELD,-122.14044189453125,38.217632293701172
8858497,2018,2019-06-05,4803,2018-11-28,0755,561,,3,5,5,4803,0,0,0,,0,005,"TRAVIS BL","RT 80",219.00,E,N,A,-,N,,,,,,,,,,N,4,0,1,2,A,-,03,22350,,M,C,C,A,A,H,-,B,A,0,,,,,Y,,D,22,0,0,1,0,0,0,0,0,0,"- ",EO,,,SOLANO,FAIRFIELD,-122.06237030029297,38.258228302001953
8858501,2019,2019-05-24,4803,2019-01-16,0606,561,,3,5,5,4803,0,0,0,,0,00S,"JACKSON ST","TEXAS ST",40.00,S,N,C,-,N,,,,,,,,,,N,4,0,1,2,A,-,08,22107,,N,A,C,A,B,G,-,C,A,0,,,,,Y,,D,22,0,0,1,0,0,0,0,0,0,"- ","- ",,,SOLANO,FAIRFIELD,-122.04454803466797,38.249130249023438
8865326,2019,2019-05-29,4807,2019-05-05,1740,709,VALLE,7,5,6,4807,0,0,0,,0,1740,"FAIRGROUNDS DR","COACH LN",1491.00,N,N,A,-,N,,,,,,,,,,N,4,0,1,2,A,-,08,22107,,N,G,B,E,A,H,-,A,D,0,Y,,,,Y,,A,01,0,0,1,0,1,0,0,0,0,"- ","- ",,,SOLANO,VALLEJO,-122.22967529296875,38.134696960449219
8868711,2019,2019-06-11,4806,2019-04-07,2241,277,,7,5,5,4806,0,0,0,,0,,"TULARE DR","SOUTHWOOD DR",160.00,S,N,A,-,N,,,,,,,,,,Y,4,0,1,3,A,-,08,22107,,N,C,E,A,A,H,-,C,D,0,,,,,Y,,A,01,0,0,1,0,0,0,0,0,0,"- ","- ",38.337860107421875,-121.96478271484375,SOLANO,VACAVILLE,-121.96492004394531,38.337455749511719
8869810,2019,2019-08-26,4807,2019-04-19,2352,702,SOLAN,5,5,6,4807,0,0,0,,0,006,"SONOMA BL","LOUISIANA ST",22.00,S,N,A,-,Y,SOL,4,29,-,-,2.660,H,-,N,Y,4,0,1,2,A,-,01,23152,A,N,C,C,A,A,H,-,C,A,0,,,,,Y,Y,A,01,0,0,1,0,0,0,0,0,0,"- ","- ",38.108020782470703,-122.25482177734375,SOLANO,VALLEJO,-122.25482177734375,38.107711791992188
8870129,2019,2019-08-27,4807,2019-05-23,1850,621,VALLE,4,5,6,4807,0,0,0,,0,00R,"RT 29","WINCHESTER ST",0.00,,Y,A,-,Y,SOL,4,29,-,-,0.900,I,5,S,Y,4,0,2,2,A,-,09,21801,A,N,D,C,A,A,H,-,B,D,0,,,,,Y,,A,07,0,0,2,0,0,0,0,0,0,"- ","- ",,,SOLANO,VALLEJO,-122.24246978759766,38.086715698242188
8874420,2019,2019-06-18,4803,2019-05-28,1635,476,,2,5,5,4803,0,0,0,,0,0CE,"NORTH TEXAS ST","TRANSPORTATION CT",78.00,N,N,A,-,N,,,,,,,,,,,3,0,2,2,A,-,03,22350,,N,C,C,A,A,H,-,A,D,0,,,,,Y,,D,22,0,2,0,0,0,0,0,0,0,"- ","- ",38.288539886474609,-122.03426361083984,SOLANO,FAIRFIELD,-122.03411865234375,38.288703918457031
8876113,2019,2019-06-13,4807,2019-05-23,1236,537,"V PD",4,5,6,4807,0,0,0,,0,005,"BROADWAY ST","TENNESSEE ST",0.00,,Y,A,-,N,,,,,,,,,,N,4,0,1,2,A,-,08,22107,,N,A,C,A,A,H,-,A,A,0,,,,,Y,,D,22,0,0,1,0,0,0,0,0,0,"- ","- ",38.109909057617188,-122.24861145019531,SOLANO,VALLEJO,-122.24859619140625,38.109901428222656
8877826,2019,2019-06-14,4803,2019-01-23,1951,1694,,3,5,5,4803,0,0,0,,0,,"PENNSYLVANIA AV","TEXAS ST",71.00,W,N,A,-,N,,,,,,,,,,Y,4,0,1,2,A,-,12,21453,A,N,D,C,A,A,H,-,C,A,0,,,,,Y,,A,07,0,0,1,0,0,0,0,0,0,"- ","- ",,,SOLANO,FAIRFIELD,-122.04997253417969,38.249240875244141
8881976,2019,2019-08-07,4803,2019-06-10,1752,1697,,1,5,5,4803,0,0,0,,0,,"COURAGE DR","S WATYNEY WY",0.00,,Y,A,-,N,,,,,,,,,,N,4,0,1,2,A,-,08,22102,,N,H,A,A,A,H,-,A,D,0,,,,,Y,,-,,0,0,1,0,0,0,0,0,0,"- ","- ",38.236770629882812,-122.07128143310547,SOLANO,FAIRFIELD,-122.07898712158203,38.234149932861328
8885376,2019,2020-01-30,4805,2019-02-01,1930,5L87,4805,5,5,4,4805,0,0,0,,0,001,"MARINA BL","RT 12",0.00,,Y,C,-,Y,SOL,4,12,-,-,5.150,I,6,W,,4,0,2,2,A,-,03,22350,,N,C,C,A,B,H,-,C,A,0,,,,,Y,,D,22,0,0,2,0,0,0,0,0,0,"- ","- ",,,SOLANO,"SUISUN CITY",-122.03143310546875,38.244678497314453
8886740,2019,2019-07-03,4805,2019-04-16,0835,5L67,4805,2,5,4,4805,0,0,0,,0,002,"HUMPHREY DR","FRIEDA DR",932.00,N,N,A,-,N,,,,,,,,,,Y,3,0,1,2,A,-,09,21804,A,N,D,C,A,A,H,-,A,D,0,,,,,Y,,A,01,0,1,0,0,0,0,0,0,0,"- ","- ",38.257400512695312,-122.00713348388672,SOLANO,"SUISUN CITY",-122.00672149658203,38.259906768798828
8888766,2019,2019-07-29,4801,2019-06-06,0859,2092,4801,4,5,4,4801,0,0,0,,0,001,"WEST K ST","W 10TH ST",445.00,W,N,A,-,N,,,,,,,,,,Y,4,0,1,2,A,-,08,22107,,N,C,E,A,A,H,-,A,D,0,,,,,Y,Y,A,01,0,0,1,0,0,0,0,0,0,"- ","- ",,,SOLANO,BENICIA,-122.17600250244141,38.061992645263672
8890549,2019,2019-07-16,4807,2019-06-02,1719,#710,4807,7,5,6,4807,0,0,0,,0,002,"EUCALYPTUS DR","SPRINGS RD",90.00,N,N,A,-,N,,,,,,,,,,N,4,0,2,2,A,-,08,22107,,N,C,E,A,A,H,-,A,A,0,,,,,Y,,A,01,0,0,2,0,0,0,0,0,0,"- ","- ",,,SOLANO,VALLEJO,-122.20237731933594,38.10626220703125
8890766,2019,2019-07-15,4807,2019-04-22,1430,643,4807,1,5,6,4807,0,0,0,,0,005,"HANNS LN","ILLINOIS ST",0.00,,Y,A,-,N,,,,,,,,,,Y,2,0,1,1,A,-,08,22107,,N,E,I,A,A,H,-,A,D,0,,,,,Y,,A,01,1,0,0,0,0,0,0,0,0,"- ","- ",,,SOLANO,VALLEJO,-122.23724365234375,38.111671447753906
8890880,2019,2019-07-17,4805,2019-02-20,1410,5L94,4805,3,5,4,4805,0,0,0,,0,001,"MARINA BL","BUENA VISTA AV",0.00,,Y,A,-,N,,,,,,,,,,Y,3,0,2,2,A,-,03,22350,,N,D,C,A,A,H,-,A,A,0,,,,,Y,,A,01,0,2,0,0,0,0,0,0,0,"- ","- ",,,SOLANO,"SUISUN CITY",-122.03170776367188,38.246200561523438
8891538,2018,2019-09-12,4805,2018-11-16,1900,5L87,4805,5,5,4,4805,0,0,0,,0,002,"RT 12","SUNSET AV",229.00,E,N,F,-,Y,SOL,4,12,-,-,5.800,H,-,W,Y,4,0,3,2,A,-,03,22350,,N,C,C,A,A,H,-,C,A,0,,,,,Y,,A,01,0,0,3,0,0,0,0,0,0,"- ","- ",,,SOLANO,"SUISUN CITY",-122.01960754394531,38.243717193603516
8892285,2019,2019-07-17,4807,2019-04-22,1154,705,VALLE,1,5,6,4807,0,0,0,,0,"0 5","CAMINO ALTO","LA CRESENDA ST",0.00,,Y,A,-,N,,,,,,,,,,,4,0,1,2,A,-,09,21802,A,N,D,C,A,A,H,-,A,D,0,,,,,Y,,A,01,0,0,1,0,0,0,0,0,0,"- ","- ",38.117019653320312,-122.24234771728516,SOLANO,VALLEJO,-122.24233245849609,38.117008209228516
8894068,2019,2019-07-12,4807,2019-05-31,0820,658,,5,5,6,4807,0,0,0,,0,,"SONOMA BL","MC LANE ST",415.00,W,N,B,-,N,,,29,,,,,,,N,4,0,1,1,A,-,03,22350,,N,E,I,A,A,H,-,A,D,0,,,,,Y,,A,01,0,0,1,0,0,0,0,0,0,"- ","- ",38.089168548583984,-122.2447509765625,SOLANO,VALLEJO,-122.2447509765625,38.089168548583984
8896423,2018,2019-07-24,4807,2018-12-14,1814,694,,5,5,6,4807,0,0,0,,0,005,"TENNESSEE ST","MARIPOSA ST",5.00,W,N,A,-,N,,,,,,,,,,N,2,0,1,2,A,-,10,21950,A,N,G,B,B,A,H,-,C,A,0,Y,,,,Y,,A,07,1,0,0,0,1,0,0,0,0,"- ","- ",,,SOLANO,VALLEJO,-122.23138427734375,38.109668731689453
8898543,2019,2019-07-18,4804,2019-06-25,1223,HAMILTON,273,2,5,2,4804,0,0,0,,0,,"RT 12","CHURCH RD",1661.00,E,N,A,-,N,,,,,,,,,,Y,3,0,3,2,A,-,03,22350,,N,C,C,A,A,H,-,A,D,0,,,,,Y,,A,01,0,2,1,0,0,0,0,0,0,"- ","- ",,,SOLANO,"RIO VISTA",-121.70507049560547,38.167194366455078
8900437,2019,2019-11-15,4807,2019-06-11,1207,643,4807,2,5,6,4807,0,0,0,,0,005,"SONOMA BL","INDIANA ST",0.00,,Y,A,-,Y,SOL,4,29,-,-,2.880,I,5,S,N,4,0,1,2,A,-,09,21802,A,N,D,C,A,A,H,-,A,D,0,,,,,Y,,A,01,0,0,1,0,0,0,0,0,0,"- ","- ",38.110980987548828,-122.25473022460938,SOLANO,VALLEJO,-122.25473022460938,38.110877990722656
8902587,2019,2019-07-26,4807,2019-06-20,1443,642,VALLE,4,5,6,4807,0,0,0,,0,007,"WILLIAMS DR","PEPPER DR",0.00,,Y,A,-,N,,,,,,,,,,N,4,0,1,2,A,-,09,21802,,N,D,C,A,A,H,-,A,A,0,,,,,Y,,A,01,0,0,1,0,0,0,0,0,0,"- ","- ",,,SOLANO,VALLEJO,-122.249747,38.140959000000002
8906292,2019,2019-08-08,4803,2019-07-17,1524,1697,,3,5,5,4803,0,0,0,,0,00E,"EAST TRAVIS BL","SUNSET AV",167.00,W,N,A,-,N,,,,,,,,,,N,4,0,1,2,A,-,03,22350,,N,C,C,A,A,H,-,A,A,0,,,,,Y,,D,22,0,0,1,0,0,0,0,0,0,"- ","- ",38.258029937744141,-122.01997375488281,SOLANO,FAIRFIELD,-122.02056121826172,38.258121490478516
8909344,2019,2019-11-16,4803,2019-07-12,1322,1584,SOLAN,5,5,5,4803,0,0,0,,0,00S,"BECK AV","TEXAS ST",0.00,,Y,A,-,N,,,,,,,,,,Y,3,0,1,2,A,-,01,23152,A,N,D,C,A,A,H,-,A,A,0,,,,,Y,Y,A,01,0,1,0,0,0,0,0,0,0,"- ","- ",,,SOLANO,FAIRFIELD,-122.06623077392578,38.249279022216797
8911573,2019,2021-05-25,4807,2019-06-10,1051,705,VALLE,1,5,6,4807,0,0,0,,0,006,"RAILROAD AV","4TH ST",0.00,,Y,A,-,N,,,,,,,,,,Y,1,1,2,2,A,-,05,21460,A,N,D,C,A,A,H,-,A,D,0,,,Y,,Y,,C,02,2,0,0,0,0,0,0,1,0,"- ","- ",38.101600646972656,-122.27339935302734,SOLANO,VALLEJO,-122.27335357666016,38.101608276367188
8911761,2019,2020-10-30,4807,2019-09-04,1259,722,4807,3,5,6,4807,0,0,0,,0,001,"LOCUST DR","MASONIC DR",93.00,E,N,A,-,N,,,,,,,,,,N,1,1,0,1,C,-,18,,,N,E,I,A,A,H,-,A,D,0,,,,,Y,,-,"- ",0,0,0,0,0,0,0,0,0,"- ","- ",38.11090087890625,-122.20948791503906,SOLANO,VALLEJO,-122.2093505859375,38.111171722412109
8913076,2019,2019-08-07,4803,2019-07-13,1403,1697,,6,5,5,4803,0,0,0,,0,00R,"NORTH TEXAS ST","MANUEL CAMPOS PKWY",986.00,S,N,A,-,N,,,,,,,,,,N,3,0,1,1,A,-,08,22107,,N,A,I,A,A,H,-,A,D,0,,,,,Y,,-,,0,1,0,0,0,0,0,0,0,"- ","- ",38.293468475341797,-122.03160095214844,SOLANO,FAIRFIELD,-122.03395843505859,38.291545867919922
8913682,2019,2020-01-06,4804,2019-07-25,1358,FONGM,,4,5,2,4804,0,0,0,,0,,"RT 12","GARDINER WY",104.00,W,N,A,-,Y,SOL,4,12,-,-,25.920,H,-,E,N,4,0,1,2,A,-,03,22350,,N,C,C,A,A,H,-,A,D,0,,,,,Y,,D,22,0,0,1,0,0,0,0,0,0,"- ","- ",,,SOLANO,"RIO VISTA",-121.6934814453125,38.160564422607422
8916174,2019,2019-08-19,4806,2019-06-04,2222,575,,2,5,5,4806,0,0,0,,0,,"SHASTA DR","BERRYESSA DR",0.00,,Y,A,-,N,,,,,,,,,,N,4,0,1,2,A,-,12,22450,A,N,H,G,A,A,H,-,C,A,0,,Y,,,Y,,L,04,0,0,1,0,0,0,1,0,0,"- ","- ",38.348979949951172,-121.97223663330078,SOLANO,VACAVILLE,-121.97219848632812,38.348960876464844
8916210,2019,2019-08-20,4806,2019-06-13,1337,564,301,4,5,5,4806,0,0,0,,0,003,"MONTE VISTA AV","AVIATOR DR",2800.00,S,N,A,-,N,,,,,,,,,,Y,4,0,1,2,A,-,03,22350,,N,C,C,A,A,H,-,A,D,0,,,,,Y,,A,01,0,0,1,0,0,0,0,0,0,"- ","- ",38.391090393066406,-121.95240020751953,SOLANO,VACAVILLE,-121.95274353027344,38.383613586425781
8916280,2019,2019-08-19,4806,2019-06-05,1556,605,902,3,5,5,4806,0,0,0,,0,009,"NUT TREE PKWY","HARBISON DR",0.00,,Y,A,-,N,,,,,,,,,,Y,4,0,1,3,A,-,12,21453,A,N,D,C,A,A,H,-,A,A,0,,,,,Y,,A,01,0,0,1,0,0,0,0,0,0,"- ","- ",38.363021850585938,-121.96475982666016,SOLANO,VACAVILLE,-121.96485137939453,38.363071441650391
8917149,2019,2019-08-23,4807,2019-08-01,1102,643,4807,4,5,6,4807,0,0,0,,0,005,"TUOLUMNE ST","LOMA VISTA",0.00,,Y,A,-,N,,,,,,,,,,Y,4,0,2,2,A,-,03,22350,,N,C,C,A,A,H,-,A,A,0,,,,,Y,,A,01,0,0,2,0,0,0,0,0,0,"- ","- ",38.115451812744141,-122.23808288574219,SOLANO,VALLEJO,-122.23805236816406,38.115478515625
8917595,2019,2019-08-15,4806,2019-06-28,1154,564,802,5,5,5,4806,0,0,0,,0,00B,"MERCHANT ST","CERNON ST",0.00,,Y,A,-,N,,,,,,,,,,Y,4,0,1,2,A,-,09,21802,A,N,D,C,A,A,H,-,A,A,0,,,,,Y,,A,01,0,0,1,0,0,0,0,0,0,"- ","- ",38.353919982910156,-121.99102020263672,SOLANO,VACAVILLE,-121.99095916748047,38.353950500488281
8920263,2019,2019-09-13,4807,2019-07-05,2123,621,VALLE,5,5,6,4807,0,0,0,,0,005,"GEORGIA ST","NAPA ST",0.00,,Y,A,-,N,,,,,,,,,,Y,2,0,2,2,A,-,01,23152,,N,C,C,A,A,H,-,C,A,0,,,,,Y,Y,A,01,1,0,1,0,0,0,0,0,0,"- ","- ",38.101028442382812,-122.25164794921875,SOLANO,VALLEJO,-122.25160980224609,38.101039886474609
8920271,2019,2019-08-30,4807,2019-07-05,0049,682,VALLE,5,5,6,4807,0,0,0,,0,002,"STEFFAN ST","LAUREL ST",40.00,S,N,A,-,N,,,,,,,,,,Y,3,0,1,2,A,-,01,23153,A,N,A,C,A,A,H,-,C,D,0,,,,,Y,Y,A,01,0,1,0,0,0,0,0,0,0,"- ","- ",38.09490966796875,-122.22704315185547,SOLANO,VALLEJO,-122.22849273681641,38.099861145019531