CASE_ID,ACCIDENT_YEAR,PROC_DATE,JURIS,COLLISION_DATE,COLLISION_TIME,OFFICER_ID,REPORTING_DISTRICT,DAY_OF_WEEK,CHP_SHIFT,POPULATION,CNTY_CITY_LOC,SPECIAL_COND,BEAT_TYPE,CHP_BEAT_TYPE,CITY_DIVISION_LAPD,CHP_BEAT_CLASS,BEAT_NUMBER,PRIMARY_RD,SECONDARY_RD,DISTANCE,DIRECTION,INTERSECTION,WEATHER_1,WEATHER_2,STATE_HWY_IND,CALTRANS_COUNTY,CALTRANS_DISTRICT,STATE_ROUTE,ROUTE_SUFFIX,POSTMILE_PREFIX,POSTMILE,LOCATION_TYPE,RAMP_INTERSECTION,SIDE_OF_HWY,TOW_AWAY,COLLISION_SEVERITY,NUMBER_KILLED,NUMBER_INJURED,PARTY_COUNT,PRIMARY_COLL_FACTOR,PCF_CODE_OF_VIOL,PCF_VIOL_CATEGORY,PCF_VIOLATION,PCF_VIOL_SUBSECTION,HIT_AND_RUN,TYPE_OF_COLLISION,MVIW,PED_ACTION,ROAD_SURFACE,ROAD_COND_1,ROAD_COND_2,LIGHTING,CONTROL_DEVICE,CHP_ROAD_TYPE,PEDESTRIAN_ACCIDENT,BICYCLE_ACCIDENT,MOTORCYCLE_ACCIDENT,TRUCK_ACCIDENT,NOT_PRIVATE_PROPERTY,ALCOHOL_INVOLVED,STWD_VEHTYPE_AT_FAULT,CHP_VEHTYPE_AT_FAULT,COUNT_SEVERE_INJ,COUNT_VISIBLE_INJ,COUNT_COMPLAINT_PAIN,COUNT_PED_KILLED,COUNT_PED_INJURED,COUNT_BICYCLIST_KILLED,COUNT_BICYCLIST_INJURED,COUNT_MC_KILLED,COUNT_MC_INJURED,PRIMARY_RAMP,SECONDARY_RAMP,LATITUDE,LONGITUDE,COUNTY,CITY,POINT_X,POINT_Y
90817687,2018,2018-09-20,9365,2018-09-16,0400,020774,,7,3,3,4802,0,1,1,,2,088,"I-80 E/B","SR-113 S/B",100.00,E,N,A,-,Y,,,80,,,,,,E,Y,4,0,1,2,A,-,08,22107,,N,C,C,A,A,H,-,C,D,0,,,,,Y,,A,01,0,0,1,0,0,0,0,0,0,"- ","- ",38.473281860351562,-121.82322692871094,SOLANO,DIXON,-121.8232421875,38.473297119140625
90818983,2018,2018-09-28,9365,2018-09-20,1920,015882,,4,2,5,4803,0,1,1,,2,084,"I-80 E/B","AIR BASE PKY",1056.00,W,N,A,-,Y,,,80,,,,,,E,Y,3,0,1,2,A,-,07,21658,A,N,C,C,A,A,H,-,D,D,0,,,,,Y,,A,01,0,1,0,0,0,0,0,0,0,"- ","- ",38.271709442138672,-122.05058288574219,SOLANO,FAIRFIELD,-122.05079650878906,38.271896362304688
90821152,2018,2018-09-25,9365,2018-09-22,1650,019195,,6,2,5,4806,0,1,1,,2,086,"I-80 W/B","MASON ST",213.00,E,N,A,-,Y,,,80,,,,,,W,N,4,0,2,3,A,-,03,22350,,N,C,C,A,A,H,-,A,D,0,,,,,Y,,A,01,0,0,2,0,0,0,0,0,0,"- ","- ",38.355121612548828,-121.97782135009766,SOLANO,VACAVILLE,-121.97789001464844,38.355194091796875
90822679,2018,2018-09-27,9365,2018-09-20,1455,015882,,4,2,5,4803,0,1,3,,2,122,"SR-12 E/B","CHADBOURNE RD",1584.00,E,N,A,-,Y,,,12,,,,,,E,Y,2,0,2,4,A,-,03,22350,,N,C,C,A,A,H,-,A,D,0,,,,,Y,,A,01,1,1,0,0,0,0,0,0,0,"- ","- ",38.239860534667969,-122.07823181152344,SOLANO,FAIRFIELD,-122.07823181152344,38.239871978759766
90831793,2018,2018-10-09,9365,2018-09-30,1400,019458,,7,2,3,4802,0,1,1,,2,089,"I-80 W/B","CURREY RD. O/C",3168.00,E,N,A,-,Y,,,80,,,,,,W,N,4,0,1,3,A,-,03,22350,,N,C,C,A,A,H,-,A,D,0,,,,,Y,,A,01,0,0,1,0,0,0,0,0,0,"- ","- ",38.479579925537109,-121.8155517578125,SOLANO,DIXON,-121.81558227539062,38.479618072509766
90831807,2018,2018-10-09,9365,2018-10-01,1815,017746,,1,2,6,4807,0,1,1,,2,080,"I-80 E/B","MAGAZINE STREET O/C",200.00,E,N,A,-,Y,,,80,,,,,,E,N,3,0,1,2,A,-,07,21658,A,N,B,C,A,A,H,-,A,D,0,,,Y,,Y,,C,02,0,1,0,0,0,0,0,0,1,"- ","- ",38.095161437988281,-122.22971343994141,SOLANO,VALLEJO,-122.22977447509766,38.095165252685547
90832194,2018,2018-10-09,9365,2018-10-03,0150,020774,,3,3,5,4803,0,1,1,,2,680,"I-680 N/B","GOLD HILL RD",5280.00,S,N,A,-,Y,,,680,,,,,,N,Y,4,0,2,2,A,-,08,22107,,N,B,C,A,A,H,-,D,D,0,,,,,Y,,A,08,0,0,2,0,0,0,0,0,0,"- ","- ",38.169990539550781,-122.12577819824219,SOLANO,FAIRFIELD,-122.12582397460938,38.169952392578125
90834912,2018,2018-10-12,9365,2018-10-07,0124,020633,,7,3,4,4801,0,1,1,,2,078,"I-780, E/B, TO COLUMBUS PARKWAY","STATE PARK RD",690.00,E,N,A,-,Y,,,780,,,,R,,E,Y,2,0,1,1,A,-,01,23152,A,N,E,I,A,A,H,-,C,D,0,,,Y,,Y,Y,C,02,1,0,0,0,0,0,0,0,1,"- ","- ",38.078639984130859,-122.19158172607422,SOLANO,BENICIA,-122.19158172607422,38.078639984130859
90840282,2018,2018-10-19,9365,2018-10-10,1458,017746,,3,2,4,4801,0,1,1,,2,077,"I-780 W/B TO SOUTHAMPTON ROAD","SONOMA BL",387.00,E,N,A,-,Y,,,780,,,,R,,W,Y,4,0,1,2,A,-,03,22350,,N,C,C,A,A,H,-,A,D,0,,,,,Y,,A,01,0,0,1,0,0,0,0,0,0,"- ","- ",38.064529418945312,-122.16255950927734,SOLANO,BENICIA,-122.16255950927734,38.064529418945312
90841754,2018,2018-10-22,9365,2018-08-21,1130,016919,,2,1,5,4803,0,1,1,,2,085,"I-80 W/B","MANUEL CAMPOS PKWY O/C",2640.00,E,N,B,-,Y,,,,,,,,,,Y,2,0,5,6,A,-,08,22107,,N,C,C,E,A,D,-,A,A,0,Y,,,,Y,,D,22,1,1,3,0,3,0,0,0,0,"- ","- ",38.227531433105469,-122.09697723388672,SOLANO,FAIRFIELD,-122.0341796875,38.295360565185547
90844778,2018,2018-10-25,9365,2018-10-17,1610,017746,,3,2,6,4807,0,1,1,,2,080,"I-80 E/B","BENICIA RD",50.00,W,N,A,-,Y,,,80,,,,,,E,N,4,0,1,2,A,-,07,21658,A,N,B,C,A,A,H,-,A,D,0,,,Y,,Y,,A,01,0,0,1,0,0,0,0,0,1,"- ","- ",38.094039916992188,-122.22987365722656,SOLANO,VALLEJO,-122.22990417480469,38.094043731689453
90846339,2018,2018-10-26,9365,2018-10-15,1205,014687,,1,1,9,4800,0,1,1,,2,089,"I-80 E/B",SR-113N,100.00,W,N,A,-,Y,,,80,,,,,,E,Y,4,0,1,3,A,-,08,22107,,N,D,C,A,A,H,-,A,D,0,,,,Y,Y,,A,08,0,0,1,0,0,0,0,0,0,"- ","- ",38.521091461181641,-121.76844024658203,SOLANO,UNINCORPORATED,-121.76853942871094,38.521194458007812
90848097,2018,2018-10-29,9365,2018-10-20,2343,020299,,6,3,3,4802,0,1,1,,2,088,"I-80 W/B","CURREY RD O/C",552.00,W,N,A,-,Y,,,,,,,,,,N,4,0,4,2,A,-,03,22350,,N,C,C,A,A,D,-,C,D,0,,,,,Y,,A,07,0,0,4,0,0,0,0,0,0,"- ","- ",38.422080993652344,-121.82524108886719,SOLANO,DIXON,,
90848178,2018,2018-10-29,9365,2018-10-21,1707,019195,,7,2,9,4800,0,1,A,,2,030,"FRY RD","MERIDIAN RD",0.00,,Y,A,-,N,,,,,,,,,,Y,4,0,1,2,A,-,12,22450,A,N,D,C,A,A,H,-,A,A,0,,,,,Y,,A,01,0,0,1,0,0,0,0,0,0,"- ","- ",38.337268829345703,-121.91542053222656,SOLANO,UNINCORPORATED,-121.91535949707031,38.337291717529297
90849784,2018,2019-01-14,9365,2018-10-23,0839,017654,,2,1,9,4800,0,2,4,,2,202,"SUISUN VALLEY ROAD","MANKAS CORNER RD",1000.00,N,N,A,-,N,,,,,,,,,,Y,4,0,1,2,A,-,05,21460,A,N,D,C,A,A,H,-,A,D,0,,,,,Y,,A,01,0,0,1,0,0,0,0,0,0,"- ","- ",38.289890289306641,-122.11865997314453,SOLANO,UNINCORPORATED,-122.11860656738281,38.289806365966797
90850131,2018,2018-10-31,9365,2018-10-24,2140,020734,,3,2,6,4807,0,1,1,,2,081,"I-80 W/B",SR-37,1320.00,W,N,A,-,Y,,,80,,,,,,W,Y,3,0,2,4,A,-,03,22350,,N,C,C,A,A,H,-,C,D,0,,,,,Y,,A,01,0,1,1,0,0,0,0,0,0,"- ","- ",38.134750366210938,-122.22299194335938,SOLANO,VALLEJO,-122.22300720214844,38.134761810302734
90852141,2018,2018-11-02,9365,2018-10-27,1815,020566,,6,2,9,4800,0,1,1,,2,680,"I-680 S/B","PARISH ST",200.00,N,N,A,-,Y,,,680,,,,,,S,N,3,0,1,1,C,-,18,,,N,H,A,A,A,H,-,D,D,0,,,,,Y,,-,"- ",0,1,0,0,0,0,0,0,0,"- ","- ",38.151699066162109,-122.11260223388672,SOLANO,UNINCORPORATED,-122.11269378662109,38.151660919189453
90855649,2018,2018-11-07,9365,2018-10-27,2225,018634,,6,3,9,4800,0,3,5,,2,040,"PEDRICK RD","CASEY RD",0.00,,Y,A,-,N,,,,,,,,,,N,2,0,1,1,A,-,01,23152,A,N,F,A,A,A,H,-,D,A,0,,,Y,,Y,Y,C,06,1,0,0,0,0,0,0,0,1,"- ","- ",38.391090393066406,-121.80446624755859,SOLANO,UNINCORPORATED,-121.80442810058594,38.391071319580078
90857138,2018,2018-11-09,9365,2018-11-03,1840,020615,,6,2,6,4807,0,1,1,,2,081,"I-80 W/B","REDWOOD PKY",1500.00,E,N,B,-,Y,,,80,,,,,,W,Y,4,0,8,3,A,-,03,22350,,N,C,C,A,A,H,-,D,D,0,,,,,Y,,A,01,0,0,8,0,0,0,0,0,0,"- ","- ",38.127021789550781,-122.22795104980469,SOLANO,VALLEJO,-122.22792816162109,38.127006530761719
90860071,2018,2018-11-14,9365,2018-10-28,1826,019458,,7,2,5,4803,0,1,1,,2,084,"I-80 E/B","AIR BASE PKY",2640.00,W,N,A,-,Y,,,80,,,,,,E,Y,4,0,1,2,A,-,01,23152,A,F,C,C,A,A,H,-,C,D,0,,,,,Y,Y,A,01,0,0,1,0,0,0,0,0,0,"- ","- ",38.267078399658203,-122.05496215820312,SOLANO,FAIRFIELD,-122.05490875244141,38.267036437988281
90862918,2018,2018-11-19,9365,2018-11-09,1350,019927,,5,1,9,4800,0,1,1,,2,081,"I-80 W/B","AMERICAN CANYON ROAD",3221.00,E,N,A,-,Y,,,80,,,,,,W,Y,3,0,2,1,A,-,08,22107,,N,E,I,A,A,H,-,A,A,0,,,,,Y,,A,01,0,1,1,0,0,0,0,0,0,"- ","- ",38.175899505615234,-122.19241333007812,SOLANO,UNINCORPORATED,-122.19229888916016,38.175811767578125
90863756,2018,2018-11-20,9365,2018-11-09,1735,020566,,5,2,5,4806,0,1,1,,2,086,"I-80 W/B","ALLISON DR",200.00,E,N,A,-,Y,,,80,,,,,,W,Y,3,0,2,3,A,-,03,22350,,N,C,C,A,A,H,-,C,D,0,,,,,Y,,A,01,0,1,1,0,0,0,0,0,0,"- ","- ",38.362098693847656,-121.96869659423828,SOLANO,VACAVILLE,-121.96868133544922,38.362068176269531
90864797,2018,2018-11-21,9365,2018-11-02,0545,019195,,5,3,3,4802,0,1,1,,2,089,"I-80 E/B","PEDRICK RD",2775.00,W,N,A,-,Y,,,80,,,,,,E,Y,2,0,1,2,A,-,08,22107,,N,B,C,A,A,H,-,A,D,0,,,,Y,Y,,D,22,1,0,0,0,0,0,0,0,0,"- ","- ",38.483119964599609,-121.81072235107422,SOLANO,DIXON,-121.81074523925781,38.483154296875
90865347,2018,2018-11-21,9365,2018-11-15,0620,017735,,4,1,5,4803,0,1,1,,2,083,"I-80 W/B","SUISUN VALLEY RD OVERCROSSING",1000.00,E,N,B,-,Y,,,80,,,,,,W,Y,3,0,1,3,A,-,03,22350,,N,C,C,A,A,H,-,A,D,0,,,,,Y,,A,01,0,1,0,0,0,0,0,0,0,"- ","- ",38.22515869140625,-122.12554168701172,SOLANO,FAIRFIELD,-122.12552642822266,38.225131988525391
90868400,2018,2018-11-27,9365,2018-11-19,2025,020606,,1,2,6,4807,0,1,1,,2,081,"I-80 W/B",SR-37,2640.00,E,N,A,-,Y,,,80,,,,,,W,N,4,0,1,2,A,-,07,21658,A,N,B,C,A,A,H,-,C,D,0,,,,,Y,,-,"- ",0,0,1,0,0,0,0,0,0,"- ","- ",38.145771026611328,-122.21688079833984,SOLANO,VALLEJO,-122.2169189453125,38.145771026611328
90869446,2018,2018-11-28,9365,2018-11-21,1345,021050,,3,1,6,4807,0,1,3,,2,370,"SR-37 E/B",SR-29,660.00,W,N,C,-,Y,,,,,,,,,,Y,4,0,2,1,A,-,08,22107,,N,F,A,A,B,H,-,A,D,0,,,,,Y,,D,22,0,0,2,0,0,0,0,0,0,"- ","- ",37.137870788574219,-122.25726318359375,SOLANO,VALLEJO,,
90870547,2018,2018-11-29,9365,2018-11-24,0702,017508,,6,1,5,4803,0,1,1,,2,083,"I-80 WB","GREEN VALLEY ROAD O.C",560.00,E,N,B,-,Y,,,80,,,,,,W,N,4,0,1,1,A,-,03,22350,,N,E,I,A,B,H,-,B,D,0,,,,,Y,,A,01,0,0,1,0,0,0,0,0,0,"- ","- ",38.218399047851562,-122.13710021972656,SOLANO,FAIRFIELD,-122.13662719726562,38.217723846435547
90870700,2018,2018-11-29,9365,2018-11-23,0435,021033,,5,3,5,4803,0,1,1,,2,680,"I-680 S/B","INTERSTATE 80",200.00,S,N,C,-,Y,,,680,,,,,,S,Y,4,0,1,2,A,-,08,22107,,N,B,C,A,B,H,-,C,D,0,,,,,Y,,A,07,0,0,1,0,0,0,0,0,0,"- ","- ",38.215839385986328,-122.13790893554688,SOLANO,FAIRFIELD,-122.13795471191406,38.215839385986328
90872457,2018,2018-11-30,9365,2018-11-24,2025,020606,,6,2,4,4801,0,1,1,,2,078,"I-780 W/B","E. 5TH STREET",2112.00,E,N,A,-,Y,,,780,,,,,,W,Y,4,0,3,2,A,-,07,21658,A,N,B,C,A,A,H,-,C,D,0,,,,,Y,Y,-,"- ",0,0,3,0,0,0,0,0,0,"- ","- ",38.050239562988281,-122.13926696777344,SOLANO,BENICIA,-122.13926696777344,38.050239562988281
90874080,2018,2018-12-03,9365,2018-11-25,0120,020506,,7,3,5,4806,0,1,1,,2,505,"I-505 S/B TO I-80 W/B","I-505 N/B TO I-80 E/B",175.00,N,N,A,-,Y,,,505,,,,R,,S,Y,4,0,1,1,A,-,01,23152,A,N,E,I,A,A,H,-,D,D,0,,,,,Y,Y,A,01,0,0,1,0,0,0,0,0,0,"- ","- ",38.371738433837891,-121.95587921142578,SOLANO,VACAVILLE,-121.95587921142578,38.371738433837891
90874725,2018,2018-12-05,9365,2018-11-28,1355,019299,,3,1,9,4800,0,1,1,,2,088,"I-80 W/B","MIDWAY RD",2640.00,E,N,A,-,Y,,,80,,,,,,W,Y,4,0,1,2,A,-,08,22107,,N,B,C,A,A,H,-,A,D,0,,,,,Y,,A,01,0,0,1,0,0,0,0,0,0,"- ","- ",38.421180725097656,-121.8914794921875,SOLANO,UNINCORPORATED,-121.891357421875,38.421016693115234
90879010,2018,2018-12-10,9365,2018-06-23,1230,020579,,6,1,6,4807,0,1,3,,2,371,"I-80 W/B TO SR-37 W/B","SR-37 E/B",959.00,E,N,A,-,Y,,,80,,,,R,,W,Y,1,1,0,2,A,-,08,22107,,N,B,C,A,A,H,-,A,D,0,,,,,Y,,A,07,0,0,0,0,0,0,0,0,0,"- ","- ",38.143669128417969,-122.2177734375,SOLANO,VALLEJO,-122.2177734375,38.143669128417969
90880079,2018,2018-12-11,9365,2018-12-08,0233,020774,,6,3,6,4807,0,1,1,,2,081,"I-80 W/B","SR-37 W/B",3168.00,E,N,A,-,Y,,,,,,,,,,Y,3,0,1,2,A,-,01,23152,F,N,C,C,A,A,H,-,C,D,0,,,,,Y,,A,01,0,1,0,0,0,0,0,0,0,"- ","- ",38.144390106201172,-122.2183837890625,SOLANO,VALLEJO,,
9088162,2020,2020-07-06,4803,2020-03-30,1722,1584,SOLAN,1,5,5,4803,0,0,0,,0,0CE,"UNION AV","PEAR TREE LN",163.00,S,N,A,-,N,,,,,,,,,,Y,4,0,1,2,A,-,01,23152,A,N,A,C,A,A,H,-,A,D,0,,,,,Y,Y,A,07,0,0,1,0,0,0,0,0,0,"- ","- ",38.268039703369141,-122.04055023193359,SOLANO,FAIRFIELD,-122.04049682617188,38.267482757568359
90884673,2018,2018-12-17,9365,2018-12-14,1600,017747,,5,2,5,4803,0,1,1,,2,084,"I-80 E/B","TRAVIS BLVD",300.00,E,N,B,-,Y,,,80,,,,,,E,Y,4,0,2,3,A,-,03,22350,,N,C,C,A,B,H,-,A,D,0,,,,,Y,,D,22,0,0,2,0,0,0,0,0,0,"- ","- ",38.255199432373047,-122.06490325927734,SOLANO,FAIRFIELD,-122.06490325927734,38.255199432373047
90884694,2018,2018-12-17,9365,2018-12-14,1745,020566,,5,2,6,4807,0,1,1,,2,080,"W/B I-80","GEORGIA ST",100.00,E,N,B,-,Y,,,80,,,,,,,N,4,0,1,2,A,-,03,22350,,N,C,C,A,A,H,-,C,D,0,,,,,Y,,A,01,0,0,1,0,0,0,0,0,0,"- ","- ",38.102199554443359,-122.23030090332031,SOLANO,VALLEJO,-122.2298583984375,38.102191925048828
90884769,2018,2018-12-17,9365,2018-07-23,1524,019986,,1,2,9,4800,0,1,1,,2,080,"I-80 E/B","SOLANO/CONTRA COSTA COUNTY LINE",249.00,E,N,A,-,Y,,,80,,,,,,E,Y,1,1,1,5,A,-,03,22350,,N,C,C,E,A,H,-,A,D,0,Y,,,Y,Y,,G,25,1,0,0,1,1,0,0,0,0,"- ","- ",38.061489105224609,-122.2252197265625,SOLANO,UNINCORPORATED,-122.22523498535156,38.061489105224609
90885333,2018,2018-12-18,9365,2018-12-13,0630,019195,,4,1,5,4806,0,1,1,,2,086,"I-80 W/B","DAVIS ST",763.00,W,N,A,-,Y,,,80,,,,,,W,Y,3,0,1,5,A,-,03,22350,,N,C,C,A,A,H,-,A,D,0,,,,,Y,,A,08,0,1,0,0,0,0,0,0,0,"- ","- ",38.349990844726562,-121.988037109375,SOLANO,VACAVILLE,-121.98806762695312,38.350051879882812
90893314,2018,2018-12-28,9365,2018-12-08,1135,016887,,6,1,5,4806,0,1,1,,2,086,"I-80 W/B","NUT TREE RD.",200.00,W,N,A,-,Y,,,80,,,,,,W,Y,3,0,4,3,A,-,03,22350,,N,C,C,A,A,H,-,A,D,0,,,,,Y,,A,08,0,2,2,0,0,0,0,0,0,"- ","- ",38.368900299072266,-121.95880126953125,SOLANO,VACAVILLE,-121.95885467529297,38.368972778320312
90897994,2019,2019-01-04,9365,2019-01-01,1215,019195,,2,1,9,4800,0,1,1,,2,080,"I-80 E/B","SOLANO/CONTRA COSTA COUNTY LINE",426.00,E,N,A,-,Y,,,80,,,,,,E,Y,4,0,2,3,A,-,03,22350,,N,C,C,A,A,H,-,A,D,0,,,,,Y,,A,01,0,0,2,0,0,0,0,0,0,"- ","- ",38.062068939208984,-122.22525787353516,SOLANO,UNINCORPORATED,-122.22528839111328,38.062068939208984
90901482,2018,2019-01-10,9365,2018-12-31,1730,021050,,1,2,6,4807,0,1,1,,2,081,"I-80 W/B","REDWOOD ST",1848.00,E,N,A,-,Y,,,80,,,,,,W,Y,3,0,3,3,A,-,03,22350,,N,C,C,A,A,H,-,C,D,0,,,,,Y,,A,01,0,1,2,0,0,0,0,0,0,"- ","- ",38.127918243408203,-122.22728729248047,SOLANO,VALLEJO,-122.22733306884766,38.127948760986328
90903965,2019,2019-01-14,9365,2019-01-08,1440,020579,,2,2,6,4807,0,1,3,,2,370,"SR-37 E/B","SACRAMENTO ST",2851.00,E,N,B,-,Y,,,37,,,,,,E,Y,4,0,1,1,A,-,08,22107,,N,E,I,A,A,H,-,A,D,0,,,,Y,Y,,G,27,0,0,1,0,0,0,0,0,0,"- ","- ",38.132621765136719,-122.26149749755859,SOLANO,VALLEJO,-122.26158905029297,38.132717132568359
90909218,2019,2019-01-22,9365,2019-01-16,2025,017747,,3,2,5,4803,0,1,1,,2,085,"I-80 W/B","MANUEL CAMPOS PARKWAY O/C",5280.00,E,N,B,C,Y,,,80,,,,,,W,Y,2,0,2,1,A,-,08,22107,,N,E,I,A,B,H,-,E,D,0,,,,,Y,,A,01,1,1,0,0,0,0,0,0,0,"- ","- ",38.309700012207031,-122.03369903564453,SOLANO,FAIRFIELD,-122.03360748291016,38.309684753417969
90912600,2019,2019-01-25,9365,2019-01-22,1515,017747,,2,2,5,4803,0,1,1,,2,084,"I-80 E/B","TRAVIS BLVD. O/C",500.00,W,N,A,-,Y,,,80,,,,,,E,Y,4,0,2,2,A,-,03,22350,,N,C,C,A,A,H,-,A,D,0,,,,,Y,,A,01,0,0,2,0,0,0,0,0,0,"- ","- ",38.257099151611328,-122.06330108642578,SOLANO,FAIRFIELD,-122.06330108642578,38.257102966308594
90917195,2019,2019-02-01,9365,2019-01-25,2148,021027,,5,2,5,4803,0,1,1,,2,084,"I-80 E/B","AIR BASE PKY",150.00,W,N,A,-,Y,,,80,,,,,,E,Y,4,0,1,3,A,-,03,22350,,N,C,C,A,A,H,-,C,D,0,,,,,Y,,A,07,0,0,1,0,0,0,0,0,0,"- ","- ",38.272869110107422,-122.05001068115234,SOLANO,FAIRFIELD,-122.04999542236328,38.272857666015625
90917614,2019,2019-02-01,9365,2019-01-27,1910,019790,,7,2,9,4800,0,1,1,,2,088,"I-80 W/B","KIDWELL RD",300.00,W,N,A,-,Y,,,80,,,,,,W,Y,2,0,1,3,A,-,03,22350,,N,C,C,A,A,H,-,D,D,0,,,,,Y,,A,01,1,0,0,0,0,0,0,0,0,"- ","- ",38.503658294677734,-121.78782653808594,SOLANO,UNINCORPORATED,-121.78779602050781,38.503627777099609
90918326,2019,2019-02-04,9365,2019-01-30,0640,016919,,3,1,5,4803,0,1,1,,2,085,"I-80 E/B FROM MANUEL CAMPOS PKWY","MANUEL CAMPOS PKWY O/C",528.00,E,N,A,-,Y,,,80,,,,R,,E,Y,4,0,1,3,A,-,03,22350,,N,C,C,A,A,H,-,A,D,0,,,,,Y,,A,01,0,0,1,0,0,0,0,0,0,"- ","- ",38.296871185302734,-122.03362274169922,SOLANO,FAIRFIELD,-122.03362274169922,38.296871185302734
90918701,2018,2019-02-04,9365,2018-06-23,0035,021382,,6,3,6,4807,0,2,S,,2,901,"LEMON ST","SONOMA BLVD",66.00,E,N,A,-,N,,,,,,,,,,Y,1,1,0,1,A,-,01,23152,A,N,E,I,A,A,H,-,C,D,0,,,,,Y,Y,A,01,0,0,0,0,0,0,0,0,0,"- ","- ",38.087799072265625,-122.24340057373047,SOLANO,VALLEJO,-122.24327850341797,38.087909698486328
90918786,2019,2019-02-04,9365,2019-02-02,0740,017735,,6,1,5,4803,0,1,1,,2,083,"I-80 W/B","GREEN VALLEY RD O/C",500.00,W,N,B,C,Y,,,80,,,,,,W,Y,3,0,1,1,A,-,03,22350,,N,E,I,A,B,H,-,A,D,0,,,,,Y,,A,01,0,1,0,0,0,0,0,0,0,"- ","- ",38.21746826171875,-122.13780975341797,SOLANO,FAIRFIELD,-122.13754272460938,38.217086791992188
90919572,2019,2019-02-05,9365,2019-02-01,1745,019651,,5,2,9,4800,0,1,3,,2,121,"SR-12 E/B","SOLANO/NAPA COUNTY LINE",2640.00,E,N,B,C,Y,,,12,,,,,,E,N,4,0,1,2,A,-,03,22350,,N,C,C,A,B,H,-,D,D,0,,,,,Y,,A,01,0,0,1,0,0,0,0,0,0,"- ","- ",38.208469390869141,-122.18860626220703,SOLANO,UNINCORPORATED,-122.18860626220703,38.208438873291016
90919642,2019,2019-02-05,9365,2019-02-04,1008,020068,,1,1,5,4803,0,1,1,,2,083,"I-80 W/B TO I-680 S/B","GREEN VALLEY RD OC",700.00,E,N,C,-,Y,,,80,,,,R,,W,Y,3,0,1,1,A,-,08,22107,,N,E,I,A,B,H,-,A,D,0,,,,,Y,,D,22,0,1,0,0,0,0,0,0,0,"- ","- ",38.217998504638672,-122.13719940185547,SOLANO,FAIRFIELD,-122.13719940185547,38.217998504638672
90926719,2019,2019-02-14,9365,2019-02-05,0750,015293,,2,1,4,4801,0,1,1,,2,077,"I-780 E/B","WEST K ST",150.00,E,N,A,-,Y,,,780,,,,,,E,Y,3,0,1,2,A,-,03,22350,,N,C,C,A,A,H,-,A,D,0,,,,,Y,,A,08,0,1,0,0,0,0,0,0,0,"- ","- ",38.068588256835938,-122.18242645263672,SOLANO,BENICIA,-122.18243408203125,38.068576812744141
90927730,2019,2019-02-18,9365,2019-02-06,1430,019458,,3,2,6,4807,0,1,1,,2,080,"I-80 W/B TO I-780 E/B","I-780 W/B",450.00,E,N,A,-,Y,,,80,,,,R,,W,Y,4,0,1,1,A,-,08,22107,,N,E,I,A,A,H,-,A,D,0,,,,,Y,,A,01,0,0,1,0,0,0,0,0,0,"- ","- ",38.093120574951172,-122.23042297363281,SOLANO,VALLEJO,-122.23042297363281,38.093120574951172
90928085,2019,2019-02-18,9365,2019-02-09,0005,020774,,6,3,3,4802,0,1,1,,2,088,"I-80 W/B","MIDWAY RD",2640.00,E,N,B,-,Y,,,,,,,,,,Y,3,0,2,1,A,-,08,22107,,N,E,I,A,B,H,-,D,D,0,,,,,Y,,A,01,0,2,0,0,0,0,0,0,0,"- ","- ",38.425418853759766,-121.88568115234375,SOLANO,DIXON,-121.89081573486328,38.421401977539062
90929362,2019,2019-02-19,9365,2019-02-08,1615,017746,,5,2,9,4800,0,3,5,,2,010,"THOMAS AVE","SPERRY AVE",0.00,,Y,C,-,N,,,,,,,,,,Y,4,0,1,2,A,-,09,21802,A,N,D,C,A,B,H,-,A,A,0,,,,,Y,,D,22,0,0,1,0,0,0,0,0,0,"- ","- ",38.095241546630859,-122.23684692382812,SOLANO,UNINCORPORATED,-122.23683166503906,38.095211029052734
90931856,2019,2019-02-22,9365,2019-02-17,1430,019927,,7,2,9,4800,0,1,3,,2,121,"SR-12 E/B","RED TOP RD",1478.00,W,N,B,-,Y,,,,,,,,,,Y,4,0,2,2,A,-,03,22350,,N,C,C,A,A,H,-,A,D,0,,,,,Y,,A,07,0,0,2,0,0,0,0,0,0,"- ","- ",38.122711181640625,-122.09420013427734,SOLANO,UNINCORPORATED,-122.161865234375,38.207592010498047
90938662,2019,2019-03-04,9365,2019-02-20,1407,019195,,3,2,9,4800,0,1,A,,2,030,"MIDWAY RD","ROBBEN RD",0.00,,Y,A,-,N,,,,,,,,,,Y,3,0,5,2,A,-,09,21802,A,N,D,C,A,A,H,-,A,A,0,,,,,Y,,D,72,0,5,0,0,0,0,0,0,0,"- ","- ",38.416328430175781,-121.78597259521484,SOLANO,UNINCORPORATED,-121.78597259521484,38.41632080078125