CASE_ID,ACCIDENT_YEAR,PROC_DATE,JURIS,COLLISION_DATE,COLLISION_TIME,OFFICER_ID,REPORTING_DISTRICT,DAY_OF_WEEK,CHP_SHIFT,POPULATION,CNTY_CITY_LOC,SPECIAL_COND,BEAT_TYPE,CHP_BEAT_TYPE,CITY_DIVISION_LAPD,CHP_BEAT_CLASS,BEAT_NUMBER,PRIMARY_RD,SECONDARY_RD,DISTANCE,DIRECTION,INTERSECTION,WEATHER_1,WEATHER_2,STATE_HWY_IND,CALTRANS_COUNTY,CALTRANS_DISTRICT,STATE_ROUTE,ROUTE_SUFFIX,POSTMILE_PREFIX,POSTMILE,LOCATION_TYPE,RAMP_INTERSECTION,SIDE_OF_HWY,TOW_AWAY,COLLISION_SEVERITY,NUMBER_KILLED,NUMBER_INJURED,PARTY_COUNT,PRIMARY_COLL_FACTOR,PCF_CODE_OF_VIOL,PCF_VIOL_CATEGORY,PCF_VIOLATION,PCF_VIOL_SUBSECTION,HIT_AND_RUN,TYPE_OF_COLLISION,MVIW,PED_ACTION,ROAD_SURFACE,ROAD_COND_1,ROAD_COND_2,LIGHTING,CONTROL_DEVICE,CHP_ROAD_TYPE,PEDESTRIAN_ACCIDENT,BICYCLE_ACCIDENT,MOTORCYCLE_ACCIDENT,TRUCK_ACCIDENT,NOT_PRIVATE_PROPERTY,ALCOHOL_INVOLVED,STWD_VEHTYPE_AT_FAULT,CHP_VEHTYPE_AT_FAULT,COUNT_SEVERE_INJ,COUNT_VISIBLE_INJ,COUNT_COMPLAINT_PAIN,COUNT_PED_KILLED,COUNT_PED_INJURED,COUNT_BICYCLIST_KILLED,COUNT_BICYCLIST_INJURED,COUNT_MC_KILLED,COUNT_MC_INJURED,PRIMARY_RAMP,SECONDARY_RAMP,LATITUDE,LONGITUDE,COUNTY,CITY,POINT_X,POINT_Y
91502759,2021,2021-06-22,9365,2021-06-14,2210,018712,,1,3,9,4800,0,3,5,,2,040,"LEVEE RD","MACE BLVD",140.00,W,N,A,-,N,,,,,,,,,,Y,4,0,1,1,A,-,08,22107,,N,E,I,A,A,H,-,D,D,0,,,,,Y,,A,01,0,0,1,0,0,0,0,0,0,"- ","- ",38.311080932617188,-121.41445922851562,SOLANO,UNINCORPORATED,-121.69532599999999,38.520071999999999
91504506,2021,2021-06-23,9365,2021-06-22,1003,017705,,2,1,9,4800,0,1,A,,2,030,"TIMM ROAD","SHAWN LANE",40.00,S,N,A,-,N,,,,,,,,,,N,3,0,1,2,D,-,00,,,N,F,J,A,A,H,-,A,D,0,,Y,,,Y,,-,"- ",0,1,0,0,0,0,1,0,0,"- ","- ",38.440101623535156,-121.96868896484375,SOLANO,UNINCORPORATED,-121.9683837890625,38.440681457519531
91508239,2021,2021-06-28,9365,2021-06-11,0245,021204,,5,3,6,4807,0,1,1,,2,080,"I-80 W/B","SOLANO AVE",500.00,E,N,A,-,Y,,,80,,,,,,W,Y,3,0,1,2,C,-,18,,,N,A,2,A,A,H,-,D,D,0,,,,,Y,,-,"- ",0,1,0,0,0,0,0,0,0,"- ","- ",38.107139587402344,-122.22972106933594,SOLANO,VALLEJO,-122.22979736328125,38.107139587402344
91510195,2021,2021-06-30,9365,2021-06-22,1615,020508,,2,2,6,4807,0,1,1,,2,081,"I-80 W/B",SR-37,350.00,E,N,A,-,Y,,,80,,,,,,W,Y,3,0,1,2,A,-,08,22107,,N,E,I,A,A,H,-,A,D,0,,,,,Y,,A,01,0,1,0,0,0,0,0,0,0,"- ","- ",38.144908905029297,-122.21695709228516,SOLANO,VALLEJO,-122.21707916259766,38.144943237304688
91513459,2021,2021-07-06,9365,2021-06-27,1550,020972,,7,2,9,4800,0,1,1,,2,082,"I-80 WB","RED TOP ROAD",1000.00,W,N,A,-,Y,,,80,,,,,,W,Y,4,0,2,2,A,-,07,21658,A,N,B,2,A,A,H,-,A,D,0,,,,,Y,,A,01,0,0,2,0,0,0,0,0,0,"- ","- ",38.198539733886719,-122.16130828857422,SOLANO,UNINCORPORATED,-122.16130828857422,38.198535919189453
91515137,2021,2021-07-07,9365,2021-07-02,1520,019195,,5,2,9,4800,0,1,3,,2,122,"SR-12 E/B","BECK AVE",1954.00,W,N,A,-,Y,,,,,,,,,,Y,4,0,1,2,A,-,03,22350,,N,C,C,A,A,H,-,A,D,0,,,,,Y,,A,01,0,0,1,0,0,0,0,0,0,"- ","- ",38.239910125732422,-122.07724761962891,SOLANO,UNINCORPORATED,-122.07318878173828,38.240036010742188
91519800,2021,2021-07-14,9365,2021-07-01,1410,017309,,4,2,9,4800,0,1,3,,2,113,SR-113,"BROWN ROAD",0.00,,Y,A,-,Y,,,113,,,,,,,Y,4,0,3,3,A,-,03,22350,,N,C,C,A,A,H,-,A,D,0,,,,,Y,,A,07,0,0,3,0,0,0,0,0,0,"- ","- ",38.307769775390625,-121.82350921630859,SOLANO,UNINCORPORATED,-121.82350921630859,38.307769775390625
91519828,2021,2021-07-14,9365,2021-07-01,1835,019815,,4,2,6,4807,0,1,1,,2,081,"I-80 E/B","REDWOOD PARKWAY",2000.00,W,N,A,-,Y,,,80,,,,,,E,Y,3,0,1,1,A,-,08,22107,,N,E,I,A,A,H,-,A,D,0,,,,,Y,,J,48,0,1,0,0,0,0,0,0,0,"- ","- ",38.118869781494141,-122.23021697998047,SOLANO,VALLEJO,-122.23020935058594,38.118869781494141
91520021,2021,2021-07-14,9365,2021-07-09,2207,021204,,5,3,9,4800,0,1,1,,2,089,"I-80 W/B","SR-113 N/B",2640.00,W,N,A,-,Y,,,80,,,,,,W,Y,3,0,1,2,C,-,18,,,N,C,C,A,A,H,-,D,D,0,,,,,Y,,-,"- ",0,1,0,0,0,0,0,0,0,"- ","- ",38.516941070556641,-121.77371978759766,SOLANO,UNINCORPORATED,-121.77365112304688,38.516864776611328
91520357,2021,2021-07-14,9365,2021-07-13,1125,017805,,2,1,3,4802,0,1,1,,2,088,"I-80 WB","PITT SCHOOL RD",1320.00,W,N,A,-,Y,,,80,,,,,,W,Y,4,0,3,2,A,-,03,22350,,N,C,C,A,A,H,-,A,D,0,,,,,Y,,A,01,0,0,3,0,0,0,0,0,0,"- ","- ",38.456428527832031,-121.84522247314453,SOLANO,DIXON,-121.84524536132812,38.456466674804688
91521929,2021,2021-07-16,9365,2021-07-15,1631,018803,,4,2,5,4803,0,1,1,,2,084,"I-80 E/B","TRAVIS BLVD",800.00,E,N,A,-,Y,,,80,,,,,,E,Y,4,0,1,3,A,-,03,22350,,N,C,C,A,A,H,-,A,D,0,,,,,Y,,A,07,0,0,1,0,0,0,0,0,0,"- ","- ",38.260509490966797,-122.06020355224609,SOLANO,FAIRFIELD,-122.06032562255859,38.2606201171875
91524303,2021,2021-07-20,9365,2021-07-12,1400,020566,,1,2,5,4803,0,1,1,,2,681,"I-680 S/B TO GOLD HILL RD","GOLD HILL RD",5.00,N,N,A,-,Y,,,680,,,,R,,S,N,4,0,1,2,A,-,03,22350,,N,C,C,A,A,H,-,A,A,0,,,,,Y,,A,01,0,0,1,0,0,0,0,0,0,"- ","- ",38.182411193847656,-122.13583374023438,SOLANO,FAIRFIELD,-122.13583374023438,38.182411193847656
91524455,2021,2021-07-20,9365,2021-07-16,0950,016919,,5,1,9,4800,0,1,3,,2,122,"SR-12 E/B","BRANSCOMBE RD",528.00,E,N,A,-,Y,,,,,,,,,,N,3,0,1,1,A,-,08,22107,,N,E,I,A,A,H,-,A,D,0,,,,,Y,,A,01,0,1,0,0,0,0,0,0,0,"- ","- ",38.228488922119141,-122.94931030273438,SOLANO,UNINCORPORATED,-121.94991302490234,38.228481292724609
91524699,2021,2021-07-20,9365,2021-07-12,1740,021466,,1,2,6,4807,0,3,5,,2,010,"BENICIA ROAD","EVANS AVENUE",500.00,E,N,A,-,N,,,,,,,,,,N,4,0,1,3,A,-,09,21801,A,N,D,C,A,A,H,-,A,D,0,,,,,Y,,A,01,0,0,1,0,0,0,0,0,0,"- ","- ",38.096420288085938,-122.23728942871094,SOLANO,VALLEJO,-122.23583984375,38.0960693359375
91525192,2021,2021-07-21,9320,2021-07-15,0820,020440,,4,1,4,4801,0,1,1,,2,685,"I-680 S/B","BAYSHORE RD",310.00,N,N,A,-,Y,,,680,,,,,,S,Y,4,0,1,1,A,-,08,22107,,N,E,I,A,A,H,-,A,D,0,,,,,Y,,A,01,0,0,1,0,0,0,0,0,0,"- ","- ",38.048038482666016,-122.12886810302734,SOLANO,BENICIA,-122.12890625,38.048011779785156
91525796,2021,2021-07-21,9365,2021-07-16,1040,019195,,5,1,5,4803,0,1,1,,2,681,"I-680 S/B","CORDELIA RD",1214.00,S,N,A,G,Y,,,680,,,,,,S,Y,3,0,1,1,A,-,08,22107,,N,F,A,A,A,H,-,A,D,0,,,Y,,Y,,C,02,0,1,0,0,0,0,0,0,1,"- ","- ",38.207439422607422,-122.13796234130859,SOLANO,FAIRFIELD,-122.13803100585938,38.207443237304688
91529648,2021,2021-07-27,9365,2021-07-23,1630,020506,,5,2,5,4806,0,1,1,,2,084,"I-80 W/B TO OLIVER RD.","OLIVER RD.",31.00,E,N,A,-,Y,,,,,,,,,,N,3,0,2,2,A,-,08,22107,,N,E,I,A,A,H,-,D,D,0,,,,,Y,,A,01,0,2,0,0,0,0,0,0,0,"- ","- ",38.253898620605469,-122.06674194335938,SOLANO,VACAVILLE,-122.06671905517578,38.253677368164062
91530067,2021,2021-07-27,9365,2021-07-26,1630,020566,,1,2,5,4803,0,1,1,,2,680,"I-680 N/B","MARSHVIEW RD",528.00,N,N,A,-,Y,,,,,,,,,,N,4,0,1,3,A,-,03,22350,,N,C,C,A,A,H,-,A,D,0,,,,,Y,,A,01,0,0,1,0,0,0,0,0,0,"- ","- ",38.153480529785156,-122.11309814453125,SOLANO,FAIRFIELD,-122.11161804199219,38.1497802734375
91530112,2021,2021-07-27,9365,2021-07-23,0517,017705,,5,3,6,4807,0,1,1,,2,080,"WESTBOUND I-80","MAGAZINE ST",600.00,E,N,B,-,Y,,,80,,,,,,,Y,2,0,1,1,A,-,03,22350,,N,E,J,A,A,C,-,C,D,0,,,Y,,Y,,C,02,1,0,0,0,0,0,0,0,1,"- ","- ",38.086048126220703,-122.23267364501953,SOLANO,VALLEJO,-122.23259735107422,38.086025238037109
91530703,2021,2021-07-28,9365,2021-07-19,0155,020565,,1,3,3,4802,0,1,1,,2,087,"I-80 W/B","DIXON AVE.",3168.00,E,N,A,-,Y,,,80,,,,,,W,Y,3,0,1,2,A,-,03,22350,,M,C,C,A,A,H,-,D,D,0,,,,Y,Y,,A,01,0,1,0,0,0,0,0,0,0,"- ","- ",38.451679229736328,-121.85141754150391,SOLANO,DIXON,-121.85140991210938,38.451671600341797
91534967,2021,2021-08-02,9365,2021-07-29,0000,021857,,4,3,6,4807,0,1,1,,2,080,"I- 80 WESTBOUND","GEORGIA ST.",489.00,E,N,A,-,Y,,,80,,,,,,W,Y,3,0,2,4,A,-,01,23152,A,N,C,C,A,A,D,-,C,D,0,,,,,Y,Y,A,01,0,2,0,0,0,0,0,0,0,"- ","- ",38.102199554443359,-122.22988891601562,SOLANO,VALLEJO,-122.2298583984375,38.102199554443359
91535007,2021,2021-08-02,9365,2021-07-30,1730,020428,,5,2,6,4807,0,1,3,,2,371,"SR-37 TO AUTO MALL COLUMBUS PARKWAY","INTERSTATE 80",60.00,W,N,A,-,Y,,,37,,,,R,,,Y,3,0,2,2,A,-,08,22107,,N,D,C,A,A,H,-,A,D,0,,,,,Y,,A,07,0,2,0,0,0,0,0,0,0,"- ","- ",38.139289855957031,-122.22052001953125,SOLANO,VALLEJO,-122.22052001953125,38.139289855957031
91537220,2021,2021-08-05,9365,2021-07-24,1150,016919,,6,1,5,4803,0,1,1,,2,680,"I-680 N/B","LAKE HERMAN RD O/C",2640.00,S,N,A,G,Y,,,,,,,,,,Y,2,0,1,1,A,-,08,22107,,N,F,A,A,A,H,-,A,D,0,,,,,Y,,A,01,1,0,0,0,0,0,0,0,0,"- ","- ",38.079341888427734,-122.11815643310547,SOLANO,FAIRFIELD,-120.74891662597656,37.620960235595703
91537304,2021,2021-08-05,9365,2021-07-30,0520,016970,,5,3,3,4802,0,1,1,,2,088,"I-80 W/B","MIDWAY ROAD",7920.00,E,N,A,-,Y,,,,,,,,,,Y,2,0,1,2,A,-,07,21658,A,N,F,A,A,A,C,-,D,D,0,,,Y,,Y,,A,01,1,0,0,0,0,0,0,0,1,"- ","- ",38.432498931884766,-121.87632751464844,SOLANO,DIXON,-121.89714050292969,38.416599273681641
91540511,2021,2021-08-09,9365,2021-08-07,1728,022063,,6,2,5,4806,0,1,1,,2,086,"I-80 W/B","MASON STREET",20.00,E,N,B,-,Y,,,80,,,,,,W,Y,4,0,1,2,A,-,03,22350,,N,C,C,A,A,H,-,A,D,0,,,,,Y,,A,07,0,0,1,0,0,0,0,0,0,"- ","- ",38.354450225830078,-121.97825622558594,SOLANO,VACAVILLE,-121.97846221923828,38.354663848876953
9154054,2020,2020-11-20,4806,2020-08-20,0953,553,,4,5,5,4806,0,0,0,,0,,"DAVIS ST","HUME WY",0.00,,Y,A,-,N,,,,,,,,,,N,4,0,1,2,A,-,12,21453,A,N,D,C,A,A,H,-,A,A,0,,,Y,,Y,,C,03,0,0,1,0,0,0,0,0,1,"- ","- ",38.350189208984375,-121.98541259765625,SOLANO,VACAVILLE,-121.98545837402344,38.350189208984375
91541377,2021,2021-08-10,9365,2021-07-31,2235,017736,,6,3,6,4807,0,1,1,,2,080,"I-80 E/B","CARQUINEZ TOLL PLAZA",780.00,E,N,A,-,Y,,,80,,,,,,E,Y,4,0,2,3,A,-,03,22350,,N,C,C,A,A,D,-,C,D,0,,,,,Y,,D,22,0,0,2,0,0,0,0,0,0,"- ","- ",38.071098327636719,-122.22781372070312,SOLANO,VALLEJO,-122.22785949707031,38.071060180664062
91541380,2021,2021-11-24,9365,2021-08-09,0825,019195,,1,1,9,4800,0,3,5,,2,040,"PITT SCHOOL RD","WEBER RD",1954.00,S,N,A,-,N,,,,,,,,,,Y,1,1,0,1,A,-,08,22107,,N,E,I,A,A,H,-,A,D,0,,,,,Y,,D,22,0,0,0,0,0,0,0,0,0,"- ","- ",38.396690368652344,-121.84124755859375,SOLANO,UNINCORPORATED,-121.84129333496094,38.396793365478516
91542263,2021,2021-08-11,9365,2021-08-02,0120,020217,,1,3,6,4807,0,1,1,,2,080,"I-80 E/B","SONOMA BLVD",1500.00,W,N,A,-,Y,,,80,,,,,,E,Y,4,0,1,4,A,-,08,22107,,F,E,I,A,A,H,-,D,D,0,,,,Y,Y,,A,01,0,0,1,0,0,0,0,0,0,"- ","- ",38.071880340576172,-122.22856140136719,SOLANO,VALLEJO,-122.22853088378906,38.071903228759766
91543861,2021,2021-08-12,9365,2021-07-28,0630,015293,,3,1,6,4807,0,3,5,,2,010,"LEMON STREET","THOMAS AVENUE",27.00,S,N,A,-,N,,,,,,,,,,Y,3,0,1,4,A,-,08,22107,,N,B,E,A,A,H,-,A,A,0,,,,,Y,,A,08,0,1,0,0,0,0,0,0,0,"- ","- ",38.093921661376953,-122.23288726806641,SOLANO,VALLEJO,-122.23279571533203,38.093875885009766
9154576,2020,2020-12-01,4806,2020-09-21,0530,553,,1,5,5,4806,0,0,0,,0,,"MONTE VISTA AV","HILLSIDE LN",0.00,,Y,A,-,N,,,,,,,,,,,3,0,1,3,A,-,08,22107,,N,C,E,A,A,H,-,B,D,0,,,,,Y,,D,22,0,1,0,0,0,0,0,0,0,"- ","- ",38.358989715576172,-121.98744964599609,SOLANO,VACAVILLE,-121.98671722412109,38.358978271484375
91549156,2021,2021-08-19,9365,2021-08-15,0945,020972,,7,1,6,4807,0,1,1,,2,081,"I-80 WB TO TENNESSEE STREET WB","TENNESSEE ST",1000.00,E,N,A,-,Y,,,80,,,,R,,W,N,3,0,1,1,A,-,03,22350,,N,E,J,A,A,H,-,A,D,0,,,Y,,Y,,C,02,0,1,0,0,0,0,0,0,1,"- ","- ",38.110431671142578,-122.23046875,SOLANO,VALLEJO,-122.23046875,38.110431671142578
9154996,2020,2020-10-22,4807,2020-08-22,0938,693,,6,5,6,4807,0,0,0,,0,,"SERENO DR","TUOLUMNE ST",25.00,E,N,A,-,N,,,,,,,,,,N,2,0,1,1,A,-,03,22350,,N,E,I,A,A,H,-,A,A,0,,,Y,,Y,,C,02,1,0,0,0,0,0,0,0,1,"- ","- ",38.129199981689453,-122.2393798828125,SOLANO,VALLEJO,-122.23923492431641,38.129199981689453
91551298,2021,2021-08-23,9365,2021-08-14,1252,019458,,6,1,9,4800,0,1,1,,2,680,"I-680 N/B","PARISH ROAD",528.00,N,N,A,-,Y,,,680,,,,,,N,Y,4,0,1,3,A,-,07,21658,A,N,B,C,A,A,H,-,A,D,0,,,,,Y,,A,01,0,0,1,0,0,0,0,0,0,"- ","- ",38.117630004882812,-122.10603332519531,SOLANO,UNINCORPORATED,-122.10602569580078,38.117630004882812
91554314,2021,2021-08-25,9365,2021-08-25,0735,016783,,3,1,3,4802,0,1,1,,2,088,"I-80 E/B","PITT SCHOOL RD",500.00,E,N,A,-,Y,,,80,,,,,,E,N,3,0,1,2,A,-,03,22350,,N,C,C,A,A,H,-,A,D,0,,,,,Y,,D,22,0,1,0,0,0,0,0,0,0,"- ","- ",38.461029052734375,-121.83902740478516,SOLANO,DIXON,-121.83901977539062,38.461013793945312
91554331,2021,2021-08-25,9365,2021-08-24,0810,016783,,2,1,3,4802,0,1,1,,2,088,"I-80 W/B","PITT SCHOOL RD",600.00,E,N,A,-,Y,,,80,,,,,,W,Y,3,0,1,4,A,-,03,22350,,N,C,C,A,A,H,-,A,A,0,,,,,Y,,A,01,0,1,0,0,0,0,0,0,0,"- ","- ",38.463840484619141,-121.83567810058594,SOLANO,DIXON,-121.83570861816406,38.463874816894531
91557293,2021,2021-08-27,9365,2021-08-22,1631,022063,,7,2,5,4806,0,1,1,,2,087,"I-80 W/B","NUT TREE RD",1584.00,E,N,A,-,Y,,,,,,,,,,N,4,0,1,2,A,-,03,22350,,N,C,C,A,A,H,-,A,D,0,,,,,Y,,A,07,0,0,1,0,0,0,0,0,0,"- ","- ",35.373500823974609,-121.95343017578125,SOLANO,VACAVILLE,-121.95777130126953,38.369758605957031
91558380,2021,2021-08-30,9365,2021-08-28,1400,019651,,6,2,5,4806,0,1,1,,2,505,"I-505 SB","I-80 E/B",200.00,N,N,A,-,Y,,,505,,,,,,S,Y,4,0,1,2,A,-,03,22350,,N,C,C,A,A,H,-,A,D,0,,,,,Y,,A,01,0,0,1,0,0,0,0,0,0,"- ","- ",38.37261962890625,-121.95500183105469,SOLANO,VACAVILLE,-121.95482635498047,38.373306274414062
9156563,2020,2020-11-18,4803,2020-09-28,1903,1714,,1,5,5,4803,0,0,0,,0,00E,"VANDEN RD","CANON RD",302.00,S,N,A,-,N,,,,,,,,,,Y,4,0,1,1,A,-,08,22107,,N,E,I,A,A,A,H,D,D,0,,,,,Y,,-,,0,0,1,0,0,0,0,0,0,"- ","- ",38.305011749267578,-121.94930267333984,SOLANO,FAIRFIELD,-121.94972229003906,38.301288604736328
91566678,2021,2021-09-09,9365,2021-09-05,1328,019195,,7,1,9,4800,0,1,1,,2,681,"I-680 N/B","LAKE HERMAN ROAD",2798.00,N,N,A,-,Y,,,680,,,,,,N,Y,2,0,1,1,A,-,08,22107,,N,E,I,A,A,H,-,A,D,0,,,,,Y,,A,07,1,0,0,0,0,0,0,0,0,"- ","- ",38.09246826171875,-122.10707855224609,SOLANO,UNINCORPORATED,-122.10695648193359,38.092430114746094
91566722,2021,2021-09-09,9365,2021-09-05,1904,019299,,7,2,9,4800,0,3,5,,2,040,"SIEVER'S ROAD","CURREY ROAD",0.00,,Y,B,-,N,,,,,,,,,,N,2,0,2,2,A,-,09,21802,A,N,D,C,A,A,H,-,A,A,0,,,,,Y,,A,01,1,1,0,0,0,0,0,0,0,"- ","- ",38.489109039306641,-121.82234954833984,SOLANO,UNINCORPORATED,-121.82228851318359,38.489101409912109
91569967,2021,2021-09-14,9365,2021-09-10,1445,021609,,5,2,6,4807,0,1,1,,2,080,"I-80 W/B","SOLANO AVE",340.00,W,N,A,-,Y,,,80,,,,,,W,N,3,0,1,1,C,-,18,,,N,A,J,A,A,H,-,A,D,0,,,,,Y,,-,"- ",0,1,0,0,0,0,0,0,0,"- ","- ",38.104759216308594,-122.22994995117188,SOLANO,VALLEJO,-122.22982788085938,38.104759216308594
91573042,2021,2021-09-17,9365,2021-09-16,1510,019651,,4,2,6,4807,0,1,1,,2,080,"I-80 E/B","SONOMA BLVD UNDERCROSSING",85.00,E,N,A,-,Y,,,80,,,,,,E,Y,3,0,1,2,A,-,03,22350,,N,C,C,A,A,H,-,A,D,0,,,Y,,Y,,C,02,0,1,0,0,0,0,0,0,1,"- ","- ",38.076679229736328,-122.23200988769531,SOLANO,VALLEJO,-122.23200988769531,38.076679229736328
91578902,2021,2021-09-24,9365,2021-09-19,2345,018192,,7,3,9,4800,0,1,1,,2,089,"I-80 E/B","KIDWELL ROAD",3000.00,E,N,A,-,Y,,,,,,,,,,Y,3,0,1,1,A,-,01,23152,A,N,B,I,A,A,H,-,D,D,0,,,,,Y,Y,A,01,0,1,0,0,0,0,0,0,0,"- ","- ",38.303699493408203,-121.46469879150391,SOLANO,UNINCORPORATED,-121.77873992919922,38.511653900146484
91582504,2021,2021-09-29,9365,2021-09-23,0305,020217,,4,3,3,4802,0,1,1,,2,086,"I-80 W/B","CURREY RD",600.00,W,N,A,-,Y,,,80,,,,,,W,Y,4,0,1,1,A,-,08,22107,,N,E,I,A,A,H,-,D,D,0,,,,,Y,,A,01,0,0,1,0,0,0,0,0,0,"- ","- ",38.471141815185547,-121.82637786865234,SOLANO,DIXON,-121.82638549804688,38.471149444580078
91582594,2021,2021-09-29,9365,2021-09-20,1540,018794,,1,2,9,4800,0,1,1,,2,084,"I-80 E/B","TRAVIS BLVD",528.00,E,N,A,-,Y,,,,,,,,,,N,4,0,1,3,A,-,03,22350,,N,C,C,A,A,H,-,A,D,0,,,,,Y,,A,01,0,0,1,0,0,0,0,0,0,"- ","- ",38.260799407958984,-122.06053161621094,SOLANO,UNINCORPORATED,-122.06189727783203,38.258800506591797
91582915,2021,2021-09-29,9365,2021-09-21,0805,017820,,2,1,6,4807,0,1,3,,2,370,"SR-37 E/B","FAIRGROUNDS DR",975.00,E,N,A,-,Y,,,37,,,,,,E,N,4,0,1,3,A,-,04,21703,,N,C,C,A,A,H,-,A,A,0,,,,,Y,,A,01,0,0,1,0,0,0,0,0,0,"- ","- ",38.141281127929688,-122.22891998291016,SOLANO,VALLEJO,-122.22891998291016,38.141284942626953
91583023,2021,2021-09-29,9365,2021-09-28,1505,021645,,2,2,5,4803,0,1,1,,2,083,"I-80 E/B","SUISUN VALLEY ROAD",500.00,W,N,A,-,Y,,,80,,,,,,E,N,4,0,1,2,A,-,03,22350,,N,C,C,A,A,H,-,A,D,0,,,,,Y,,A,07,0,0,1,0,0,0,0,0,0,"- ","- ",38.221858978271484,-122.13028717041016,SOLANO,FAIRFIELD,-122.13025665283203,38.221813201904297
91584039,2021,2021-09-30,9365,2021-09-25,1200,016919,,6,1,4,4801,0,1,1,,2,680,"I-680 N/B","INDUSTRIAL WAY U/C",1056.00,N,N,A,-,Y,,,680,,,,,,N,N,3,0,3,4,A,-,03,22350,,N,C,C,A,A,H,-,A,D,0,,,,,Y,,A,07,0,2,1,0,0,0,0,0,0,"- ","- ",38.070480346679688,-122.12596130371094,SOLANO,BENICIA,-122.12593078613281,38.070457458496094
91588404,2021,2021-10-05,9365,2021-10-03,0350,021204,,7,3,5,4803,0,1,1,,2,084,"I-80 W/B","MANUEL CAMPOS PKWY",2640.00,W,N,A,-,Y,,,80,,,,,,W,Y,3,0,1,1,A,-,01,23152,A,N,E,8,A,A,H,-,D,D,0,,,,,Y,Y,A,01,0,1,0,0,0,0,0,0,0,"- ","- ",38.291671752929688,-122.03462219238281,SOLANO,FAIRFIELD,-122.03466033935547,38.291683197021484
91594895,2021,2021-10-13,9365,2021-10-09,0526,017805,,6,3,5,4806,0,1,1,,2,086,"I-80 EB","ALAMO DR. O/C",3000.00,W,N,A,-,Y,,,80,,,,,,E,N,4,0,1,2,A,-,03,22350,,N,D,C,A,A,H,-,D,D,0,,,,,Y,,A,01,0,0,1,0,0,0,0,0,0,"- ","- ",38.342731475830078,-122.00669860839844,SOLANO,VACAVILLE,-122.00670623779297,38.342758178710938
91595385,2021,2021-10-13,9365,2021-10-08,2215,022063,,5,3,5,4806,0,1,1,,2,086,"I-80 E/B","ALAMO DRIVE",2112.00,W,N,A,-,Y,,,80,,,,,,E,N,4,0,1,1,C,-,18,,,N,E,H,A,A,H,-,D,D,0,,,,,Y,,-,"- ",0,0,1,0,0,0,0,0,0,"- ","- ",38.343521118164062,-122.004150390625,SOLANO,VACAVILLE,-122.004150390625,38.343528747558594
91596002,2021,2021-10-14,9365,2021-10-02,2020,019815,,6,2,5,4806,0,1,1,,2,505,"I-505 N/B","VACA VALLEY PARKWAY",4000.00,S,N,A,-,Y,,,505,,,,,,N,N,4,0,1,1,A,-,03,22350,,N,E,J,A,A,H,-,C,D,0,,,,,Y,,A,01,0,0,1,0,0,0,0,0,0,"- ","- ",38.388271331787109,-121.95091247558594,SOLANO,VACAVILLE,-121.95101165771484,38.388294219970703
91598825,2021,2021-10-18,9365,2021-09-19,0155,021598,,7,3,9,4800,0,3,5,,2,040,"PUTAH CREEK ROAD","WINTERS RD",150.00,E,N,B,-,N,,,,,,,,,,Y,3,0,1,1,A,-,01,23152,A,N,E,I,A,A,H,-,C,D,0,,,,,Y,Y,A,07,0,1,0,0,0,0,0,0,0,"- ","- ",38.516548156738281,-121.96878814697266,SOLANO,UNINCORPORATED,-121.967041015625,38.519622802734375
9160008,2020,2021-01-11,4803,2020-10-02,1332,1691,,5,5,5,4803,0,0,0,,0,00S,"BECK AV","CADENASSO DR",217.00,S,N,A,-,N,,,,,,,,,,N,3,0,3,2,A,-,09,21804,A,N,D,C,A,A,H,-,A,D,0,,,,,Y,,A,07,0,2,1,0,0,0,0,0,0,"- ","- ",38.247539520263672,-122.06620788574219,SOLANO,FAIRFIELD,-122.06623840332031,38.246913909912109
9160055,2020,2021-01-12,4803,2020-10-07,1537,1735,SOLAN,3,5,5,4803,0,0,0,,0,00E,"PEABODY RD","HUBER DR",220.00,N,N,A,-,N,,,,,,,,,,Y,4,0,2,4,A,-,03,22350,,N,C,C,A,A,H,-,A,D,0,,,,,Y,,A,01,0,0,2,0,0,0,0,0,0,"- ","- ",38.297809600830078,-121.96930694580078,SOLANO,FAIRFIELD,-121.96944427490234,38.298545837402344
9160059,2020,2021-01-12,4803,2020-10-06,1727,1714,,2,5,5,4803,0,0,0,,0,00E,"CLAY BANK RD","EAST TABOR AV",151.00,N,N,A,-,N,,,,,,,,,,Y,4,0,1,2,A,-,09,21801,A,N,D,C,A,A,A,H,A,D,0,,,,,Y,,A,01,0,0,1,0,0,0,0,0,0,"- ","- ",38.265140533447266,-122.00700378417969,SOLANO,FAIRFIELD,-122.00721740722656,38.265605926513672