CASE_ID,ACCIDENT_YEAR,PROC_DATE,JURIS,COLLISION_DATE,COLLISION_TIME,OFFICER_ID,REPORTING_DISTRICT,DAY_OF_WEEK,CHP_SHIFT,POPULATION,CNTY_CITY_LOC,SPECIAL_COND,BEAT_TYPE,CHP_BEAT_TYPE,CITY_DIVISION_LAPD,CHP_BEAT_CLASS,BEAT_NUMBER,PRIMARY_RD,SECONDARY_RD,DISTANCE,DIRECTION,INTERSECTION,WEATHER_1,WEATHER_2,STATE_HWY_IND,CALTRANS_COUNTY,CALTRANS_DISTRICT,STATE_ROUTE,ROUTE_SUFFIX,POSTMILE_PREFIX,POSTMILE,LOCATION_TYPE,RAMP_INTERSECTION,SIDE_OF_HWY,TOW_AWAY,COLLISION_SEVERITY,NUMBER_KILLED,NUMBER_INJURED,PARTY_COUNT,PRIMARY_COLL_FACTOR,PCF_CODE_OF_VIOL,PCF_VIOL_CATEGORY,PCF_VIOLATION,PCF_VIOL_SUBSECTION,HIT_AND_RUN,TYPE_OF_COLLISION,MVIW,PED_ACTION,ROAD_SURFACE,ROAD_COND_1,ROAD_COND_2,LIGHTING,CONTROL_DEVICE,CHP_ROAD_TYPE,PEDESTRIAN_ACCIDENT,BICYCLE_ACCIDENT,MOTORCYCLE_ACCIDENT,TRUCK_ACCIDENT,NOT_PRIVATE_PROPERTY,ALCOHOL_INVOLVED,STWD_VEHTYPE_AT_FAULT,CHP_VEHTYPE_AT_FAULT,COUNT_SEVERE_INJ,COUNT_VISIBLE_INJ,COUNT_COMPLAINT_PAIN,COUNT_PED_KILLED,COUNT_PED_INJURED,COUNT_BICYCLIST_KILLED,COUNT_BICYCLIST_INJURED,COUNT_MC_KILLED,COUNT_MC_INJURED,PRIMARY_RAMP,SECONDARY_RAMP,LATITUDE,LONGITUDE,COUNTY,CITY,POINT_X,POINT_Y
9511504,2022,2023-01-10,4806,2022-07-04,0847,789,210,1,5,5,4806,0,0,0,,0,002,"BALD EAGLE DR","BERRYWOOD WY",188.00,E,N,A,-,N,,,,,,,,,,N,3,0,1,4,A,-,03,22350,,N,C,E,A,A,H,-,A,D,0,,,,Y,Y,,F,26,0,1,0,0,0,0,0,0,0,"- ","- ",38.392631530761719,-121.97907257080078,SOLANO,VACAVILLE,-121.97843933105469,38.392528533935547
9511527,2022,2023-01-30,4806,2022-12-01,1527,553,,4,5,5,4806,0,0,0,,0,,"NUT TREE RD","DRAKE WY",318.00,N,N,B,-,N,,,,,,,,,,,3,0,1,2,A,-,11,21950,B,N,G,B,B,A,H,-,A,A,0,Y,,,,Y,,N,60,0,1,0,0,1,0,0,0,0,"- ","- ",38.347370147705078,-121.95316314697266,SOLANO,VACAVILLE,-121.95314788818359,38.348297119140625
9511528,2022,2023-01-30,4806,2022-12-01,0801,234,805,4,5,5,4806,0,0,0,,0,008,"MERCHANT ST","ELM ST",0.00,,Y,C,-,N,,,,,,,,,,Y,3,0,2,2,A,-,12,21453,A,N,D,C,A,B,H,-,A,A,0,,,,,Y,,A,01,0,1,1,0,0,0,0,0,0,"- ","- ",,,SOLANO,VACAVILLE,-121.99446105957031,38.350269317626953
9525739,2023,2023-03-08,4801,2023-01-08,1158,3932,1,7,5,4,4801,0,0,0,,0,001,"WEST K ST","K ST",679.00,W,N,A,-,N,,,,,,,,,,N,3,0,1,1,A,-,03,22350,,N,F,A,A,B,H,-,A,D,0,,Y,,,Y,,L,04,0,1,0,0,0,0,1,0,0,"- ","- ",38.069400787353516,-122.14273834228516,SOLANO,BENICIA,-122.15827941894531,38.053928375244141
9534169,2022,2023-02-14,4804,2022-12-09,0804,13615RV,4804,5,5,2,4804,0,0,0,,0,,"RT 12","AMERADA RD",119.00,W,N,A,-,Y,SOL,4,12,-,-,24.790,H,-,E,Y,4,0,1,4,A,-,04,21703,,N,C,C,A,A,H,-,A,D,0,,,,,Y,,A,01,0,0,1,0,0,0,0,0,0,"- ","- ",,,SOLANO,"RIO VISTA",-121.70967864990234,38.170848846435547
9534533,2023,2023-03-06,4806,2023-01-21,1204,770,901,6,5,5,4806,0,0,0,,0,009,"MONTE VISTA AV","BROWNS VALLEY PKWY",414.00,W,N,A,-,N,,,,,,,,,,Y,3,0,2,2,A,-,09,21801,A,N,D,C,A,A,H,-,A,A,0,,,,,Y,,A,01,0,1,1,0,0,0,0,0,0,"- ","- ",38.363800048828125,-121.96701812744141,SOLANO,VACAVILLE,-121.96835327148438,38.363201141357422
9535203,2023,2023-02-17,4806,2023-01-10,1755,609,802,2,5,5,4806,0,0,0,,0,008,"EAST MONTE VISTA AV","VINE ST",107.00,E,N,B,-,N,,,,,,,,,,,4,0,1,2,A,-,03,22350,,N,C,C,A,B,H,-,C,D,0,,,,,Y,,A,01,0,0,1,0,0,0,0,0,0,"- ","- ",38.358909606933594,-121.98513031005859,SOLANO,VACAVILLE,-121.985107421875,38.358951568603516
9535206,2023,2023-02-17,4806,2023-01-20,"631 ",234,401,5,5,5,4806,0,0,0,,0,004,"ELMIRA RD","PEABODY RD",36.00,E,N,A,-,N,,,,,,,,,,Y,4,0,1,2,A,-,03,22350,,N,C,C,A,A,H,-,C,A,0,,,Y,,Y,,A,01,0,0,1,0,0,0,0,0,1,"- ","- ",38.354141235351562,-121.97621917724609,SOLANO,VACAVILLE,-121.97596740722656,38.353984832763672
9535208,2023,2023-02-17,4806,2023-01-13,2201,756,904,5,5,5,4806,0,0,0,,0,009,"NUT TREE PKWY","NUT TREE RD",0.00,,Y,A,-,N,,,,,,,,,,Y,3,0,4,2,A,-,12,21453,A,N,D,C,A,B,H,-,C,A,0,,,,,Y,,A,01,0,3,1,0,0,0,0,0,0,"- ","- ",38.368289947509766,-121.95619201660156,SOLANO,VACAVILLE,-121.95629119873047,38.368423461914062
9537140,2022,2022-12-22,4806,2022-11-20,1454,686,904,7,5,5,4806,0,0,0,,0,009,"NUT TREE RD","NUT TREE PKWY",505.00,N,N,A,-,N,,,,,,,,,,Y,3,0,1,4,A,-,03,22350,,N,D,C,A,A,H,-,A,A,0,,,,,Y,,A,01,0,1,0,0,0,0,0,0,0,"- ","- ",38.368289947509766,-121.95619201660156,SOLANO,VACAVILLE,-121.95751190185547,38.369415283203125
9541236,2023,2023-02-16,4806,2023-01-05,1341,553,,4,5,5,4806,0,0,0,,0,,"PEABODY RD","BEELARD DR",0.00,,Y,B,-,N,,,,,,,,,,N,4,0,1,2,A,-,12,21453,A,N,D,C,A,B,H,-,A,A,0,,,,,Y,,A,01,0,0,1,0,0,0,0,0,0,"- ","- ",38.341598510742188,-121.97099304199219,SOLANO,VACAVILLE,-121.97090911865234,38.341602325439453
9546813,2023,2023-03-09,4806,2023-02-04,1246,780,902,6,5,5,4806,0,0,0,,0,009,"ALLISON DR","NUT TREE PKWY",393.00,N,N,A,-,Y,SOL,4,80,-,R,27.346,R,4,E,,4,0,1,2,A,-,03,22350,,N,C,C,A,A,H,-,A,A,0,,,,,Y,,A,01,0,0,1,0,0,0,0,0,0,"- ","- ",38.360038757324219,-121.96803283691406,SOLANO,VACAVILLE,-121.96751403808594,38.362495422363281
9547223,2023,2023-02-28,4806,2023-02-05,1951,686,611,7,5,5,4806,0,0,0,,0,006,"PEABODY RD","CALDWELL DR",0.00,,Y,A,-,N,,,,,,,,,,Y,3,0,2,2,A,-,08,22107,,N,D,C,A,A,H,-,C,A,0,,,,,Y,,D,22,0,1,1,0,0,0,0,0,0,"- ","- ",38.329620361328125,-121.97042083740234,SOLANO,VACAVILLE,-121.970458984375,38.329639434814453
9550639,2023,2023-03-23,4806,2023-03-03,1526,770,615,5,5,5,4806,0,0,0,,0,006,"LEISURE TOWN RD","VANDEN RD",3.00,E,N,A,-,N,,,,,,,,,,Y,3,0,1,1,A,-,08,22107,,N,E,I,A,A,H,-,A,A,0,,,Y,,Y,,C,02,0,1,0,0,0,0,0,0,1,"- ","- ",38.316619873046875,-121.94303894042969,SOLANO,VACAVILLE,-121.94296264648438,38.317050933837891
9554657,2023,2023-03-15,4804,2023-01-27,2025,13578RV,4804,5,5,2,4804,0,0,0,,0,,"RT 12","DROUIN DR",2112.00,W,N,A,-,Y,SOL,4,12,-,-,25.180,H,-,W,Y,4,0,1,1,A,-,03,22350,,N,F,A,A,A,H,-,C,D,0,,,,,Y,,A,01,0,0,1,0,0,0,0,0,0,"- ","- ",38.162651062011719,-121.69936370849609,SOLANO,"RIO VISTA",-121.70457458496094,38.166797637939453
9555188,2023,2023-03-30,4802,2023-02-25,"104 ",1259,SOLAN,6,5,3,4802,0,0,0,,0,003,"PEDRICK RD","SPARKLING LN",3914.00,S,N,C,-,N,,,,,,,,,,Y,3,0,1,1,A,-,01,23152,A,N,E,J,A,B,H,-,D,D,0,,,,,Y,Y,A,07,0,1,0,0,0,0,0,0,0,"- ","- ",38.486770629882812,-121.80393218994141,SOLANO,DIXON,-121.80385589599609,38.476051330566406
9559742,2023,2023-03-30,4801,2023-02-14,1708,4538,2,2,5,4,4801,0,0,0,,0,002,"E 5TH ST","MILITARY EAST",9.00,S,N,A,-,N,,,,,,,,,,N,2,0,2,3,A,-,10,21950,A,N,H,B,B,A,H,-,A,A,0,Y,,,,Y,,A,01,1,0,1,0,2,0,0,0,0,"- ","- ",38.050910949707031,-122.14687347412109,SOLANO,BENICIA,-122.14686584472656,38.050857543945312
9564260,2023,2023-05-04,4806,2023-04-02,1152,814,604,7,5,5,4806,0,0,0,,0,006,"ALAMO DR","VANDEN RD",8.00,S,N,A,-,N,,,,,,,,,,,4,0,1,1,C,-,18,,,N,H,J,A,A,H,-,A,A,0,,,Y,,Y,,-,"- ",0,0,1,0,0,0,0,0,1,"- ","- ",38.33538818359375,-121.94303894042969,SOLANO,VACAVILLE,-121.94303131103516,38.335380554199219
9567890,2023,2023-06-06,4806,2023-05-07,"348 ",603,,7,5,5,4806,0,0,0,,0,,"COGBURN CIR","VEGA WY",55.00,W,N,A,-,N,,,,,,,,,,Y,4,0,1,1,A,-,01,23152,A,N,E,I,A,A,H,-,C,A,0,,,,,Y,Y,A,01,0,0,1,0,0,0,0,0,0,"- ","- ",38.32672119140625,-121.94451141357422,SOLANO,VACAVILLE,-121.9447021484375,38.326694488525391
9575783,2023,2023-06-19,4801,2023-05-12,1926,4427,1,5,5,4,4801,0,0,0,,0,001,"W I ST","WEST 8TH ST",619.00,E,N,A,-,N,,,,,,,,,,N,2,0,1,1,A,-,03,22350,,N,H,A,A,A,H,-,A,D,0,,Y,,,Y,,L,04,1,0,0,0,0,0,1,0,0,"- ","- ",,,SOLANO,BENICIA,-122.16989135742188,38.05706787109375
9579725,2023,2023-05-31,4806,2023-05-13,1141,770,603,6,5,5,4806,0,0,0,,0,006,"ALAMO DR","DEMAREST DR",0.00,,Y,A,-,N,,,,,,,,,,Y,3,0,2,2,A,-,03,22350,,N,C,C,A,A,H,-,A,A,0,,,,,Y,,A,07,0,1,1,0,0,0,0,0,0,"- ","- ",38.335369110107422,-121.95024871826172,SOLANO,VACAVILLE,-121.95027923583984,38.335319519042969
9581341,2023,2023-06-29,4806,2023-06-08,1559,770,06082,4,5,5,4806,0,0,0,,0,1559,"LEISURE TOWN RD","ELMIRA RD",80.00,N,N,A,-,N,,,,,,,,,,Y,4,0,1,3,A,-,03,22350,,N,C,C,A,A,H,-,A,A,0,,,Y,,Y,,C,02,0,0,1,0,0,0,0,0,0,"- ","- ",38.351318359375,-121.93401336669922,SOLANO,VACAVILLE,-121.93402099609375,38.351608276367188
9582927,2023,2023-06-22,4802,2023-05-04,"703 ",1264,,4,5,3,4802,0,0,0,,0,002,"N ADAMS ST","WEST E ST",0.00,,Y,B,-,N,,,,,,,,,,Y,3,0,1,2,A,-,09,21802,A,N,D,C,A,A,H,-,A,A,0,,,,,Y,,A,01,0,1,0,0,0,0,0,0,0,"- ","- ",38.449569702148438,-121.82624053955078,SOLANO,DIXON,-121.82620239257812,38.449531555175781
9584285,2023,2023-05-17,4806,2023-04-27,"902 ",844,203,4,5,5,4806,0,0,0,,0,002,"MONTE VISTA AV","HILLSIDE LN",151.00,W,N,A,-,N,,,,,,,,,,N,4,0,2,2,A,-,03,22350,,N,C,C,A,A,H,-,A,A,0,,,,,Y,,A,01,0,0,2,0,0,0,0,0,0,"- ","- ",38.358989715576172,-121.98744964599609,SOLANO,VACAVILLE,-121.98796844482422,38.358978271484375
9584445,2023,2023-05-20,4806,2023-05-02,"741 ",674,702,2,5,5,4806,0,0,0,,0,007,"MARSHALL RD","PEABODY RD",402.00,W,N,B,-,N,,,,,,,,,,Y,4,0,1,1,A,-,08,22107,,N,E,I,A,B,H,-,A,A,0,,,,,Y,,-,,0,0,1,0,0,0,0,0,0,"- ","- ",38.346248626708984,-121.97429656982422,SOLANO,VACAVILLE,-121.97543334960938,38.345752716064453
9584447,2023,2023-05-20,4806,2023-05-03,"752 ",770,406,3,5,5,4806,0,0,0,,0,004,"MARSHALL RD","NUT TREE RD",307.00,E,N,A,-,N,,,,,,,,,,Y,4,0,1,1,A,-,03,22350,,N,E,I,A,A,H,-,A,A,0,,,,,Y,,A,01,0,0,1,0,0,0,0,0,0,"- ","- ",38.346199035644531,-121.95319366455078,SOLANO,VACAVILLE,-121.95215606689453,38.346214294433594
9584448,2023,2023-05-20,4806,2023-05-05,1512,770,602,5,5,5,4806,0,0,0,,0,006,"ALAMO DR","NUT TREE RD",440.00,W,N,A,-,N,,,,,,,,,,N,3,0,1,2,A,-,05,21650,,N,B,G,A,A,H,-,A,A,0,,Y,,,Y,,L,04,0,1,0,0,0,0,1,0,0,"- ","- ",38.335369110107422,-121.95330810546875,SOLANO,VACAVILLE,-121.95484161376953,38.335330963134766
9587446,2023,2023-06-08,4806,2023-05-23,"648 ",341,210,2,5,5,4806,0,0,0,,0,002,"GLEN EAGLE WY","BROWNS VALLEY RD",0.00,,Y,A,-,N,,,,,,,,,,N,3,0,1,2,A,-,06,21755,,N,D,G,A,A,H,-,A,A,0,,Y,,,Y,,L,04,0,1,0,0,0,0,1,0,0,"- ","- ",38.386909484863281,-121.97763824462891,SOLANO,VACAVILLE,-121.97766876220703,38.386909484863281
9587450,2023,2023-06-13,4806,2023-05-21,1506,829,,7,5,5,4806,0,0,0,,0,001,"ALAMO DR","BUTCHER RD",0.00,,Y,A,-,N,,,,,,,,,,Y,4,0,1,2,A,-,12,21453,A,N,D,C,A,A,A,-,A,A,0,,,,,Y,,D,22,0,0,1,0,0,0,0,0,0,"- ","- ",38.343559265136719,-121.99578857421875,SOLANO,VACAVILLE,-121.99575805664062,38.343601226806641
9596582,2023,2023-08-16,4802,2023-07-01,1839,1321,,6,5,3,4802,0,0,0,,0,002,"REGENCY PKWY","NORTH LINCOLN ST",325.00,S,N,A,-,N,,,,,,,,,,N,2,0,1,2,A,-,03,22350,,N,C,G,A,A,H,-,A,D,0,,Y,,,Y,,L,04,1,0,0,0,0,0,1,0,0,"- ","- ",38.467388153076172,-121.82547760009766,SOLANO,DIXON,-121.83085632324219,38.466571807861328
9597371,2023,2023-08-07,4806,2023-07-17,1819,686,406,1,5,5,4806,0,0,0,,0,004,"ELMIRA RD","ROYAL OAKS DR",0.00,,Y,A,-,N,,,,,,,,,,Y,4,0,1,2,A,-,08,22107,,N,D,C,A,A,H,-,A,A,0,,,Y,,Y,,A,01,0,0,1,0,0,0,0,0,1,"- ","- ",38.351760864257812,-121.95700073242188,SOLANO,VACAVILLE,-121.95705413818359,38.351799011230469
9601591,2023,2023-09-06,4802,2023-07-18,1552,1329,4802,2,5,3,4802,0,0,0,,0,003,"RT 113","N 1ST ST",708.00,E,N,A,-,Y,SOL,4,113,-,-,21.240,H,-,N,Y,2,0,2,2,D,-,00,,,N,A,C,A,A,H,-,A,D,0,,,,,Y,,-,"- ",2,0,0,0,0,0,0,0,0,"- ","- ",38.471851348876953,-121.82241821289062,SOLANO,DIXON,-121.82382202148438,38.473007202148438
9601678,2023,2023-09-11,4806,2023-08-05,1653,756,906,6,5,5,4806,0,0,0,,0,009,"ORANGE DR","RT 505",40.00,W,N,A,-,Y,SOL,4,505,-,R,0.001,R,4,N,Y,4,0,1,2,A,-,01,23152,B,M,C,C,A,A,H,-,A,A,0,,,,,Y,Y,A,01,0,0,1,0,0,0,0,0,0,"- ",NO,38.370929718017578,-121.953857421875,SOLANO,VACAVILLE,-121.95339202880859,38.373310089111328
9604112,2023,2023-08-16,4806,2023-07-23,1725,686,510,7,5,5,4806,0,0,0,,0,005,"LEISURE TOWN RD","MARSHALL RD",0.00,,Y,A,-,N,,,,,,,,,,Y,4,0,4,2,A,-,12,21453,A,N,D,C,A,A,H,-,A,A,0,,,,,Y,,A,07,0,0,4,0,0,0,0,0,0,"- ","- ",38.343128204345703,-121.93399047851562,SOLANO,VACAVILLE,-121.93392181396484,38.343124389648438
9606647,2023,2023-09-13,4804,2023-07-28,1745,13417RV,4804,5,5,2,4804,0,0,0,,0,,"RT 12","DROUIN DR",1200.00,W,N,A,-,Y,SOL,4,12,-,-,25.350,H,-,W,N,3,0,1,1,A,-,08,22107,,N,F,A,A,A,H,-,A,D,0,,,,,Y,,D,22,0,1,0,0,0,0,0,0,0,"- ","- ",,,SOLANO,"RIO VISTA",-121.70233917236328,38.165035247802734
9610240,2023,2023-08-30,4802,2023-08-14,1722,1322,,1,5,3,4802,0,0,0,,0,001,"W CHERRY ST","GOLD ST",0.00,,Y,A,-,N,,,,,,,,,,N,4,0,1,2,A,-,12,22450,A,N,D,C,A,A,H,-,A,A,0,,,,,Y,,A,01,0,0,1,0,0,0,0,0,0,"- ","- ",,,SOLANO,DIXON,-121.82666778564453,38.440017700195312
9611301,2023,2023-10-24,4806,2023-09-02,1554,770,202,6,5,5,4806,0,0,0,,0,002,"MONTE VISTA AV","SCOGGINS CT",105.00,E,N,A,-,N,,,,,,,,,,Y,4,0,1,3,A,-,03,22350,,N,C,C,A,A,H,-,A,B,0,,,,,Y,,A,01,0,0,1,0,0,0,0,0,0,"- ","- ",,,SOLANO,VACAVILLE,-121.97965240478516,38.35906982421875
9612478,2023,2023-10-17,4806,2023-08-25,1321,770,708,5,5,5,4806,0,0,0,,0,007,"CALIFORNIA DR","ARAQUIPA CT",541.00,E,N,A,-,N,,,,,,,,,,,4,0,1,2,A,-,05,21460,A,N,B,C,A,A,H,-,A,A,0,,,,,Y,,A,07,0,0,1,0,0,0,0,0,0,"- ","- ",38.333511352539062,-121.98931884765625,SOLANO,VACAVILLE,-121.98744201660156,38.333400726318359
9620634,2023,2023-12-02,4806,2023-10-03,1510,674,507,2,5,5,4806,0,0,0,,0,005,"RICHARD PL","JENNIFER LN",316.00,W,N,A,-,N,,,,,,,,,,N,3,0,1,1,A,-,08,22107,,N,E,I,A,A,H,-,A,A,0,,,Y,,Y,,C,02,0,1,0,0,0,0,0,0,1,"- ","- ",38.350318908691406,-121.93965911865234,SOLANO,VACAVILLE,-121.94075775146484,38.350334167480469
9620774,2023,2023-10-25,4806,2023-09-27,1437,857,,3,5,5,4806,0,0,0,,0,004,"PEABODY RD","MARSHALL RD",0.00,,Y,A,-,N,,,,,,,,,,,3,0,2,2,A,-,08,22107,,N,B,C,A,A,H,-,A,D,0,,,,,Y,,A,01,0,1,1,0,0,0,0,0,0,"- ","- ",38.346248626708984,-121.97429656982422,SOLANO,VACAVILLE,-121.97421264648438,38.346290588378906
9621202,2023,2023-11-29,4806,2023-10-27,1249,609,901,5,5,5,4806,0,0,0,,0,009,"ALLISON DR","EAST MONTE VISTA AV",371.00,S,N,A,-,N,,,,,,,,,,Y,4,0,3,2,A,-,03,22350,,N,C,C,A,A,H,-,A,D,0,,,,,Y,,A,01,0,0,3,0,0,0,0,0,0,"- ","- ",,,SOLANO,VACAVILLE,-121.96942901611328,38.361625671386719
9621659,2023,2023-10-18,4806,2023-09-01,1439,838,906,5,5,5,4806,0,0,0,,0,009,"NUT TREE RD","NUT TREE PKWY",393.00,N,N,A,-,N,,,,,,,,,,N,4,0,1,2,A,-,03,22350,,N,C,C,A,A,H,-,A,D,0,,,,,Y,,D,22,0,0,1,0,0,0,0,0,0,"- ","- ",38.368289947509766,-121.95619201660156,SOLANO,VACAVILLE,-121.95724487304688,38.369197845458984
9621998,2023,2023-12-02,4806,2023-10-01,1014,826,703,7,5,5,4806,0,0,0,,0,007,"PEABODY RD","SOUTHWOOD DR",307.00,N,N,A,-,N,,,,,,,,,,Y,3,0,1,1,A,-,08,22107,,N,E,I,A,A,H,-,A,A,0,,,,,Y,,A,01,0,1,0,0,0,0,0,0,0,"- ","- ",38.338371276855469,-121.97017669677734,SOLANO,VACAVILLE,-121.96990203857422,38.339206695556641
9622841,2023,2023-11-07,4806,2023-09-01,1515,619,,5,5,5,4806,0,0,0,,0,006,"ALAMO DR","NUT TREE RD",0.00,,Y,A,-,N,,,,,,,,,,N,4,0,1,2,A,-,09,21804,A,N,D,C,A,A,H,-,A,A,0,,,,,Y,,A,01,0,0,1,0,0,0,0,0,0,"- ","- ",38.335369110107422,-121.95330810546875,SOLANO,VACAVILLE,-121.95331573486328,38.335338592529297
9623880,2023,2024-09-24,4806,2023-11-09,2500,674,407,4,5,5,4806,0,0,0,,0,004,"TULARE DR","MARSHALL RD",0.00,S,N,A,-,N,,,,,,,,,,N,4,0,1,2,D,-,00,,,F,D,-,A,A,H,-,C,A,0,,Y,,,Y,,-,"- ",0,0,1,0,0,0,1,0,0,"- ","- ",38.346389770507812,-121.96591186523438,SOLANO,VACAVILLE,-121.96588897705078,38.346370697021484
9623891,2023,2023-12-01,4806,2023-10-31,"651 ",779,703,2,5,5,4806,0,0,0,,0,007,"PEABODY RD","SOUTHWOOD DR",0.00,,Y,A,-,N,,,,,,,,,,N,3,0,1,2,A,-,11,21954,A,F,H,H,A,A,H,-,C,D,0,,,Y,,Y,,-,,0,1,0,0,0,0,0,0,1,"- ","- ",38.338329315185547,-121.97010040283203,SOLANO,VACAVILLE,-121.97010040283203,38.33837890625
9624575,2023,2023-10-12,4801,2023-08-31,1130,4293,2,4,5,4,4801,0,0,0,,0,002,"E 5TH ST","EAST O ST",40.00,E,N,A,-,Y,SOL,4,780,-,-,1.429,R,4,E,N,4,0,1,2,A,-,09,21804,A,N,D,C,A,A,H,-,A,A,0,,,,,Y,,A,07,0,0,1,0,0,0,0,0,0,"- ","- ",38.055301666259766,-122.1475830078125,SOLANO,BENICIA,-122.14352416992188,38.051311492919922
9627085,2023,2023-10-10,4806,2023-09-25,1524,865,306,1,5,5,4806,0,0,0,,0,003,"MIDWAY RD","LEISURE TOWN RD",1666.00,W,N,A,-,N,,,,,,,,,,Y,4,0,1,2,A,-,03,22350,,N,C,C,A,A,H,-,A,D,0,,,,,Y,,D,22,0,0,1,0,0,0,0,0,0,"- ","- ",38.417011260986328,-121.93373107910156,SOLANO,VACAVILLE,-121.93951416015625,38.417034149169922
9627514,2023,2023-10-12,4806,2023-09-24,"848 ",839,839,7,5,5,4806,0,0,0,,0,008,"WEST ST","BUCK AV",117.00,S,N,A,-,N,,,,,,,,,,N,3,0,1,2,A,-,09,21800,A,N,B,G,A,A,H,-,A,D,0,,Y,,,Y,,A,01,0,1,0,0,0,0,1,0,0,"- ","- ",38.356670379638672,-121.99214172363281,SOLANO,VACAVILLE,-121.99212646484375,38.356319427490234
9630659,2023,2023-11-27,4801,2023-10-05,"432 ",4128,3,4,5,4,4801,0,0,0,,0,003,"KEARNEY ST","ROSE DR",32.00,N,N,A,-,N,,,,,,,,,,N,3,0,1,1,A,-,05,21650,,N,E,I,A,A,H,-,C,D,0,,,,,Y,,A,07,0,1,0,0,0,0,0,0,0,"- ","- ",38.08380126953125,-122.15868377685547,SOLANO,BENICIA,-122.15858459472656,38.083850860595703
9632290,2023,2023-11-07,4801,2023-09-24,"215 ",2092,4,7,5,4,4801,0,0,0,,0,004,"LAKE HERMAN RD","RESERVOIR RD",2842.00,W,N,A,-,N,,,,,,,,,,Y,2,0,2,2,A,-,01,23152,B,N,B,C,A,A,H,-,D,D,0,,,,,Y,Y,A,01,2,0,0,0,0,0,0,0,0,"- ","- ",38.09368896484375,-122.13477325439453,SOLANO,BENICIA,-122.14380645751953,38.09490966796875
9637607,2023,2024-01-29,4806,2023-11-16,1440,836,,4,5,5,4806,0,0,0,,0,003,"VACA VALLEY PKWY","MONTE VISTA AV",1330.00,E,N,A,-,Y,SOL,4,505,-,R,1.217,R,1,N,N,4,0,2,3,A,-,03,22350,,N,C,C,A,A,H,-,A,A,0,,,,,Y,,A,01,0,0,2,0,0,0,0,0,0,"- ","- ",38.394420623779297,-121.95314788818359,SOLANO,VACAVILLE,-121.950439453125,38.390678405761719
9647306,2023,2024-01-19,4801,2023-11-01,1043,4293,1,3,5,4,4801,0,0,0,,0,001,"WEST K ST","WEST 14TH ST",0.00,,Y,A,-,N,,,,,,,,,,N,4,0,1,2,A,-,08,22103,,N,D,G,A,A,H,-,A,A,0,,Y,,,Y,,A,01,0,0,1,0,0,0,1,0,0,"- ","- ",38.065929412841797,-122.18241119384766,SOLANO,BENICIA,-122.18238830566406,38.065967559814453
9654796,2024,2024-01-25,4806,2024-01-04,1346,638,802,4,5,5,4806,0,0,0,,0,008,"BUSH ST","DEPOT ST",93.00,W,N,A,-,N,,,,,,,,,,N,4,0,1,2,A,-,08,22107,,N,D,C,A,A,H,-,A,A,0,,,,,Y,,A,01,0,0,1,0,0,0,0,0,0,"- ","- ",38.357730865478516,-121.98178863525391,SOLANO,VACAVILLE,-121.98203277587891,38.357669830322266
9659882,2024,2024-05-07,4806,2024-02-08,2100,861,,4,5,5,4806,0,0,0,,0,001,"ALAMO DR","GRANDVIEW DR",53.00,S,N,A,-,N,,,,,,,,,,N,2,0,1,3,A,-,01,23152,A,N,C,E,A,A,H,-,C,D,0,,,,,Y,Y,A,01,1,0,0,0,0,0,0,0,0,"- ","- ",38.350170135498047,-122.00395965576172,SOLANO,VACAVILLE,-122.00373077392578,38.350082397460938
9663051,2024,2024-03-19,4806,2024-01-26,2046,756,708,5,5,5,4806,0,0,0,,0,007,"ALAMO DR","ALAMO LN S",15.00,W,N,A,-,N,,,,,,,,,,,4,0,1,2,A,-,03,22350,,N,C,C,A,A,H,-,C,A,0,,,,,Y,,D,22,0,0,1,0,0,0,0,0,0,"- ","- ",38.333480834960938,-121.98525238037109,SOLANO,VACAVILLE,-121.9852294921875,38.335609436035156
9664247,2024,2024-05-02,4806,2024-02-09,1625,815,403,5,5,5,4806,0,0,0,,0,004,"NUT TREEE RD","BURTON DR",50.00,W,N,A,-,N,,,,,,,,,,N,4,0,2,3,A,-,03,22350,,N,C,C,A,A,H,-,A,D,0,,,,,Y,,A,07,0,0,2,0,0,0,0,0,0,"- ","- ",38.365310668945312,-121.95391082763672,SOLANO,VACAVILLE,-121.95395660400391,38.365337371826172
9666365,2024,2024-05-16,4806,2024-03-10,1244,827,905,7,5,5,4806,0,0,0,,0,009,"EAST MONTE VISTA AV","NUT TREE RD",555.00,W,N,A,-,N,,,,,,,,,,Y,4,0,1,2,A,-,09,21804,A,N,D,C,A,A,H,-,A,A,0,,,,,Y,,A,01,0,0,1,0,0,0,0,0,0,"- ","- ",,,SOLANO,VACAVILLE,-121.96024322509766,38.369388580322266
9666755,2024,2024-03-15,4801,2024-01-23,"33  ",4207,3,2,5,4,4801,0,0,0,,0,003,"SONOMA BL","HASTINGS DR",100.00,S,N,A,-,N,,,,,,,,,,Y,2,0,1,1,A,-,01,23152,A,N,A,I,A,A,H,-,C,D,0,,,,,Y,Y,A,01,1,0,0,0,0,0,0,0,0,"- ","- ",38.070629119873047,-122.17812347412109,SOLANO,BENICIA,,