CASE_ID,ACCIDENT_YEAR,PROC_DATE,JURIS,COLLISION_DATE,COLLISION_TIME,OFFICER_ID,REPORTING_DISTRICT,DAY_OF_WEEK,CHP_SHIFT,POPULATION,CNTY_CITY_LOC,SPECIAL_COND,BEAT_TYPE,CHP_BEAT_TYPE,CITY_DIVISION_LAPD,CHP_BEAT_CLASS,BEAT_NUMBER,PRIMARY_RD,SECONDARY_RD,DISTANCE,DIRECTION,INTERSECTION,WEATHER_1,WEATHER_2,STATE_HWY_IND,CALTRANS_COUNTY,CALTRANS_DISTRICT,STATE_ROUTE,ROUTE_SUFFIX,POSTMILE_PREFIX,POSTMILE,LOCATION_TYPE,RAMP_INTERSECTION,SIDE_OF_HWY,TOW_AWAY,COLLISION_SEVERITY,NUMBER_KILLED,NUMBER_INJURED,PARTY_COUNT,PRIMARY_COLL_FACTOR,PCF_CODE_OF_VIOL,PCF_VIOL_CATEGORY,PCF_VIOLATION,PCF_VIOL_SUBSECTION,HIT_AND_RUN,TYPE_OF_COLLISION,MVIW,PED_ACTION,ROAD_SURFACE,ROAD_COND_1,ROAD_COND_2,LIGHTING,CONTROL_DEVICE,CHP_ROAD_TYPE,PEDESTRIAN_ACCIDENT,BICYCLE_ACCIDENT,MOTORCYCLE_ACCIDENT,TRUCK_ACCIDENT,NOT_PRIVATE_PROPERTY,ALCOHOL_INVOLVED,STWD_VEHTYPE_AT_FAULT,CHP_VEHTYPE_AT_FAULT,COUNT_SEVERE_INJ,COUNT_VISIBLE_INJ,COUNT_COMPLAINT_PAIN,COUNT_PED_KILLED,COUNT_PED_INJURED,COUNT_BICYCLIST_KILLED,COUNT_BICYCLIST_INJURED,COUNT_MC_KILLED,COUNT_MC_INJURED,PRIMARY_RAMP,SECONDARY_RAMP,LATITUDE,LONGITUDE,COUNTY,CITY,POINT_X,POINT_Y
9673966,2024,2024-05-21,4806,2024-03-07,1648,756,403,4,5,5,4806,0,0,0,,0,004,"NUT TREE RD","BURTON DR",0.00,,Y,A,-,N,,,,,,,,,,Y,3,0,2,2,A,-,09,21801,A,N,D,C,A,A,H,-,A,A,0,,,,,Y,,A,01,0,1,1,0,0,0,0,0,0,"- ","- ",38.365341186523438,-121.95382690429688,SOLANO,VACAVILLE,-121.95381927490234,38.365253448486328
9674151,2024,2024-04-30,4806,2024-02-25,2210,763,409,7,5,5,4806,0,0,0,,0,004,"ALAMO DR","BEL AIR DR",0.00,,Y,A,-,N,,,,,,,,,,N,4,0,1,2,A,-,08,22107,,N,G,B,B,A,H,-,C,A,0,Y,,,,Y,,A,01,0,0,1,0,1,0,0,0,0,"- ","- ",38.335380554199219,-121.95767974853516,SOLANO,VACAVILLE,-121.95766448974609,38.3353271484375
9678485,2024,2024-04-11,4806,2024-02-09,1725,603,,5,5,5,4806,0,0,0,,0,,"ELMIRA RD","ALLISON DR",0.00,,Y,A,-,N,,,,,,,,,,,4,0,1,2,A,-,08,22107,,N,B,C,A,A,H,-,A,A,0,,,Y,,Y,,A,01,0,0,1,0,0,0,0,0,1,"- ","- ",38.352249145507812,-121.96457672119141,SOLANO,VACAVILLE,-121.96457672119141,38.352256774902344
9678519,2024,2024-04-10,4806,2024-02-23,2050,768,,5,5,5,4806,0,0,0,,0,,"LEISURE TOWN RD","ORANGE DR",24.00,N,N,A,-,N,,,,,,,,,,N,4,0,2,2,A,-,03,22350,,N,C,C,A,A,H,-,C,A,0,,,,,Y,,A,01,0,0,2,0,0,0,0,0,0,"- ","- ",38.384490966796875,-121.93376159667969,SOLANO,VACAVILLE,-121.93369293212891,38.384567260742188
9681815,2024,2024-06-20,4806,2024-04-23,1438,793,212,2,5,5,4806,0,0,0,,0,002,"VACA VALLEY PKWY","PALERMO WY",2.00,E,N,A,-,N,,,,,,,,,,N,4,0,1,2,A,-,06,21755,,N,B,C,A,A,H,-,A,D,0,,,,,Y,,D,22,0,0,1,0,0,0,0,0,0,"- ","- ",38.393089294433594,-121.97583770751953,SOLANO,VACAVILLE,-121.975830078125,38.393138885498047
9683051,2024,2024-04-19,4801,2024-02-06,1150,4293,3,2,5,4,4801,0,0,0,,0,003,"COLUMBUS PKWY","ROSE DR",0.00,,Y,A,-,N,,,,,,,,,,N,4,0,1,2,A,-,09,21806,A,N,E,I,A,A,H,-,A,A,0,,,,,Y,,A,07,0,0,1,0,0,0,0,0,0,"- ","- ",38.081268310546875,-122.19216918945312,SOLANO,BENICIA,-122.19219207763672,38.0811767578125
9688365,2024,2024-07-26,4801,2024-03-14,"833 ",4293,2,4,5,4,4801,0,0,0,,0,002,"2ND ST","MILITARY EAST",0.00,,Y,A,-,N,,,,,,,,,,N,4,0,1,2,A,-,08,22101,D,N,A,C,A,A,H,-,A,A,0,,,,,Y,,A,07,0,0,1,0,0,0,0,0,0,"- ","- ",38.053001403808594,-122.15299987792969,SOLANO,BENICIA,-122.15299224853516,38.053657531738281
9688740,2024,2024-05-07,4806,2024-03-30,1114,854,,6,5,5,4806,0,0,0,,0,009,"NUT TREE RD","NUT TREE PKWY",557.00,W,N,C,-,N,,,,,,,,,,Y,4,0,1,3,A,-,03,22350,,N,C,C,A,B,H,-,A,D,0,,,,Y,Y,,F,76,0,0,1,0,0,0,0,0,0,"- ","- ",38.368289947509766,-121.95619201660156,SOLANO,VACAVILLE,-121.95764923095703,38.369514465332031
9689571,2024,2024-05-31,4806,2024-04-05,"759 ",609,205,5,5,5,4806,0,0,0,,0,002,"BROWNS VALLEY PKWY","SHANNON DR",0.00,,Y,A,-,N,,,,,,,,,,Y,4,0,1,2,A,-,09,21802,A,N,D,C,A,A,H,-,A,A,0,,,Y,,Y,,C,06,0,0,1,0,0,0,0,0,0,"- ","- ",,,SOLANO,VACAVILLE,-121.97801971435547,38.377593994140625
9691920,2024,2024-07-11,4806,2024-05-02,1347,638,802,4,5,5,4806,0,0,0,,0,008,"MONTE VISTA AV","MARKHAM AV",0.00,,Y,A,-,N,,,,,,,,,,Y,4,0,1,3,A,-,12,21453,A,N,D,C,A,A,H,-,A,A,0,,,,,Y,,A,01,0,0,1,0,0,0,0,0,0,"- ","- ",38.358959197998047,-121.98188781738281,SOLANO,VACAVILLE,-121.98177337646484,38.358917236328125
9696654,2024,2024-06-21,4806,2024-04-16,"727 ",638,409,2,5,5,4806,0,0,0,,0,004,"NUT TREE RD","FAIRVIEW DR",0.00,,Y,A,-,N,,,,,,,,,,N,4,0,1,2,A,-,05,21650,1,N,D,G,A,A,H,-,A,A,0,,Y,,,Y,,L,04,0,0,1,0,0,0,1,0,0,"- ","- ",38.337001800537109,-121.9530029296875,SOLANO,VACAVILLE,-121.95331573486328,38.337066650390625
9697351,2024,2024-06-19,4806,2024-04-23,"900 ",840,407,2,5,5,4806,0,0,0,,0,004,"PEABODY RD","MARSHALL RD",50.00,S,N,A,-,N,,,,,,,,,,N,3,0,1,1,A,-,06,21750,,N,B,C,A,A,H,-,A,A,0,,,Y,,Y,,C,02,0,1,0,0,0,0,0,0,1,"- ","- ",38.346248626708984,-121.97429656982422,SOLANO,VACAVILLE,-121.97412872314453,38.346168518066406
9697355,2024,2024-06-19,4806,2024-04-24,"815 ",836,,3,5,5,4806,0,0,0,,0,008,"MAIN ST","CERNON ST",0.00,,Y,B,-,N,,,,,,,,,,N,3,0,1,2,A,-,09,21802,A,N,D,C,A,A,H,-,A,A,0,,,,,Y,,A,01,0,1,0,0,0,0,0,0,0,"- ","- ",38.356658935546875,-121.99101257324219,SOLANO,VACAVILLE,-121.99098968505859,38.356639862060547
9700265,2024,2024-06-27,4806,2024-05-25,1728,756,802,6,5,5,4806,0,0,0,,0,008,"STEVENSON ST","ELIZABETH ST",0.00,,Y,A,-,N,,,,,,,,,,Y,4,0,2,2,A,-,09,21802,A,N,D,C,A,A,H,-,A,A,0,,,,,Y,,A,01,0,0,2,0,0,0,0,0,0,"- ","- ",38.353000640869141,-121.98699951171875,SOLANO,VACAVILLE,-121.98760223388672,38.353897094726562
9700817,2024,2024-08-14,4806,2024-05-21,1153,674,,2,5,5,4806,0,0,0,,0,,"ALLISON DR","TRAVIS WY",0.00,,Y,A,-,N,,,,,,,,,,N,3,0,1,2,A,-,03,22350,,N,C,C,A,A,H,-,A,A,0,,,,,Y,,A,01,0,1,0,0,0,0,0,0,0,"- ","- ",38.358421325683594,-121.96642303466797,SOLANO,VACAVILLE,-121.96643829345703,38.358413696289062
9703862,2024,2024-10-04,4806,2024-06-17,1108,827,708,1,5,5,4806,0,0,0,,0,007,"CALIFORNIA DR","MARIPOSA AV",96.00,W,N,A,-,N,,,,,,,,,,Y,4,0,1,2,A,-,03,22350,,N,C,C,A,A,H,-,A,A,0,,,,,Y,,A,01,0,0,1,0,0,0,0,0,0,"- ","- ",38.333271026611328,-121.98014068603516,SOLANO,VACAVILLE,-121.98053741455078,38.333301544189453
9704377,2024,2024-07-25,4806,2024-05-26,1111,827,806,7,5,5,4806,0,0,0,,0,008,"DAVIS ST","BELLA VISTA RD S",0.00,,Y,A,-,N,,,,,,,,,,N,4,0,1,2,A,-,08,22107,,N,C,E,A,A,H,-,A,A,0,,,,,Y,,A,01,0,0,1,0,0,0,0,0,0,"- ","- ",38.348690032958984,-121.9869384765625,SOLANO,VACAVILLE,-121.98677825927734,38.348712921142578
9706734,2024,2024-07-09,4806,2024-05-05,1501,686,801,7,5,5,4806,0,0,0,,0,008,"PEABODY RD","CLIFFSIDE DR",58.00,S,N,A,-,N,,,,,,,,,,N,4,0,2,2,A,-,03,22350,,F,C,C,A,A,H,-,A,A,0,,,,,Y,,A,07,0,0,2,0,0,0,0,0,0,"- ","- ",38.352241516113281,-121.97622680664062,SOLANO,VACAVILLE,-121.97611999511719,38.352020263671875
9716067,2024,2024-08-05,4801,2024-06-24,1830,4430,1,1,5,4,4801,0,0,0,,0,001,"W J ST","W 8TH ST",0.00,,Y,A,-,N,,,,,,,,,,N,3,0,1,3,A,-,12,22450,,N,A,G,A,A,H,-,A,D,0,,Y,,,Y,,L,04,0,1,0,0,0,0,1,0,0,"- ","- ",38.058719635009766,-122.171142578125,SOLANO,BENICIA,-122.17115020751953,38.058723449707031
9719238,2024,2024-08-23,4806,2024-07-16,1817,878,707,2,5,5,4806,0,0,0,,0,007,"ALAMO DR","BUTCHER RD",0.00,,Y,A,-,N,,,,,,,,,,Y,4,0,1,2,A,-,12,21453,A,N,A,C,A,A,H,-,A,A,0,,,,,Y,,D,23,0,0,1,0,0,0,0,0,0,"- ","- ",38.343559265136719,-121.99578857421875,SOLANO,VACAVILLE,-121.99575805664062,38.343601226806641
9722123,2024,2024-09-24,4806,2024-08-17,1620,793,409,6,5,5,4806,0,0,0,,0,004,"BEL AIR DR","LONGVIEW DR",279.00,W,N,A,-,N,,,,,,,,,,Y,3,0,1,1,A,-,01,23152,A,M,F,A,A,A,H,-,A,C,0,,,Y,,Y,,C,02,0,1,0,0,0,0,0,0,1,"- ","- ",38.339939117431641,-121.95519256591797,SOLANO,VACAVILLE,-121.95536041259766,38.340660095214844
9725274,2024,2024-08-19,4802,2024-07-01,1437,1314,,1,5,3,4802,0,0,0,,0,001,"WEST A ST","S ALMOND ST",0.00,,Y,A,-,N,,,,,,,,,,N,3,0,1,2,A,-,12,22450,A,N,D,C,A,A,H,-,A,D,0,,,,,Y,Y,A,01,0,1,0,0,0,0,0,0,0,"- ","- ",38.445659637451172,-121.83187103271484,SOLANO,DIXON,-121.83184051513672,38.445667266845703
9734498,2024,2024-10-16,4806,2024-09-10,1016,827,908,2,5,5,4806,0,0,0,,0,009,"LEISURE TOWN RD","SEQUOIA DR",143.00,N,N,A,-,N,,,,,,,,,,Y,4,0,1,2,A,-,03,22350,,N,C,C,A,A,H,-,A,A,0,,,,,Y,,A,01,0,0,1,0,0,0,0,0,0,"- ","- ",38.374240875244141,-121.93380737304688,SOLANO,VACAVILLE,-121.93382263183594,38.374591827392578
9736223,2024,2024-09-26,4801,2024-06-07,1247,4293,2,5,5,4,4801,0,0,0,,0,002,"MILITARY EAST","EAST 5TH ST",276.00,W,N,A,-,N,,,,,,,,,,N,4,0,1,3,A,-,03,22350,,N,C,C,A,A,H,-,A,A,0,,,,,Y,,A,01,0,0,1,0,0,0,0,0,0,"- ","- ",38.050899505615234,-122.14600372314453,SOLANO,BENICIA,-122.14767456054688,38.051265716552734
9736543,2024,2024-10-02,4801,2024-07-21,1600,4633,2,7,5,4,4801,0,0,0,,0,002,"E E ST","EAST 2ND ST",1056.00,E,N,A,-,N,,,,,,,,,,N,3,0,1,2,A,-,05,21650,1,N,D,G,A,A,H,-,A,D,0,,Y,,,Y,,M,91,0,1,0,0,0,0,1,0,0,"- ","- ",38.052631378173828,-122.15371704101562,SOLANO,BENICIA,-122.15431213378906,38.046092987060547
9737408,2024,2024-10-02,4806,2024-09-17,1636,769,801,2,5,5,4806,0,0,0,,0,008,"MONTE VISTA AV","CALLEN ST E",0.00,,Y,A,-,N,,,,,,,,,,N,4,0,2,3,A,-,03,22350,,N,C,C,A,A,H,-,A,A,0,,,,,Y,,A,01,0,0,2,0,0,0,0,0,0,"- ","- ",38.36083984375,-121.97648620605469,SOLANO,VACAVILLE,-121.97998809814453,38.358963012695312
9758265,2024,2024-12-03,4806,2024-11-10,"158 ",871,803,7,5,5,4806,0,0,0,,0,008,"MASON ST","DEPOT ST",443.00,E,N,A,-,N,,,,,,,,,,Y,3,0,1,2,A,-,08,22107,,F,B,C,A,A,H,-,C,D,0,,,Y,,Y,,A,01,0,1,0,0,0,0,0,0,1,"- ","- ",38.355159759521484,-121.98143005371094,SOLANO,VACAVILLE,-121.98130798339844,38.355239868164062
9758269,2024,2024-12-12,4806,2024-11-14,1443,836,,4,5,5,4806,0,0,0,,0,009,"ULATIS DR","ALLISON DR",35.00,E,N,A,-,N,,,,,,,,,,N,4,0,1,2,A,-,03,22350,,N,C,C,A,A,H,-,A,A,0,,,,,Y,,A,01,0,0,1,0,0,0,0,0,0,"- ","- ",38.356899261474609,-121.96495819091797,SOLANO,VACAVILLE,-121.96482086181641,38.356822967529297
9768553,2024,2025-01-15,4806,2024-12-08,1055,878,904,7,5,5,4806,0,0,0,,0,009,"NUT TREE PKWY","HELEN POWER DR",326.00,E,N,A,-,N,,,,,,,,,,Y,4,0,1,2,A,-,03,22350,,N,C,C,A,A,H,-,A,A,0,,,,,Y,,A,01,0,0,1,0,0,0,0,0,0,"- ","- ",38.365001678466797,-121.96099853515625,SOLANO,VACAVILLE,-121.96084594726562,38.366264343261719
9773240,2024,2025-01-29,4806,2024-12-09,1537,686,105,1,5,5,4806,0,0,0,,0,001,"MONTE VISTA AV","ORCHARD AV",500.00,E,N,A,-,N,,,,,,,,,,Y,4,0,1,3,A,-,09,21804,A,N,D,E,A,A,H,-,A,A,0,,,,,Y,,A,01,0,0,1,0,0,0,0,0,0,"- ","- ",38.359260559082031,-122.00479888916016,SOLANO,VACAVILLE,-122.00301361083984,38.359233856201172
9776820,2025,2025-02-11,4806,2025-01-19,1856,686,501,7,5,5,4806,0,0,0,,0,005,"ULATIS DR","NUT TREE RD",0.00,,Y,A,-,N,,,,,,,,,,Y,4,0,1,2,A,-,09,21453,C,M,A,C,A,A,H,-,C,A,0,,,,,Y,,A,01,0,0,1,0,0,0,0,0,0,"- ","- ",38.355998992919922,-121.9530029296875,SOLANO,VACAVILLE,-121.95315551757812,38.356777191162109
9780507,2025,2025-03-19,4806,2025-02-20,"818 ",638,,4,5,5,4806,0,0,0,,0,,"PEABODY RD","CSP SOLANO",180.00,N,N,A,-,N,,,,,,,,,,N,4,0,1,2,A,-,03,22350,,N,C,C,A,A,H,-,A,A,0,,,,,Y,,A,07,0,0,1,0,0,0,0,0,0,"- ","- ",38.317428588867188,-121.97051239013672,SOLANO,VACAVILLE,,
9782496,2024,2025-02-10,4801,2024-12-17,1553,4293,3,2,5,4,4801,0,0,0,,0,003,"ROSE DR","OXFORD RD",0.00,,Y,A,-,N,,,,,,,,,,N,2,0,1,2,A,-,10,21950,A,N,G,B,D,A,H,-,A,D,0,Y,,,,Y,,A,07,1,0,0,0,1,0,0,0,0,"- ","- ",38.089988708496094,-122.18228149414062,SOLANO,BENICIA,-122.18224334716797,38.090007781982422
9785704,2025,2025-03-04,4806,2025-01-08,1552,760,602,3,5,5,4806,0,0,0,,0,006,"NUT TREE RD","ALAMO DR",142.00,N,N,A,-,N,,,,,,,,,,N,4,0,1,3,A,-,08,22107,,N,B,C,A,A,H,-,A,D,0,,,,,Y,,A,01,0,0,1,0,0,0,0,0,0,"- ","- ",38.335350036621094,-121.95334625244141,SOLANO,VACAVILLE,-121.95330810546875,38.335731506347656
9785705,2025,2025-03-04,4806,2025-02-21,2015,856,,5,5,5,4806,0,0,0,,0,009,"NUT TREE RD","FACTORY STORE RD",70.00,N,N,A,-,N,,,,,,,,,,,4,0,1,2,A,-,11,21954,A,N,-,-,-,A,H,-,C,-,0,Y,,,,Y,,N,60,0,0,1,0,1,0,0,0,0,"- ","- ",38.366100311279297,-121.95475006103516,SOLANO,VACAVILLE,-121.95491027832031,38.3662109375
9786073,2024,2025-03-24,4806,2024-10-23,1411,856,,3,5,5,4806,0,0,0,,0,001,"CERNON ST","EAST MONTE VISTA AV",273.00,S,N,A,-,N,,,,,,,,,,N,1,1,0,2,A,-,11,21954,A,N,G,B,D,A,H,-,A,D,0,Y,,,,Y,,N,60,0,0,0,1,0,0,0,0,0,"- ","- ",,,SOLANO,VACAVILLE,-121.990966796875,38.358310699462891
9786356,2024,2025-07-16,4807,2024-07-06,"55  ",736,,6,5,6,4807,0,0,0,,0,,"SONOMA BL","TENNESSEE ST",0.00,,Y,A,-,Y,SOL,4,29,-,-,2.820,I,5,S,Y,1,1,5,3,A,-,12,21453,A,N,D,C,A,A,H,-,C,A,0,,,,,Y,,A,01,2,0,3,0,0,0,0,0,0,"- ","- ",,,SOLANO,VALLEJO,-122.2547607421875,38.109996795654297
9787999,2025,2025-04-28,4806,2025-04-11,"840 ",836,,5,5,5,4806,0,0,0,,0,004,"ULATIS DR","ARCADIA DR",0.00,,Y,A,-,N,,,,,,,,,,Y,3,0,1,2,A,-,09,21802,A,N,D,C,A,A,H,-,A,A,0,,,,,Y,,A,01,0,1,0,0,0,0,0,0,0,"- ","- ",33.357398986816406,-121.95506286621094,SOLANO,VACAVILLE,-121.95513916015625,38.357395172119141
9788977,2025,2025-05-13,4806,2025-04-26,1344,836,,6,5,5,4806,0,0,0,,0,004,"ALAMO DR","NEEDHAM DR",125.00,E,N,B,-,N,,,,,,,,,,Y,2,0,3,3,A,-,09,21804,A,N,D,C,A,A,H,-,A,A,0,,,Y,,Y,,A,01,2,1,0,0,0,0,0,0,2,"- ","- ",38.335380554199219,-121.95535278320312,SOLANO,VACAVILLE,-121.95493316650391,38.335330963134766
9789307,2025,2025-03-28,4806,2025-03-06,1857,856,,4,5,5,4806,0,0,0,,0,,"WOODHAVEN DR","GREENWICH CIR",0.00,,Y,A,-,N,,,,,,,,,,,3,0,1,2,A,-,03,22350,,N,D,-,A,A,H,-,C,D,0,,Y,,,Y,,M,91,0,1,0,0,0,0,1,0,0,"- ","- ",38.341819763183594,-121.95997619628906,SOLANO,VACAVILLE,-121.96038818359375,38.337226867675781
9789563,2025,2025-04-22,4806,2025-03-18,1712,769,,2,5,5,4806,0,0,0,,0,,"BEELARD DR","MATHEWS DR",300.00,E,N,A,-,N,,,,,,,,,,Y,3,0,1,2,A,-,08,22107,,N,B,E,A,A,H,-,A,D,0,,,,,Y,,A,01,0,1,0,0,0,0,0,0,0,"- ","- ",38.344230651855469,-121.96167755126953,SOLANO,VACAVILLE,-121.96063232421875,38.344230651855469
9790214,2025,2025-05-07,4806,2025-04-23,1711,856,803,3,5,5,4806,0,0,0,,0,008,"HUME WY","DAVIS ST",863.00,E,N,A,-,N,,,,,,,,,,N,3,0,1,2,A,-,09,21804,A,N,D,C,A,A,H,-,A,D,0,,,,,Y,,D,22,0,1,0,0,0,0,0,0,0,"- ","- ",38.350231170654297,-121.98541259765625,SOLANO,VACAVILLE,-121.98259735107422,38.350845336914062
9790215,2025,2025-05-07,4806,2025-04-22,2254,856,,2,5,5,4806,0,0,0,,0,005,"LEISURE TOWN RD","COMMERCE PL",0.00,,Y,A,-,N,,,,,,,,,,N,4,0,1,2,A,-,09,21804,A,N,D,C,A,A,H,-,C,A,0,,,,,Y,,D,22,0,0,1,0,0,0,0,0,0,"- ","- ",38.353019714355469,-121.93402099609375,SOLANO,VACAVILLE,-121.93399810791016,38.353023529052734
9798659,2025,2025-06-10,4806,2025-05-17,1643,839,904,6,5,5,4806,0,0,0,,0,009,"NUT TREE PKWY","HELEN POWER DR",0.00,,Y,A,-,N,,,,,,,,,,Y,4,0,1,2,A,-,08,22107,,N,B,C,A,A,H,-,A,D,0,,,,,Y,,A,01,0,0,1,0,0,0,0,0,0,"- ","- ",38.365871429443359,-121.96183776855469,SOLANO,VACAVILLE,-121.96186828613281,38.365882873535156
9799589,2025,2025-04-03,4801,2025-02-23,1857,4731,2,7,5,4,4801,0,0,0,,0,002,"E 2ND ST","ROSE DR",2188.00,S,N,A,-,N,,,,,,,,,,Y,3,0,1,1,A,-,08,22107,,N,E,I,A,A,H,-,C,D,0,,,,,Y,,A,01,0,1,0,0,0,0,0,0,0,"- ","- ",38.062599182128906,-122.14611053466797,SOLANO,BENICIA,-122.14646911621094,38.070682525634766
9811567,2025,2025-07-24,4806,2025-06-29,1747,856,404,7,5,5,4806,0,0,0,,0,004,"PEABODY RD","CLIFFSIDE DR",182.00,N,N,A,-,N,,,,,,,,,,N,4,0,1,2,A,-,05,21651,B,N,D,G,A,A,H,-,A,A,0,,Y,,,Y,,L,04,0,0,1,0,0,0,1,0,0,"- ","- ",38.352001190185547,-121.97599792480469,SOLANO,VACAVILLE,-121.97611236572266,38.352680206298828
9812401,2025,2025-10-28,4806,2025-09-05,1516,877,901,5,5,5,4806,0,0,0,,0,009,"MONTE VISTA AV","RT 80",0.00,E,N,A,-,N,,,,,,,,,,N,4,0,1,3,A,-,03,22350,,N,C,C,A,A,H,-,A,A,0,,,,,Y,,A,01,0,0,1,0,0,0,0,0,0,"- ","- ",,,SOLANO,VACAVILLE,-121.96512603759766,38.364452362060547
9820198,2025,2025-10-28,4801,2025-09-08,2010,4416,2,1,5,4,4801,0,0,0,,0,002,"E 2ND ST","RT 780",0.00,,Y,A,-,Y,SOL,4,780,-,-,1.956,R,4,E,Y,4,0,1,2,A,-,12,21453,A,N,B,D,A,A,H,-,C,A,0,,,,,Y,,A,01,0,0,1,0,0,0,0,0,0,"- ",EF,38.056411743164062,-122.15028381347656,SOLANO,BENICIA,-122.14912414550781,38.057487487792969
9822954,2025,2025-09-05,4806,2025-08-18,"922 ",638,403,1,5,5,4806,0,0,0,,0,004,"NUT TREE RD","BURTON DR",336.00,S,N,A,-,N,,,,,,,,,,N,4,0,1,2,A,-,00,21235,B,N,D,C,A,A,H,-,A,A,0,,,,,Y,,M,94,0,0,1,0,0,0,0,0,0,"- ","- ",38.365341186523438,-121.95382690429688,SOLANO,VACAVILLE,-121.95291900634766,38.364662170410156
9826722,2025,2025-07-03,4802,2025-05-10,2236,1322,4802,6,5,3,4802,0,0,0,,0,002,"PITT SCHOOL RD","STRATFORD AV",22.00,N,N,A,-,N,,,,,,,,,,N,4,0,1,2,A,-,09,21800,A,N,D,C,A,A,H,-,C,A,0,,,,,Y,,A,01,0,0,1,0,0,0,0,0,0,"- ","- ",38.458061218261719,-121.84097290039062,SOLANO,DIXON,-121.84091949462891,38.458110809326172
9829714,2025,2025-07-02,4801,2025-06-02,1639,3932,1,1,5,4,4801,0,0,0,,0,001,"1ST ST","W J ST",0.00,,Y,A,-,N,,,,,,,,,,N,3,0,1,2,A,-,09,21802,A,N,D,C,A,A,H,-,A,A,0,,,,,Y,,A,01,0,1,0,0,0,0,0,0,0,"- ","- ",38.052680969238281,-122.15721130371094,SOLANO,BENICIA,-122.15683746337891,38.052188873291016
9829797,2025,2025-07-18,4806,2025-06-24,1750,856,703,2,5,5,4806,0,0,0,,0,007,"ALAMO DR","ROSEWOOD DR",313.00,W,N,A,-,N,,,,,,,,,,N,4,0,1,2,A,-,03,22350,,N,C,C,A,A,H,-,A,A,0,,,,,Y,,A,01,0,0,1,0,0,0,0,0,0,"- ","- ",38.33538818359375,-121.97569274902344,SOLANO,VACAVILLE,-121.97682189941406,38.335460662841797
9867138,2025,2026-01-14,4803,2025-10-03,1845,1678,4803,5,5,5,4803,0,0,0,,0,00E,"CEMENT HILL RD","NOONAN LN",17.00,W,N,A,-,N,,,,,,,,,,Y,1,1,0,1,A,-,01,23152,A,N,E,I,A,A,H,-,B,A,0,,,Y,,Y,Y,C,02,0,0,0,0,0,0,0,1,0,"- ","- ",38.290019989013672,-121.97422790527344,SOLANO,FAIRFIELD,-121.97415924072266,38.287029266357422
9869242,2025,2025-08-15,4806,2025-07-28,"55  ",828,,1,5,5,4806,0,0,0,,0,006,"PEABODY RD","CALIFORNIA DR",192.00,S,N,A,-,N,,,,,,,,,,N,2,0,1,2,A,-,08,22107,,F,C,G,A,A,H,-,C,D,0,,Y,,,Y,,A,01,1,0,0,0,0,0,1,0,0,"- ","- ",38.333000183105469,-121.97080230712891,SOLANO,VACAVILLE,-121.970458984375,38.33270263671875
9869310,2025,2025-09-29,4806,2025-08-02,1655,871,205,6,5,5,4806,0,0,0,,0,002,"BROWNS VALLEY PKWY","BROWN ST",0.00,,Y,A,-,N,,,,,,,,,,N,4,0,1,2,A,-,03,22350,,N,C,C,A,A,H,-,A,A,0,,,,,Y,,A,07,0,0,1,0,0,0,0,0,0,"- ","- ",38.373508453369141,-121.97678375244141,SOLANO,VACAVILLE,-121.97676849365234,38.373390197753906
9875958,2025,2025-12-03,4801,2025-10-08,1610,4293,1,3,5,4,4801,0,0,0,,0,001,"WEST 7TH ST","LORI DR",129.00,S,N,A,-,N,,,,,,,,,,N,3,0,2,1,A,-,03,22350,,N,H,A,A,A,A,-,A,D,0,,,Y,,Y,,C,02,0,2,0,0,0,0,0,0,2,"- ","- ",38.063121795654297,-122.16533660888672,SOLANO,BENICIA,-122.16563415527344,38.062782287597656
9876536,2025,2025-09-30,4806,2025-09-19,1825,871,404,5,5,5,4806,0,0,0,,0,004,"SHASTA DR","ELMIRA RD",70.00,S,N,A,-,N,,,,,,,,,,N,4,0,3,3,A,-,03,22350,,N,C,C,A,A,H,-,A,A,0,,,,,Y,,D,22,0,0,3,0,0,0,0,0,0,"- ","- ",38.353069305419922,-121.9700927734375,SOLANO,VACAVILLE,-121.97012329101562,38.352882385253906
9877691,2025,2025-10-28,4806,2025-09-25,1904,871,910,4,5,5,4806,0,0,0,,0,009,"LEISURE TOWN RD","ORANGE DR",0.00,,Y,A,-,N,,,,,,,,,,N,4,0,2,2,A,-,03,22350,,N,C,C,A,A,H,-,B,A,0,,,,,Y,,J,48,0,0,2,0,0,0,0,0,0,"- ","- ",38.384490966796875,-121.93376159667969,SOLANO,VACAVILLE,-121.93369293212891,38.384494781494141