CASE_ID,ACCIDENT_YEAR,PROC_DATE,JURIS,COLLISION_DATE,COLLISION_TIME,OFFICER_ID,REPORTING_DISTRICT,DAY_OF_WEEK,CHP_SHIFT,POPULATION,CNTY_CITY_LOC,SPECIAL_COND,BEAT_TYPE,CHP_BEAT_TYPE,CITY_DIVISION_LAPD,CHP_BEAT_CLASS,BEAT_NUMBER,PRIMARY_RD,SECONDARY_RD,DISTANCE,DIRECTION,INTERSECTION,WEATHER_1,WEATHER_2,STATE_HWY_IND,CALTRANS_COUNTY,CALTRANS_DISTRICT,STATE_ROUTE,ROUTE_SUFFIX,POSTMILE_PREFIX,POSTMILE,LOCATION_TYPE,RAMP_INTERSECTION,SIDE_OF_HWY,TOW_AWAY,COLLISION_SEVERITY,NUMBER_KILLED,NUMBER_INJURED,PARTY_COUNT,PRIMARY_COLL_FACTOR,PCF_CODE_OF_VIOL,PCF_VIOL_CATEGORY,PCF_VIOLATION,PCF_VIOL_SUBSECTION,HIT_AND_RUN,TYPE_OF_COLLISION,MVIW,PED_ACTION,ROAD_SURFACE,ROAD_COND_1,ROAD_COND_2,LIGHTING,CONTROL_DEVICE,CHP_ROAD_TYPE,PEDESTRIAN_ACCIDENT,BICYCLE_ACCIDENT,MOTORCYCLE_ACCIDENT,TRUCK_ACCIDENT,NOT_PRIVATE_PROPERTY,ALCOHOL_INVOLVED,STWD_VEHTYPE_AT_FAULT,CHP_VEHTYPE_AT_FAULT,COUNT_SEVERE_INJ,COUNT_VISIBLE_INJ,COUNT_COMPLAINT_PAIN,COUNT_PED_KILLED,COUNT_PED_INJURED,COUNT_BICYCLIST_KILLED,COUNT_BICYCLIST_INJURED,COUNT_MC_KILLED,COUNT_MC_INJURED,PRIMARY_RAMP,SECONDARY_RAMP,LATITUDE,LONGITUDE,COUNTY,CITY,POINT_X,POINT_Y
6638991,2014,2014-11-10,4803,2014-09-09,1830,1241,,2,5,5,4803,0,0,0,,0,00S,"WEST TEXAS ST","RT 80",0.00,,Y,-,-,Y,,,,,,,,,,Y,4,0,1,2,A,-,12,21453,A,N,-,-,A,-,-,-,-,-,0,,,,Y,Y,,G,25,0,0,1,0,0,0,0,0,0,"- ",EF,,,SOLANO,FAIRFIELD,-122.06988998,38.24978995
6640541,2014,2014-10-08,4803,2014-09-10,1410,903,,3,5,5,4803,0,0,0,,0,0CE,"CEMENT HILL RD","EAST ATLANTIC AV",0.00,,Y,A,-,N,,,,,,,,,,N,4,0,1,2,A,-,08,22107,,N,D,C,A,A,H,-,A,A,0,,,,,Y,,A,01,0,0,1,0,0,0,0,0,0,"- ","- ",,,SOLANO,FAIRFIELD,-122.03104995,38.276779910000002
6640573,2014,2014-10-13,4803,2014-09-06,2216,1530,"N SOL",6,5,5,4803,0,0,0,,0,0CO,"UNION AV","ALASKA AV",25.00,W,N,A,-,N,,,,,,,,,,Y,4,0,1,1,A,-,01,23152,A,F,E,I,A,A,H,-,C,D,0,,,,,Y,Y,A,01,0,0,1,0,0,0,0,0,0,"- ","- ",,,SOLANO,FAIRFIELD,-122.04053053,38.27263327
6646036,2014,2014-10-13,9365,2014-09-19,1135,015810,,5,1,9,4800,0,1,A,,2,030,"VACA VALLEY RD","PLEASANTS VALLEY RD",80.00,E,N,A,-,N,,,,,,,,,,Y,3,0,2,1,A,-,03,22350,,N,E,I,A,A,H,-,A,D,0,,,,,Y,,A,01,0,1,1,0,0,0,0,0,0,"- ","- ",38.2239,-121.5836,SOLANO,UNINCORPORATED,-122.02797088,38.3802266
6646043,2014,2014-10-13,9365,2014-09-25,1920,015549,,4,2,9,4800,0,3,5,,2,040,"SIEVERS RD","CURREY RD",528.00,E,N,A,-,N,,,,,,,,,,Y,4,0,1,2,A,-,03,22350,,N,C,C,A,A,H,-,D,D,0,,,,,Y,,A,01,0,0,1,0,0,0,0,0,0,"- ","- ",38.489040000000003,-121.81686999999999,SOLANO,UNINCORPORATED,-121.82044705,38.489038069999999
6646051,2014,2016-05-21,9365,2014-09-21,0030,019094,,7,3,6,4807,0,1,1,,2,081,"RT 80","REDWOOD ST",1320.00,W,N,B,-,Y,SOL,4,80,-,-,4.180,H,-,W,Y,2,0,5,2,A,-,07,21658,A,N,B,C,A,A,H,-,C,D,1,,,,,Y,,A,01,1,0,4,0,0,0,0,0,0,"- ","- ",38.119520000000001,-122.23043,SOLANO,VALLEJO,-122.23045977,38.119505359999998
6646055,2014,2016-05-21,9365,2014-09-20,1230,016217,,6,1,6,4807,0,1,1,,2,080,"RT 80","GEORGIA ST",300.00,E,N,A,-,Y,SOL,4,80,-,-,2.940,H,-,E,Y,4,0,1,2,A,-,08,22107,,N,E,I,A,A,H,-,A,D,1,,,,,Y,,A,07,0,0,1,0,0,0,0,0,0,"- ","- ",38.102820000000001,-122.1348,SOLANO,VALLEJO,-122.22966928,38.101647849999999
6647202,2014,2014-10-20,4806,2014-09-22,1315,553,,1,5,5,4806,0,0,0,,0,,"ALLISON DR","TRANSPORTATION CENTER DR",46.00,N,N,A,-,N,,,,,,,,,,N,4,0,2,3,A,-,03,22350,,N,C,C,A,A,H,-,A,D,0,,,,,Y,,A,08,0,0,2,0,0,0,0,0,0,"- ","- ",,,SOLANO,VACAVILLE,-121.96636051,38.358637569999999
6647210,2014,2014-10-20,4806,2014-09-18,1413,234,601,4,5,5,4806,0,0,0,,0,006,"PEABODY RD","MARSHALL RD",154.00,S,N,A,-,N,,,,,,,,,,Y,4,0,2,2,A,-,08,22100,A,N,D,C,A,A,H,-,A,A,0,,,,,Y,,A,01,0,0,2,0,0,0,0,0,0,"- ","- ",,,SOLANO,VACAVILLE,-121.973951,38.345919440000003
6647649,2014,2016-05-18,9365,2014-09-25,1520,016919,,4,2,5,4803,0,1,1,,2,681,"RT 680","SUISUN VALLEY RD",2112.00,W,N,A,-,Y,SOL,4,80,-,-,12.920,R,1,E,Y,4,0,2,4,A,-,03,22350,,N,C,C,A,A,H,-,A,D,1,,,,,Y,,A,07,0,0,2,0,0,0,0,0,0,TO,"- ",38.210450000000002,-122.13472,SOLANO,FAIRFIELD,-122.13661507,38.217418649999999
6647850,2014,2014-11-03,9365,2014-09-22,1835,015441,,1,2,9,4800,0,3,5,,2,040,"PEDRICK RD","VAUGHN RD",20.00,N,N,A,-,N,,,,,,,,,,Y,3,0,2,2,A,-,03,22350,,N,C,C,A,A,H,-,A,A,0,,,,,Y,,A,01,0,1,1,0,0,0,0,0,0,"- ","- ",38.467579999999998,-121.80387,SOLANO,UNINCORPORATED,-121.80392134,38.467244919999999
6647918,2014,2016-05-21,9365,2014-09-20,0005,019572,,6,3,6,4807,0,1,1,,2,081,"RT 80","REDWOOD ST",1600.00,W,N,A,-,Y,SOL,4,80,-,-,4.130,H,-,E,Y,3,0,1,1,A,-,01,23152,A,N,E,I,A,A,H,-,D,D,1,,,,,Y,Y,A,01,0,1,0,0,0,0,0,0,0,"- ","- ",38.117150000000002,-122.22998,SOLANO,VALLEJO,-122.23020379,38.118834700000001
6648441,2014,2014-10-21,9365,2014-09-20,1215,019720,,6,1,5,4803,0,1,1,,2,083,"RT 80","SUISUN PKWY",3168.00,W,N,A,-,Y,,,,,,,,,,Y,4,0,1,3,A,-,03,22350,,N,C,C,A,A,H,-,A,D,0,,,,,Y,,A,01,0,0,1,0,0,0,0,0,0,"- ","- ",38.233240000000002,-122.10827,SOLANO,FAIRFIELD,,
6651170,2014,2014-10-14,9365,2014-09-20,1024,017647,,6,1,5,4803,0,1,1,,2,083,"RT 80","RT 12",810.00,W,N,A,-,Y,,,,,,,,,,Y,3,0,2,2,A,-,01,23152,A,F,C,C,A,A,H,-,A,D,0,,,,,Y,Y,A,07,0,2,0,0,0,0,0,0,0,"- ","- ",38.2136,-122.1392,SOLANO,FAIRFIELD,,
6651213,2014,2014-10-31,4803,2014-07-16,2146,1234,4803,3,5,5,4803,0,0,0,,0,0CE,"EAST TRAVIS BL","PHOENIX DR",0.00,,Y,A,-,N,,,,,,,,,,Y,3,0,2,3,A,-,10,21950,A,N,G,B,B,A,H,-,C,A,0,Y,,,,Y,,A,01,0,2,0,0,2,0,0,0,0,"- ","- ",,,SOLANO,FAIRFIELD,-122.02296991999999,38.258169940000002
6658025,2014,2014-10-21,4803,2014-09-05,1550,561,NSOLA,5,5,5,4803,0,0,0,,0,EAST,"PEABODY RD","HUNTINGTON DR",25.00,S,N,A,-,N,,,,,,,,,,N,4,0,2,2,A,-,03,22350,,N,C,C,A,A,H,-,A,A,0,,,,,Y,,A,01,0,0,2,0,0,0,0,0,0,"- ","- ",,,SOLANO,FAIRFIELD,-121.96969,38.279551329999997
6658584,2014,2014-12-11,9365,2014-10-08,1800,016919,,3,2,5,4803,0,1,1,,2,084,"RT 80","WEST TEXAS ST",2112.00,W,N,A,-,Y,,,80,,,,,,,Y,3,0,2,4,A,-,03,22350,,N,B,C,A,A,H,-,A,D,0,,,,,Y,,A,07,0,1,1,0,0,0,0,0,0,"- ","- ",38.246850000000002,-122.07616,SOLANO,FAIRFIELD,-122.07612995,38.246750820000003
6658667,2014,2014-12-19,9365,2014-10-08,1650,015549,,3,2,9,4800,0,1,A,,2,030,"CHERRY GLEN RD","PLEASANTS VALLEY RD",1056.00,W,N,A,-,N,,,,,,,,,,Y,3,0,2,2,A,-,08,22107,,N,A,C,A,A,H,-,A,D,0,,,,,Y,,A,01,0,2,0,0,0,0,0,0,0,"- ","- ",38.33475,-122.02767,SOLANO,UNINCORPORATED,-122.02811007,38.335146309999999
6660204,2014,2014-12-10,4806,2014-10-06,2003,575,,1,5,5,4806,0,0,0,,0,,"PEABODY RD","HUME WY",0.00,,Y,A,-,N,,,,,,,,,,Y,4,0,1,2,A,-,12,21453,A,N,A,C,A,A,H,-,C,A,0,,,,,Y,,A,01,0,0,1,0,0,0,0,0,0,"- ","- ",,,SOLANO,VACAVILLE,-121.9760199,38.348919899999999
6660233,2014,2016-05-24,9365,2014-09-26,1525,019051,,5,2,5,4803,0,1,1,,2,084,"RT 80","AIR BASE PKWY",2640.00,W,N,C,-,Y,SOL,4,80,-,-,18.680,H,-,W,Y,3,0,2,3,A,-,03,22350,,N,C,C,A,B,H,-,A,D,1,,,,,Y,,A,01,0,1,1,0,0,0,0,0,0,"- ","- ",38.26641,-122.65595999999999,SOLANO,FAIRFIELD,-122.05492312,38.267483050000003
6660368,2014,2014-12-30,9365,2014-10-05,1655,019051,,7,2,9,4800,0,3,5,,2,020,"ABERNATHY RD","RT 80",0.00,,Y,A,-,Y,,,,,,,,,,Y,3,0,1,2,A,-,01,23152,A,N,D,C,A,A,H,-,A,A,0,,,,,Y,,A,01,0,1,0,0,0,0,0,0,0,"- ","- ",38.243009999999998,-122.08752,SOLANO,UNINCORPORATED,,
6661637,2014,2014-11-06,4807,2014-09-30,1053,636,VALLE,2,5,6,4807,0,0,0,,0,002,BENICIA,LAUREL,24.00,W,N,A,-,N,,,,,,,,,,Y,4,0,1,2,A,-,03,22350,,N,C,C,A,A,H,-,A,A,0,,,,,Y,,-,,0,0,1,0,0,0,0,0,0,"- ","- ",,,SOLANO,VALLEJO,-122.22792319,38.09431489
6661710,2014,2016-07-06,9365,2014-10-04,1900,017559,,6,2,9,4800,0,1,1,,2,089,"RT 80","RICHARDS BL",528.00,W,N,A,-,Y,YOL,3,80,-,-,0.130,H,-,E,Y,4,0,2,2,A,-,03,22350,,N,C,C,A,A,H,-,B,D,4,,,,,Y,,A,08,0,0,2,0,0,0,0,0,0,"- ","- ",38.539149999999999,-121.73668000000001,SOLANO,UNINCORPORATED,-121.73675676000001,38.53898521
6663820,2014,2016-07-11,9365,2014-10-02,1710,017559,,4,2,6,4807,0,1,1,,2,080,"RT 80","GEORGIA ST",300.00,W,N,A,-,Y,SOL,4,80,-,-,2.820,H,-,W,Y,4,0,1,4,A,-,03,22350,,N,C,C,A,A,H,-,A,D,1,,,,,Y,,A,07,0,0,1,0,0,0,0,0,0,"- ","- ",38.097940000000001,-122.22975,SOLANO,VALLEJO,-122.22988907,38.09993145
6664432,2014,2014-10-21,4803,2014-08-17,1307,1236,,7,5,5,4803,0,0,0,,0,0CE,"UNION AV","DELAWARE ST",0.00,,Y,A,-,N,,,,,,,,,,Y,4,0,1,4,A,-,09,21800,B,N,D,C,A,A,H,-,A,D,0,,,,,Y,,A,01,0,0,1,0,0,0,0,0,0,"- ","- ",,,SOLANO,FAIRFIELD,-122.04054999,38.247019989999998
6664744,2014,2014-11-03,4807,2014-08-11,1929,433,,1,5,6,4807,0,0,0,,0,004,"CURTOLA PKY","SOLANO AV",141.00,E,N,A,-,N,,,,,,,,,,Y,3,0,3,2,A,-,04,21703,,N,C,C,A,A,H,-,A,A,0,,,,,Y,,-,,0,1,2,0,0,0,0,0,0,"- ","- ",,,SOLANO,VALLEJO,-122.24639154,38.096940160000003
6664912,2014,2014-11-13,4807,2014-09-17,0720,669,VALLE,3,5,6,4807,0,0,0,,0,006,"SACRAMENTO ST","DENIO ST",40.00,N,N,A,-,N,,,,,,,,,,Y,4,0,1,2,A,-,08,22107,,N,C,E,A,A,H,-,A,D,0,,,,,Y,,D,22,0,0,1,0,0,0,0,0,0,"- ","- ",,,SOLANO,VALLEJO,-122.25796,38.11627988
6664916,2014,2014-11-13,4807,2014-09-23,1845,564,,2,5,6,4807,0,0,0,,0,007,"SERENO DR","BROADWAY ST",0.00,,Y,A,-,N,,,,,,,,,,N,4,0,1,2,A,-,12,21453,A,N,D,G,A,A,H,-,A,A,0,,Y,,,Y,Y,L,04,0,0,1,0,0,0,1,0,0,"- ","- ",,,SOLANO,VALLEJO,-122.25154997,38.127769960000002
6664920,2014,2014-11-13,4807,2014-09-11,1435,578,,4,5,6,4807,0,0,0,,0,005,"TUOLUMNE ST","REDWOOD ST",0.00,,Y,A,-,N,,,,,,,,,,N,3,0,4,2,A,-,09,21801,B,N,D,C,A,A,H,-,A,D,0,,,,,Y,,A,,0,2,2,0,0,0,0,0,0,"- ","- ",,,SOLANO,VALLEJO,-122.23776986,38.122319949999998
6666627,2014,2014-12-26,9365,2014-10-06,1800,15441,,1,2,9,4800,0,1,1,,2,088,"RT 80","MIDWAY RD",1200.00,E,N,A,-,Y,,,80,,,,,,,Y,3,0,3,2,A,-,03,22350,,N,C,C,A,A,H,-,A,D,0,,,,,Y,,D,22,0,1,2,0,0,0,0,0,0,"- ","- ",38.423319999999997,-121.88778000000001,SOLANO,UNINCORPORATED,-121.88783451,38.423393789999999
6668054,2014,2014-12-30,4806,2014-10-06,1053,234,608,1,5,5,4806,0,0,0,,0,006,"MARNA DR","NANCY CIR",9.00,N,N,A,-,N,,,,,,,,,,Y,4,0,1,2,A,-,09,21804,,N,H,C,A,A,H,-,A,A,0,,,,,Y,,A,01,0,0,1,0,0,0,0,0,0,"- ","- ",,,SOLANO,VACAVILLE,-121.96193973,38.329604719999999
6668191,2014,2014-10-24,4806,2014-09-29,1208,603,,1,5,5,4806,0,0,0,,0,,"EDGEWOOD DR","WELLINGTON WY",42.00,S,N,A,-,N,,,,,,,,,,Y,4,0,1,2,A,-,08,22107,,N,B,E,A,A,H,-,A,D,0,,,,,Y,,A,01,0,0,1,0,0,0,0,0,0,"- ","- ",,,SOLANO,VACAVILLE,-122.00510842,38.352605320000002
6669063,2014,2014-12-15,4806,2014-10-15,1503,603,,3,5,5,4806,0,0,0,,0,,"NUT TREE RD","ALAMO DR",75.00,N,N,A,-,N,,,,,,,,,,N,4,0,1,3,A,-,03,22350,,N,C,C,A,A,H,-,A,A,0,,,,,Y,,A,07,0,0,1,0,0,0,0,0,0,"- ","- ",,,SOLANO,VACAVILLE,-121.95330955999999,38.335546000000001
6669922,2014,2014-12-19,4807,2014-10-03,1309,599,4807,5,5,6,4807,0,0,0,,0,004,"EL DORADO","PENNSYLVANIA AV",0.00,,Y,A,-,N,,,,,,,,,,N,4,0,3,2,A,-,12,22450,A,N,D,C,A,A,H,-,A,A,0,,,,,Y,,-,,0,0,3,0,0,0,0,0,0,"- ","- ",,,SOLANO,VALLEJO,-122.24998988,38.098049940000003
6669937,2014,2014-12-19,4806,2014-10-17,1926,652,,5,5,5,4806,0,0,0,,0,,"ELMIRA RD","NUT TREE RD",470.00,E,N,A,-,N,,,,,,,,,,Y,4,0,2,2,A,-,09,21804,A,N,D,C,A,A,H,-,C,D,0,,,,,Y,,A,01,0,0,2,0,0,0,0,0,0,"- ","- ",,,SOLANO,VACAVILLE,-121.95159133999999,38.351785579999998
6669997,2014,2014-12-19,4807,2014-10-02,1719,433,VLO,4,5,6,4807,0,0,0,,0,002,"SPRINGS RD",TREGASKIS,0.00,,Y,A,-,N,,,,,,,,,,Y,4,0,1,3,A,-,04,21703,,N,C,C,A,A,H,-,A,D,0,,,,,Y,,-,,0,0,1,0,0,0,0,0,0,"- ","- ",,,SOLANO,VALLEJO,-122.22280997999999,38.106049929999998
6671044,2014,2015-06-05,4802,2014-09-05,1847,1170,,5,5,3,4802,0,0,0,,0,001,"HARVARD DR","E PARKWAY BL",18.00,N,N,B,-,N,,,,,,,,,,Y,3,0,1,1,A,-,08,22100,B,N,E,I,A,A,H,-,B,A,0,,,,,Y,,A,01,0,1,0,0,0,0,0,0,0,"- ","- ",,,SOLANO,DIXON,-121.81956916,38.431249430000001
6672282,2014,2014-10-28,4803,2014-09-27,1320,1258,NSLNO,6,5,5,4803,0,0,0,,0,00S,"BECK AV","WOOLNER AV",0.00,,Y,A,-,N,,,,,,,,,,N,4,0,2,2,A,-,12,21453,A,N,D,C,A,A,H,-,A,A,0,,,,,Y,,A,01,0,0,2,0,0,0,0,0,0,"- ","- ",,,SOLANO,FAIRFIELD,-122.06623990999999,38.245209979999998
6676405,2014,2015-02-09,4807,2014-11-19,1426,599,4807,3,5,6,4807,0,0,0,,0,001,"ADMIRAL CALLAGHAN LN","HENRY ST",686.00,N,N,C,-,N,,,,,,,,,,Y,4,0,3,3,A,-,09,21804,A,N,D,C,A,B,H,-,A,D,0,,,,,Y,,-,,0,0,3,0,0,0,0,0,0,"- ","- ",,,SOLANO,VALLEJO,-122.22946,38.113789629999999
6676687,2014,2016-07-11,9365,2014-10-11,1318,15810,,6,1,5,4806,0,1,1,,2,086,"RT 80","LAGOON VALLEY RD",1300.00,E,N,A,-,Y,SOL,4,80,-,-,23.380,H,-,W,Y,4,0,2,4,A,-,03,22350,,N,C,C,A,A,H,-,A,D,1,,,,,Y,,A,01,0,0,2,0,0,0,0,0,0,"- ","- ",38.328299999999999,-122.0222,SOLANO,VACAVILLE,-122.02195565,38.328677999999996
6678330,2017,2019-04-05,4807,2017-09-29,1959,628,,5,5,6,4807,0,0,0,,0,,"LEWIS BROWN RD","SONOMA BL",444.00,E,N,A,-,N,,,,,,,,,,N,1,1,0,2,A,-,11,21954,A,N,G,B,D,A,H,-,C,D,0,Y,,,,Y,,N,60,0,0,0,1,0,0,0,0,0,"- ","- ",,,SOLANO,VALLEJO,-122.25501237,38.138610360000001
6678509,2014,2015-01-14,4803,2014-10-01,1615,612,"N SOL",3,5,5,4803,0,0,0,,0,,"VANDEN RD","CANON RD",2381.00,N,N,A,-,N,,,,,,,,,,Y,2,0,2,2,A,-,05,21650,,N,A,C,A,A,A,-,A,A,0,,,,,Y,Y,A,01,2,0,0,0,0,0,0,0,0,"- ","- ",,,SOLANO,FAIRFIELD,-121.94575541,38.3079605
6683857,2014,2016-02-02,9320,2014-10-07,2225,018847,,2,3,4,4801,0,1,1,,2,684,"RT 680","RT 780",2640.00,S,N,A,-,Y,SOL,4,680,-,-,0.460,H,-,S,Y,4,0,2,2,A,-,"- ",,,N,B,C,A,A,H,-,C,D,4,,,,Y,Y,,-,"- ",0,0,2,0,0,0,0,0,0,"- ","- ",,,SOLANO,BENICIA,-122.12566604,38.044042320000003
6688334,2015,2015-03-05,4807,2015-02-11,1649,655,,3,5,6,4807,0,0,0,,0,005,"TENNESSEE ST","TUOLUMNE ST",0.00,,Y,A,-,N,,,,,,,,,,Y,4,0,1,2,A,-,09,21806,A,N,D,C,A,A,H,-,A,A,0,,,Y,,Y,,C,,0,0,1,0,0,0,0,0,1,"- ","- ",,,SOLANO,VALLEJO,-122.23813998,38.109759920000002
6691054,2014,2016-06-13,9365,2014-10-21,0603,013433,,2,1,9,4800,0,1,3,,2,122,"RT 12","CURRIE RD",2693.00,W,N,A,-,Y,SOL,4,12,-,-,20.170,H,-,W,Y,4,0,1,2,A,-,05,21460,A,N,B,C,A,A,H,-,D,D,0,,,,,Y,,D,22,0,0,1,0,0,0,0,0,0,"- ","- ",38.183419999999998,-121.78821000000001,SOLANO,UNINCORPORATED,-121.7878066,38.183594370000002
6691842,2014,2016-05-17,4801,2014-07-26,1807,2674,4801,6,5,4,4801,0,0,0,,0,002,"RT 780","E 5TH ST",0.00,,Y,A,-,Y,SOL,4,780,-,-,1.748,R,4,E,N,3,0,1,2,A,-,10,21950,A,N,G,B,B,A,H,-,A,A,0,Y,,,,Y,,A,01,0,1,0,0,1,0,0,0,0,EF,"- ",,,SOLANO,BENICIA,-122.14706233,38.05479493
6694499,2014,2014-11-18,4806,2014-10-24,1406,533,417,5,5,5,4806,0,0,0,,0,004,"LEISURE TOWN RD","STONEGATE DR",0.00,,Y,A,-,N,,,,,,,,,,N,3,0,1,2,A,-,09,21801,A,N,D,C,A,A,H,-,A,D,0,,,,,Y,,A,01,0,1,0,0,0,0,0,0,0,"- ","- ",,,SOLANO,VACAVILLE,-121.93396989,38.364229979999998
6696580,2014,2016-05-14,9365,2014-10-31,0920,15810,,5,1,9,4800,0,1,1,,2,681,"RT 680","MARSHVIEW RD",5280.00,N,N,B,C,Y,SOL,4,680,-,R,8.320,H,-,N,Y,3,0,3,1,A,-,08,22107,,N,F,A,A,B,H,-,A,D,1,,,,,Y,,A,01,0,2,1,0,0,0,0,0,0,"- ","- ",38.158110000000001,-122.11556,SOLANO,UNINCORPORATED,-122.11849526,38.161435709999999
6696596,2014,2016-05-24,9365,2014-10-24,1550,17696,,5,2,5,4806,0,1,1,,2,086,"RT 80","LEISURE TOWN RD",1056.00,E,N,A,-,Y,SOL,4,80,-,-,30.060,H,-,E,Y,4,0,1,2,A,-,03,22350,,N,C,C,A,A,H,-,A,D,1,,,,,Y,,A,07,0,0,1,0,0,0,0,0,0,"- ","- ",38.389569999999999,-121.93197000000001,SOLANO,VACAVILLE,-121.931178,38.39008243
6698036,2014,2014-12-09,4806,2014-10-30,1113,533,605,4,5,5,4806,0,0,0,,0,006,"PEABODY RD","BEELARD DR",40.00,S,N,A,-,N,,,,,,,,,,Y,4,0,2,2,A,-,03,22350,,N,C,C,A,A,H,-,A,A,0,,,,,Y,,D,22,0,0,2,0,0,0,0,0,0,"- ","- ",,,SOLANO,VACAVILLE,-121.97084279000001,38.341503719999999
6702183,2014,2014-12-03,4803,2014-10-22,0655,880,NSOLO,3,5,5,4803,0,0,0,,0,0CE,"AIR BASE PKWY","HEATH DR",0.00,,Y,A,-,N,,,,,,,,,,N,4,0,4,2,A,-,12,21453,A,N,D,C,A,A,H,-,B,-,0,,,,,Y,,A,01,0,0,4,0,0,0,0,0,0,"- ","- ",,,SOLANO,FAIRFIELD,-122.04276993000001,38.273009889999997
6703403,2014,2014-12-04,9365,2014-10-15,0550,13235,,3,3,9,4800,0,2,4,,2,402,"MIDWAY RD","BATAVIA RD",544.00,E,N,B,-,N,,,,,,,,,,Y,2,0,2,1,A,-,08,22107,,N,E,I,A,B,H,-,D,D,0,,,,,Y,,A,07,2,0,0,0,0,0,0,0,0,"- ","- ",38.416699999999999,-121.8579,SOLANO,UNINCORPORATED,-121.85773096,38.416794779999996
6703407,2014,2014-12-04,9365,2014-10-13,2040,15796,,1,2,6,4807,0,1,3,,2,370,"RT 37","RT 80",1000.00,W,N,A,-,Y,,,37,,,,,,,Y,2,0,1,3,A,-,03,22350,,N,G,B,E,A,C,-,D,D,0,Y,,,,Y,,A,01,1,0,0,0,1,0,0,0,0,TO,"- ",38.140909999999998,-122.22288,SOLANO,VALLEJO,-122.22284548,38.141048089999998
6703411,2014,2016-07-11,9365,2014-10-25,0425,19644,,6,3,6,4807,0,1,1,,2,081,"RT 80","REDWOOD ST",2112.00,W,N,C,-,Y,SOL,4,80,-,-,4.030,H,-,W,N,4,0,1,2,A,-,03,22350,,N,C,C,A,B,H,-,D,D,1,,,,,Y,,A,01,0,0,1,0,0,0,0,0,0,"- ","- ",38.126579999999997,-122.22806,SOLANO,VALLEJO,-122.23028495,38.117350479999999
6703507,2014,2016-05-16,9365,2014-11-03,0120,019094,,1,3,4,4801,0,1,1,,2,680,"RT 680","LAKE HERMAN RD",531.00,N,N,A,-,Y,SOL,4,680,-,R,2.920,H,-,N,Y,3,0,1,1,A,-,08,22107,,N,E,I,A,A,H,-,C,D,1,,,,,Y,,A,01,0,1,0,0,0,0,0,0,0,"- ","- ",38.086919999999999,-122.11073,SOLANO,BENICIA,-122.11085586,38.08691331
6705183,2014,2016-05-14,9320,2014-10-26,1107,018449,,7,1,9,4800,0,1,1,,2,685,"RT 680","CONTRA COSTA CO LINE",1446.00,N,N,A,-,Y,SCL,4,680,-,-,0.310,H,-,S,Y,2,0,1,3,A,-,03,22350,,N,C,C,A,A,C,-,A,D,4,,,,Y,Y,,A,01,1,0,0,0,0,0,0,0,0,"- ","- ",,,SOLANO,UNINCORPORATED,-122.12419576000001,38.042231129999998
6705491,2014,2015-01-08,9365,2014-11-02,0205,019687,,7,3,9,4800,0,1,1,,2,085,"RT 80","CHERRY GLEN RD",5280.00,W,N,A,-,Y,,,80,,,,,,,Y,3,0,1,1,A,-,01,23152,A,N,F,I,A,A,H,-,D,D,0,,,,,Y,Y,A,01,0,1,0,0,0,0,0,0,0,"- ","- ",38.31494,-122.03248000000001,SOLANO,UNINCORPORATED,-122.03238505,38.314891799999998
6705493,2014,2015-01-08,9365,2014-11-02,1640,019051,,7,2,9,4800,0,1,1,,2,082,"RT 80","HIDDENBROOKE PKWY",2173.00,E,N,A,-,Y,,,80,,,,,,,Y,2,0,1,1,A,-,08,22107,,N,E,I,A,A,H,-,A,D,0,,,,,Y,,A,01,1,0,0,0,0,0,0,0,0,"- ","- ",38.177500000000002,-122.19007000000001,SOLANO,UNINCORPORATED,-122.19019704,38.177630620000002
6706058,2014,2015-01-08,4806,2014-11-06,2103,457,,4,5,5,4806,0,0,0,,0,,"CALIFORNIA DR","LOS ROBLES CT",0.00,,Y,A,-,N,,,,,,,,,,Y,3,0,3,2,A,-,09,21802,A,N,D,C,A,A,H,-,C,A,0,,,,,Y,,A,01,0,1,2,0,0,0,0,0,0,"- ","- ",,,SOLANO,VACAVILLE,-121.99323997,38.336099920000002
6706066,2014,2015-01-08,4806,2014-11-05,1442,234,608,3,5,5,4806,0,0,0,,0,006,"PEABODY RD","ALAMO DR",151.00,S,N,A,-,N,,,,,,,,,,Y,4,0,2,2,A,-,03,22350,,N,C,C,A,A,H,-,A,A,0,,,,,Y,,A,01,0,0,2,0,0,0,0,0,0,"- ","- ",,,SOLANO,VACAVILLE,-121.97046,38.334975249999999
6706664,2014,2015-01-13,4807,2014-11-01,1150,678,,6,5,6,4807,0,0,0,,0,003,"GLEN COVE PKWY","N REGATTA DR",528.00,N,N,A,-,N,,,,,,,,,,Y,4,0,1,1,A,-,08,22107,,N,E,I,A,A,H,-,A,D,0,,,,,Y,,-,,0,0,1,0,0,0,0,0,0,"- ","- ",,,SOLANO,VALLEJO,-122.20751525,38.0755835
6709650,2014,2014-11-26,9365,2014-10-26,0630,017799,,7,1,9,4800,0,3,5,,2,040,"PORTER RD","PITT SCHOOL RD",2640.00,E,N,A,-,N,,,,,,,,,,Y,2,0,1,1,A,-,08,22107,,N,E,I,A,A,H,-,D,D,0,,,,,Y,,D,22,1,0,0,0,0,0,0,0,0,"- ","- ",38.088000000000001,-122.2139,SOLANO,UNINCORPORATED,-121.83590187999999,38.433710679999997
6709654,2014,2016-07-11,9365,2014-11-07,2118,019644,,5,2,6,4807,0,1,1,,2,080,"RT 80","BENICIA RD",1056.00,W,N,A,-,Y,SOL,4,80,-,-,2.240,H,-,W,Y,3,0,4,3,A,-,03,22350,,N,C,C,A,A,H,-,C,D,1,,,,,Y,,A,01,0,1,3,0,0,0,0,0,0,"- ","- ",38.090980000000002,-122.23184000000001,SOLANO,VALLEJO,-122.23053577,38.09162353
6709657,2014,2015-01-09,9365,2014-11-08,0330,019572,,6,3,4,4801,0,1,1,,2,077,"RT 780","WEST 7TH ST",610.00,E,N,A,-,Y,,,780,,,,,,,Y,3,0,1,1,A,-,08,22107,,N,E,I,A,A,H,-,C,D,0,,,,,Y,,D,22,0,1,0,0,0,0,0,0,0,"- ","- ",38.06447,-122.16231999999999,SOLANO,BENICIA,-122.16234445000001,38.064354170000001