CASE_ID,ACCIDENT_YEAR,PROC_DATE,JURIS,COLLISION_DATE,COLLISION_TIME,OFFICER_ID,REPORTING_DISTRICT,DAY_OF_WEEK,CHP_SHIFT,POPULATION,CNTY_CITY_LOC,SPECIAL_COND,BEAT_TYPE,CHP_BEAT_TYPE,CITY_DIVISION_LAPD,CHP_BEAT_CLASS,BEAT_NUMBER,PRIMARY_RD,SECONDARY_RD,DISTANCE,DIRECTION,INTERSECTION,WEATHER_1,WEATHER_2,STATE_HWY_IND,CALTRANS_COUNTY,CALTRANS_DISTRICT,STATE_ROUTE,ROUTE_SUFFIX,POSTMILE_PREFIX,POSTMILE,LOCATION_TYPE,RAMP_INTERSECTION,SIDE_OF_HWY,TOW_AWAY,COLLISION_SEVERITY,NUMBER_KILLED,NUMBER_INJURED,PARTY_COUNT,PRIMARY_COLL_FACTOR,PCF_CODE_OF_VIOL,PCF_VIOL_CATEGORY,PCF_VIOLATION,PCF_VIOL_SUBSECTION,HIT_AND_RUN,TYPE_OF_COLLISION,MVIW,PED_ACTION,ROAD_SURFACE,ROAD_COND_1,ROAD_COND_2,LIGHTING,CONTROL_DEVICE,CHP_ROAD_TYPE,PEDESTRIAN_ACCIDENT,BICYCLE_ACCIDENT,MOTORCYCLE_ACCIDENT,TRUCK_ACCIDENT,NOT_PRIVATE_PROPERTY,ALCOHOL_INVOLVED,STWD_VEHTYPE_AT_FAULT,CHP_VEHTYPE_AT_FAULT,COUNT_SEVERE_INJ,COUNT_VISIBLE_INJ,COUNT_COMPLAINT_PAIN,COUNT_PED_KILLED,COUNT_PED_INJURED,COUNT_BICYCLIST_KILLED,COUNT_BICYCLIST_INJURED,COUNT_MC_KILLED,COUNT_MC_INJURED,PRIMARY_RAMP,SECONDARY_RAMP,LATITUDE,LONGITUDE,COUNTY,CITY,POINT_X,POINT_Y
6799986,2015,2015-03-02,4806,2015-01-21,1557,609,506,3,5,5,4806,0,0,0,,0,005,"NUT TREE RD","ELMIRA RD",0.00,,Y,A,-,N,,,,,,,,,,N,4,0,1,2,B,-,22,,,N,D,G,A,A,H,-,A,A,0,,Y,,,Y,,-,"- ",0,0,1,0,0,0,1,0,0,"- ","- ",,,SOLANO,VACAVILLE,-121.95322992,38.35181996
6801515,2015,2015-02-26,9365,2015-01-13,1600,017747,,2,2,4,4801,1,4,S,,2,901,"COLUMBUS PKWY","BENICIA RD",459.00,E,N,A,-,N,,,,,,,,,,Y,4,0,1,3,A,-,09,21804,A,N,D,C,A,A,H,-,A,A,0,,,,,Y,,A,01,0,0,1,0,0,0,0,0,0,"- ","- ",38.081719999999997,-122.19285000000001,SOLANO,BENICIA,-122.19352178,38.082575339999998
6805512,2015,2016-10-19,4807,2015-01-14,0816,599,4807,3,5,6,4807,0,0,0,,0,008,"SONOMA BL","MEADOWS DR",0.00,,Y,B,-,Y,SOL,4,29,-,-,5.370,I,5,N,Y,2,0,2,2,A,-,12,21453,A,N,D,D,A,A,H,-,A,A,0,,,,,Y,,-,,1,0,1,0,0,0,0,0,0,"- ","- ",,,SOLANO,VALLEJO,-122.25468724,38.14801533
6807538,2015,2015-06-03,4806,2015-01-24,1753,457,,6,5,5,4806,0,0,0,,0,,"BROWNS VALLEY PKWY","ALLISON DR",0.00,,Y,B,-,N,,,,,,,,,,Y,4,0,1,2,A,-,12,21453,A,N,A,B,A,A,H,-,C,A,0,,,,,Y,,A,01,0,0,1,0,0,0,0,0,0,"- ","- ",,,SOLANO,VACAVILLE,-121.97089994,38.369459910000003
6807778,2014,2015-02-17,4807,2014-12-12,1148,599,4807,5,5,6,4807,0,0,0,,0,001,"ADMIRAL CALLAGHAN LN","FLEMING AV E",0.00,,Y,B,C,N,,,,,,,,,,Y,4,0,1,2,A,-,09,21801,A,N,D,C,A,B,H,-,A,D,0,,,,,Y,,-,,0,0,1,0,0,0,0,0,0,"- ","- ",,,SOLANO,VALLEJO,-122.22942985,38.11729991
6807792,2014,2015-02-17,4807,2014-12-14,1630,552,,7,5,6,4807,0,0,0,,0,001,"ADMIRAL CALLAGHAN LN","MICHELE CT",0.00,,Y,B,-,N,,,,,,,,,,N,4,0,1,2,A,-,08,22107,,F,B,G,A,A,H,-,A,D,0,,Y,,,Y,,-,,0,0,1,0,0,0,1,0,0,"- ","- ",,,SOLANO,VALLEJO,-122.22779992,38.121949950000001
6807968,2015,2016-09-06,9365,2015-02-08,0010,19572,,7,3,6,4807,0,1,3,,2,371,"RT 37","FAIRGROUNDS DR",30.00,E,N,B,-,Y,SOL,4,37,-,R,11.093,R,1,W,N,4,0,1,2,A,-,03,22350,,N,C,C,A,B,H,-,C,A,1,,,,,Y,,A,07,0,0,1,0,0,0,0,0,0,TO,"- ",38.141739999999999,-122.23257,SOLANO,VALLEJO,-122.23023351000001,38.141471209999999
6808335,2015,2016-10-25,9365,2015-01-25,0500,019094,,7,3,5,4803,0,1,1,,2,085,"RT 80","CHERRY GLEN RD",4646.00,W,N,E,-,Y,SOL,4,80,-,R,22.250,H,-,W,Y,4,0,2,1,A,-,08,22107,,N,E,I,A,A,H,-,D,D,1,,,,,Y,,A,01,0,0,2,0,0,0,0,0,0,"- ","- ",38.313720000000004,-122.03308,SOLANO,FAIRFIELD,-122.03238693,38.314888099999997
6808608,2015,2015-03-04,4803,2015-01-07,0155,1356,,3,5,5,4803,0,0,0,,0,0CO,"CORDELIA RD","CHADBOURNE RD",0.00,,N,A,-,N,,,,,,,,,,Y,3,0,2,1,A,-,03,22350,,N,F,-,A,A,H,-,D,D,0,,,,,Y,,D,22,0,2,0,0,0,0,0,0,0,"- ","- ",,,SOLANO,FAIRFIELD,-122.08380990000001,38.22838995
6808723,2015,2016-09-08,9365,2015-02-10,1015,012196,,2,1,6,4807,0,1,1,,2,077,"RT 780","MILLER RD",240.00,W,N,A,-,Y,SOL,4,780,-,-,5.010,H,-,W,Y,3,0,1,1,A,-,08,22107,,N,E,I,A,A,H,-,A,D,1,,,,,Y,,A,01,0,1,0,0,0,0,0,0,0,"- ","- ",38.080629999999999,-122.19316000000001,SOLANO,VALLEJO,-122.19419318,38.08139663
6808724,2015,2016-10-07,9365,2015-02-09,1230,017805,,1,1,9,4800,0,1,1,,2,082,"RT 80","LYNCH RD",300.00,W,N,A,-,Y,SOL,4,80,-,R,9.600,H,-,E,Y,3,0,1,1,A,-,08,22107,,N,F,A,A,A,H,-,A,D,1,,,Y,,Y,,C,02,0,1,0,0,0,0,0,0,1,"- ","- ",38.186210000000003,-122.17702,SOLANO,UNINCORPORATED,-122.18079908,38.184725640000003
6808733,2015,2016-09-07,9365,2015-02-06,1505,019301,,5,2,6,4807,0,1,1,,2,077,"RT 780","GLEN COVE PKWY",550.00,E,N,B,C,Y,SOL,4,780,-,-,5.900,H,-,E,Y,4,0,1,2,A,-,03,22350,,N,C,C,A,B,H,-,A,D,1,,,,,Y,,A,01,0,0,1,0,0,0,0,0,0,"- ","- ",38.084850000000003,-122.20522,SOLANO,VALLEJO,-122.20854143,38.085379449999998
6810810,2014,2016-01-13,4803,2014-09-11,1925,1283,SOLAN,4,5,5,4803,0,0,0,,0,COR,"FERMI RD","PASCAL CT",4752.00,W,N,A,-,N,,,,,,,,,,N,4,0,1,2,A,-,03,22350,,N,C,C,A,A,H,-,B,D,0,,,,,Y,Y,A,01,0,0,1,0,0,0,0,0,0,"- ","- ",,,SOLANO,FAIRFIELD,-122.14879999999999,38.200029999999998
6810885,2014,2015-02-13,4803,2014-10-03,1756,1530,NORTH,5,5,5,4803,0,0,0,,0,COR,"CENTRAL WY","COMMERCE CT",0.00,,Y,A,-,N,,,,,,,,,,Y,4,0,2,2,A,-,09,21801,A,N,A,C,A,A,H,-,A,D,0,,,,,Y,,A,01,0,0,2,0,0,0,0,0,0,"- ","- ",,,SOLANO,FAIRFIELD,-122.13317986,38.21880994
6811883,2015,2015-03-02,9365,2015-01-20,1159,013706,,2,1,9,4800,0,1,A,,2,030,"CANTELOW RD","STAGECOACH LN",0.00,,Y,A,-,N,,,,,,,,,,Y,3,0,1,1,A,-,03,22350,,N,E,I,A,A,H,-,A,D,0,,,,,Y,,A,01,0,1,0,0,0,0,0,0,0,"- ","- ",38.424399999999999,-122.0239,SOLANO,UNINCORPORATED,-122.02394993999999,38.424369900000002
6812660,2015,2015-03-03,4807,2015-01-16,1720,680,,5,5,6,4807,0,0,0,,0,007,"BROADWAY ST","HOGAN AV",105.00,S,N,A,-,N,,,,,,,,,,Y,3,0,2,2,A,-,08,22107,,N,B,C,A,A,H,-,B,D,0,,,,,Y,,-,,0,1,1,0,0,0,0,0,0,"- ","- ",,,SOLANO,VALLEJO,-122.2522914,38.139241579999997
6812963,2014,2015-03-06,4803,2014-12-31,0906,612,NSOLA,3,5,5,4803,0,0,0,,0,,"WEST TEXAS ST","BECK AV",35.00,E,N,A,-,N,,,,,,,,,,N,4,0,1,2,A,-,08,22107,,N,C,C,A,A,H,-,-,A,0,,,,,Y,,A,01,0,0,1,0,0,0,0,0,0,"- ","- ",,,SOLANO,FAIRFIELD,-122.06610812,38.249277999999997
6813218,2015,2016-10-25,4803,2015-01-17,0752,730,NORTH,6,5,5,4803,0,0,0,,0,00S,"TRAVIS BL","RT 80",25.00,W,N,A,-,Y,SOL,4,80,-,-,18.078,R,4,E,Y,4,0,2,3,A,-,12,21453,A,N,D,C,A,A,H,-,A,A,0,,,,,Y,,A,07,0,0,2,0,0,0,0,0,0,"- ",EO,,,SOLANO,FAIRFIELD,-122.06064742,38.260243010000003
6813309,2015,2015-02-27,4806,2015-01-30,1537,609,212,5,5,5,4806,0,0,0,,0,002,"ALLISON PKY","VACA VALLEY PKWY",2112.00,S,N,A,-,N,,,,,,,,,,Y,4,0,1,1,C,-,18,,,N,E,I,A,A,H,-,A,D,0,,,,,Y,,-,"- ",0,0,1,0,0,0,0,0,0,"- ","- ",,,SOLANO,VACAVILLE,-121.96669894999999,38.389902190000001
6813335,2014,2015-02-20,4803,2014-12-26,2216,1546,,5,5,5,4803,0,0,0,,0,0CO,"VENETIAN DR","ANTIQUITY DR",182.00,S,N,-,-,N,,,,,,,,,,Y,2,0,1,1,A,-,01,23152,A,N,-,-,A,-,-,-,-,-,0,,,Y,,Y,Y,C,03,1,0,0,0,0,0,0,0,1,"- ","- ",,,SOLANO,FAIRFIELD,-122.15383152,38.223811730000001
6813455,2015,2016-10-07,9365,2015-01-21,1908,015549,,3,2,5,4806,0,1,1,,2,086,"RT 80","NUT TREE RD",1056.00,W,N,A,-,Y,SOL,4,80,-,R,27.810,H,-,E,N,4,0,1,2,A,-,08,22107,,N,C,C,A,A,H,-,C,D,1,,,,,Y,,A,01,0,0,1,0,0,0,0,0,0,"- ","- ",38.363939999999999,-121.96510000000001,SOLANO,VACAVILLE,-121.9603139,38.367489159999998
6816461,2015,2016-10-07,9365,2015-02-06,1838,019301,,5,2,6,4807,0,1,1,,2,080,"RT 80","MAGAZINE ST",250.00,W,N,C,-,Y,SOL,4,80,-,-,1.730,H,-,E,Y,4,0,3,2,A,-,03,22350,,N,C,C,A,B,H,-,C,D,1,,,,,Y,,A,01,0,0,3,0,0,0,0,0,0,"- ","- ",38.082470000000001,-122.23336999999999,SOLANO,VALLEJO,-122.23302751,38.084495580000002
6817332,2015,2015-03-06,9365,2015-02-06,0825,014687,,5,1,9,4800,0,3,5,,2,040,"PEDRICK RD","VINEYARD LN",500.00,N,N,B,-,N,,,,,,,,,,Y,4,0,1,1,A,-,08,22107,,N,E,I,A,A,H,-,A,D,0,,,,,Y,,A,01,0,0,1,0,0,0,0,0,0,"- ","- ",38.52619,-121.80351,SOLANO,UNINCORPORATED,-121.80352000000001,38.5259426
6820710,2015,2016-10-07,9365,2015-02-14,1010,017799,,6,1,6,4807,0,1,1,,2,080,"RT 80","GEORGIA ST",630.00,W,N,A,-,Y,SOL,4,80,-,-,2.760,H,-,E,Y,4,0,2,4,A,-,03,22350,,N,C,C,A,A,H,-,A,D,1,,,,,Y,,A,01,0,0,2,0,0,0,0,0,0,"- ","- ",38.097189999999998,-122.22971,SOLANO,VALLEJO,-122.22970366,38.09904427
6821045,2015,2016-10-07,9365,2015-02-06,1005,017799,,5,1,6,4807,0,1,1,,2,081,"RT 80","REDWOOD ST",866.00,E,N,C,-,Y,SOL,4,80,-,-,4.590,H,-,E,Y,4,0,1,3,A,-,03,22350,,N,D,C,A,B,H,-,A,D,1,,,,Y,Y,,A,07,0,0,1,0,0,0,0,0,0,"- ","- ",38.125799999999998,-122.2286,SOLANO,VALLEJO,-122.22873008000001,38.125309420000001
6821401,2015,2016-10-07,9365,2015-02-08,1100,017233,,7,1,5,4806,0,1,1,,2,087,"RT 80","RT 505",2640.00,E,N,B,C,Y,SOL,4,80,-,R,28.860,H,-,W,Y,4,0,1,1,A,-,03,22350,,N,E,I,A,B,H,-,A,D,1,,,,,Y,,A,07,0,0,1,0,0,0,0,0,0,"- ","- ",38.228999999999999,-121.3434,SOLANO,VACAVILLE,-121.94698612000001,38.378611130000003
6821408,2015,2015-03-06,4806,2015-02-13,0750,533,104,5,5,5,4806,0,0,0,,0,001,"EAST MONTE VISTA AV","WEST ST",0.00,,Y,A,-,N,,,,,,,,,,N,3,0,1,2,A,-,10,21950,A,N,G,B,B,A,H,-,A,D,0,Y,,,,Y,,A,01,0,1,0,0,1,0,0,0,0,"- ","- ",,,SOLANO,VACAVILLE,-121.99207993,38.359069910000002
6821435,2015,2015-03-06,4806,2015-02-16,0958,553,,1,5,5,4806,0,0,0,,0,,"ELMIRA RD","ALLISON DR",0.00,,Y,A,-,N,,,,,,,,,,Y,4,0,1,2,A,-,08,22107,,N,D,C,A,A,H,-,A,A,0,,,,,Y,,A,01,0,0,1,0,0,0,0,0,0,"- ","- ",,,SOLANO,VACAVILLE,-121.96457986999999,38.352260000000001
6823244,2015,2016-10-07,9365,2015-02-11,1530,015796,,3,2,6,4807,0,1,1,,2,081,"RT 80","REDWOOD ST",490.00,W,N,A,-,Y,SOL,4,80,-,-,4.340,H,-,W,Y,4,0,1,2,A,-,08,22107,,N,E,I,A,A,H,-,A,D,1,,,,Y,Y,,A,01,0,0,1,0,0,0,0,0,0,"- ","- ",38.119900000000001,-122.2304,SOLANO,VALLEJO,-122.23038107000001,38.121803239999998
6823533,2015,2016-10-07,9365,2015-02-15,0003,019621,,7,3,6,4807,0,1,1,,2,080,"RT 80","CARQUINEZ TOLL PLAZA",1954.00,W,N,A,-,Y,SOL,4,80,-,-,0.220,H,-,E,Y,4,0,1,2,A,-,07,21658,A,N,F,A,A,A,H,-,C,D,4,,,,,Y,,A,07,0,0,1,0,0,0,0,0,0,"- ","- ",38.063630000000003,-122.22604,SOLANO,VALLEJO,-122.22548967,38.064227160000002
6823990,2015,2016-10-07,9365,2015-02-16,1215,017805,,1,1,6,4807,0,1,1,,2,081,"RT 80","TENNESSEE ST",800.00,E,N,A,-,Y,SOL,4,80,-,-,3.640,H,-,W,N,3,0,2,3,A,-,03,22350,,N,C,C,A,A,H,-,A,D,1,,,,,Y,,D,22,0,1,1,0,0,0,0,0,0,"- ","- ",38.112250000000003,-122.22981,SOLANO,VALLEJO,-122.22985070999999,38.111746220000001
6824207,2015,2016-10-25,9365,2015-02-16,1418,013433,,1,2,5,4803,0,1,1,,2,084,"RT 80","TRAVIS BL",1305.00,E,N,A,-,Y,SOL,4,80,-,-,18.170,H,-,E,Y,4,0,1,2,A,-,03,22350,,N,C,C,A,A,H,-,A,D,1,,,,,Y,,A,01,0,0,1,0,0,0,0,0,0,"- ","- ",38.261189999999999,-122.05999,SOLANO,FAIRFIELD,-122.05971482,38.261340689999997
6831456,2015,2016-10-07,9365,2015-02-22,0226,18874,,7,3,5,4806,0,1,1,,2,086,"RT 80","NUT TREE PKY",200.00,W,N,A,-,Y,SOL,4,80,-,R,27.970,H,-,W,Y,3,0,1,1,A,-,01,23152,A,N,E,I,A,A,H,-,C,D,1,,,,,Y,Y,D,22,0,1,0,0,0,0,0,0,0,"- ","- ",38.369619999999998,-121.95813,SOLANO,VACAVILLE,-121.95841823000001,38.369290550000002
6831464,2015,2016-10-25,9365,2015-02-25,0627,015810,,3,1,5,4803,0,1,1,,2,083,"RT 80","SUISUN VALLEY RD",935.00,E,N,A,-,Y,SOL,4,80,-,-,13.670,H,-,W,Y,4,0,1,2,A,-,07,21658,A,N,C,C,A,A,H,-,B,D,4,,,,Y,Y,,A,01,0,0,1,0,0,0,0,0,0,"- ","- ",38.224620000000002,-122.12653,SOLANO,FAIRFIELD,-122.12632938,38.22464042
6831468,2015,2016-10-25,9365,2015-02-25,0749,15810,,3,1,5,4803,0,1,1,,2,083,"RT 80","SUISUN VALLEY RD",815.00,E,N,A,-,Y,SOL,4,80,-,-,13.640,H,-,W,N,4,0,1,3,A,-,03,22350,,N,C,C,A,A,H,-,A,D,4,,,,,Y,,D,22,0,0,1,0,0,0,0,0,0,"- ","- ",38.223599999999998,-122.1264,SOLANO,FAIRFIELD,-122.12677666,38.2243681
6831478,2015,2016-10-25,9365,2015-02-25,0750,014687,,3,1,5,4803,0,1,1,,2,083,"RT 80","SUISUN VALLEY RD",100.00,W,N,A,-,Y,SOL,4,80,-,-,13.470,H,-,W,Y,4,0,2,3,A,-,03,22350,,N,C,C,A,A,H,-,A,D,1,,,,,Y,,D,22,0,0,2,0,0,0,0,0,0,"- ","- ",38.222670000000001,-122.12949999999999,SOLANO,FAIRFIELD,-122.1292687,38.222790269999997
6831506,2015,2016-10-07,9365,2015-02-20,1635,017559,,5,2,5,4806,0,1,1,,2,087,"RT 80","LEISURE TOWN RD",528.00,W,N,A,-,Y,SOL,4,80,-,-,29.760,H,-,E,Y,3,0,2,4,A,-,03,22350,,N,C,C,A,A,H,-,A,D,1,,,,,Y,,A,01,0,1,1,0,0,0,0,0,0,"- ","- ",38.381399999999999,-121.94239,SOLANO,VACAVILLE,-121.93513138,38.387018650000002
6831510,2015,2016-10-25,9365,2015-02-20,0445,018034,,5,3,5,4803,0,1,1,,2,083,"RT 80","RT 12",1000.00,E,N,E,-,Y,SOL,4,80,-,R,12.170,H,-,E,Y,4,0,1,2,A,-,03,22350,,N,C,C,A,A,H,-,C,D,0,,,,Y,Y,,A,01,0,0,1,0,0,0,0,0,0,"- ","- ",38.212490000000003,-122.14341,SOLANO,FAIRFIELD,-122.14700109,38.210189749999998
6831667,2015,2016-09-06,9365,2015-02-21,1120,17805,,6,1,6,4807,0,1,3,,2,370,"RT 37","WALNUT ST",2625.00,W,N,A,-,Y,SOL,4,37,-,R,6.710,H,-,W,Y,4,0,3,2,A,-,03,22350,,N,C,C,A,A,H,-,A,D,1,,,,,Y,,A,01,0,0,3,0,0,0,0,0,0,"- ","- ",38.11748,-122.9722,SOLANO,VALLEJO,-122.29785668,38.117410820000003
6833784,2015,2015-03-12,4806,2015-02-07,0027,657,,6,5,5,4806,0,0,0,,0,,"LEISURE TOWN RD","ORANGE DR",0.00,,Y,C,-,N,,,,,,,,,,Y,4,0,3,2,A,-,12,21453,A,N,D,C,A,B,G,-,C,A,0,,,,,Y,,A,01,0,0,3,0,0,0,0,0,0,"- ","- ",,,SOLANO,VACAVILLE,-121.93368993999999,38.384499920000003
6834923,2015,2016-05-06,4807,2015-01-29,0726,537,SOLAN,4,5,6,4807,0,0,0,,0,003,"GLEN COVE PKWY","WELLFLEET DR",0.00,,Y,A,-,N,,,,,,,,,,N,4,0,1,2,A,-,09,21801,A,N,B,C,A,A,H,-,B,D,0,,,,,Y,,A,,0,0,1,0,0,0,0,0,0,"- ","- ",,,SOLANO,VALLEJO,-122.21144996,38.079970000000003
6834965,2015,2016-05-02,4807,2015-02-15,1319,669,SOLAN,7,5,6,4807,0,0,0,,0,005,"REDWOOD ST","BROADWAY ST",0.00,,Y,A,-,N,,,,,,,,,,Y,4,0,1,2,A,-,12,21453,A,N,D,C,A,A,H,-,A,A,0,,,,,Y,,A,,0,0,1,0,0,0,0,0,0,"- ","- ",,,SOLANO,VALLEJO,-122.24933987999999,38.122449899999999
6834967,2015,2015-06-03,4807,2015-02-15,0724,602,,7,5,6,4807,0,0,0,,0,004,"CURTOLA PKWY",LEMON,1056.00,W,N,A,-,N,,,,,,,,,,N,4,0,1,1,A,-,03,22350,,N,E,I,A,A,H,-,A,D,0,,,,,Y,,-,,0,0,1,0,0,0,0,0,0,"- ","- ",,,SOLANO,VALLEJO,-122.23835817,38.093607130000002
6834971,2015,2015-03-20,4807,2015-02-07,0228,645,,6,5,6,4807,0,0,0,,0,001,"REDWOOD PKWY","COLUMBUS PKWY",42.00,W,N,C,-,N,,,,,,,,,,Y,3,0,1,1,A,-,03,22350,,N,E,I,A,-,H,-,C,D,0,,,,,Y,,-,"- ",0,1,0,0,0,0,0,0,0,"- ","- ",,,SOLANO,VALLEJO,-122.19908053,38.133469470000001
6834972,2015,2015-03-20,4807,2015-02-07,1850,672,4807,6,5,6,4807,0,0,0,,0,007,"REDWOOD ST","VALLE VISTA AV",1.00,W,N,B,-,N,,,,,,,,,,N,4,0,1,2,A,-,10,21950,A,N,G,B,B,B,H,-,C,D,0,Y,,,,Y,,A,,0,0,1,0,1,0,0,0,0,"- ","- ",,,SOLANO,VALLEJO,-122.23503334999999,38.122459280000001
6834974,2015,2015-04-07,4807,2015-02-09,1240,680,,1,5,6,4807,0,0,0,,0,001,"COLUMBUS PKWY","TENNESSEE ST",597.00,N,N,A,-,N,,,,,,,,,,Y,4,0,1,2,A,-,08,22107,,N,E,I,A,A,H,-,A,D,0,,,,,Y,,A,01,0,0,1,0,0,0,0,0,0,"- ","- ",,,SOLANO,VALLEJO,-122.20304599000001,38.110351350000002
6834978,2015,2015-05-12,4807,2015-02-01,1244,586,VALLE,7,5,6,4807,0,0,0,,0,001,"ADMIRAL CALLAGHAN","REDWOOD PKWY",15.00,N,N,A,-,N,,,,,,,,,,N,4,0,1,2,A,-,10,21950,A,N,G,B,B,A,H,-,A,A,0,Y,,,,Y,,-,,0,0,1,0,1,0,0,0,0,"- ","- ",,,SOLANO,VALLEJO,-122.22791513,38.123590999999998
6835191,2015,2015-03-12,4807,2015-02-17,1806,682,SOLNO,2,5,6,4807,0,0,0,,0,008,"MEADOWS DR","MOKELUMNE DR",123.00,W,N,B,-,N,,,,,,,,,,N,3,0,1,2,A,-,03,22350,,N,E,I,A,A,H,-,C,D,0,,,,,Y,,-,,0,1,0,0,0,0,0,0,0,"- ","- ",,,SOLANO,VALLEJO,-122.26959415,38.14836682
6835193,2015,2015-03-12,4807,2015-02-15,2018,560,VPD,7,5,6,4807,0,0,0,,0,004,"GEORGIA ST","CONTRA COSTA ST",60.00,W,N,A,-,N,,,,,,,,,,N,4,0,1,2,A,-,08,22107,,N,D,C,A,A,H,-,C,D,0,,,,,Y,,A,,0,0,1,0,0,0,0,0,0,"- ","- ",,,SOLANO,VALLEJO,-122.24171856,38.100902089999998
6836067,2015,2016-10-07,9365,2015-02-18,0620,013433,,3,1,5,4806,0,1,1,,2,086,"RT 80","ALAMO DR",1584.00,W,N,A,-,Y,SOL,4,80,-,R,25.010,H,-,W,N,4,0,1,2,A,-,07,21658,A,F,B,C,A,A,H,-,A,D,1,,,Y,,Y,,A,01,0,0,1,0,0,0,0,0,1,"- ","- ",38.344410000000003,-122.00232,SOLANO,VACAVILLE,-122.00174002,38.344736019999999
6836068,2015,2016-10-25,9365,2015-02-20,1300,016919,,5,1,5,4803,0,1,1,,2,083,"RT 80","SUISUN VALLEY RD",3696.00,E,N,A,-,Y,SOL,4,80,-,-,14.190,H,-,E,Y,2,0,2,1,A,-,17,23114,A,N,F,A,A,A,H,-,A,D,1,,,Y,,Y,,C,02,1,1,0,0,0,0,0,0,2,"- ","- ",38.135199999999998,-122.60380000000001,SOLANO,FAIRFIELD,-122.11796595,38.228673630000003
6836072,2015,2015-03-12,9365,2015-02-20,2345,019572,,5,3,9,4800,0,1,A,,2,030,"MIDWAY RD","LEWIS RD",230.00,S,N,B,-,N,,,,,,,,,,Y,2,0,1,1,A,-,01,23152,A,N,F,A,A,A,H,-,D,D,0,,,Y,,Y,Y,C,02,1,0,0,0,0,0,0,0,1,"- ","- ",38.416440000000001,-121.89259,SOLANO,UNINCORPORATED,-121.89390987,38.415831969999999
6836765,2015,2015-03-18,4803,2015-01-25,1309,450,,7,5,5,4803,0,0,0,,0,0CE,"NORTH TEXAS ST","ALASKA AV",59.00,N,N,B,-,N,,,,,,,,,,N,4,0,1,2,A,-,04,21703,,N,C,C,A,A,H,-,A,A,0,,,,,Y,,A,01,0,0,1,0,0,0,0,0,0,"- ","- ",,,SOLANO,FAIRFIELD,-122.03416,38.271602059999999
6837927,2015,2015-03-12,4803,2015-01-27,1245,450,,2,5,5,4803,0,0,0,,0,00S,"MADISON ST","EMPIRE ST",0.00,,Y,A,-,N,,,,,,,,,,N,4,0,1,2,A,-,09,21802,A,N,D,C,A,A,H,-,A,A,0,,,,,Y,,A,07,0,0,1,0,0,0,0,0,0,"- ","- ",,,SOLANO,FAIRFIELD,-122.04585985999999,38.250349960000001
6837989,2015,2015-03-12,4803,2015-01-08,1600,1235,,4,5,5,4803,0,0,0,,0,0CE,"TRAVIS BL","CLAY ST",0.00,,Y,A,-,N,,,,,,,,,,N,3,0,1,3,A,-,09,21802,A,N,D,C,A,A,H,-,A,A,0,,,,,Y,,A,01,0,1,0,0,0,0,0,0,0,"- ","- ",,,SOLANO,FAIRFIELD,-122.0379799,38.25825991
6837995,2015,2015-03-12,4803,2015-01-29,1514,1542,,4,5,5,4803,0,0,0,,0,0CE,"TRAVIS BL","MONROE ST",42.00,W,N,A,-,N,,,,,,,,,,Y,4,0,1,3,A,-,03,22350,,M,C,C,A,A,H,-,A,A,0,,,,,Y,,A,07,0,0,1,0,0,0,0,0,0,"- ","- ",,,SOLANO,FAIRFIELD,-122.04402629000001,38.258228219999999
6841536,2015,2015-06-03,4807,2015-02-03,0904,628,4807,2,5,6,4807,0,0,0,,0,008,"CORCORAN AV","RAINIER AV",0.00,,Y,A,-,N,,,,,,,,,,Y,4,0,1,2,A,-,09,21801,A,M,D,C,A,A,H,-,A,D,0,,,,,Y,,A,01,0,0,1,0,0,0,0,0,0,"- ","- ",,,SOLANO,VALLEJO,-122.24459989,38.151259979999999
6842886,2015,2016-10-26,4803,2015-02-08,1430,1572,NORTH,7,5,5,4803,0,0,0,,0,00S,"RT 12","PENNSYLVANIA AV",300.00,W,N,B,-,Y,SOL,4,12,-,R,4.010,H,-,E,Y,4,0,2,2,A,-,03,22350,,F,C,C,A,B,H,-,A,A,0,,,,,Y,,A,01,0,0,2,0,0,0,0,0,0,"- ","- ",,,SOLANO,FAIRFIELD,-122.05170496,38.241041359999997
6844389,2015,2015-03-17,4806,2015-02-21,1101,533,410,6,5,5,4806,0,0,0,,0,004,"LEISURE TOWN RD","SEQUOIA DR",423.00,N,N,A,-,N,,,,,,,,,,N,3,0,4,2,A,-,03,22350,,N,C,C,A,A,H,-,A,A,0,,,,,Y,,A,07,0,1,3,0,0,0,0,0,0,"- ","- ",,,SOLANO,VACAVILLE,-121.93382,38.375361839999997
6846028,2015,2015-03-23,4806,2015-03-05,1148,603,,4,5,5,4806,0,0,0,,0,,"ELMIRA RD","AEGEAN WY",25.00,E,N,A,-,N,,,,,,,,,,N,4,0,1,2,A,-,03,22350,,N,C,C,A,A,H,-,A,A,0,,,,,Y,,A,07,0,0,1,0,0,0,0,0,0,"- ","- ",,,SOLANO,VACAVILLE,-121.97600190999999,38.353999440000003
6846259,2015,2015-06-03,9365,2015-02-27,1355,14494,,5,1,5,4803,0,2,4,,2,201,"ROCKVILLE RD","ROCKVILLE HEIGHTS",577.00,E,N,B,-,N,,,,,,,,,,Y,3,0,2,2,A,-,09,21801,A,N,A,C,A,A,H,-,A,D,0,,,,,Y,,A,07,0,1,1,0,0,0,0,0,0,"- ","- ",38.248570000000001,-122.13236999999999,SOLANO,FAIRFIELD,-122.07267276,38.249859999999998
6848469,2015,2015-03-18,4803,2015-01-31,1251,1327,SOLAN,6,5,5,4803,0,0,0,,0,,"QUAIL DR","TEAL CT",13.00,W,N,A,-,N,,,,,,,,,,N,4,0,1,2,A,-,09,21801,A,N,D,C,A,A,H,-,A,D,0,,,Y,,Y,,A,01,0,0,1,0,0,0,0,0,1,"- ","- ",,,SOLANO,FAIRFIELD,-122.01186529,38.271619999999999