CASE_ID,ACCIDENT_YEAR,PROC_DATE,JURIS,COLLISION_DATE,COLLISION_TIME,OFFICER_ID,REPORTING_DISTRICT,DAY_OF_WEEK,CHP_SHIFT,POPULATION,CNTY_CITY_LOC,SPECIAL_COND,BEAT_TYPE,CHP_BEAT_TYPE,CITY_DIVISION_LAPD,CHP_BEAT_CLASS,BEAT_NUMBER,PRIMARY_RD,SECONDARY_RD,DISTANCE,DIRECTION,INTERSECTION,WEATHER_1,WEATHER_2,STATE_HWY_IND,CALTRANS_COUNTY,CALTRANS_DISTRICT,STATE_ROUTE,ROUTE_SUFFIX,POSTMILE_PREFIX,POSTMILE,LOCATION_TYPE,RAMP_INTERSECTION,SIDE_OF_HWY,TOW_AWAY,COLLISION_SEVERITY,NUMBER_KILLED,NUMBER_INJURED,PARTY_COUNT,PRIMARY_COLL_FACTOR,PCF_CODE_OF_VIOL,PCF_VIOL_CATEGORY,PCF_VIOLATION,PCF_VIOL_SUBSECTION,HIT_AND_RUN,TYPE_OF_COLLISION,MVIW,PED_ACTION,ROAD_SURFACE,ROAD_COND_1,ROAD_COND_2,LIGHTING,CONTROL_DEVICE,CHP_ROAD_TYPE,PEDESTRIAN_ACCIDENT,BICYCLE_ACCIDENT,MOTORCYCLE_ACCIDENT,TRUCK_ACCIDENT,NOT_PRIVATE_PROPERTY,ALCOHOL_INVOLVED,STWD_VEHTYPE_AT_FAULT,CHP_VEHTYPE_AT_FAULT,COUNT_SEVERE_INJ,COUNT_VISIBLE_INJ,COUNT_COMPLAINT_PAIN,COUNT_PED_KILLED,COUNT_PED_INJURED,COUNT_BICYCLIST_KILLED,COUNT_BICYCLIST_INJURED,COUNT_MC_KILLED,COUNT_MC_INJURED,PRIMARY_RAMP,SECONDARY_RAMP,LATITUDE,LONGITUDE,COUNTY,CITY,POINT_X,POINT_Y
8094608,2016,2016-08-02,4805,2016-05-06,1225,5L81,4805,5,5,4,4805,0,0,0,,0,001,"BUENA VISTA AV","RIO VERDE",12.00,E,N,B,-,N,,,,,,,,,,Y,4,0,2,2,A,-,12,22450,A,N,C,C,A,A,H,-,A,D,0,,,,,Y,,A,01,0,0,2,0,0,0,0,0,0,"- ","- ",38.247280000000003,-122.02970000000001,SOLANO,"SUISUN CITY",-122.02964525,38.247268310000003
8094771,2016,2016-08-02,4806,2016-07-13,1805,564,,3,5,5,4806,0,0,0,,0,004,"ELMIRA RD","BEELARD RD",0.00,,Y,A,-,N,,,,,,,,,,N,3,0,1,2,A,-,03,22350,,N,C,D,A,A,H,-,A,A,0,,,,,Y,,A,07,0,1,0,0,0,0,0,0,0,"- ","- ",,,SOLANO,VACAVILLE,-121.96033986,38.351839929999997
8094775,2016,2016-08-02,4806,2016-07-09,1627,533,,6,5,5,4806,0,0,0,,0,,"FOOTHILL DR","AUBURN CT",0.00,,Y,A,-,N,,,,,,,,,,N,3,0,1,2,A,-,09,21802,A,N,F,A,A,A,H,-,A,A,0,,,Y,,Y,,A,01,0,1,0,0,0,0,0,0,1,"- ","- ",,,SOLANO,VACAVILLE,-122.01729991000001,38.360120000000002
8096300,2016,2016-08-08,4805,2016-02-15,1419,5L80,,1,5,4,4805,0,0,0,,0,001,"MERGANSER DR","REDBUD WY",0.00,,Y,A,-,N,,,,,,,,,,Y,2,0,4,1,A,-,03,22350,,N,-,J,A,A,H,-,A,D,0,,,,,Y,,A,01,1,3,0,0,0,0,0,0,0,"- ","- ",38.246740000000003,-122.02382,SOLANO,"SUISUN CITY",-122.02382,38.246609900000003
8096304,2016,2017-02-11,4805,2016-02-29,1345,5L80,4805,1,5,4,4805,0,0,0,,0,001,"RT 12","MARINA BL",0.00,,Y,A,-,Y,SOL,4,12,-,-,5.160,H,-,W,N,4,0,3,2,A,-,03,22350,,N,C,C,A,A,H,-,A,A,0,,,,,Y,,B,01,0,0,3,0,0,0,0,0,0,"- ","- ",,,SOLANO,"SUISUN CITY",-122.031255,38.244648840000004
8096329,2016,2017-02-07,4805,2016-03-26,0925,5L76,4805,6,5,4,4805,0,0,0,,0,001,"RT 12","MARINA BL",274.00,E,N,A,-,Y,SOL,4,12,-,-,5.200,H,-,W,N,4,0,1,2,A,-,03,22350,,N,C,C,A,A,H,-,A,A,0,,,,,Y,,A,01,0,0,1,0,0,0,0,0,0,"- ","- ",38.244190000000003,-122.0313,SOLANO,"SUISUN CITY",-122.03053423,38.244534860000002
8096648,2016,2016-08-11,4803,2016-08-02,0721,1573,SOLAN,2,5,5,4803,0,0,0,,0,00S,"TRAVIS BL","PENNSYLVANIA AV",0.00,,Y,A,-,N,,,,,,,,,,Y,4,0,1,2,A,-,12,21453,A,N,D,C,A,A,H,-,A,A,0,,,,,Y,,A,01,0,0,1,0,0,0,0,0,0,"- ","- ",38.258130000000001,-122.04988,SOLANO,FAIRFIELD,-122.05000999000001,38.25822994
8096703,2016,2017-01-28,4803,2016-08-02,1545,450,,2,5,5,4803,0,0,0,,0,00S,"RT 12","PENNSYLVANIA AV",515.00,W,N,A,-,Y,SOL,4,12,-,R,3.970,H,-,W,N,3,0,1,1,A,-,03,22350,,N,F,A,A,A,H,-,A,D,0,,,Y,,Y,,C,03,0,1,0,0,0,0,0,0,1,"- ","- ",38.241399999999999,-122.0504,SOLANO,FAIRFIELD,-122.05242577,38.241113800000001
8099019,2016,2016-08-08,4807,2016-07-27,1508,599,4807,3,5,6,4807,0,0,0,,0,00S,"GATEWAY BL","SOUZA WY",0.00,,Y,A,-,N,,,,,,,,,,N,4,0,1,2,A,-,12,22450,A,N,D,G,A,A,H,-,A,A,0,,Y,,,Y,,L,04,0,0,1,0,0,0,1,0,0,"- ","- ",,,SOLANO,VALLEJO,-122.22312986,38.143999919999999
8099284,2016,2016-08-09,4807,2016-07-07,1612,682,VALLE,4,5,6,4807,0,0,0,,0,005,"TENNESSEE ST","MONTEREY ST",120.00,W,N,A,-,N,,,,,,,,,,N,4,0,2,5,C,-,18,,,N,B,C,A,A,H,-,A,D,0,,,,,Y,,-,"- ",0,0,2,0,0,0,0,0,0,"- ","- ",,,SOLANO,VALLEJO,-122.24679715000001,38.1098748
8099296,2016,2016-08-09,4807,2016-07-17,0959,633,VPD,7,5,6,4807,0,0,0,,0,008,"MEADOWS DR","RHONDA CT",0.00,,Y,B,-,N,,,,,,,,,,Y,4,0,1,2,A,-,08,22107,,N,D,C,A,A,H,-,A,A,0,,,,,Y,,A,01,0,0,1,0,0,0,0,0,0,"- ","- ",,,SOLANO,VALLEJO,-122.25876989,38.147919940000001
8099308,2016,2016-08-09,4807,2016-07-16,0734,599,4807,6,5,6,4807,0,0,0,,0,004,"14TH ST","CAMPBELL AV",0.00,,Y,B,-,N,,,,,,,,,,Y,4,0,1,2,A,-,09,21802,A,N,D,C,A,A,H,-,A,A,0,,,,,Y,,D,22,0,0,1,0,0,0,0,0,0,"- ","- ",,,SOLANO,VALLEJO,-122.23107,38.09988997
8099880,2016,2017-01-23,4807,2016-07-27,1431,586,VALLE,3,5,6,4807,0,0,0,,0,007,"SONOMA BL","LEWIS BROWN",535.00,S,N,A,-,Y,SOL,4,29,-,-,4.630,H,-,S,Y,3,0,2,2,A,-,01,23152,A,N,A,C,A,A,H,-,A,D,0,,,,,Y,Y,A,01,0,2,0,0,0,0,0,0,0,"- ","- ",,,SOLANO,VALLEJO,-122.256162,38.136096000000002
8102335,2016,2016-08-11,4806,2016-08-05,2141,457,,5,5,5,4806,0,0,0,,0,,"EAST MONTE VISTA AV","BROWN ST",0.00,,Y,A,-,N,,,,,,,,,,Y,3,0,1,2,A,-,08,22107,,N,H,I,A,A,H,-,C,A,0,,,,,Y,,A,01,0,1,0,0,0,0,0,0,0,"- ","- ",,,SOLANO,VACAVILLE,-121.9772699,38.35991989
8102337,2016,2016-08-11,4806,2016-08-06,1914,457,,6,5,5,4806,0,0,0,,0,,"CALIFORNIA DR","TERRACE CT",0.00,,Y,A,-,N,,,,,,,,,,Y,3,0,2,2,A,-,09,21802,A,N,D,C,A,A,H,-,A,A,0,,,,,Y,Y,A,08,0,1,1,0,0,0,0,0,0,"- ","- ",,,SOLANO,VACAVILLE,-121.99187989000001,38.335049980000001
8102642,2016,2016-08-18,4806,2016-07-27,1440,686,,3,5,5,4806,0,0,0,,0,,"ALAMO DR","MARSHALL RD",0.00,,Y,A,-,N,,,,,,,,,,N,4,0,1,3,A,-,03,22350,,N,C,C,A,A,H,-,A,A,0,,,,,Y,,A,01,0,0,1,0,0,0,0,0,0,"- ","- ",,,SOLANO,VACAVILLE,-121.99406990999999,38.342299949999997
8103016,2016,2016-08-19,4806,2016-08-12,1816,457,,5,5,5,4806,0,0,0,,0,,"BROWNS VALLEY PKWY","BROWN ST",700.00,E,N,A,-,N,,,,,,,,,,Y,4,0,1,2,A,-,03,22350,,N,C,C,A,A,H,-,A,A,0,,,,,Y,,A,01,0,0,1,0,0,0,0,0,0,"- ","- ",,,SOLANO,VACAVILLE,-121.9749408,38.372132370000003
8103020,2016,2016-08-19,4806,2016-08-12,1719,457,,5,5,5,4806,0,0,0,,0,,"ALAMO DR","EL CAMINO AV",0.00,,Y,A,-,N,,,,,,,,,,N,4,0,1,2,A,-,03,22350,,N,C,C,A,A,H,-,A,D,0,,,,,Y,,A,01,0,0,1,0,0,0,0,0,0,"- ","- ",,,SOLANO,VACAVILLE,-122.00006996,38.349329969999999
8103371,2016,2017-02-18,4807,2016-08-14,2127,687,VALLE,7,5,6,4807,0,0,0,,0,003,"GLEN COVE PKWY","RT 780",13.00,S,N,A,-,Y,SOL,4,780,-,-,6.154,R,4,E,Y,4,0,1,2,A,-,01,23152,A,M,D,C,A,A,H,-,C,A,0,,,,,Y,Y,-,,0,0,1,0,0,0,0,0,0,"- ","- ",,,SOLANO,VALLEJO,-122.21295722000001,38.08602698
8103375,2016,2016-09-28,4807,2016-08-03,1230,694,VALLE,3,5,6,4807,0,0,0,,0,005,"SOLANO AV","MARIPOSA ST",39.00,E,N,A,-,N,,,,,,,,,,N,4,0,2,2,A,-,03,22350,,F,C,C,A,A,H,-,A,A,0,,,,,Y,,-,,0,0,2,0,0,0,0,0,0,"- ","- ",,,SOLANO,VALLEJO,-122.23122986,38.105600029999998
8104146,2016,2016-08-22,4803,2016-08-10,1336,1327,SOLAN,3,5,5,4803,0,0,0,,0,COR,"NEITZEL RD","BUSINESS CENTER DR",1200.00,N,N,A,-,N,,,,,,,,,,Y,4,0,1,2,A,-,07,21658,A,N,B,C,A,A,H,-,A,D,0,,,Y,,Y,,A,01,0,0,1,0,0,0,0,0,1,"- ","- ",38.219029999999997,-122.14107,SOLANO,FAIRFIELD,-122.14042000000001,38.219160000000002
8105972,2016,2017-02-24,4804,2016-08-15,1050,RV99,273,1,5,2,4804,0,0,0,,0,001,"RT 12","GARDINER WY",144.00,E,N,A,-,Y,SOL,4,12,-,-,25.970,H,-,W,Y,4,0,1,2,A,-,09,21804,A,N,D,C,A,A,H,-,A,D,0,,,,,Y,,A,01,0,0,1,0,0,0,0,0,0,"- ","- ",,,SOLANO,"RIO VISTA",-121.69262248,38.160622359999998
8106011,2016,2016-08-29,4807,2016-08-08,1750,694,VALLE,1,5,6,4807,0,0,0,,0,001,"ADMIRAL CALLAGHAN LN","HENRY ST",330.00,S,N,A,-,N,,,,,,,,,,Y,3,0,1,2,A,-,09,21801,A,N,D,C,A,A,H,-,A,D,0,,,,,Y,,-,,0,1,0,0,0,0,0,0,0,"- ","- ",,,SOLANO,VALLEJO,-122.22874929,38.11108668
8106015,2016,2016-08-29,4807,2016-08-11,0758,628,4807,4,5,6,4807,0,0,0,,0,006,"SACRAMENTO ST","NEBRASKA ST",0.00,,Y,A,-,N,,,,,,,,,,Y,4,0,1,3,A,-,09,21801,A,N,D,C,A,A,H,-,A,D,0,,,,,Y,,-,,0,0,1,0,0,0,0,0,0,"- ","- ",,,SOLANO,VALLEJO,-122.25799986,38.113959889999997
8106122,2016,2016-08-30,4806,2016-08-09,1451,596,505,2,5,5,4806,0,0,0,,0,,"FOXBORO PKY","RUBY DR",0.00,,Y,A,-,N,,,,,,,,,,Y,4,0,1,1,A,-,03,22350,,N,E,I,A,A,H,-,A,D,0,,,,,Y,,A,01,0,0,1,0,0,0,0,0,0,"- ","- ",,,SOLANO,VACAVILLE,-121.95618995,38.317929939999999
8106279,2016,2016-08-29,4803,2016-07-22,1810,1506,,5,5,5,4803,0,0,0,,0,00E,"CEMENT HILL RD","PEPPERTREE DR",0.00,,Y,A,-,N,,,,,,,,,,Y,4,0,1,2,A,-,12,22450,A,N,D,C,A,A,H,-,A,D,0,,,,,Y,,A,01,0,0,1,0,0,0,0,0,0,"- ","- ",38.279829999999997,-122.01300999999999,SOLANO,FAIRFIELD,-122.01598991,38.279809960000001
8106283,2016,2016-08-29,4803,2016-07-15,1835,1506,,5,5,5,4803,0,0,0,,0,00E,"CEMENT HILL RD","PEPPERTREE DR",0.00,,Y,A,-,N,,,,,,,,,,N,2,0,1,2,A,-,12,22450,A,N,D,C,A,A,H,-,A,A,0,,,,,Y,,A,01,1,0,0,0,0,0,0,0,0,"- ","- ",,,SOLANO,FAIRFIELD,-122.01598991,38.279809960000001
8106311,2016,2016-08-29,4807,2016-07-31,1254,685,VALLE,7,5,6,4807,0,0,0,,0,005,"VALLE VISTA AV","FARALLON DR",50.00,E,N,A,-,N,,,,,,,,,,Y,3,0,1,1,A,-,08,22107,,N,E,I,A,A,H,-,A,D,0,,,,,Y,,-,,0,1,0,0,0,0,0,0,0,"- ","- ",,,SOLANO,VALLEJO,-122.24175689,38.119527269999999
8106315,2016,2016-08-29,4807,2016-07-01,1801,653,VALLE,5,5,6,4807,0,0,0,,0,005,"FLORIDA ST","CALAVERAS ST",0.00,,Y,A,-,N,,,,,,,,,,Y,4,0,1,2,A,-,09,21802,A,N,B,D,A,A,H,-,A,A,0,,,,,Y,,A,,0,0,1,0,0,0,0,0,0,"- ","- ",,,SOLANO,VALLEJO,-122.23648989,38.10477994
8107060,2016,2016-08-24,4807,2016-06-29,1619,586,VALLE,3,5,6,4807,0,0,0,,0,007,"FAIRGROUNDS DR","SERENO DR",50.00,N,N,A,-,N,,,,,,,,,,N,4,0,1,3,A,-,03,22350,,N,C,C,A,A,H,-,A,A,0,,,,,Y,,D,22,0,0,1,0,0,0,0,0,0,"- ","- ",,,SOLANO,VALLEJO,-122.22937496,38.128427289999998
8107064,2016,2016-09-19,4807,2016-08-04,1257,600,4807,4,5,6,4807,0,0,0,,0,007,"TUOLUMNE ST","REDWOOD ST",38.00,N,N,B,-,N,,,,,,,,,,N,4,0,1,2,A,-,03,22350,,N,C,C,A,A,H,-,A,A,0,,,,,Y,,D,22,0,0,1,0,0,0,0,0,0,"- ","- ",,,SOLANO,VALLEJO,-122.23776094,38.12242414
8107455,2016,2016-08-22,4803,2016-08-06,1303,1327,SOLAN,6,5,5,4803,0,0,0,,0,0CE,"FAIRFIELD AV","BRETON DR",125.00,N,N,A,-,N,,,,,,,,,,Y,3,0,1,2,A,-,09,21804,A,N,A,C,A,A,H,-,A,D,0,,,,,Y,,A,01,0,1,0,0,0,0,0,0,0,"- ","- ",38.270710000000001,-122.04522,SOLANO,FAIRFIELD,-122.04524000000001,38.270913350000001
8109466,2016,2016-08-29,4807,2016-07-30,1844,599,4807,6,5,6,4807,0,0,0,,0,005,"SOLANO AV","12TH ST",0.00,,Y,A,-,N,,,,,,,,,,Y,4,0,6,5,A,-,12,22450,A,N,D,C,A,A,H,-,A,A,0,,,,,Y,,-,,0,0,6,0,0,0,0,0,0,"- ","- ",,,SOLANO,VALLEJO,-122.23649995,38.10285992
8109484,2016,2017-02-27,4807,2016-08-10,1550,586,VALLE,3,5,6,4807,0,0,0,,0,007,"SONOMA BL","REDWOOD ST",0.00,,Y,A,-,Y,SOL,4,29,-,-,3.710,I,5,N,Y,4,0,2,2,A,-,12,21453,A,N,D,D,A,A,H,-,A,A,0,,,,,Y,,A,01,0,0,2,0,0,0,0,0,0,"- ","- ",,,SOLANO,VALLEJO,-122.25509390000001,38.122890980000001
8109552,2016,2016-08-29,4807,2016-08-04,1724,693,VPD,4,5,6,4807,0,0,0,,0,002,"REDWOOD PKWY","SKYLINE DR",711.00,E,N,A,-,N,,,,,,,,,,N,3,0,1,1,A,-,03,22350,,N,E,I,A,A,H,-,A,D,0,,,,,Y,,-,,0,1,0,0,0,0,0,0,0,"- ","- ",,,SOLANO,VALLEJO,-122.22072516999999,38.122013819999999
8109572,2016,2016-08-29,4807,2016-08-11,1531,599,4807,4,5,6,4807,0,0,0,,0,007,"BROADWAY ST","SERENO DR",528.00,S,N,A,-,N,,,,,,,,,,Y,4,0,1,2,A,-,03,22350,,N,C,C,A,A,H,-,A,D,0,,,,,Y,,-,,0,0,1,0,0,0,0,0,0,"- ","- ",,,SOLANO,VALLEJO,-122.25084999000001,38.126448969999998
8109773,2016,2016-08-29,4806,2016-08-13,1251,234,416,6,5,5,4806,0,0,0,,0,,"NUT TREE RD","ARCADIA DR",0.00,,Y,A,-,N,,,,,,,,,,Y,3,0,3,2,A,-,09,21802,A,N,D,C,A,A,H,-,A,A,0,,,,,Y,,A,01,0,2,1,0,0,0,0,0,0,"- ","- ",,,SOLANO,VACAVILLE,-121.95138992,38.363679900000001
8109777,2016,2016-08-29,4806,2016-08-07,0901,342,,7,5,5,4806,0,0,0,,0,,"ALAMO DR","MARNA DR",0.00,,Y,A,-,N,,,,,,,,,,Y,4,0,1,2,A,-,09,21802,A,N,D,C,A,A,H,-,A,D,0,,,,,Y,,A,08,0,0,1,0,0,0,0,0,0,"- ","- ",,,SOLANO,VACAVILLE,-121.96319988,38.335359920000002
8110395,2016,2016-08-29,4803,2016-08-01,2015,1583,,1,5,5,4803,0,0,0,,0,00S,"TEXAS ST","PENNSYLVANIA AV",10.00,E,N,A,-,N,,,,,,,,,,N,4,0,1,2,A,-,03,22350,,N,C,C,A,A,H,-,B,A,0,,,,,Y,,A,01,0,0,1,0,0,0,0,0,0,"- ","- ",38.249250000000004,-122.0498,SOLANO,FAIRFIELD,-122.04993533,38.24923733
8113847,2016,2016-09-09,4806,2016-08-19,2111,457,,5,5,5,4806,0,0,0,,0,,"LEISURE TOWN RD","STONEWOOD PL",0.00,,Y,A,-,N,,,,,,,,,,Y,4,0,2,2,A,-,09,21801,A,N,D,C,A,A,H,-,C,D,0,,,,,Y,,A,01,0,0,2,0,0,0,0,0,0,"- ","- ",,,SOLANO,VACAVILLE,-121.93401996,38.36110996
8113867,2016,2016-09-09,4806,2016-08-24,0720,533,,3,5,5,4806,0,0,0,,0,,"ALAMO DR","MARSHALL RD",40.00,N,N,A,-,N,,,,,,,,,,N,4,0,1,2,A,-,03,22350,,N,C,C,A,A,H,-,A,A,0,,,,,Y,,A,01,0,0,1,0,0,0,0,0,0,"- ","- ",,,SOLANO,VACAVILLE,-121.99417009,38.342376539999997
8114462,2016,2016-09-09,4801,2016-07-28,1852,3834,,4,5,4,4801,0,0,0,,0,001,"WEST K ST","W 5TH ST",260.00,E,N,A,-,N,,,,,,,,,,N,3,0,1,2,A,-,17,22517,,N,H,G,A,A,H,-,A,D,0,,Y,,,Y,,A,01,0,1,0,0,0,0,1,0,0,"- ","- ",,,SOLANO,BENICIA,-122.16367991,38.056389969999998
8115000,2016,2016-09-02,4803,2016-08-18,1615,1274,,4,5,5,4803,0,0,0,,0,0CE,"NORTH TEXAS ST","ACACIA ST",30.00,S,N,A,-,N,,,,,,,,,,N,4,0,1,2,A,-,03,22350,,N,C,C,A,A,H,-,A,A,0,,,,,Y,,D,22,0,0,1,0,0,0,0,0,0,"- ","- ",38.264229999999998,-122.03408,SOLANO,FAIRFIELD,-122.03420108,38.264157599999997
8115545,2016,2016-09-20,4806,2016-08-27,0851,533,,6,5,5,4806,0,0,0,,0,,"MERCHANT ST","ALAMO DR",15.00,W,N,A,-,N,,,,,,,,,,Y,4,0,1,2,A,-,01,23152,A,M,C,C,A,A,H,-,A,A,0,,,,,Y,Y,A,01,0,0,1,0,0,0,0,0,0,"- ","- ",,,SOLANO,VACAVILLE,-121.99773652,38.347500500000002
8116193,2016,2017-02-13,4802,2016-04-08,1955,1232,4802,5,5,3,4802,0,0,0,,0,,"RT 113","WEST A ST",40.00,N,N,C,-,Y,SOL,4,113,-,-,19.300,H,-,S,Y,4,0,2,3,A,-,03,22350,,N,C,C,A,B,H,-,C,A,0,,,,,Y,,A,01,0,0,2,0,0,0,0,0,0,"- ","- ",,,SOLANO,DIXON,-121.82252864,38.445686629999997
8116319,2017,2017-04-12,4803,2017-02-12,1700,1235,,7,5,5,4803,0,0,0,,0,00W,"WATERMAN BL","HILBORN RD",0.00,,Y,A,-,N,,,,,,,,,,Y,4,0,2,2,A,-,12,21453,A,N,D,C,A,A,H,-,A,A,0,,,,,Y,,A,01,0,0,2,0,0,0,0,0,0,"- ","- ",38.273400000000002,-122.05252,SOLANO,FAIRFIELD,-122.05248994999999,38.273309900000001
8116589,2016,2016-09-07,4807,2016-08-29,0945,586,VALLE,1,5,6,4807,0,0,0,,0,001,"COLUMBUS PKWY","ST JOHNS MINE",48.00,W,N,B,-,N,,,,,,,,,,N,4,0,1,2,A,-,03,22350,,N,C,C,A,A,H,-,A,A,0,,,,,Y,,A,01,0,0,1,0,0,0,0,0,0,"- ","- ",,,SOLANO,VALLEJO,-122.20269808,38.135874090000002
8116603,2016,2016-09-06,4807,2016-07-31,1830,669,VALLE,7,5,6,4807,0,0,0,,0,002,"ROLLINGWOOD DR","COLERIDGE DR",0.00,,Y,A,-,N,,,,,,,,,,Y,4,0,1,2,A,-,05,21460,A,N,A,C,A,A,C,-,A,D,0,,,,,Y,,-,,0,0,1,0,0,0,0,0,0,"- ","- ",,,SOLANO,VALLEJO,-122.20892993,38.096369979999999
8117196,2016,2016-11-08,4807,2016-08-29,1141,586,VALLE,1,5,6,4807,0,0,0,,0,004,"CURTOLA PKWY","MONTEREY ST",0.00,,Y,A,-,N,,,,,,,,,,Y,4,0,2,2,A,-,12,21453,A,N,A,D,A,A,H,-,A,A,0,,,,,Y,,-,"- ",0,0,2,0,0,0,0,0,0,"- ","- ",,,SOLANO,VALLEJO,-122.24664988000001,38.097059989999998
8117750,2016,2016-09-08,4803,2016-08-21,1030,1546,,7,5,5,4803,0,0,0,,0,00S,"TRAVIS BL","MAUPIN LN",0.00,,Y,A,-,N,,,,,,,,,,Y,4,0,2,2,A,-,03,22350,,N,C,C,A,A,H,-,A,A,0,,,,,Y,,A,01,0,0,2,0,0,0,0,0,0,"- ","- ",38.258159999999997,-122.05895,SOLANO,FAIRFIELD,-122.05877993,38.258119980000004
8117908,2016,2016-09-12,4803,2016-07-03,1110,606,4803,7,5,5,4803,0,0,0,,0,00E,"EAST TABOR AV","VILLA CT",0.00,,Y,A,-,N,,,,,,,,,,N,4,0,1,1,A,-,03,22350,,N,H,A,A,A,H,-,A,A,0,,,Y,,Y,,C,02,0,0,1,0,0,0,0,0,1,"- ","- ",38.2652,-122.00819,SOLANO,FAIRFIELD,-122.00827995,38.265179930000002
8119144,2016,2016-09-12,4803,2016-08-28,1355,561,,7,5,5,4803,0,0,0,,0,0CE,"AIR BASE PKWY","NORTH TEXAS ST",13.00,N,N,A,-,N,,,,,,,,,,Y,4,0,1,2,A,-,08,22107,,N,B,C,A,A,H,-,A,D,0,,,,,Y,,A,07,0,0,1,0,0,0,0,0,0,"- ","- ",38.272930000000002,-122.03417,SOLANO,FAIRFIELD,-122.03422999999999,38.273060000000001
8119164,2016,2016-09-12,4803,2016-08-01,0834,476,,1,5,5,4803,0,0,0,,0,,"TRAVIS BL","HOLIDAY LN",0.00,,Y,A,-,N,,,,,,,,,,N,4,0,1,2,A,-,12,21453,A,N,D,C,A,A,H,-,A,A,0,,,,,Y,,A,01,0,0,1,0,0,0,0,0,0,"- ","- ",38.258369999999999,-122.06507000000001,SOLANO,FAIRFIELD,-122.06504997,38.258229890000003
8119691,2016,2016-09-15,4803,2016-07-31,2029,1563,4803,7,5,5,4803,0,0,0,,0,EAST,"AIR BASE PKWY","CLAY BANK RD",0.00,,Y,A,-,N,,,,,,,,,,N,4,0,1,2,A,-,12,21453,A,N,D,C,A,A,H,-,A,A,0,,,,,Y,,A,01,0,0,1,0,0,0,0,0,0,"- ","- ",38.272579999999998,-122.00639,SOLANO,FAIRFIELD,-122.00657989,38.272599900000003
8121171,2016,2016-09-23,4807,2016-09-01,0146,504,VALLE,4,5,6,4807,0,0,0,,0,002,"ROLLINGWOOD DR","LAKEWOOD ST",15.00,S,N,A,-,N,,,,,,,,,,Y,3,0,1,5,A,-,08,22107,,N,F,E,A,A,H,-,C,D,0,,,,,Y,,-,,0,1,0,0,0,0,0,0,0,"- ","- ",,,SOLANO,VALLEJO,-122.20902,38.1048288
8121199,2016,2017-02-28,4804,2016-09-06,1557,RV99,SOLAN,2,5,2,4804,0,0,0,,0,004,"RT 12","AMERADA RD",937.00,W,N,A,-,Y,SOL,4,12,-,-,24.640,H,-,E,Y,4,0,1,2,A,-,04,21703,,N,C,C,A,A,D,-,A,D,0,,,,,Y,,A,01,0,0,1,0,0,0,0,0,0,"- ","- ",,,SOLANO,"RIO VISTA",-121.71158773000001,38.172366160000003
8121945,2016,2016-11-16,4803,2016-09-11,2211,1507,SOLAN,7,5,5,4803,0,0,0,,0,00S,"PENNSYLVANIA AV","UTAH ST",0.00,,Y,A,-,N,,,,,,,,,,Y,4,0,2,2,A,-,12,21453,A,N,B,C,A,A,H,-,C,A,0,,,,,Y,,A,01,0,0,2,0,0,0,0,0,0,"- ","- ",38.254480000000001,-122.04977,SOLANO,FAIRFIELD,-122.0499899,38.254519950000002
8122311,2016,2016-09-14,4803,2016-09-03,0504,1600,4803,6,5,5,4803,0,0,0,,0,00E,"MANUEL CAMPOS PKWY","CEMENT HILL RD",803.00,W,N,A,-,N,,,,,,,,,,N,3,0,1,1,A,-,03,22350,,N,E,I,A,A,H,-,C,D,0,,,,,Y,,A,07,0,1,0,0,0,0,0,0,0,"- ","- ",38.285820000000001,-121.99787999999999,SOLANO,FAIRFIELD,-121.99997503,38.285958549999997
8123054,2016,2016-09-16,4807,2016-07-08,1639,651,VALLE,5,5,6,4807,0,0,0,,0,004,"5TH ST","LEMON ST",0.00,,Y,A,-,N,,,,,,,,,,Y,4,0,1,2,A,-,09,21802,A,N,D,C,A,A,H,-,A,A,0,,,,,Y,,-,,0,0,1,0,0,0,0,0,0,"- ","- ",,,SOLANO,VALLEJO,-122.24174997,38.088769929999998
8126522,2016,2016-09-22,4807,2016-09-02,0043,697,,5,5,6,4807,0,0,0,,0,005,"REDWOOD ST","FAIRVIEW AV",12.00,E,N,A,-,N,,,,,,,,,,Y,3,0,2,1,A,-,08,22107,A,N,E,I,A,A,H,-,C,A,0,,,,,Y,,-,,0,1,1,0,0,0,0,0,0,"- ","- ",,,SOLANO,VALLEJO,-122.23424974,38.122618660000001
8126558,2016,2016-09-22,4807,2016-09-04,1827,669,VALLE,7,5,6,4807,0,0,0,,0,001,"COLUMBUS PKWY","BLUE ROCK SPRINGS",765.00,S,N,A,-,N,,,,,,,,,,Y,3,0,1,1,A,-,08,22107,,N,E,I,A,A,H,-,A,D,0,,,,,Y,,-,,0,1,0,0,0,0,0,0,0,"- ","- ",,,SOLANO,VALLEJO,-122.19185471999999,38.124100730000002
8126971,2016,2016-10-13,4807,2016-06-25,1110,678,VALLE,6,5,6,4807,0,0,0,,0,005,"TENNESSEE ST","AMADOR ST",0.00,,Y,A,-,N,,,,,,,,,,Y,4,0,2,3,A,-,12,21453,A,N,D,C,A,A,H,-,A,A,0,,,,,Y,,A,,0,0,2,0,0,0,0,0,0,"- ","- ",,,SOLANO,VALLEJO,-122.24330989000001,38.109829939999997
8128941,2016,2016-09-26,4805,2016-08-05,2229,5L84,4805,5,5,4,4805,0,0,0,,0,001,"MARINA BL","RAILROAD AV",52.00,S,N,A,-,N,,,,,,,,,,Y,3,0,1,1,A,-,03,22350,,N,F,A,A,A,H,-,C,D,0,,,,,Y,Y,A,01,0,1,0,0,0,0,0,0,0,"- ","- ",38.248730000000002,-122.03273,SOLANO,"SUISUN CITY",-122.03259391,38.248618929999999
8129333,2016,2016-09-23,4803,2016-07-29,1128,1327,SOLAN,5,5,5,4803,0,0,0,,0,00S,"WEST TEXAS ST","2ND ST",56.00,E,N,A,-,N,,,,,,,,,,Y,4,0,2,2,A,-,09,21804,A,N,D,C,A,A,H,-,A,A,0,,,,,Y,,A,01,0,0,2,0,0,0,0,0,0,"- ","- ",38.24933,-122.05509000000001,SOLANO,FAIRFIELD,-122.05495494,38.24926
8129993,2016,2016-09-26,4803,2016-07-15,1556,1506,,5,5,5,4803,0,0,0,,0,00E,"EAST TABOR AV","RAILROAD AV",0.00,,Y,A,-,N,,,,,,,,,,Y,3,0,1,2,A,-,08,22107,,N,D,C,A,A,H,-,A,B,0,,,,,Y,,A,01,0,1,0,0,0,0,0,0,0,"- ","- ",38.264980000000001,-122.00445999999999,SOLANO,FAIRFIELD,-122.00465995,38.265029949999999