CASE_ID,ACCIDENT_YEAR,PROC_DATE,JURIS,COLLISION_DATE,COLLISION_TIME,OFFICER_ID,REPORTING_DISTRICT,DAY_OF_WEEK,CHP_SHIFT,POPULATION,CNTY_CITY_LOC,SPECIAL_COND,BEAT_TYPE,CHP_BEAT_TYPE,CITY_DIVISION_LAPD,CHP_BEAT_CLASS,BEAT_NUMBER,PRIMARY_RD,SECONDARY_RD,DISTANCE,DIRECTION,INTERSECTION,WEATHER_1,WEATHER_2,STATE_HWY_IND,CALTRANS_COUNTY,CALTRANS_DISTRICT,STATE_ROUTE,ROUTE_SUFFIX,POSTMILE_PREFIX,POSTMILE,LOCATION_TYPE,RAMP_INTERSECTION,SIDE_OF_HWY,TOW_AWAY,COLLISION_SEVERITY,NUMBER_KILLED,NUMBER_INJURED,PARTY_COUNT,PRIMARY_COLL_FACTOR,PCF_CODE_OF_VIOL,PCF_VIOL_CATEGORY,PCF_VIOLATION,PCF_VIOL_SUBSECTION,HIT_AND_RUN,TYPE_OF_COLLISION,MVIW,PED_ACTION,ROAD_SURFACE,ROAD_COND_1,ROAD_COND_2,LIGHTING,CONTROL_DEVICE,CHP_ROAD_TYPE,PEDESTRIAN_ACCIDENT,BICYCLE_ACCIDENT,MOTORCYCLE_ACCIDENT,TRUCK_ACCIDENT,NOT_PRIVATE_PROPERTY,ALCOHOL_INVOLVED,STWD_VEHTYPE_AT_FAULT,CHP_VEHTYPE_AT_FAULT,COUNT_SEVERE_INJ,COUNT_VISIBLE_INJ,COUNT_COMPLAINT_PAIN,COUNT_PED_KILLED,COUNT_PED_INJURED,COUNT_BICYCLIST_KILLED,COUNT_BICYCLIST_INJURED,COUNT_MC_KILLED,COUNT_MC_INJURED,PRIMARY_RAMP,SECONDARY_RAMP,LATITUDE,LONGITUDE,COUNTY,CITY,POINT_X,POINT_Y
81662885,2021,2021-12-28,4803,2021-12-17,1539,504,,5,5,5,4803,0,0,0,,0,0CE,"ATLANTIC AVENUE","NORTH TEXAS STREET",370.00,W,N,B,-,N,,,,,,,,,,Y,4,0,2,2,A,-,09,21804,A,N,D,C,A,A,H,-,A,D,0,,,,,Y,,A,01,0,0,2,0,0,0,0,0,0,"- ","- ",38.276359558105469,-122.03412628173828,SOLANO,FAIRFIELD,-122.03549194335938,38.276340484619141
81662895,2021,2021-12-28,4803,2021-12-25,0952,1749,,6,5,5,4803,0,0,0,,0,,"RT 12","PENNSYLVANIA AVENUE",0.00,,Y,C,-,N,,,12,,,,,,,Y,3,0,2,2,A,-,12,21453,A,N,D,C,A,B,H,-,A,A,0,,,,,Y,,A,01,0,2,0,0,0,0,0,0,0,"- ","- ",38.241249084472656,-122.05042266845703,SOLANO,FAIRFIELD,-122.0504150390625,38.241199493408203
81666119,2021,2021-12-30,4807,2021-07-25,1829,#740,VALLE,7,5,6,4807,0,0,0,,0,007,"LEWIS BROWN DR","BROADWAY ST",405.00,W,N,A,-,N,,,,,,,,,,Y,3,0,3,2,A,-,09,21804,A,F,A,C,A,A,H,-,A,D,0,,,,,Y,,A,01,0,2,1,0,0,0,0,0,0,"- ","- ",38.141109466552734,-122.25231170654297,SOLANO,VALLEJO,-122.25323486328125,38.140190124511719
8167050,2018,2020-05-26,4803,2018-01-14,1654,476,,7,5,5,4803,0,0,0,,0,00S,"RT 12","PENNSYLVANIA AV",29.00,W,N,B,-,Y,SOL,4,12,-,R,4.060,H,-,E,Y,1,1,2,3,A,-,01,23152,B,N,B,C,A,A,H,-,C,A,0,,,Y,,Y,Y,C,02,0,1,1,0,0,0,0,1,1,"- ","- ",38.241401672363281,-122.05039978027344,SOLANO,FAIRFIELD,-122.05079650878906,38.241153717041016
81671613,2022,2022-01-06,4803,2022-01-02,0109,1725,,7,5,5,4803,0,0,0,,0,,"MANUEL CAMPOS PARKWAY","I 80 EB OFFRAMP",0.00,,Y,A,-,N,,,,,,,,,,Y,3,0,1,2,A,-,12,21453,A,N,D,C,A,A,H,-,C,A,0,,,,,Y,,-,"- ",0,1,0,0,0,0,0,0,0,"- ","- ",38.294750213623047,-122.03305816650391,SOLANO,FAIRFIELD,-122.03391265869141,38.295097351074219
81671929,2021,2022-01-06,4807,2021-11-11,1512,#747,VALLE,4,5,6,4807,0,0,0,,0,005,"MAGAZINE ST","HOLLYWOOD AV",0.00,,Y,A,-,N,,,,,,,,,,N,4,0,1,2,A,-,03,22350,,N,C,E,A,A,H,-,A,D,0,,,,,Y,,A,01,0,0,1,0,0,0,0,0,0,"- ","- ",38.083629608154297,-122.22592163085938,SOLANO,VALLEJO,-122.22580718994141,38.083751678466797
81676068,2022,2022-01-12,4803,2022-01-07,1611,1601,,5,5,5,4803,0,0,0,,0,00S,"CHADBOURNE ROAD","MAXWELL WAY",0.00,,Y,A,-,N,,,,,,,,,,Y,2,0,1,2,A,-,03,22350,,N,D,C,A,A,H,-,A,D,0,,,,,Y,,A,01,1,0,0,0,0,0,0,0,0,"- ","- ",38.230720520019531,-122.08384704589844,SOLANO,FAIRFIELD,-122.08390045166016,38.230766296386719
81676071,2022,2022-01-12,4803,2022-01-09,1940,1671,4803,7,5,5,4803,0,0,0,,0,,"LAKESHORE DRIVE","WESTLAKE DRIVE",150.00,S,N,A,-,N,,,,,,,,,,Y,3,0,1,1,A,-,08,22107,,N,E,I,A,A,H,-,C,D,0,,,,,Y,,A,07,0,1,0,0,0,0,0,0,0,"- ","- ",38.226879119873047,-122.14575958251953,SOLANO,FAIRFIELD,-122.14564514160156,38.226512908935547
81676072,2022,2022-01-12,4803,2022-01-09,2103,1731,,7,5,5,4803,0,0,0,,0,,"TABOR AVENUE","PACIFIC AVENUE",5.00,S,N,A,-,N,,,,,,,,,,N,3,0,1,2,A,-,10,21950,A,N,G,B,D,A,H,-,C,A,0,Y,,,,Y,,A,01,0,1,0,0,1,0,0,0,0,"- ","- ",38.268650054931641,-122.03653717041016,SOLANO,FAIRFIELD,-122.03659820556641,38.268836975097656
81676076,2022,2022-01-12,4803,2022-01-05,0259,1674,,3,5,5,4803,0,0,0,,0,00E,"EAST TABOR AVENUE","RAILROAD AVENUE",342.00,W,N,A,-,N,,,,,,,,,,N,4,0,1,1,A,-,01,23152,A,M,E,I,A,A,H,-,C,D,0,,,,,Y,Y,A,01,0,0,1,0,0,0,0,0,0,"- ","- ",38.264980316162109,-122.00446319580078,SOLANO,FAIRFIELD,-122.00585174560547,38.265064239501953
81679403,2021,2022-01-18,4803,2021-01-14,1154,1749,,4,5,5,4803,0,0,0,,0,,"PEABODY ROAD","MARKELEY LANE",411.00,S,N,A,-,N,,,,,,,,,,Y,3,0,1,1,A,-,08,22107,,N,E,I,A,A,H,-,A,A,0,,,,,Y,,D,22,0,1,0,0,0,0,0,0,0,"- ","- ",38.283271789550781,-121.96968841552734,SOLANO,FAIRFIELD,-121.96967315673828,38.281200408935547
81681452,2021,2022-01-20,4807,2021-12-09,1811,#755,VALLE,4,5,6,4807,0,0,0,,0,005,"SONOMA BL","VALLE VISTA AV",0.00,,Y,A,-,Y,,,29,,,,,,,Y,4,0,2,2,A,-,12,21453,A,N,D,C,A,A,H,-,C,A,0,,,,,Y,,A,01,0,0,2,0,0,0,0,0,0,"- ","- ",38.119861602783203,-122.255126953125,SOLANO,VALLEJO,-122.255126953125,38.119861602783203
8168148,2019,2019-12-06,4803,2019-07-07,1239,1632,,7,5,5,4803,0,0,0,,0,00W,"TRAVIS BL","HOLIDAY LN",249.00,E,N,A,-,N,,,,,,,,,,N,4,0,1,2,A,-,04,21703,,F,C,C,A,A,H,-,A,A,0,,,,,Y,,-,,0,0,1,0,0,0,0,0,0,"- ","- ",38.258369445800781,-122.06507110595703,SOLANO,FAIRFIELD,-122.06418609619141,38.258216857910156
8168732,2016,2016-11-28,4807,2016-11-13,1521,651,VALLE,7,5,6,4807,0,0,0,,0,008,"BORGES LN","AGNES CT",12.00,W,N,A,-,N,,,,,,,,,,N,4,0,1,2,A,-,03,22350,,N,C,C,A,A,H,-,A,D,0,,,,,Y,,A,,0,0,1,0,0,0,0,0,0,"- ","- ",,,SOLANO,VALLEJO,-122.22886895000001,38.15035185
8168772,2016,2016-11-28,4801,2016-09-19,0626,3922,P66,1,5,4,4801,0,0,0,,0,004,"GOODYEAR RD","LAKE HERMAN RD",2112.00,N,N,A,-,N,,,,,,,,,,N,4,0,2,2,A,-,05,21460,A,N,D,C,A,A,H,-,A,D,0,,,,,Y,,A,01,0,0,2,0,0,0,0,0,0,"- ","- ",,,SOLANO,BENICIA,-122.10775148,38.09031169
8168782,2016,2016-11-29,4801,2016-10-01,1604,3948,4801,6,5,4,4801,0,0,0,,0,004,"GOODYEAR RD","LAKE HERMAN RD",200.00,E,N,A,-,N,,,,,,,,,,N,2,0,1,1,A,-,21,22106,,N,E,I,A,A,H,-,A,D,0,,,Y,,Y,,C,02,1,0,0,0,0,0,0,0,1,"- ","- ",,,SOLANO,BENICIA,-122.11034372,38.08569009
81688839,2022,2022-01-31,4803,2022-01-21,1715,1660,,5,5,5,4803,0,0,0,,0,00E,"AIR BASE PARKWAY","WILEY LANE",70.00,E,N,A,-,N,,,,,,,,,,Y,2,0,1,2,A,-,07,21658,A,N,C,C,A,A,H,-,A,D,0,,,Y,,Y,Y,C,02,1,0,0,0,0,0,0,0,1,"- ","- ",38.272418975830078,-121.97868347167969,SOLANO,FAIRFIELD,-121.97844696044922,38.272407531738281
8168908,2016,2016-11-29,4801,2016-08-31,1349,3840,BENIC,3,5,4,4801,0,0,0,,0,003,"COLUMBUS PKWY","ROSE DR",0.00,,Y,A,-,N,,,,,,,,,,N,4,0,1,2,A,-,09,21453,B,N,D,G,A,A,H,-,A,A,0,,Y,,,Y,,A,01,0,0,1,0,0,0,1,0,0,"- ","- ",,,SOLANO,BENICIA,-122.19218995999999,38.081179929999998
8168912,2016,2016-11-29,4801,2016-08-31,1312,3840,SOLAN,3,5,4,4801,0,0,0,,0,001,"MILITARY WEST","13TH ST",0.00,,Y,A,-,N,,,,,,,,,,Y,4,0,1,2,A,-,09,21802,A,N,D,C,A,A,H,-,A,A,0,,,,,Y,,A,07,0,0,1,0,0,0,0,0,0,"- ","- ",,,SOLANO,BENICIA,-122.17935998999999,38.066179920000003
81690129,2022,2022-02-01,4803,2022-01-27,0759,1749,,4,5,5,4803,0,0,0,,0,,"TRAVIS BOULEVARD","GATEWAY BOULEVARD",45.00,E,N,A,-,N,,,,,,,,,,N,4,0,1,2,A,-,08,22100,A,N,C,C,A,A,H,-,A,A,0,,,,,Y,,A,01,0,0,1,0,0,0,0,0,0,"- ","- ",38.258148193359375,-122.05677795410156,SOLANO,FAIRFIELD,-122.05668640136719,38.258129119873047
81693189,2021,2022-02-04,4803,2021-09-30,0802,1749,,4,5,5,4803,0,0,0,,0,0CO,"OAKBROOK DRIVE","LOPES ROAD",16.00,W,N,A,-,N,,,,,,,,,,N,3,0,1,2,A,-,05,21202,A,N,D,G,A,A,H,-,A,A,0,,Y,,,Y,,L,04,0,1,0,0,0,0,1,0,0,"- ","- ",38.184539794921875,-122.13852691650391,SOLANO,FAIRFIELD,-122.13844299316406,38.183387756347656
81693202,2022,2022-02-04,4803,2022-01-26,1639,1724,,3,5,5,4803,0,0,0,,0,,"WALTERS ROAD","EAST TABOR AVENUE",204.00,N,N,A,-,N,,,,,,,,,,Y,3,0,1,2,A,-,09,21804,A,N,D,C,A,A,H,-,B,D,0,,,Y,,Y,,A,01,0,1,0,0,0,0,0,0,1,"- ","- ",38.264720916748047,-121.98786163330078,SOLANO,FAIRFIELD,-121.98811340332031,38.265449523925781
81693205,2022,2022-02-04,4803,2022-01-31,1427,1724,,1,5,5,4803,0,0,0,,0,,"MARKELEY LANE","SAMO LANE",47.00,E,N,A,-,N,,,,,,,,,,Y,3,0,2,2,A,-,09,21804,A,N,D,C,A,A,H,-,A,A,0,,,,,Y,,A,07,0,1,1,0,0,0,0,0,0,"- ","- ",38.283199310302734,-121.96280670166016,SOLANO,FAIRFIELD,-121.96371459960938,38.283168792724609
81693207,2022,2022-02-04,4803,2022-02-01,1907,1724,,2,5,5,4803,0,0,0,,0,,"JACKSON STREET","DELAWARE STREET",0.00,,Y,A,-,N,,,,,,,,,,Y,4,0,2,2,A,-,09,21802,A,N,D,C,A,A,H,-,C,A,0,,,,,Y,,D,22,0,0,2,0,0,0,0,0,0,"- ","- ",38.247051239013672,-122.04447174072266,SOLANO,FAIRFIELD,-122.0445556640625,38.247028350830078
81693983,2022,2022-02-07,4803,2022-02-02,1453,1697,,3,5,5,4803,0,0,0,,0,0CE,"NORTH TEXAS STREET","AIR BASE PARKWAY",273.00,N,N,A,-,N,,,,,,,,,,N,4,0,1,2,A,-,09,21801,A,N,D,C,A,A,H,-,A,A,0,,,,,Y,,A,01,0,0,1,0,0,0,0,0,0,"- ","- ",38.272930145263672,-122.03417205810547,SOLANO,FAIRFIELD,-122.03420257568359,38.27349853515625
81698347,2022,2022-02-11,4803,2022-02-02,1740,1563,,3,5,5,4803,0,0,0,,0,0CO,"PITTMAN ROAD","NEITZEL ROAD",187.00,N,N,A,-,N,,,,,,,,,,Y,2,0,1,1,A,-,03,22350,,N,E,I,A,A,H,-,B,D,0,,,Y,,Y,Y,C,02,1,0,0,0,0,0,0,0,1,"- ","- ",38.226371765136719,-122.12970733642578,SOLANO,FAIRFIELD,,
81698348,2022,2022-02-11,4803,2022-02-03,0806,1746,4803,4,5,5,4803,0,0,0,,0,00S,"WEST TEXAS STREET","BECK AVENUE",65.00,N,N,A,-,N,,,,,,,,,,N,4,0,1,2,A,-,12,21453,A,N,D,G,A,A,H,-,A,A,0,,Y,,,Y,,L,04,0,0,1,0,0,0,1,0,0,"- ","- ",38.249320983886719,-122.06620788574219,SOLANO,FAIRFIELD,-122.06645202636719,38.249301910400391
81698353,2022,2022-02-11,4803,2022-02-04,1539,1745,SOLAN,5,5,5,4803,0,0,0,,0,0CO,"FULTON DRIVE","LOPES ROAD",640.00,W,N,A,-,N,,,,,,,,,,N,4,0,1,2,A,-,09,21804,A,N,D,C,A,A,H,-,A,D,0,,,,,Y,,A,01,0,0,1,0,0,0,0,0,0,"- ","- ",38.207088470458984,-122.13852691650391,SOLANO,FAIRFIELD,-122.14068603515625,38.207118988037109
81698358,2022,2022-02-11,4803,2022-02-09,1939,1724,,3,5,5,4803,0,0,0,,0,,"EAST TABOR AVENUE","SAN GABRIEL STREET",0.00,,Y,A,-,N,,,,,,,,,,N,4,0,1,2,D,-,00,,,N,D,C,A,A,H,-,A,A,0,,,,,Y,,-,"- ",0,0,1,0,0,0,0,0,0,"- ","- ",38.265491485595703,-122.03000640869141,SOLANO,FAIRFIELD,-122.03018951416016,38.265514373779297
81698359,2022,2022-02-11,4803,2022-02-07,2206,1641,,1,5,5,4803,0,0,0,,0,00S,"RT 12","PENNSYLVANIA AVENUE",31.00,W,N,A,-,N,,,,,,,,,,Y,4,0,1,2,A,-,03,22350,,N,C,C,A,A,H,-,D,A,0,,,,,Y,,A,01,0,0,1,0,0,0,0,0,0,"- ","- ",38.241249084472656,-122.05042266845703,SOLANO,FAIRFIELD,-122.0504150390625,38.241199493408203
81698361,2022,2022-02-11,4803,2022-02-08,2119,1746,4803,2,5,5,4803,0,0,0,,0,00E,"AIR BASE PARKWAY","DOVER AVENUE",0.00,,Y,A,-,N,,,,,,,,,,Y,4,0,2,3,A,-,12,21453,A,N,D,C,A,A,H,-,C,A,0,,,,,Y,,A,01,0,0,2,0,0,0,0,0,0,"- ","- ",38.272830963134766,-122.02507781982422,SOLANO,FAIRFIELD,-122.02491760253906,38.272716522216797
81699342,2021,2022-02-14,4807,2021-11-02,1548,#678,VALLE,2,5,6,4807,0,0,0,,0,002,"SPRINGS RD","ROLLINGWOOD DR (S)",0.00,,Y,A,-,N,,,,,,,,,,Y,4,0,1,2,A,-,12,21453,A,N,D,C,A,A,H,-,A,A,0,,,,Y,Y,,A,07,0,0,1,0,0,0,0,0,0,"- ","- ",38.105949401855469,-122.20902252197266,SOLANO,VALLEJO,-122.20899200439453,38.105926513671875
81699564,2022,2022-02-14,4807,2022-01-06,0735,#728,VALLE,4,5,6,4807,0,0,0,,0,002,"GEORGIA ST","COLUMBUS PKWY",0.00,,Y,A,-,N,,,,,,,,,,Y,4,0,2,2,A,-,09,21801,A,N,D,C,A,A,H,-,A,A,0,,,,,Y,,A,01,0,0,2,0,0,0,0,0,0,"- ","- ",38.100479125976562,-122.20046997070312,SOLANO,VALLEJO,-122.20048522949219,38.100448608398438
81702955,2022,2022-02-17,4807,2022-01-07,1114,G154,VALLE,5,5,6,4807,0,0,0,,0,008,"FAIRGROUNDS DR","CORCORAN AV",0.00,,Y,A,-,N,,,,,,,,,,Y,4,0,1,2,A,-,09,21800,D,N,D,C,A,A,H,-,A,B,0,,,,,Y,Y,A,01,0,0,1,0,0,0,0,0,0,"- ","- ",38.154750823974609,-122.23834228515625,SOLANO,VALLEJO,-122.23834991455078,38.15472412109375
8170325,2016,2016-11-17,4807,2016-11-03,1349,600,4807,4,5,6,4807,0,0,0,,0,001,"COLUMBUS PKWY","ST JOHNS MINE RD",48.00,W,N,A,-,N,,,,,,,,,,Y,4,0,3,2,A,-,03,22350,,N,C,C,A,A,H,-,A,A,0,,,,,Y,,A,01,0,0,3,0,0,0,0,0,0,"- ","- ",,,SOLANO,VALLEJO,-122.20269808,38.135874090000002
81704573,2022,2022-02-21,4803,2022-01-04,1805,1581,4803,2,5,5,4803,0,0,0,,0,0CE,"TRAVIS BOULEVARD","NORTH TEXAS STREET",247.00,W,N,C,-,N,,,,,,,,,,N,4,0,2,3,A,-,03,22350,,F,C,C,A,B,H,-,C,A,0,,,,,Y,,A,01,0,0,2,0,0,0,0,0,0,"- ","- ",38.25823974609375,-122.03411865234375,SOLANO,FAIRFIELD,-122.03502655029297,38.258258819580078
81704582,2022,2022-02-21,4803,2022-02-09,0828,1749,,3,5,5,4803,0,0,0,,0,,"AIR BASE PARKWAY","HEATH DRIVE",830.00,E,N,A,-,N,,,,,,,,,,N,3,0,4,4,A,-,03,22350,,N,C,C,A,A,H,-,A,A,0,,,,,Y,,A,07,0,1,3,0,0,0,0,0,0,"- ","- ",38.273128509521484,-122.04283905029297,SOLANO,FAIRFIELD,-122.04484558105469,38.272922515869141
81704583,2022,2022-02-21,4803,2022-02-10,0804,1749,,4,5,5,4803,0,0,0,,0,,"PEABODY ROAD","WATER WORKS LANE",1158.00,S,N,A,-,N,,,,,,,,,,N,4,0,2,2,A,-,03,22350,,N,C,C,A,A,H,-,A,A,0,,,,,Y,,A,01,0,0,2,0,0,0,0,0,0,"- ","- ",38.295978546142578,-121.96932220458984,SOLANO,FAIRFIELD,-121.96946716308594,38.292930603027344
81704597,2022,2022-02-21,4803,2022-02-16,0743,1745,SOLAN,3,5,5,4803,0,0,0,,0,00E,"AIR BASE PARKWAY WB ONRAMP","DOVER AVENUE",369.00,W,N,A,-,N,,,,,,,,,,N,4,0,2,2,A,-,03,22350,,N,C,C,A,A,H,-,A,D,0,,,,,Y,Y,A,01,0,0,2,0,0,0,0,0,0,"- ","- ",38.274131774902344,-122.02484130859375,SOLANO,FAIRFIELD,-122.02620697021484,38.272731781005859
8170607,2016,2016-11-21,4805,2016-07-14,1910,5L76,4805,4,5,4,4805,0,0,0,,0,002,"SUNSET AV","RAILROAD AV",51.00,S,N,A,-,N,,,,,,,,,,N,4,0,1,2,A,-,03,22350,,F,C,C,A,A,H,-,A,A,0,,,,,Y,,A,01,0,0,1,0,0,0,0,0,0,"- ","- ",,,SOLANO,"SUISUN CITY",-122.01995134000001,38.253749939999999
8170636,2016,2017-03-04,4805,2016-08-24,0906,5L81,,3,5,4,4805,0,0,0,,0,001,"SUNSET AV","RT 12",0.00,,Y,A,-,Y,SOL,4,12,-,-,5.760,I,6,W,N,4,0,1,2,A,-,10,21950,C,N,G,B,B,A,H,-,A,A,0,Y,,,,Y,,D,22,0,0,1,0,1,0,0,0,0,"- ","- ",38.243589999999998,-122.02024,SOLANO,"SUISUN CITY",-122.02034421,38.243738010000001
81706363,2022,2022-02-23,4803,2022-02-17,1450,1697,,4,5,5,4803,0,0,0,,0,0CE,"DOVER AVENUE","EAST TABOR AVENUE",13.00,S,N,A,-,N,,,,,,,,,,N,4,0,1,2,A,-,03,22350,,F,C,C,A,A,H,-,A,A,0,,,,,Y,,-,99,0,0,1,0,0,0,0,0,0,"- ","- ",38.265399932861328,-122.02474212646484,SOLANO,FAIRFIELD,-122.02496337890625,38.265384674072266
8170649,2016,2017-02-22,4807,2016-09-15,1433,462,VALLE,4,5,6,4807,0,0,0,,0,008,FAIRGROUNDS,"RT 37",0.00,,Y,A,-,Y,SOL,4,37,-,R,10.012,R,4,W,Y,3,0,2,2,A,-,12,21453,A,N,D,C,A,A,H,-,A,A,0,,,,,Y,,-,"- ",0,1,1,0,0,0,0,0,0,"- ","- ",,,SOLANO,VALLEJO,-122.25065979999999,38.142587720000002
8170650,2016,2017-02-22,4807,2016-07-17,1757,680,VALLE,7,5,6,4807,0,0,0,,0,004,"SONOMA BL",WINCHESTER,60.00,S,N,A,-,Y,SOL,4,29,-,-,0.890,H,-,S,Y,4,0,3,2,A,-,09,21804,,N,-,C,A,A,H,-,A,D,0,,,,,Y,,-,,0,0,3,0,0,0,0,0,0,"- ","- ",,,SOLANO,VALLEJO,-122.24235938,38.086593710000002
8170730,2016,2016-11-28,4803,2016-11-02,0728,476,,3,5,5,4803,0,0,0,,0,00E,"AIR BASE PKWY","CLAY BANK RD",0.00,,Y,B,-,N,,,,,,,,,,Y,4,0,1,2,A,-,03,22350,,N,C,C,A,A,H,-,A,D,0,,,,,Y,,D,22,0,0,1,0,0,0,0,0,0,"- ","- ",38.272579999999998,-122.00639,SOLANO,FAIRFIELD,-122.00657989,38.272599900000003
81707313,2022,2022-02-24,4803,2022-02-19,1415,1301,,6,5,5,4803,0,0,0,,0,0CO,"SUISUN VALLEY ROAD","WESTAMERICA DRIVE",264.00,S,N,A,-,N,,,,,,,,,,Y,3,0,1,1,A,-,03,22350,,N,E,I,A,A,H,-,A,A,0,,,,,Y,,A,01,0,1,0,0,0,0,0,0,0,"- ","- ",38.229671478271484,-122.12875366210938,SOLANO,FAIRFIELD,-122.12914276123047,38.229129791259766
81707318,2022,2022-02-24,4803,2022-02-21,1158,1761,FAIRF,1,5,5,4803,0,0,0,,0,0CE,"NORTH TEXAS STREET","EAST PACIFIC AVENUE",0.00,,Y,A,-,N,,,,,,,,,,N,4,0,1,2,D,-,00,,,N,D,C,A,A,H,-,A,D,0,,,,,Y,Y,-,"- ",0,0,1,0,0,0,0,0,0,"- ","- ",38.268928527832031,-122.03414916992188,SOLANO,FAIRFIELD,-122.03416442871094,38.268844604492188
81710362,2022,2022-02-28,4807,2022-01-17,1900,#733,VALLE,1,5,6,4807,0,0,0,,0,004,"SONOMA BL","MAGAZINE ST",0.00,,Y,A,-,N,,,,,,,,,,N,2,0,1,2,A,-,11,21456,C,N,G,B,B,A,H,-,C,A,0,Y,,,,Y,,N,60,1,0,0,0,1,0,0,0,0,"- ","- ",38.082408905029297,-122.23867797851562,SOLANO,VALLEJO,-122.23850250244141,38.082492828369141
81713719,2022,2022-03-03,4803,2022-02-28,2123,1674,,1,5,5,4803,0,0,0,,0,00E,"AIR BASE PARKWAY","PARKER ROAD",446.00,E,N,A,-,N,,,,,,,,,,N,4,0,1,1,A,-,01,23152,A,N,E,I,A,A,H,-,D,D,0,,,,,Y,Y,A,01,0,0,1,0,0,0,0,0,0,"- ","- ",38.272209167480469,-121.96042633056641,SOLANO,FAIRFIELD,-121.95742797851562,38.271873474121094
81713973,2022,2022-03-03,4807,2022-01-12,0720,#747,VALLE,3,5,6,4807,0,0,0,,0,005,"SONOMA BL","REDWOOD ST",0.00,,Y,A,-,Y,SOL,,29,,,3.718,H,,R,Y,4,0,1,2,A,-,12,21453,A,N,D,C,A,A,H,-,A,A,0,,,,,Y,,A,01,0,0,1,0,0,0,0,0,0,"- ","- ",38.123008728027344,-122.25537109375,SOLANO,VALLEJO,-122.25510406494141,38.123023986816406
81714842,2022,2022-03-04,4803,2022-02-28,1630,1724,,1,5,5,4803,0,0,0,,0,,"LOPES ROAD","WEST CORDELIA ROAD",0.00,,Y,A,-,N,,,,,,,,,,N,4,0,1,2,D,-,00,,,N,D,C,A,A,H,-,A,A,0,,,,,Y,,-,"- ",0,0,1,0,0,0,0,0,0,"- ","- ",38.209980010986328,-122.13854217529297,SOLANO,FAIRFIELD,-122.13844299316406,38.210014343261719
8171647,2016,2016-11-30,4807,2016-11-04,1342,628,4807,5,5,6,4807,0,0,0,,0,005,"TUOLUMNE ST","NEBRASKA ST",0.00,,Y,A,-,N,,,,,,,,,,Y,3,0,1,2,A,-,12,21453,A,N,D,C,A,A,H,-,A,A,0,,,,,Y,,-,"- ",0,1,0,0,0,0,0,0,0,"- ","- ",,,SOLANO,VALLEJO,-122.2381499,38.113480000000003
81719235,2022,2022-03-10,4803,2022-03-04,1023,1714,,5,5,5,4803,0,0,0,,0,00S,"WEST TEXAS STREET","BECK AVENUE",0.00,,Y,A,-,N,,,,,,,,,,Y,4,0,1,2,A,-,12,21453,A,N,D,C,A,A,H,-,A,A,0,,,,,Y,,A,01,0,0,1,0,0,0,0,0,0,"- ","- ",38.249320983886719,-122.06620788574219,SOLANO,FAIRFIELD,-122.06623077392578,38.249279022216797
81719240,2022,2022-03-10,4803,2022-03-05,1500,1301,,6,5,5,4803,0,0,0,,0,0CO,"WESTLAKE DRIVE","GREEN VALLEY ROAD",4.00,E,N,A,-,N,,,,,,,,,,Y,3,0,1,1,A,-,01,23152,A,N,E,I,A,A,H,-,A,A,0,,,,,Y,Y,A,01,0,1,0,0,0,0,0,0,0,"- ","- ",38.226551055908203,-122.14716339111328,SOLANO,FAIRFIELD,-122.14722442626953,38.226585388183594
81719354,2022,2022-03-10,4807,2022-01-29,1830,#703,VALLE,6,5,6,4807,0,0,0,,0,001,"HIDDENBROOKE PKWY","SKY VALLEY",2300.00,N,N,A,-,N,,,,,,,,,,Y,3,0,1,1,A,-,03,22350,,N,E,I,A,A,H,-,C,D,0,,,,,Y,,A,01,0,1,0,0,0,0,0,0,0,"- ","- ",,,SOLANO,VALLEJO,,
81720446,2022,2022-03-11,4807,2022-02-04,1907,#736,VALLE,5,5,6,4807,0,0,0,,0,007,"SERENO DR","BROADWAY ST",0.00,,Y,A,-,N,,,,,,,,,,Y,4,0,2,2,A,-,12,22450,A,N,D,C,A,A,H,-,C,A,0,,,,,Y,,A,01,0,0,2,0,0,0,0,0,0,"- ","- ",38.127689361572266,-122.25151824951172,SOLANO,VALLEJO,-122.25154876708984,38.127769470214844
81723628,2022,2022-03-16,4803,2022-02-20,2256,1728,,7,5,5,4803,0,0,0,,0,,"MARIGOLD DRIVE","NORTH TEXAS STREET",0.00,,Y,A,-,N,,,,,,,,,,N,2,0,1,2,A,-,12,21453,A,N,D,C,A,A,H,-,C,A,0,,,,,Y,,A,01,1,0,0,0,0,0,0,0,0,"- ","- ",38.284191131591797,-122.03427886962891,SOLANO,FAIRFIELD,-122.03414916992188,38.284263610839844
81723631,2022,2022-03-16,4803,2022-03-10,1900,1697,,4,5,5,4803,0,0,0,,0,00E,"AIR BASE PARKWAY","CLAY BANK ROAD",0.00,,Y,A,-,N,,,,,,,,,,N,4,0,2,2,A,-,09,21453,C,N,D,C,A,A,H,-,C,A,0,,,,,Y,,A,01,0,0,2,0,0,0,0,0,0,"- ","- ",38.272468566894531,-122.00652313232422,SOLANO,FAIRFIELD,-122.006591796875,38.271816253662109
8172605,2016,2016-11-29,4801,2016-09-17,1906,3949,,6,5,4,4801,0,0,0,,0,003,"COLUMBUS PKWY","COLUMBUS PKWY 2100",0.00,,Y,A,-,N,,,,,,,,,,N,4,0,1,2,A,-,10,21952,,N,B,B,D,A,H,-,A,D,0,Y,,,,Y,,-,,0,0,1,0,1,0,0,0,0,"- ","- ",,,SOLANO,BENICIA,-122.19254583,38.081454469999997