CASE_ID,ACCIDENT_YEAR,PROC_DATE,JURIS,COLLISION_DATE,COLLISION_TIME,OFFICER_ID,REPORTING_DISTRICT,DAY_OF_WEEK,CHP_SHIFT,POPULATION,CNTY_CITY_LOC,SPECIAL_COND,BEAT_TYPE,CHP_BEAT_TYPE,CITY_DIVISION_LAPD,CHP_BEAT_CLASS,BEAT_NUMBER,PRIMARY_RD,SECONDARY_RD,DISTANCE,DIRECTION,INTERSECTION,WEATHER_1,WEATHER_2,STATE_HWY_IND,CALTRANS_COUNTY,CALTRANS_DISTRICT,STATE_ROUTE,ROUTE_SUFFIX,POSTMILE_PREFIX,POSTMILE,LOCATION_TYPE,RAMP_INTERSECTION,SIDE_OF_HWY,TOW_AWAY,COLLISION_SEVERITY,NUMBER_KILLED,NUMBER_INJURED,PARTY_COUNT,PRIMARY_COLL_FACTOR,PCF_CODE_OF_VIOL,PCF_VIOL_CATEGORY,PCF_VIOLATION,PCF_VIOL_SUBSECTION,HIT_AND_RUN,TYPE_OF_COLLISION,MVIW,PED_ACTION,ROAD_SURFACE,ROAD_COND_1,ROAD_COND_2,LIGHTING,CONTROL_DEVICE,CHP_ROAD_TYPE,PEDESTRIAN_ACCIDENT,BICYCLE_ACCIDENT,MOTORCYCLE_ACCIDENT,TRUCK_ACCIDENT,NOT_PRIVATE_PROPERTY,ALCOHOL_INVOLVED,STWD_VEHTYPE_AT_FAULT,CHP_VEHTYPE_AT_FAULT,COUNT_SEVERE_INJ,COUNT_VISIBLE_INJ,COUNT_COMPLAINT_PAIN,COUNT_PED_KILLED,COUNT_PED_INJURED,COUNT_BICYCLIST_KILLED,COUNT_BICYCLIST_INJURED,COUNT_MC_KILLED,COUNT_MC_INJURED,PRIMARY_RAMP,SECONDARY_RAMP,LATITUDE,LONGITUDE,COUNTY,CITY,POINT_X,POINT_Y
82385564,2024,2024-05-09,4807,2024-01-12,1148,#766,,5,5,6,4807,0,0,0,,0,005,"AMADOR ST","FLORIDA ST",6.00,N,N,A,-,N,,,,,,,,,,N,4,0,1,2,A,-,10,21950,A,N,G,B,B,A,H,-,A,A,0,Y,,,,Y,,A,01,0,0,1,0,1,0,0,0,0,"- ","- ",38.104911804199219,-122.24349212646484,SOLANO,VALLEJO,-122.24346160888672,38.104896545410156
82386367,2024,2024-05-10,4803,2024-05-07,1345,1593,,2,5,5,4803,0,0,0,,0,001,"BUSINESS CENTER DRIVE","EXECUTIVE COURT",0.00,,Y,A,-,N,,,,,,,,,,N,3,0,4,2,A,-,12,21453,A,N,D,C,A,A,H,-,A,A,0,,,,,Y,,A,01,0,1,3,0,0,0,0,0,0,"- ","- ",38.228610992431641,-122.12429809570312,SOLANO,FAIRFIELD,-122.12425994873047,38.228660583496094
82391053,2024,2024-05-16,4803,2024-05-04,1130,1780,,6,5,5,4803,0,0,0,,0,002,"PENNSYLVANIA AVENUE","CROWLEY LANE",35.00,E,N,C,-,N,,,,,,,,,,N,3,0,1,2,A,-,12,22450,A,N,D,C,A,B,H,-,A,A,0,,,,,Y,,A,01,0,1,0,0,0,0,0,0,0,"- ","- ",38.24761962890625,-122.04969787597656,SOLANO,FAIRFIELD,-122.05000305175781,38.247608184814453
82392164,2024,2024-05-17,4803,2024-05-09,1329,1594,,4,5,5,4803,0,0,0,,0,004,"WEST TEXAS STREET","SECOND STREET",125.00,E,N,A,-,N,,,,,,,,,,Y,3,0,1,2,A,-,09,21804,A,N,D,C,A,A,H,-,A,D,0,,,,,Y,,A,01,0,1,0,0,0,0,0,0,0,"- ","- ",38.24932861328125,-122.05509185791016,SOLANO,FAIRFIELD,-122.05471801757812,38.249259948730469
82392171,2024,2024-05-17,4803,2024-05-11,2053,1697,,6,5,5,4803,0,0,0,,0,003,"WATERMAN BOULEVARD","HILBORN ROAD",0.00,,Y,A,-,N,,,,,,,,,,N,4,0,1,2,A,-,12,21453,A,N,D,C,A,A,H,-,C,A,0,,,,,Y,,A,01,0,0,1,0,0,0,0,0,0,"- ","- ",38.273399353027344,-122.05252075195312,SOLANO,FAIRFIELD,-122.052490234375,38.273311614990234
82395654,2024,2024-05-22,4803,2024-03-04,1003,1648,,1,5,5,4803,0,0,0,,0,002,"BECK AVENUE","CADENASSO DRIVE",224.00,S,N,A,-,N,,,,,,,,,,N,4,0,1,2,A,-,12,22450,A,F,B,C,A,A,H,-,A,D,0,,,,,Y,,A,01,0,0,1,0,0,0,0,0,0,"- ","- ",38.247539520263672,-122.06620788574219,SOLANO,FAIRFIELD,-122.06623840332031,38.246784210205078
82397633,2024,2024-05-24,4803,2024-05-22,"43  ",1597,,3,5,5,4803,0,0,0,,0,001,"RED TOP ROAD","I 80 EB ONRAMP",79.00,E,N,A,-,N,,,,,,,,,,Y,3,0,1,1,A,-,01,23152,A,N,E,I,A,A,D,E,D,D,0,,,,,Y,Y,A,01,0,1,0,0,0,0,0,0,0,"- ","- ",38.201778411865234,-122.15666198730469,SOLANO,FAIRFIELD,-122.15663909912109,38.201778411865234
82398684,2022,2024-05-30,4807,2022-12-13,0704,#635,,2,5,6,4807,0,0,0,,0,006,"SONOMA BL","REDWOOD ST",777.00,N,N,A,-,N,,,,,,,,,,N,1,1,0,2,A,-,11,21956,,F,G,B,D,A,H,-,C,D,0,Y,,,,Y,,N,60,0,0,0,1,0,0,0,0,0,"- ","- ",38.123008728027344,-122.25537109375,SOLANO,VALLEJO,-122.25538635253906,38.123008728027344
82398694,2024,2024-05-27,4807,2024-03-29,1552,#774,,5,5,6,4807,0,0,0,,0,005,"TUOLUMNE ST","SPRINGS RD",23.00,N,N,B,C,N,,,,,,,,,,Y,3,0,1,3,A,-,03,22350,,N,A,E,A,B,H,-,A,A,0,,,,,Y,,A,01,0,1,0,0,0,0,0,0,0,"- ","- ",38.106178283691406,-122.23822784423828,SOLANO,VALLEJO,-122.23818969726562,38.106243133544922
82398798,2024,2024-05-27,4805,2024-05-14,"35  ",ABD01,,2,5,4,4805,0,0,0,,0,001,"HWY 12","MARINA CENTER",0.00,,Y,A,-,Y,SOL,,12," ",R,5.149,H,,R,N,2,0,1,2,A,-,11,21954,A,F,G,B,D,A,H,-,C,D,0,Y,,,,Y,Y,N,60,1,0,0,0,1,0,0,0,0,"- ","- ",38.244480133056641,-122.03156280517578,SOLANO,"SUISUN CITY",-122.03156280517578,38.244476318359375
82401650,2024,2024-05-30,4803,2024-05-26,1052,1593,,7,5,5,4803,0,0,0,,0,001,"RAMSEY ROAD","SMITH DR",600.00,S,N,A,-,N,,,,,,,,,,Y,3,0,1,2,A,-,08,22107,,N,B,C,A,A,H,-,A,D,0,,,,Y,Y,,F,26,0,1,0,0,0,0,0,0,0,"- ","- ",,,SOLANO,FAIRFIELD,-122.13701629638672,38.188625335693359
82402695,2024,2024-05-31,4803,2024-05-20,1524,1697,,1,5,5,4803,0,0,0,,0,004,"TRAVIS BOULEVARD","SOLANO MALL ENTRANCE",0.00,,Y,A,-,N,,,,,,,,,,N,4,0,1,2,A,-,07,21658,A,F,B,C,A,A,H,-,A,A,0,,,,,Y,,A,01,0,0,1,0,0,0,0,0,0,"- ","- ",38.258148193359375,-122.05467224121094,SOLANO,FAIRFIELD,-122.05344390869141,38.257991790771484
82402702,2024,2024-06-05,4803,2024-05-29,"749 ",1742,,3,5,5,4803,0,0,0,,0,006,"WEBSTER STREET","UTAH STREET",6.00,N,N,A,-,N,,,,,,,,,,N,3,0,1,2,A,-,21,22106,,N,D,G,A,A,H,-,A,A,0,,Y,,,Y,,A,01,0,1,0,0,0,0,1,0,0,"- ","- ",38.254451751708984,-122.04535675048828,SOLANO,FAIRFIELD,-122.04566192626953,38.254505157470703
82402838,2024,2024-05-31,4807,2024-04-04,1502,#755,,4,5,6,4807,0,0,0,,0,007,"BROADWAY ST","SERENO DR",74.00,S,N,A,-,N,,,,,,,,,,Y,4,0,1,2,A,-,03,22350,,N,C,C,A,A,H,-,A,A,0,,,,,Y,,A,01,0,0,1,0,0,0,0,0,0,"- ","- ",38.127689361572266,-122.25151824951172,SOLANO,VALLEJO,-122.25152587890625,38.127571105957031
82403684,2024,2024-06-03,4807,2024-04-09,1430,2278,,2,5,6,4807,0,0,0,,0,005,"COUCH ST","SONOMA BL",42.00,E,N,A,-,N,,,,,,,,,,N,4,0,1,2,A,-,09,21804,A,N,D,C,A,A,H,-,A,D,0,,,,,Y,,A,01,0,0,1,0,0,0,0,0,0,"- ","- ",38.114940643310547,-122.25434875488281,SOLANO,VALLEJO,-122.25425720214844,38.114952087402344
82406142,2024,2024-06-05,4803,2024-04-24,2350,1784,,3,5,5,4803,0,0,0,,0,006,"NORTH TEXAS STREET","WISCONSIN STREET",26.00,S,N,A,-,N,,,,,,,,,,N,3,0,1,2,A,-,08,22107,,N,B,G,A,A,H,-,C,D,0,,Y,,,Y,,L,04,0,1,0,0,0,0,1,0,0,"- ","- ",38.260021209716797,-122.03411102294922,SOLANO,FAIRFIELD,-122.03421020507812,38.259967803955078
82406148,2024,2024-06-05,4803,2024-05-28,1948,1822,,2,5,5,4803,0,0,0,,0,005,"NORTH TEXAS STREET","AIR BASE PARKWAY EB OFFRAMP",0.00,,Y,A,-,N,,,,,,,,,,N,4,0,2,2,A,-,12,21453,A,N,D,C,A,A,H,-,A,A,0,,,,,Y,,A,01,0,0,2,0,0,0,0,0,0,"- ","- ",38.272480010986328,-122.03417205810547,SOLANO,FAIRFIELD,-122.03423309326172,38.273059844970703
82406157,2024,2024-06-05,4803,2024-06-03,1514,1742,,1,5,5,4803,0,0,0,,0,006,"EMPIRE STREET","JEFFERSON STREET",166.00,E,N,A,-,N,,,,,,,,,,N,4,0,2,2,A,-,09,21801,A,N,D,C,A,A,H,-,A,D,0,,,,,Y,,A,08,0,0,2,0,0,0,0,0,0,"- ","- ",38.250339508056641,-122.04171752929688,SOLANO,FAIRFIELD,-122.04130554199219,38.250331878662109
82413440,2024,2024-06-13,4803,2024-06-06,"304 ",1714,,4,5,5,4803,0,0,0,,0,008,"AIR BASE PARKWAY","WALTERS ROAD",930.00,W,N,A,-,N,,,,,,,,,,Y,3,0,1,1,A,-,08,22107,,N,E,I,A,A,H,-,C,D,0,,,,,Y,,A,01,0,1,0,0,0,0,0,0,0,"- ","- ",38.271568298339844,-121.98795318603516,SOLANO,FAIRFIELD,-121.99112701416016,38.271034240722656
82413452,2024,2024-06-13,4803,2024-06-07,1223,1584,,5,5,5,4803,0,0,0,,0,005,"AIR BASE PARKWAY","HEATH DRIVE",597.00,E,N,A,-,N,,,,,,,,,,Y,3,0,1,2,A,-,08,22107,,N,C,C,A,A,H,-,A,D,0,,,Y,,Y,,C,02,0,1,0,0,0,0,0,0,1,"- ","- ",38.273128509521484,-122.04283905029297,SOLANO,FAIRFIELD,-122.04402923583984,38.272903442382812
82413460,2024,2024-06-13,4803,2024-06-11,1502,1678,,2,5,5,4803,0,0,0,,0,001,"GREEN VALLEY ROAD","BUSINESS CENTER DRIVE",50.00,S,N,A,-,N,,,,,,,,,,N,3,0,1,2,-,-,"- ",,,F,G,B,B,A,H,-,A,A,0,Y,,,,Y,,-,"- ",0,1,0,0,1,0,0,0,0,"- ","- ",38.218379974365234,-122.14115905761719,SOLANO,FAIRFIELD,-122.14131927490234,38.218193054199219
82418908,2024,2024-06-20,4803,2024-06-09,1058,1771,,7,5,5,4803,0,0,0,,0,001,"CORDELIA ROAD","PITTMAN ROAD",45.00,E,N,A,-,N,,,,,,,,,,Y,3,0,1,1,C,-,18,,,N,E,I,A,A,H,-,A,A,0,,,,,Y,,-,"- ",0,1,0,0,0,0,0,0,0,"- ","- ",38.212211608886719,-122.12837982177734,SOLANO,FAIRFIELD,-122.12821197509766,38.212345123291016
82419398,2024,2024-06-20,4805,2024-06-03,1623,CAM03,,1,5,4,4805,0,0,0,,0,001,"STATE ROUTE 12","WEBSTER ST UNDER CROSSING",109.00,E,-,A,-,Y,SOL,,12," ",R,4.517,H,,R,Y,3,0,1,3,A,-,03,22350,,N,C,C,A,A,H,-,A,D,0,,,,,Y,,A,01,0,1,0,0,0,0,0,0,0,"- ","- ",38.243209838867188,-122.04271697998047,SOLANO,"SUISUN CITY",-122.04273223876953,38.243228912353516
82419399,2024,2024-06-20,4805,2024-06-03,1605,CAM03,,1,5,4,4805,0,0,0,,0,001,"SUNSET AVE","STATE ROUTE 12",390.00,N,-,A,-,N,,,,,,,,,,N,4,0,1,2,A,-,03,22350,,N,C,C,A,A,H,-,A,A,0,,,,,Y,,A,01,0,0,1,0,0,0,0,0,0,"- ","- ",38.245330810546875,-122.02081298828125,SOLANO,"SUISUN CITY",-122.02043151855469,38.244800567626953
82419859,2024,2024-06-21,4803,2024-06-17,1207,1771,,1,5,5,4803,0,0,0,,0,002,"WEST TEXAS STREET","BECK AVENUE",0.00,,Y,A,-,N,,,,,,,,,,N,3,0,1,2,A,-,08,22107,,N,B,C,A,A,H,-,A,A,0,,,,,Y,,A,01,0,1,0,0,0,0,0,0,0,"- ","- ",38.249168395996094,-122.06623840332031,SOLANO,FAIRFIELD,-122.06623077392578,38.249279022216797
82420709,2024,2024-06-24,4803,2024-05-31,1411,504,,5,5,5,4803,0,0,0,,0,008,"EAST TABOR AVENUE","WALTERS ROAD",44.00,W,N,A,-,N,,,,,,,,,,N,3,0,1,2,A,-,03,22350,,F,C,C,A,A,H,-,A,A,0,,,,,Y,,A,01,0,1,0,0,0,0,0,0,0,"- ","- ",38.264759063720703,-121.98806762695312,SOLANO,FAIRFIELD,-121.98829650878906,38.264888763427734
82423459,2024,2024-06-26,4803,2024-06-09,1041,1771,,7,5,5,4803,0,0,0,,0,007,"DRIVEWAY OF 916 HICKORY AVE","HICKORY AVENUE",440.00,W,N,A,-,N,,,,,,,,,,N,2,0,1,1,C,-,18,,,N,H,A,A,A,H,-,A,D,0,,,,,Y,,-,"- ",1,0,0,0,0,0,0,0,0,"- ","- ",38.284111022949219,-122.01692962646484,SOLANO,FAIRFIELD,,
82430740,2024,2024-07-04,4807,2024-04-13,1601,#731,,6,5,6,4807,0,0,0,,0,008,"136 CORTLAND CIR","FALCON DRIVE",293.00,E,N,A,-,N,,,,,,,,,,Y,2,0,1,1,A,-,03,22350,,N,E,I,A,B,H,-,A,D,0,,,Y,,Y,,C,02,1,0,0,0,0,0,0,0,1,"- ","- ",,,SOLANO,VALLEJO,-122.25042724609375,38.147418975830078
82430742,2024,2024-07-04,4807,2024-04-13,2240,#730,,6,5,6,4807,0,0,0,,0,006,"MARE ISLAND CSWY","MARE ISLAND WY",497.00,W,N,A,-,N,,,,,,,,,,Y,2,0,1,1,A,-,08,22107,,N,E,I,A,A,H,-,C,D,0,,,,,Y,,A,01,1,0,0,0,0,0,0,0,0,"- ","- ",38.110271453857422,-122.26473999023438,SOLANO,VALLEJO,-122.26628112792969,38.110679626464844
82430744,2024,2024-07-04,4807,2024-04-14,"951 ",#731,,7,5,6,4807,0,0,0,,0,005,"MARIN ST","OHIO ST",0.00,,Y,A,-,N,,,,,,,,,,Y,4,0,1,2,A,-,09,21802,A,N,D,C,A,A,H,-,A,A,0,,,,,Y,,-,"- ",0,0,1,0,0,0,0,0,0,"- ","- ",38.106998443603516,-122.25650024414062,SOLANO,VALLEJO,-122.2564697265625,38.107025146484375
82430752,2024,2024-07-04,4807,2024-04-16,2015,2244,,2,5,6,4807,0,0,0,,0,007,"FAIRGROUNDS DR","SAGE ST",205.00,S,N,A,-,N,,,,,,,,,,Y,4,0,1,3,A,-,09,21453,C,N,D,C,A,A,H,-,B,A,0,,,,,Y,,A,01,0,0,1,0,0,0,0,0,0,"- ","- ",38.140140533447266,-122.23166656494141,SOLANO,VALLEJO,-122.23118591308594,38.139633178710938
82430997,2024,2024-07-05,4803,2024-06-21,1700,1821,,5,5,5,4803,0,0,0,,0,007,"DOVER AVENUE","GOLD COAST DRIVE",30.00,E,N,A,-,N,,,,,,,,,,Y,4,0,1,2,A,-,09,21802,A,N,B,C,A,A,H,-,A,D,0,,,,,Y,,A,01,0,0,1,0,0,0,0,0,0,"- ","- ",38.274360656738281,-122.02507019042969,SOLANO,FAIRFIELD,-122.02491760253906,38.274299621582031
82431193,2024,2024-07-05,4807,2024-05-19,"123 ",2229,,7,5,6,4807,0,0,0,,0,005,"REDWOOD ST","TOYON DR",57.00,S,N,A,-,N,,,,,,,,,,Y,4,0,1,6,A,-,08,22107,,N,C,E,A,A,H,-,C,D,0,,,,,Y,,A,01,0,0,1,0,0,0,0,0,0,"- ","- ",38.122779846191406,-122.240478515625,SOLANO,VALLEJO,-122.240234375,38.122772216796875
82432242,2024,2024-07-08,4807,2024-04-17,1727,#708,,3,5,6,4807,0,0,0,,0,008,"SONOMA BL","MEADOWS DR",0.00,,Y,A,-,Y,SOL,,29," "," ",5.373,H,,R,N,4,0,5,2,A,-,03,22350,,N,D,C,A,A,H,-,A,A,0,,,,,Y,,A,01,0,0,5,0,0,0,0,0,0,"- ","- ",38.146999359130859,-122.25507354736328,SOLANO,VALLEJO,-122.2548828125,38.146980285644531
82432244,2024,2024-07-08,4807,2024-04-24,"410 ",#653,,3,5,6,4807,0,0,0,,0,008,"FAIRGROUNDS DR","TAPER AV",0.00,,Y,A,-,N,,,,,,,,,,N,4,0,1,2,A,-,12,21453,A,N,D,C,A,A,H,-,C,A,0,,,,,Y,,-,"- ",0,0,1,0,0,0,0,0,0,"- ","- ",38.146640777587891,-122.23605346679688,SOLANO,VALLEJO,-122.23615264892578,38.146717071533203
82435079,2024,2024-07-10,4805,2024-06-26,"807 ",CAR02,,3,5,4,4805,0,0,0,,0,001,"CORDELIA ST","PENNSYLVANIA AVE",1300.00,E,-,A,-,N,,,,,,,,,,Y,3,0,1,2,A,-,03,22350,,N,C,C,A,A,H,-,A,A,0,,,,,Y,,A,01,0,1,0,0,0,0,0,0,0,"- ","- ",38.235740661621094,-122.05359649658203,SOLANO,"SUISUN CITY",-122.04904937744141,38.235855102539062
82442048,2024,2024-07-18,4803,2024-07-10,1807,1822,,3,5,5,4803,0,0,0,,0,003,"OLIVER ROAD","HARTFORD AVENUE",0.00,,Y,A,-,N,,,,,,,,,,N,4,0,2,2,A,-,09,21801,A,N,D,C,A,A,H,-,A,D,0,,,,,Y,,A,01,0,0,2,0,0,0,0,0,0,"- ","- ",38.25469970703125,-122.06707763671875,SOLANO,FAIRFIELD,-122.06707763671875,38.254688262939453
82595710,2024,2024-07-24,4803,2024-06-28,"949 ",1797,,5,5,5,4803,0,0,0,,0,005,"UNION AVENUE","TABOR AVENUE",0.00,,Y,A,-,N,,,,,,,,,,N,4,0,1,2,A,-,12,22450,A,N,D,C,A,A,H,-,A,D,0,,,,,Y,,-,"- ",0,0,1,0,0,0,0,0,0,"- ","- ",38.265300750732422,-122.04052734375,SOLANO,FAIRFIELD,-122.04046630859375,38.265480041503906
82601483,2024,2024-07-25,4803,2024-07-10,1342,1697,,3,5,5,4803,0,0,0,,0,007,"CEMENT HILL ROAD","ELMHURST CIRCLE",158.00,W,N,A,-,N,,,,,,,,,,N,3,0,2,2,A,-,07,21658,A,N,B,C,A,A,H,-,A,D,0,,,,,Y,,A,01,0,1,1,0,0,0,0,0,0,"- ","- ",38.276290893554688,-122.03173828125,SOLANO,FAIRFIELD,-122.03236389160156,38.276290893554688
82601491,2024,2024-07-25,4803,2024-07-13,1315,1745,,6,5,5,4803,0,0,0,,0,005,"NORTH TEXAS STREET","EAST TABOR AVENUE",0.00,,Y,A,-,N,,,,,,,,,,Y,3,0,2,5,A,-,12,21453,A,F,-,C,A,A,H,-,A,A,0,,,,,Y,,A,01,0,2,0,0,0,0,0,0,0,"- ","- ",38.265651702880859,-122.0341796875,SOLANO,FAIRFIELD,-122.03418731689453,38.265571594238281
82601604,2024,2024-07-25,4807,2024-04-26,1923,#730,,5,5,6,4807,0,0,0,,0,008,"GRIFFIN DR","ANDERSON ST",0.00,,Y,A,-,N,,,,,,,,,,Y,4,0,1,2,A,-,09,21801,A,N,D,C,A,A,H,-,A,D,0,,,,,Y,,A,01,0,0,1,0,0,0,0,0,0,"- ","- ",38.141998291015625,-122.225830078125,SOLANO,VALLEJO,-122.22580718994141,38.141990661621094
82601605,2024,2024-07-25,4807,2024-04-30,1237,#774,,2,5,6,4807,0,0,0,,0,005,"SOLANO AV","MARIPOSA ST",31.00,W,N,A,-,N,,,,,,,,,,Y,4,0,1,2,A,-,08,22100,A,F,D,C,A,A,H,-,A,A,0,,,,,Y,,A,01,0,0,1,0,0,0,0,0,0,"- ","- ",38.105621337890625,-122.23135375976562,SOLANO,VALLEJO,-122.23146057128906,38.105545043945312
82601607,2024,2024-07-25,4807,2024-05-01,2128,#708,,3,5,6,4807,0,0,0,,0,008,"FAIRGROUNDS DR","HIGHWAY 37",0.00,,Y,A,-,N,,,,,,,,,,N,4,0,1,2,A,-,10,21950,A,N,G,B,B,A,H,-,C,A,0,Y,,,,Y,,A,01,0,0,1,0,1,0,0,0,0,"- ","- ",,,SOLANO,VALLEJO,-122.23256683349609,38.141242980957031
82799977,2024,2024-07-29,4803,2024-07-23,2130,1822,,2,5,5,4803,0,0,0,,0,00S,"RT 12","BECK AVENUE",0.00,,Y,A,-,Y,SOL,,12," ",L,3.205,H,,R,Y,4,0,2,2,A,-,12,21453,A,N,D,C,A,A,H,-,C,A,0,,,,,Y,,A,01,0,0,2,0,0,0,0,0,0,"- ","- ",38.240341186523438,-122.06636047363281,SOLANO,FAIRFIELD,-122.06635284423828,38.240249633789062
82799978,2024,2024-07-29,4803,2024-07-24,"527 ",1818,,3,5,5,4803,0,0,0,,0,00S,"WEBSTER STREET","OHIO STREET",177.00,S,N,A,-,N,,,,,,,,,,N,2,0,2,3,A,-,11,21954,A,N,G,B,E,A,H,-,C,D,0,Y,,,,Y,,N,60,1,1,0,0,2,0,0,0,0,"- ","- ",38.244609832763672,-122.043212890625,SOLANO,FAIRFIELD,-122.04323577880859,38.244255065917969
82799979,2024,2024-07-29,4803,2024-07-24,1333,1697,,3,5,5,4803,0,0,0,,0,00S,"RT 12","BECK AVENUE",63.00,E,N,A,-,N,,,,,,,,,,N,4,0,1,2,A,-,03,22350,,F,C,C,A,A,H,-,A,A,0,,,,,Y,,-,99,0,0,1,0,0,0,0,0,0,"- ","- ",38.240478515625,-122.06632232666016,SOLANO,FAIRFIELD,-122.06609344482422,38.240447998046875
8283322,2017,2017-01-27,4806,2017-01-07,1757,457,,6,5,5,4806,0,0,0,,0,,"MASON ST","DEPOT ST",0.00,,Y,C,-,N,,,,,,,,,,Y,4,0,1,2,A,-,01,23152,A,N,A,C,A,B,H,-,C,A,0,,,,,Y,Y,A,07,0,0,1,0,0,0,0,0,0,"- ","- ",,,SOLANO,VACAVILLE,-121.98148986,38.355109900000002
8283330,2017,2017-01-30,4806,2017-01-01,0209,457,,7,5,5,4806,0,0,0,,0,,"ALAMO DR","ALAMO LN",0.00,,Y,B,-,N,,,,,,,,,,Y,3,0,1,1,A,-,01,23152,A,N,E,I,A,A,H,-,C,D,0,,,,,Y,Y,A,01,0,1,0,0,0,0,0,0,0,"- ","- ",,,SOLANO,VACAVILLE,-121.98517993,38.335589990000003
8283841,2017,2017-01-26,4803,2017-01-06,0827,1327,SOLAN,5,5,5,4803,0,0,0,,0,0CO,"GREEN VALLEY RD","MANGELS BL",175.00,W,N,A,-,N,,,,,,,,,,Y,3,0,1,1,A,-,03,22350,,N,E,I,A,C,G,-,A,D,0,,,,,Y,,D,22,0,1,0,0,0,0,0,0,0,"- ","- ",38.222630000000002,-122.14458,SOLANO,FAIRFIELD,-122.14517268,38.223097199999998
8283849,2017,2017-01-26,4803,2017-01-04,0754,1565,SOLAN,3,5,5,4803,0,0,0,,0,COR,"NEITZEL RD","SUISUN VALLEY RD",750.00,S,N,B,-,N,,,,,,,,,,Y,3,0,3,1,A,-,03,22350,,N,E,J,A,B,H,-,A,A,0,,,,,Y,,D,22,0,2,1,0,0,0,0,0,0,"- ","- ",38.226370000000003,-122.12971,SOLANO,FAIRFIELD,-122.1302453,38.223459300000002
8284410,2016,2017-01-23,4803,2016-12-31,1130,1327,SOLAN,6,5,5,4803,0,0,0,,0,00S,"KENTUCKY ST","GREAT JONES ST",0.00,,Y,A,-,N,,,,,,,,,,N,4,0,1,2,A,-,09,21802,A,N,D,C,A,A,H,-,A,A,0,,,,,Y,,A,01,0,0,1,0,0,0,0,0,0,"- ","- ",38.251449999999998,-122.04845,SOLANO,FAIRFIELD,-122.04851995,38.25147991
8287826,2017,2017-01-25,4807,2017-01-06,2331,684,VALLE,5,5,6,4807,0,0,0,,0,002,"AVIAN DR","RAINBOW CT",600.00,S,N,C,-,N,,,,,,,,,,Y,4,0,1,2,A,-,01,23152,A,N,C,E,A,B,H,-,C,D,0,,,,,Y,,A,01,0,0,1,0,0,0,0,0,0,"- ","- ",,,SOLANO,VALLEJO,-122.20646968,38.107380630000002
8287832,2017,2017-01-26,4807,2017-01-01,0115,687,VPD,7,5,6,4807,0,0,0,,0,007,"REDWOOD ST","FAIRGROUNDS DR",20.00,E,N,A,-,N,,,,,,,,,,Y,4,0,1,2,A,-,03,22350,,F,C,C,A,A,H,-,C,A,0,,,,,Y,,A,01,0,0,1,0,0,0,0,0,0,"- ","- ",,,SOLANO,VALLEJO,-122.23102021,38.12289036
8287841,2017,2017-01-26,4807,2017-01-05,1719,586,VPD,4,5,6,4807,0,0,0,,0,004,"SOLANO AV","CENTRAL AV",0.00,,Y,A,-,N,,,,,,,,,,Y,4,0,2,2,A,-,01,23152,A,F,D,C,A,A,H,-,C,D,0,,,,,Y,,A,01,0,0,2,0,0,0,0,0,0,"- ","- ",,,SOLANO,VALLEJO,-122.24033993,38.100659950000001
8289964,2016,2017-02-01,4801,2016-12-16,1430,4016,VBSC,5,5,4,4801,0,0,0,,0,001,"MILITARY EAST","1ST ST",0.00,,Y,A,-,N,,,,,,,,,,N,2,0,1,2,A,-,10,21950,A,N,G,B,B,A,H,-,A,A,0,Y,,,,Y,,A,01,1,0,0,0,1,0,0,0,0,"- ","- ",,,SOLANO,BENICIA,-122.15554998,38.053929969999999
8291725,2016,2017-01-26,4807,2016-09-30,2246,671,VALLE,5,5,6,4807,0,0,0,,0,005,BROADWAY,TENNESSEE,0.00,,Y,A,-,N,,,,,,,,,,Y,4,0,1,2,A,-,12,21453,A,N,D,C,A,A,H,-,C,A,0,,,,,Y,,A,08,0,0,1,0,0,0,0,0,0,"- ","- ",,,SOLANO,VALLEJO,-122.24859991,38.109899929999997
8291811,2017,2017-03-15,4806,2017-01-12,1444,609,404,4,5,5,4806,0,0,0,,0,004,"ORANGE DR","ORANGE TREE CIR",84.00,N,N,A,-,N,,,,,,,,,,Y,4,0,2,2,A,-,09,21804,,N,D,C,A,A,H,-,A,D,0,,,,,Y,,A,07,0,0,2,0,0,0,0,0,0,"- ","- ",,,SOLANO,VACAVILLE,-121.95057789000001,38.374484240000001
8291815,2017,2017-03-15,4806,2017-01-12,1804,457,,4,5,5,4806,0,0,0,,0,,"VANDEN RD","COGHIAN ST",0.00,,Y,B,-,N,,,,,,,,,,N,4,0,1,2,A,-,03,22350,,M,C,C,A,A,H,-,C,A,0,,,,,Y,,A,01,0,0,1,0,0,0,0,0,0,"- ","- ",,,SOLANO,VACAVILLE,,
8291930,2016,2017-03-06,4807,2016-12-25,1824,653,VPD,7,5,6,4807,0,0,0,,0,008,"SONOMA BL","RT 37",120.00,N,N,A,-,Y,SOL,4,29,-,-,5.080,H,-,N,Y,4,0,2,1,A,-,03,22350,,N,H,J,A,A,H,-,C,A,0,,,,,Y,,A,,0,0,2,0,0,0,0,0,0,"- ","- ",,,SOLANO,VALLEJO,-122.25527486999999,38.144461980000003