CASE_ID,ACCIDENT_YEAR,PROC_DATE,JURIS,COLLISION_DATE,COLLISION_TIME,OFFICER_ID,REPORTING_DISTRICT,DAY_OF_WEEK,CHP_SHIFT,POPULATION,CNTY_CITY_LOC,SPECIAL_COND,BEAT_TYPE,CHP_BEAT_TYPE,CITY_DIVISION_LAPD,CHP_BEAT_CLASS,BEAT_NUMBER,PRIMARY_RD,SECONDARY_RD,DISTANCE,DIRECTION,INTERSECTION,WEATHER_1,WEATHER_2,STATE_HWY_IND,CALTRANS_COUNTY,CALTRANS_DISTRICT,STATE_ROUTE,ROUTE_SUFFIX,POSTMILE_PREFIX,POSTMILE,LOCATION_TYPE,RAMP_INTERSECTION,SIDE_OF_HWY,TOW_AWAY,COLLISION_SEVERITY,NUMBER_KILLED,NUMBER_INJURED,PARTY_COUNT,PRIMARY_COLL_FACTOR,PCF_CODE_OF_VIOL,PCF_VIOL_CATEGORY,PCF_VIOLATION,PCF_VIOL_SUBSECTION,HIT_AND_RUN,TYPE_OF_COLLISION,MVIW,PED_ACTION,ROAD_SURFACE,ROAD_COND_1,ROAD_COND_2,LIGHTING,CONTROL_DEVICE,CHP_ROAD_TYPE,PEDESTRIAN_ACCIDENT,BICYCLE_ACCIDENT,MOTORCYCLE_ACCIDENT,TRUCK_ACCIDENT,NOT_PRIVATE_PROPERTY,ALCOHOL_INVOLVED,STWD_VEHTYPE_AT_FAULT,CHP_VEHTYPE_AT_FAULT,COUNT_SEVERE_INJ,COUNT_VISIBLE_INJ,COUNT_COMPLAINT_PAIN,COUNT_PED_KILLED,COUNT_PED_INJURED,COUNT_BICYCLIST_KILLED,COUNT_BICYCLIST_INJURED,COUNT_MC_KILLED,COUNT_MC_INJURED,PRIMARY_RAMP,SECONDARY_RAMP,LATITUDE,LONGITUDE,COUNTY,CITY,POINT_X,POINT_Y
9019291,2019,2020-01-28,4806,2019-11-28,1557,713,,4,5,5,4806,0,0,0,,0,,"ALLISON DR","TRANSPORTATION CTR",0.00,,Y,A,-,N,,,,,,,,,,N,4,0,2,2,A,-,04,21703,,N,C,C,A,A,H,-,A,D,0,,,,,Y,,A,01,0,0,2,0,0,0,0,0,0,"- ","- ",,,SOLANO,VACAVILLE,-121.966264,38.358531999999997
9019337,2019,2020-02-01,4806,2019-12-13,1737,650,,5,5,5,4806,0,0,0,,0,,"EAST MONTE VISTA AV","ALLISON DR",0.00,E,N,A,-,N,,,,,,,,,,Y,3,0,1,2,A,-,09,21801,A,N,D,C,A,A,H,-,C,D,0,,,,,Y,,A,01,0,1,0,0,0,0,0,0,0,"- ","- ",,,SOLANO,VACAVILLE,-121.97019195556641,38.362449645996094
9019398,2019,2020-02-06,4806,2019-12-14,1409,533,901,6,5,5,4806,0,0,0,,0,009,"ALLISON DR","NUT TREE PKWY",84.00,S,N,A,-,N,,,,,,,,,,N,4,0,3,2,A,-,03,22350,,N,C,C,A,A,H,-,A,A,0,,,,,Y,,A,01,0,0,3,0,0,0,0,0,0,"- ","- ",38.360050201416016,-121.96794128417969,SOLANO,VACAVILLE,-121.96779632568359,38.359886169433594
9019402,2019,2020-02-06,4806,2019-12-11,1744,319,202,3,5,5,4806,0,0,0,,0,002,"VINEYARD VALLEY WY","MARKHAM AV",0.00,,Y,B,C,N,,,,,,,,,,N,3,0,1,2,A,-,10,21950,A,N,G,B,B,B,H,-,C,D,0,Y,,,,Y,,A,01,0,1,0,0,1,0,0,0,0,"- ","- ",38.3603515625,-121.98164367675781,SOLANO,VACAVILLE,-121.98161315917969,38.360378265380859
9019406,2019,2020-02-06,4806,2019-12-12,1448,778,906,4,5,5,4806,0,0,0,,0,009,"YELLOWSTONE DR","ISLE ROYALE CIR W",119.00,W,N,B,-,N,,,,,,,,,,N,3,0,1,2,A,-,05,21460,A,N,B,C,A,B,H,-,A,D,0,,,,,Y,,A,01,0,1,0,0,0,0,0,0,0,"- ","- ",38.368728637695312,-121.94229125976562,SOLANO,VACAVILLE,-121.94326019287109,38.367809295654297
9019410,2019,2020-02-06,4806,2019-12-12,1608,564,404,4,5,5,4806,0,0,0,,0,004,"ELMIRA RD","DEL RIO CIR",0.00,,Y,B,-,N,,,,,,,,,,Y,2,0,5,2,A,-,09,21802,A,N,D,C,A,A,H,-,A,A,0,,,,,Y,,A,01,1,0,4,0,0,0,0,0,0,"- ","- ",38.353569030761719,-121.9732666015625,SOLANO,VACAVILLE,-121.97322845458984,38.353549957275391
90196703,2016,2016-06-08,9365,2016-05-31,0815,016217,,2,1,6,4807,0,1,1,,2,080,"I-80 E/B","BENICIA RD",100.00,E,N,A,-,Y,,,80,,,,,,E,Y,4,0,1,2,A,-,03,22350,,F,C,C,A,A,H,-,A,D,0,,,,,Y,,A,01,0,0,1,0,0,0,0,0,0,"- ","- ",38.095419999999997,-122.22969000000001,SOLANO,VALLEJO,-122.22976697,38.095422229999997
9019753,2019,2020-02-04,4806,2019-12-16,1559,426,404,1,5,5,4806,0,0,0,,0,004,"SHASTA DR","ELMIRA RD",26.00,S,N,A,-,N,,,,,,,,,,N,4,0,4,2,A,-,21,22106,,N,C,C,A,A,H,-,A,A,0,,,,,Y,,A,01,0,0,4,0,0,0,0,0,0,"- ","- ",38.353080749511719,-121.9700927734375,SOLANO,VACAVILLE,-121.97006988525391,38.353141784667969
90200558,2016,2016-06-13,9365,2016-06-05,1820,019107,,7,2,9,4800,0,1,1,,2,681,"I-680 (SOUTHBOUND)","LAKE HERMAN RD",3168.00,S,N,A,-,Y,,,,,,,,,,Y,3,0,2,2,A,-,03,22350,,N,C,C,A,A,H,-,A,D,0,,,,,Y,,A,08,0,1,1,0,0,0,0,0,0,"- ","- ",38.0792,-122.1187,SOLANO,UNINCORPORATED,-122.11890907,38.079088630000001
9020057,2019,2020-02-05,4804,2019-12-06,0000,BIVIANSK,,5,5,2,4804,0,0,0,,0,,"MAIN ST","2ND ST",75.00,W,N,A,-,N,,,,,,,,,,Y,3,0,1,3,A,-,21,22106,,N,H,E,A,A,H,-,A,D,0,,,,,Y,,A,01,0,1,0,0,0,0,0,0,0,"- ","- ",,,SOLANO,"RIO VISTA",-121.69178771972656,38.156635284423828
90201076,2016,2016-06-14,9365,2016-06-06,1610,015882,,1,2,5,4803,0,1,1,,2,083,"I-80 W/B",I-680,1056.00,W,N,A,-,Y,,,80,,,,,,W,Y,3,0,2,2,A,-,03,22350,,N,E,I,A,A,D,-,A,A,0,,,,,Y,,A,01,0,1,1,0,0,0,0,0,0,"- ","- ",38.214660000000002,-122.14115,SOLANO,FAIRFIELD,-122.14112073,38.21461721
90202088,2016,2016-06-15,9365,2016-06-08,1145,013235,,3,1,9,4800,0,1,1,,2,089,"I-80 EASTBOUND","SR-113 NORTH",300.00,E,N,A,-,Y,,,,,,,,,,Y,4,0,1,2,A,-,03,22350,,N,C,C,A,A,H,-,A,D,0,,,,,Y,,A,07,0,0,1,0,0,0,0,0,0,"- ","- ",38.313299999999998,-121.45480000000001,SOLANO,UNINCORPORATED,,
90202148,2016,2016-06-15,9365,2016-06-08,1710,015882,,3,2,5,4803,0,1,1,,2,083,"I-80 E/B","SR-12 (RIO VISTA)",2640.00,W,N,A,-,Y,,,,,,,,,,Y,4,0,1,2,A,-,03,22350,,N,C,C,A,A,H,-,A,D,0,,,,,Y,,A,01,0,0,1,0,0,0,0,0,0,"- ","- ",38.235050000000001,-122.10290000000001,SOLANO,FAIRFIELD,,
90202445,2016,2016-06-15,9365,2016-06-07,1450,015536,,2,2,9,4800,0,3,5,,2,040,"MERIDIAN RD","SWEENEY RD",90.00,N,N,A,-,Y,,,,,,,,,,Y,3,0,2,1,A,-,03,22350,,N,F,I,A,A,H,-,A,D,0,,,,,Y,,A,01,0,2,0,0,0,0,0,0,0,"- ","- ",38.467790000000001,-121.91562999999999,SOLANO,UNINCORPORATED,-121.91561,38.467700000000001
9020412,2019,2020-10-07,4805,2019-07-22,1658,5L83,4805,1,5,4,4805,0,0,0,,0,002,"RT 12","EMPEROR DR",0.00,,Y,A,-,Y,SOL,4,12,-,-,6.575,I,5,W,Y,3,0,3,2,A,-,03,22350,,N,D,C,A,A,H,-,A,A,0,,,,,Y,,A,01,0,1,2,0,0,0,0,0,0,"- ","- ",38.243000030517578,-122.00534820556641,SOLANO,"SUISUN CITY",-122.00539398193359,38.243370056152344
9020416,2019,2020-10-07,4805,2019-07-18,1741,5L102,4805,4,5,4,4805,0,0,0,,0,001,"RT 12","CIVIC CENTER BL",175.00,W,N,A,-,Y,SOL,4,12,-,-,4.740,H,-,E,Y,3,0,3,3,A,-,03,22350,,N,C,C,A,A,H,-,A,D,0,,,,,Y,,A,01,0,1,2,0,0,0,0,0,0,"- ","- ",38.244098663330078,-122.03130340576172,SOLANO,"SUISUN CITY",-122.04142761230469,38.243598937988281
9020424,2019,2020-10-07,4805,2019-08-19,0934,5L83,4805,1,5,4,4805,0,0,0,,0,002,"RT 12","LAWLER RANCH PKY",0.00,,Y,A,-,Y,SOL,4,12,-,-,6.560,H,-,E,Y,4,0,1,2,A,-,03,22350,,N,C,C,A,A,H,-,A,A,0,,,,Y,Y,Y,F,86,0,0,1,0,0,0,0,0,0,"- ","- ",38.243198394775391,-122.00534820556641,SOLANO,"SUISUN CITY",-122.00579071044922,38.243156433105469
90205043,2016,2016-06-20,9365,2016-06-11,1955,019986,,6,2,9,4800,0,1,3,,2,371,"SR-37 E/B","SKAGGS ISLAND RD.",5280.00,E,N,A,-,Y,,,37,,,,,,E,Y,4,0,1,2,A,-,03,22350,,N,C,C,A,A,H,-,B,D,0,,,,,Y,,A,01,0,0,1,0,0,0,0,0,0,"- ","- ",38.11739,-122.29694000000001,SOLANO,UNINCORPORATED,-122.2969401,38.117407229999998
9020508,2019,2020-01-28,4803,2019-12-26,2059,976,,4,5,5,4803,0,0,0,,0,00S,"TEXAS ST","JACKSON ST",140.00,E,N,A,-,N,,,,,,,,,,Y,4,0,1,3,A,-,03,22350,,F,C,C,A,A,H,-,C,A,0,,,,,Y,,A,01,0,0,1,0,0,0,0,0,0,"- ","- ",38.249229431152344,-122.04445648193359,SOLANO,FAIRFIELD,-122.04405975341797,38.249237060546875
9020524,2019,2020-01-28,4803,2019-12-16,0650,1524,,1,5,5,4803,0,0,0,,0,00E,"VANDEN RD","CANON RD",475.00,N,N,A,-,N,,,,,,,,,,Y,4,0,1,2,A,-,03,22350,,N,C,C,A,A,H,-,A,A,0,,,,,Y,,A,01,0,0,1,0,0,0,0,0,0,"- ","- ",,,SOLANO,FAIRFIELD,-121.94856262207031,38.303215026855469
9020537,2019,2020-07-13,4805,2019-10-06,0247,5S14,4805,7,5,4,4805,0,0,0,,0,001,"RT 12","GRIZZLY ISLAND RD",0.00,,Y,A,-,Y,SOL,4,12,-,-,5.760,I,5,E,,4,0,1,2,A,-,01,23153,A,N,D,C,A,A,H,-,C,A,0,,,,,Y,Y,A,01,0,0,1,0,0,0,0,0,0,"- ","- ",,,SOLANO,"SUISUN CITY",-122.02037811279297,38.243515014648438
90206229,2016,2016-06-21,9365,2016-06-14,1820,015882,,2,2,5,4803,0,1,1,,2,083,"I-80 E/B","SUISUN VALLEY RD OC",400.00,W,N,A,-,Y,,,80,,,,,,E,Y,3,0,1,1,C,-,18,,,N,F,A,A,A,H,-,A,D,0,,,,,Y,,-,"- ",0,1,0,0,0,0,0,0,0,"- ","- ",38.22231,-122.12935,SOLANO,FAIRFIELD,-122.12939005,38.222372219999997
90206520,2016,2016-06-21,9365,2016-06-14,1915,018753,,2,2,6,4807,0,1,3,,2,371,"SR-37 W/B","FAIRGROUNDS DR. U/C",600.00,E,N,A,-,Y,,,37,,,,,,W,Y,4,0,1,2,A,-,07,21658,A,N,B,C,A,A,H,-,A,D,0,,,,,Y,,A,01,0,0,1,0,0,0,0,0,0,"- ","- ",38.14161,-122.22993,SOLANO,VALLEJO,-122.22992849000001,38.141474619999997
9020687,2019,2020-02-10,4807,2019-11-23,0224,724,VALLE,6,5,6,4807,0,0,0,,0,007,"SONOMA BL","LEWIS BROWN DR",50.00,S,N,A,-,Y,SOL,4,29,-,-,4.700,H,-,S,Y,4,0,1,1,A,-,05,21651,B,N,E,I,A,A,H,-,C,D,0,,,,,Y,,A,01,0,0,1,0,0,0,0,0,0,"- ","- ",38.137371063232422,-122.25611877441406,SOLANO,VALLEJO,-122.25620269775391,38.139461517333984
90206976,2016,2016-06-22,9365,2016-06-16,1020,016919,,4,1,5,4803,0,2,4,,2,201,"ROCKVILLE RD","RUSSELL RD",220.00,W,N,B,-,N,,,,,,,,,,Y,4,0,1,2,A,-,03,22350,,N,C,C,A,A,H,-,A,D,0,,,,,Y,,A,07,0,0,1,0,0,0,0,0,0,"- ","- ",38.245820000000002,-122.09904,SOLANO,FAIRFIELD,-122.09890916000001,38.245783029999998
90207576,2016,2016-06-22,9365,2016-05-24,2100,017736,,2,2,9,4800,0,1,A,,2,030,"TUBBS RD","SWEENEY RD",660.00,S,N,A,-,Y,,,,,,,,,,Y,1,1,0,2,A,-,03,22350,,N,D,C,A,A,H,-,D,D,0,,,Y,,Y,Y,C,02,0,0,0,0,0,0,0,1,0,"- ","- ",38.27599,-121.56332999999999,SOLANO,UNINCORPORATED,-121.94249081,38.466315999999999
90207932,2016,2016-06-23,9365,2016-06-13,2040,016261,,1,2,5,4803,0,1,1,,2,084,"I-80 W/B","W. TEXAS ST.",400.00,W,N,A,-,Y,,,80,,,,,,W,Y,2,0,1,1,A,-,08,22107,,N,E,I,A,A,H,-,D,D,0,,,,,Y,,A,01,1,0,0,0,0,0,0,0,0,"- ","- ",38.248130000000003,-122.0722,SOLANO,FAIRFIELD,-122.07224103999999,38.248213819999997
90210567,2016,2016-07-19,9365,2016-03-26,1950,020141,,6,2,5,4803,0,1,1,,2,083,"I-80 E/B","SUISUN VALLEY RD",4752.00,E,N,A,-,Y,,,80,,,,,,E,Y,1,1,3,4,A,-,01,23152,A,N,B,E,E,A,H,-,C,D,0,Y,,,,Y,Y,A,01,0,3,0,1,1,0,0,0,0,"- ","- ",38.229100000000003,-122.11657,SOLANO,FAIRFIELD,-122.11662976,38.229245069999997
90211950,2016,2016-06-29,9365,2016-06-21,1335,016515,,2,1,5,4806,0,1,1,,2,087,"I-80 W/B","LEISURE TOWN RD",5280.00,W,N,A,-,Y,,,,,,,,,,N,4,0,1,2,A,-,03,22350,,N,C,C,A,A,H,-,A,D,0,,,,,Y,,A,01,0,0,1,0,0,0,0,0,0,"- ","- ",38.36101,-121.99001,SOLANO,VACAVILLE,-121.94729574999999,38.378355489999997
90212116,2016,2016-06-29,9365,2016-06-22,1500,017747,,3,2,6,4807,0,1,3,,2,371,"SR-37 E/B","WILSON AVE",100.00,W,N,A,-,Y,,,37,,,,,,E,Y,4,0,1,1,A,-,01,23152,A,N,E,I,A,A,H,-,A,D,0,,,,,Y,Y,A,01,0,0,1,0,0,0,0,0,0,"- ","- ",38.121899999999997,-122.2761,SOLANO,VALLEJO,-122.27613314,38.121979090000004
90216753,2016,2016-07-06,9365,2016-06-26,1830,018954,,7,2,5,4806,0,1,1,,2,086,"I-80 E/B","ELMIRA RD",925.00,W,N,A,-,Y,,,80,,,,,,E,Y,4,0,1,1,A,-,16,29003,A,N,E,I,A,A,H,-,A,D,0,,,,,Y,,E,22,0,0,1,0,0,0,0,0,0,"- ","- ",38.351660000000003,-121.98305000000001,SOLANO,VACAVILLE,-121.98307924,38.351736289999998
90217638,2016,2016-07-07,9365,2016-06-25,2215,019994,,6,3,5,4803,0,1,1,,2,083,"SR-12 E/B","RED TOP RD",50.00,E,N,A,-,Y,,,12,,,,,,E,N,4,0,1,2,A,-,09,21802,A,F,E,I,A,A,H,-,C,D,0,,,,,Y,,-,99,0,0,1,0,0,0,0,0,0,"- ","- ",38.207700000000003,-122.15657,SOLANO,FAIRFIELD,-122.15656982,38.207697680000003
90220226,2016,2016-07-11,9365,2016-07-01,1540,016261,,5,2,5,4803,0,1,1,,2,084,"I-80 W/B","W. TEXAS",100.00,E,N,A,-,Y,,,80,,,,,,W,Y,4,0,4,1,A,-,08,22107,,N,E,I,A,A,H,-,A,D,0,,,,,Y,,A,01,0,0,4,0,0,0,0,0,0,"- ","- ",38.249780000000001,-122.06999999999999,SOLANO,FAIRFIELD,-122.06996988,38.249749379999997
90220694,2016,2016-07-12,9365,2016-07-02,1150,017735,,6,1,5,4803,0,1,1,,2,083,"I-80 W/B","SUISUN VALLEY RD OVERCROSSING",1000.00,W,N,A,-,Y,,,80,,,,,,W,Y,4,0,2,3,A,-,03,22350,,N,C,C,A,A,H,-,A,D,0,,,,Y,Y,,F,26,0,0,2,0,0,0,0,0,0,"- ","- ",38.219090000000001,-122.1344,SOLANO,FAIRFIELD,-122.13447581,38.219195910000003
90221315,2016,2016-07-12,9365,2016-07-02,1600,020774,,6,2,6,4807,0,1,3,,2,371,"SR-37 W/B","WALNUT AVE",1056.00,W,N,A,-,Y,,,,,,,,,,Y,4,0,1,2,A,-,01,23152,E,N,C,C,A,A,H,-,A,D,0,,,,,Y,,A,01,0,0,1,0,0,0,0,0,0,"- ","- ",38.729900000000001,-122.17331,SOLANO,VALLEJO,,
90221641,2016,2016-07-13,9365,2016-07-05,1513,017747,,2,2,6,4807,0,1,1,,2,077,"I-780 W/B TO I-80 E/B",I-80,300.00,E,N,A,-,Y,,,780,,,,R,,W,Y,3,0,1,1,A,-,08,22107,,N,E,I,A,A,H,-,A,D,0,,,,,Y,,A,01,0,1,0,0,0,0,0,0,0,"- ","- ",38.091700000000003,-122.2289,SOLANO,VALLEJO,-122.2289,38.091700000000003
90221882,2016,2016-07-13,9365,2016-07-06,1555,019051,,3,2,5,4803,0,1,1,,2,084,"I-80 W/B","WATERMAN BLVD",1320.00,E,N,A,-,Y,,,80,,,,,,W,Y,3,0,2,1,A,-,08,22107,,N,E,I,A,A,H,-,A,D,0,,,,,Y,,A,07,0,2,0,0,0,0,0,0,0,"- ","- ",38.286270000000002,-122.03879000000001,SOLANO,FAIRFIELD,-122.03887706,38.286344499999998
90224453,2016,2016-07-18,9365,2016-07-08,1855,020074,,5,2,5,4803,0,1,1,,2,085,"INTERSTATE 80 (EASTBOUND)","AIR BASE PKY",350.00,E,N,A,-,Y,,,80,,,,,,,N,4,0,1,2,A,-,07,21658,A,N,B,C,A,A,H,-,A,D,0,,,Y,,Y,,A,01,0,0,1,0,0,0,0,0,1,"- ","- ",38.274889999999999,-122.04751,SOLANO,FAIRFIELD,-122.04795157,38.275264999999997
90224631,2016,2016-07-18,9365,2016-07-03,1350,020910,,7,1,6,4807,0,1,1,,2,080,"I-80 E/B","BENICIA RD",400.00,E,N,A,-,Y,,,80,,,,,,E,N,4,0,5,4,A,-,03,22350,,N,C,C,A,A,H,-,A,D,0,,,,,Y,,-,99,0,0,5,0,0,0,0,0,0,"- ","- ",38.097900000000003,-122.2296,SOLANO,VALLEJO,-122.22972027,38.097901749999998
90224649,2016,2016-07-18,9365,2016-07-04,2146,017654,,1,2,5,4806,0,1,1,,2,087,"I-80 E/B","LEISURE TOWN ROAD",3400.00,E,N,A,-,Y,,,80,,,,,,E,Y,2,0,1,1,A,-,01,23152,A,N,F,A,A,A,H,-,C,D,0,,,Y,,Y,Y,C,02,1,0,0,0,0,0,0,0,1,"- ","- ",38.395029999999998,-121.92474,SOLANO,VACAVILLE,-121.92478567000001,38.39508704
90224672,2016,2016-07-18,9365,2016-07-03,1145,018702,,7,1,6,4807,0,1,1,,2,080,"I-80 W/B","SONOMA BLVD",2746.00,W,N,A,-,Y,,,80,,,,,,W,Y,4,0,1,2,A,-,07,21658,A,N,C,C,A,A,H,-,A,A,0,,,,,Y,,A,01,0,0,1,0,0,0,0,0,0,"- ","- ",38.069690000000001,-122.2276,SOLANO,VALLEJO,-122.22770929000001,38.069632120000001
90225941,2016,2016-07-19,9365,2016-07-13,1815,015882,,3,2,9,4800,0,3,5,,2,010,"THOMAS AVE","STARR AVE",400.00,E,N,A,-,N,,,,,,,,,,N,4,0,1,2,A,-,21,22106,,N,D,C,A,A,H,-,A,D,0,,,,,Y,,D,22,0,0,1,0,0,0,0,0,0,"- ","- ",38.094970000000004,-122.23568,SOLANO,UNINCORPORATED,-122.23449218,38.094680789999998
90226624,2016,2016-07-20,9365,2016-07-15,1600,020910,,5,2,6,4807,0,1,1,,2,077,"I-780 W/B FROM E. 2ND STREET","E. 2ND STREET",125.00,W,N,A,-,Y,,,,,,,,,,N,4,0,1,2,A,-,03,22350,,N,C,C,A,A,H,-,A,A,0,,,,,Y,,A,01,0,0,1,0,0,0,0,0,0,"- ","- ",38.058869999999999,-122.14977,SOLANO,VALLEJO,-122.14996796,38.058451890000001
90226699,2016,2016-07-20,9365,2016-07-16,2350,019572,,6,3,5,4806,0,1,1,,2,505,"I-505 S/B","VACA VALLEY PKY",3700.00,S,N,A,-,Y,,,505,,,,,,S,N,4,0,1,2,A,-,03,22350,,N,C,C,A,A,H,-,D,D,0,,,,,Y,,A,07,0,0,1,0,0,0,0,0,0,"- ","- ",38.381819999999998,-121.95278,SOLANO,VACAVILLE,-121.95280897000001,38.381826619999998
90227637,2016,2016-07-21,9365,2016-07-18,0815,017559,,1,1,3,4802,0,1,1,,2,088,"I-80 W/B","DIXON AVE",1200.00,E,N,A,-,Y,,,80,,,,,,W,Y,4,0,1,3,A,-,07,21658,A,N,C,C,A,A,H,-,A,D,0,,,,Y,Y,,A,01,0,0,1,0,0,0,0,0,0,"- ","- ",38.452970000000001,-121.84968000000001,SOLANO,DIXON,-121.84970527,38.453002529999999
90230374,2016,2016-07-26,9365,2016-07-18,0615,017735,,1,1,5,4803,0,1,1,,2,083,"I-80 W/B","SUISUN VALLEY RD OVERCROSSING",800.00,E,N,B,-,Y,,,80,,,,,,W,N,4,0,1,3,A,-,03,22350,,N,C,C,A,A,H,-,A,D,0,,,,,Y,,A,01,0,0,1,0,0,0,0,0,0,"- ","- ",38.225169999999999,-122.12563,SOLANO,FAIRFIELD,-122.1255839,38.22509427
90230873,2016,2016-07-26,9365,2016-07-21,1140,014948,,4,1,9,4800,0,1,A,,2,030,"HAWKINS RD","LEWIS RD",0.00,,Y,A,-,N,,,,,,,,,,Y,4,0,2,2,A,-,12,22450,A,N,D,C,A,A,H,-,A,A,0,,,,,Y,,A,01,0,0,2,0,0,0,0,0,0,"- ","- ",38.358930000000001,-121.89681,SOLANO,UNINCORPORATED,-121.89683995,38.358879979999998
90232772,2016,2016-07-28,9365,2016-07-16,1617,020432,,6,2,9,4800,0,1,1,,2,084,"I-80 E/B","MANUEL CAMPOS PKY",1584.00,E,N,A,-,Y,,,80,,,,,,E,N,4,0,1,2,D,-,00,,,N,C,C,A,A,H,-,A,D,0,,,,Y,Y,,-,"- ",0,0,1,0,0,0,0,0,0,"- ","- ",38.299419999999998,-122.03369000000001,SOLANO,UNINCORPORATED,-122.03381569,38.299423249999997
90232806,2016,2016-07-28,9365,2016-07-15,1520,020141,,5,2,5,4803,0,1,1,,2,085,"I-80 E/B","MANUEL CAMPOS PKWY.",1584.00,E,N,A,-,Y,,,80,,,,,,E,Y,2,0,1,3,A,-,08,22107,,N,G,B,E,A,H,-,A,D,0,Y,,,,Y,,A,01,1,0,0,0,1,0,0,0,0,"- ","- ",38.300870000000003,-122.03369000000001,SOLANO,FAIRFIELD,-122.03377587,38.300871389999998
90235401,2016,2016-08-02,9365,2016-07-24,1900,020432,,7,2,9,4800,0,1,A,,2,030,"PLEASANTS VALLEY ROAD","QUAIL CANYON RD",90.00,S,N,A,-,N,,,,,,,,,,Y,3,0,1,1,A,-,08,22107,,N,E,I,A,A,H,-,A,A,0,,,Y,,Y,Y,C,02,0,1,0,0,0,0,0,0,1,"- ","- ",38.466540000000002,-122.04983,SOLANO,UNINCORPORATED,-122.04987500999999,38.467067380000003
90235510,2016,2016-08-02,9365,2016-07-24,1804,020432,,7,2,9,4800,0,1,1,,2,505,"I-505 S/B","VACA VALLEY PKY",6336.00,S,N,A,-,Y,,,,,,,,,,Y,3,0,4,3,A,-,03,22350,,N,C,C,A,A,H,-,A,D,0,,,,,Y,,A,01,0,1,3,0,0,0,0,0,0,"- ","- ",38.377290000000002,-121.95377999999999,SOLANO,UNINCORPORATED,-121.95393119000001,38.376904949999997
90239364,2016,2016-08-08,9365,2016-07-24,2045,020074,,7,2,6,4807,0,1,1,,2,081,"INTERSTATE 80 (WESTBOUND)","REDWOOD STREET",1000.00,E,N,A,-,Y,,,80,,,,,,,Y,4,0,1,3,A,-,01,23152,E,N,C,C,A,A,H,-,C,D,0,,,,,Y,,A,01,0,0,1,0,0,0,0,0,0,"- ","- ",38.127209999999998,-122.22779,SOLANO,VALLEJO,-122.22779672999999,38.127214250000002
90239451,2016,2016-08-08,9365,2016-07-09,2240,018346,,6,3,3,4802,0,1,1,,2,088,"I-80 E/B TO SR-113 S/B","CURRY RD O/C",490.00,E,N,A,-,Y,,,80,,,,R,,E,Y,3,0,2,1,A,-,03,22350,,N,E,I,A,A,H,-,C,D,0,,,,,Y,,A,01,0,2,0,0,0,0,0,0,0,"- ","- ",38.47325,-121.82221,SOLANO,DIXON,-121.82221,38.47325
90239523,2016,2016-08-08,9365,2016-07-29,1551,020141,,5,2,5,4803,0,1,1,,2,084,"I-80 E/B","ROCKVILLE RD./W TEXAS ST.",558.00,E,N,A,-,Y,,,80,,,,,,E,Y,2,0,1,2,A,-,03,22350,,N,B,C,A,A,H,-,A,D,0,,,Y,,Y,,C,02,1,0,0,0,0,0,0,0,1,"- ","- ",38.251010000000001,-122.06862,SOLANO,FAIRFIELD,-122.06851112,38.250918310000003
90239814,2016,2016-08-08,9365,2016-07-29,0620,016970,9365,5,1,6,4807,0,1,1,,2,081,"I-80 W/B","TENNESSEE ST",100.00,E,N,A,-,Y,,,80,,,,,,W,Y,4,0,1,3,A,-,07,21658,A,N,B,C,A,A,H,-,A,D,0,,,,Y,Y,,A,01,0,0,1,0,0,0,0,0,0,"- ","- ",38.110550000000003,-122.22978999999999,SOLANO,VALLEJO,-122.22976977,38.110550799999999
90239892,2016,2016-08-08,9365,2016-07-29,1240,018753,,5,1,5,4803,0,1,1,,2,083,"I-80 E/B","SUISUN VALLEY RD. O/C",100.00,E,N,A,-,Y,,,80,,,,,,E,Y,4,0,2,2,A,-,07,21658,A,F,C,C,A,A,H,-,A,D,0,,,,,Y,,-,99,0,0,2,0,0,0,0,0,0,"- ","- ",38.222819999999999,-122.12891999999999,SOLANO,FAIRFIELD,-122.12885391,38.222717330000002
90240097,2016,2016-08-08,9365,2016-07-30,1200,013706,,6,1,5,4806,0,1,1,,2,085,"I-80 W/B","LAGOON VALLEY ROAD",250.00,W,N,A,-,Y,,,,,,,,,,Y,3,0,1,2,A,-,07,21658,A,N,B,C,A,A,H,-,A,D,0,,,Y,,Y,,A,01,0,1,0,0,0,0,0,0,1,"- ","- ",38.345100000000002,-122.0258,SOLANO,VACAVILLE,,
90240707,2016,2016-08-09,9365,2016-07-30,1210,018702,,6,1,6,4807,0,1,1,,2,078,"I-780 W/B","I-80 E/B",2534.00,E,N,A,-,Y,,,780,,,,,,W,N,2,0,2,1,A,-,08,22107,,N,F,A,A,A,H,-,A,A,0,,,Y,,Y,,C,02,1,1,0,0,0,0,0,0,2,"- ","- ",38.089379999999998,-122.22105999999999,SOLANO,VALLEJO,-122.22114434,38.089071330000003
90240992,2016,2016-08-09,9365,2016-07-31,0150,019572,,7,3,9,4800,0,1,1,,2,089,"I-80 W/B","RICHARDS BLVD",2400.00,W,N,A,-,Y,,,80,,,,,,W,N,4,0,1,1,A,-,08,22107,,N,E,I,A,A,H,-,D,D,0,,,,,Y,,A,01,0,0,1,0,0,0,0,0,0,"- ","- ",38.536909999999999,-121.73938,SOLANO,UNINCORPORATED,-121.7394578,38.537005559999997