CASE_ID,ACCIDENT_YEAR,PROC_DATE,JURIS,COLLISION_DATE,COLLISION_TIME,OFFICER_ID,REPORTING_DISTRICT,DAY_OF_WEEK,CHP_SHIFT,POPULATION,CNTY_CITY_LOC,SPECIAL_COND,BEAT_TYPE,CHP_BEAT_TYPE,CITY_DIVISION_LAPD,CHP_BEAT_CLASS,BEAT_NUMBER,PRIMARY_RD,SECONDARY_RD,DISTANCE,DIRECTION,INTERSECTION,WEATHER_1,WEATHER_2,STATE_HWY_IND,CALTRANS_COUNTY,CALTRANS_DISTRICT,STATE_ROUTE,ROUTE_SUFFIX,POSTMILE_PREFIX,POSTMILE,LOCATION_TYPE,RAMP_INTERSECTION,SIDE_OF_HWY,TOW_AWAY,COLLISION_SEVERITY,NUMBER_KILLED,NUMBER_INJURED,PARTY_COUNT,PRIMARY_COLL_FACTOR,PCF_CODE_OF_VIOL,PCF_VIOL_CATEGORY,PCF_VIOLATION,PCF_VIOL_SUBSECTION,HIT_AND_RUN,TYPE_OF_COLLISION,MVIW,PED_ACTION,ROAD_SURFACE,ROAD_COND_1,ROAD_COND_2,LIGHTING,CONTROL_DEVICE,CHP_ROAD_TYPE,PEDESTRIAN_ACCIDENT,BICYCLE_ACCIDENT,MOTORCYCLE_ACCIDENT,TRUCK_ACCIDENT,NOT_PRIVATE_PROPERTY,ALCOHOL_INVOLVED,STWD_VEHTYPE_AT_FAULT,CHP_VEHTYPE_AT_FAULT,COUNT_SEVERE_INJ,COUNT_VISIBLE_INJ,COUNT_COMPLAINT_PAIN,COUNT_PED_KILLED,COUNT_PED_INJURED,COUNT_BICYCLIST_KILLED,COUNT_BICYCLIST_INJURED,COUNT_MC_KILLED,COUNT_MC_INJURED,PRIMARY_RAMP,SECONDARY_RAMP,LATITUDE,LONGITUDE,COUNTY,CITY,POINT_X,POINT_Y
90456980,2017,2017-05-16,9365,2017-05-05,1745,018702,,5,2,5,4806,0,1,1,,2,088,"I-80 E/B","MIDWAY RD",1819.00,E,N,A,-,Y,,,,,,,,,,Y,4,0,1,1,A,-,08,22107,,N,F,A,A,A,H,-,A,D,0,,,,,Y,,A,08,0,0,1,0,0,0,0,0,0,"- ","- ",38.419800000000002,-121.8925,SOLANO,VACAVILLE,-121.89262610999999,38.419743879999999
90457676,2017,2017-05-17,9365,2017-05-07,1320,019646,,7,1,6,4807,0,1,1,,2,081,"I-80 W/B","HUNTER HILL REST AREA",2112.00,E,N,A,-,Y,,,,,,,,,,Y,4,0,1,1,A,-,08,22107,,N,E,I,A,A,H,-,A,D,0,,,,,Y,,A,01,0,0,1,0,0,0,0,0,0,"- ","- ",38.158839999999998,-122.21371000000001,SOLANO,VALLEJO,,
90457934,2017,2017-05-17,9365,2017-05-07,2220,020606,,7,3,5,4803,0,1,1,,2,083,"W/B I-80 TO S/B I-680","PITTMAN RD",2112.00,W,N,A,-,Y,,,,,,,,,,Y,4,0,1,1,A,-,08,22107,,N,E,I,A,A,H,-,C,D,0,,,,,Y,Y,A,01,0,0,1,0,0,0,0,0,0,"- ","- ",38.137720000000002,-122.8733,SOLANO,FAIRFIELD,,
90458112,2017,2017-06-29,9365,2017-04-28,1945,019720,,5,2,9,4800,0,1,1,,2,080,"I-80 W/B","MAGAZINE ST",900.00,E,N,A,-,Y,,,,,,,,,,N,4,0,1,2,A,-,17,23114,A,M,E,J,A,A,H,-,B,D,0,,,,,Y,,D,22,0,0,1,0,0,0,0,0,0,"- ","- ",38.082569999999997,-122.25335,SOLANO,UNINCORPORATED,-122.23210659999999,38.087697919999997
90458139,2017,2017-05-17,9365,2017-04-29,0805,016919,,6,1,5,4803,0,1,1,,2,083,"I-80 E/B","GREEN VALLEY RD O/C",528.00,W,N,A,-,Y,,,80,,,,,,E,N,4,0,1,4,A,-,07,21658,A,M,B,C,A,A,H,-,A,D,0,,,,,Y,,A,01,0,0,1,0,0,0,0,0,0,"- ","- ",38.214570000000002,-122.14088,SOLANO,FAIRFIELD,-122.14082827999999,38.214496250000003
9045873,2019,2020-02-20,4806,2019-12-30,1738,575,,1,5,5,4806,0,0,0,,0,,"DEPOT ST","MASON ST",0.00,,Y,A,-,N,,,,,,,,,,Y,4,0,2,2,D,-,00,,,N,D,C,A,A,H,-,C,A,0,,,,,Y,,-,"- ",0,0,2,0,0,0,0,0,0,"- ","- ",38.355159759521484,-121.98143005371094,SOLANO,VACAVILLE,-121.98149108886719,38.355110168457031
90462566,2017,2017-05-24,9365,2017-05-13,0950,013706,,6,1,9,4800,0,2,4,,2,301,"PLEASANTS VALLEY ROAD","QUAIL CANYON ROAD",528.00,S,N,A,-,N,,,,,,,,,,N,4,0,1,1,A,-,03,22350,,N,E,J,A,A,C,-,A,D,0,,Y,,,Y,,L,04,0,0,1,0,0,0,1,0,0,"- ","- ",38.46499,-122.05072,SOLANO,UNINCORPORATED,-122.04999753,38.465878279999998
90462609,2017,2017-05-24,9365,2017-05-13,2057,019790,,6,2,9,4800,0,1,1,,2,089,"I-80 E/B","KIDWELL RD",4224.00,E,N,A,-,Y,,,80,,,,,,E,Y,4,0,2,2,A,-,03,22350,,N,C,C,A,A,H,-,D,D,0,,,,,Y,,A,01,0,0,2,0,0,0,0,0,0,"- ","- ",38.520899999999997,-121.76900000000001,SOLANO,UNINCORPORATED,-121.76893371,38.520828639999998
90463014,2017,2017-05-24,9365,2017-05-13,2215,020579,,6,3,6,4807,0,1,1,,2,081,"I-80 W/B","NAPA/SOLANO CO LINE",285.00,W,N,A,-,Y,,,80,,,,,,W,Y,2,0,3,2,A,-,03,22350,,N,C,C,A,A,H,-,D,D,0,,,,,Y,,A,01,1,0,2,0,0,0,0,0,0,"- ","- ",38.154240000000001,-122.21541999999999,SOLANO,VALLEJO,-122.21545725999999,38.154265719999998
90466056,2017,2017-05-29,9365,2017-05-03,1335,019051,,3,1,9,4800,0,3,5,,2,020,"ABERNATHY RD","CHADBOURNE ROAD",0.00,,Y,A,-,N,,,,,,,,,,Y,3,0,3,2,C,-,18,,,N,A,C,A,A,H,-,A,D,0,,,,,Y,,-,"- ",0,3,0,0,0,0,0,0,0,"- ","- ",38.243789999999997,-122.09019000000001,SOLANO,UNINCORPORATED,-122.09019000000001,38.243789999999997
90466082,2017,2017-05-29,9365,2017-05-13,1445,019651,,6,2,9,4800,0,3,5,,2,020,"BIRDS LANDING ROAD",SR-12,11088.00,W,N,A,-,N,,,,,,,,,,N,4,0,1,1,A,-,13,22515,A,N,H,A,A,A,H,-,A,D,0,,,,,Y,,M,51,0,0,1,0,0,0,0,0,0,"- ","- ",38.152230000000003,-121.81003,SOLANO,UNINCORPORATED,-121.80598999999999,38.183639999999997
90467914,2017,2017-05-31,9365,2017-05-18,0240,020615,,4,3,9,4800,0,3,5,,2,040,"DIXON AVE E/B","NUNES RD",725.00,E,N,A,-,Y,,,,,,,,,,Y,3,0,1,1,A,-,08,22107,,N,F,A,A,A,H,-,C,D,0,,,,,Y,,A,01,0,1,0,0,0,0,0,0,0,"- ","- ",38.445959999999999,-121.88827999999999,SOLANO,UNINCORPORATED,-121.8893681,38.445909999999998
90468999,2017,2017-06-01,9365,2017-05-19,0600,016919,,5,1,9,4800,0,1,1,,2,680,"I-680 N/B","PARISH RD O/C",3696.00,N,N,A,-,Y,,,680,,,,,,N,Y,3,0,2,2,A,-,17,21658,,N,B,C,A,A,H,-,A,D,0,,,,,Y,Y,A,07,0,1,1,0,0,0,0,0,0,"- ","- ",38.126800000000003,-122.10687,SOLANO,UNINCORPORATED,-122.10700104999999,38.126781950000002
90469054,2017,2017-07-24,9365,2017-05-19,1405,016217,,5,2,5,4806,0,1,1,,2,086,"I-80 E/B","ALLISON DR",200.00,E,N,A,-,Y,,,80,,,,,,E,Y,4,0,1,2,A,-,17,23114,A,N,E,I,A,A,H,-,A,D,0,,,,,Y,,D,22,0,0,1,0,0,0,0,0,0,"- ","- ",38.362650000000002,-121.96782,SOLANO,VACAVILLE,-121.96766714,38.362403299999997
90469276,2017,2017-06-01,9365,2017-05-21,1704,019646,,7,2,9,4800,0,1,1,,2,081,"I-80 W/B","LYNCH RD",2640.00,E,N,A,-,Y,,,80,,,,,,W,Y,4,0,2,2,A,-,08,22107,,N,D,C,A,A,H,-,A,D,0,,,,,Y,,D,22,0,0,2,0,0,0,0,0,0,"- ","- ",38.188899999999997,-122.17175,SOLANO,UNINCORPORATED,-122.17170536,38.188826990000003
9047077,2020,2020-02-26,4803,2020-02-12,0937,476,,3,5,5,4803,0,0,0,,0,,"COURAGE DR","CHADBOURNE RD",0.00,,Y,A,-,N,,,,,,,,,,,4,0,1,1,A,-,16,24002,,N,C,C,A,A,H,-,A,A,0,,,,,Y,,-,,0,0,1,0,0,0,0,0,0,"- ","- ",38.234268188476562,-122.08381652832031,SOLANO,FAIRFIELD,-122.08380889892578,38.234081268310547
90471339,2017,2017-06-05,9365,2017-05-20,1135,017559,,6,1,9,4800,0,1,3,,2,113,"SR-113 S/B","HASTINGS RD",0.00,,Y,A,-,Y,,,113,,,,,,S,Y,4,0,1,1,A,-,03,22350,,N,F,A,A,A,H,-,A,D,0,,,Y,,Y,,C,02,0,0,1,0,0,0,0,0,1,"- ","- ",38.285519999999998,-121.80539,SOLANO,UNINCORPORATED,-121.80551386,38.2853037
90475152,2017,2017-06-12,9365,2017-05-21,0050,020566,,7,3,9,4800,0,1,1,,2,087,"I-80 W/B","DIXON AVE",350.00,W,N,A,-,Y,,,80,,,,,,W,Y,3,0,2,2,A,-,03,22350,,N,C,C,A,A,H,-,C,D,0,,,,,Y,,A,01,0,1,1,0,0,0,0,0,0,"- ","- ",38.445030000000003,-121.85993000000001,SOLANO,UNINCORPORATED,-121.85992027,38.445017239999999
90476051,2017,2017-06-12,9365,2017-05-26,0835,020068,,5,1,6,4807,0,1,1,,2,081,"I-80 E/B","SR-37 W/B TRANSITION",2218.00,W,N,A,-,Y,,,80,,,,,,E,Y,4,0,1,2,A,-,07,21658,A,N,B,C,A,A,H,-,A,D,0,,,,,Y,,A,01,0,0,1,0,0,0,0,0,0,"- ","- ",38.133400000000002,-122.2235,SOLANO,VALLEJO,-122.22356104000001,38.133438220000002
90476351,2017,2017-06-12,9365,2017-05-27,1820,019651,,6,2,6,4807,0,1,1,,2,080,"I-80 W/B","GEORGIA ST O/C",1034.00,W,N,A,-,Y,,,80,,,,,,W,N,4,0,1,2,A,-,03,22350,,N,C,C,A,A,H,-,A,D,0,,,Y,,Y,,C,02,0,0,1,0,0,0,0,0,1,"- ","- ",38.097859999999997,-122.22998,SOLANO,VALLEJO,-122.22991438,38.097859489999998
90477535,2017,2017-06-14,9365,2017-06-02,2045,020579,,5,2,6,4807,0,1,1,,2,081,"I-80 W/B","TENNESSEE ST",400.00,E,N,A,-,Y,,,,,,,,,,N,4,0,1,2,A,-,03,22350,,M,C,C,A,A,H,-,B,D,0,,,,,Y,,D,22,0,0,1,0,0,0,0,0,0,"- ","- ",38.640160000000002,-122.13472,SOLANO,VALLEJO,-122.22973,38.109650000000002
90478966,2017,2017-06-15,9365,2017-06-08,1750,016505,,4,2,5,4803,0,1,1,,2,084,"I-80 E/B","ABERNATHY RD.",2640.00,E,N,B,-,Y,,,80,,,,,,E,Y,4,0,1,2,A,-,03,22350,,N,C,C,A,A,H,-,A,A,0,,,,,Y,,D,22,0,0,1,0,0,0,0,0,0,"- ","- ",38.246250000000003,-122.07732,SOLANO,FAIRFIELD,-122.07734678,38.24631634
90479008,2017,2017-06-15,9365,2017-06-06,2015,017805,,2,2,6,4807,0,1,1,,2,080,"I-80 W/B","BENICIA RD. O/C",150.00,E,N,A,-,Y,,,80,,,,,,W,N,4,0,1,2,A,-,03,22350,,N,C,C,A,A,H,-,B,D,0,,,,,Y,,A,01,0,0,1,0,0,0,0,0,0,"- ","- ",38.094999999999999,-122.23,SOLANO,VALLEJO,-122.22999022,38.094999350000002
9047980,2020,2020-06-09,4803,2020-02-09,1420,1686,4803,7,5,5,4803,0,0,0,,0,0CE,"NORTH TEXAS ST","TRAVIS BL",0.00,,Y,A,-,N,,,,,,,,,,,4,0,1,2,A,-,03,22350,,N,C,C,A,A,H,-,A,A,0,,,,Y,Y,,A,08,0,0,1,0,0,0,0,0,0,"- ","- ",38.258121490478516,-122.03420257568359,SOLANO,FAIRFIELD,-122.03417205810547,38.258251190185547
90481214,2017,2017-06-19,9365,2017-05-25,2230,020615,,4,3,4,4801,0,3,5,,2,010,"VISTA POINT RD","PARK RD",1629.00,S,N,B,-,Y,,,,,,,,,,Y,3,0,1,1,A,-,01,23152,A,F,E,I,A,A,H,-,C,D,0,,,,,Y,Y,A,01,0,1,0,0,0,0,0,0,0,"- ","- ",38.048459999999999,-122.12967,SOLANO,BENICIA,,
90481985,2017,2017-06-20,9365,2017-06-04,1300,019051,,7,1,9,4800,0,2,4,,2,301,"PLEASANTS VALLEY RD","PUTAH CREEK RD",2640.00,S,N,A,-,N,,,,,,,,,,Y,4,0,1,1,A,-,08,22107,,N,E,A,A,A,H,-,A,D,0,,,,,Y,,D,22,0,0,1,0,0,0,0,0,0,"- ","- ",38.477510000000002,-122.02994,SOLANO,UNINCORPORATED,-122.02963466999999,38.474173120000003
9048407,2019,2020-02-25,4803,2019-12-29,2120,1530,,7,5,5,4803,0,0,0,,0,,"AIR BASE PKWY","HEATH DR",0.00,,Y,C,-,N,,,,,,,,,,N,4,0,2,2,A,-,12,21453,A,N,D,C,A,B,H,-,C,A,0,,,,,Y,,A,08,0,0,2,0,0,0,0,0,0,"- ","- ",38.273128509521484,-122.04283905029297,SOLANO,FAIRFIELD,-122.04277038574219,38.27301025390625
90484097,2017,2017-06-22,9365,2017-06-14,1735,015882,,3,2,5,4803,0,1,1,,2,681,"I-680 N/B","CORDELIA ROAD UC",1.00,N,N,A,-,Y,,,680,,,,,,N,N,3,0,1,3,A,-,03,22350,,N,C,C,A,A,H,-,A,D,0,,,,,Y,,D,22,0,1,0,0,0,0,0,0,0,"- ","- ",38.210650000000001,-122.13766,SOLANO,FAIRFIELD,-122.13775198,38.210650809999997
9048419,2019,2020-02-25,4807,2019-12-07,1326,635,VALLE,6,5,6,4807,0,0,0,,0,005,"TENNESSEE ST","MENDOCINO ST",34.00,E,N,C,-,N,,,,,,,,,,N,4,0,2,3,A,-,03,22350,,N,C,C,A,B,H,-,A,D,0,,,,,Y,,A,01,0,0,2,0,0,0,0,0,0,"- ","- ",38.109668731689453,-122.23310089111328,SOLANO,VALLEJO,-122.23291015625,38.109687805175781
9048435,2020,2020-03-17,4803,2020-01-04,0448,1662,,6,5,5,4803,0,0,0,,0,0CE,"TRAVIS BL","MARYLAND ST",0.00,,Y,C,-,N,,,,,,,,,,Y,4,0,2,2,A,-,21,22106,,N,C,C,A,B,H,-,C,D,0,,,,,Y,,A,01,0,0,2,0,0,0,0,0,0,"- ","- ",38.258110046386719,-122.04635620117188,SOLANO,FAIRFIELD,-122.04649353027344,38.258201599121094
9048665,2020,2020-03-19,4803,2020-01-16,0810,1691,,4,5,5,4803,0,0,0,,0,0CE,"AIR BASE PKWY","HEATH DR",112.00,W,N,C,-,N,,,,,,,,,,N,4,0,2,2,A,-,04,21703,,N,C,C,A,B,H,-,A,A,0,,,,,Y,,A,01,0,0,2,0,0,0,0,0,0,"- ","- ",38.273128509521484,-122.04283905029297,SOLANO,FAIRFIELD,-122.04315948486328,38.273014068603516
9048703,2020,2020-03-19,4807,2020-01-24,1740,635,VALLE,5,5,6,4807,0,0,0,,0,008,"FAIRGROUNDS DR","TAPER AV",0.00,,Y,A,-,N,,,,,,,,,,N,4,0,2,2,A,-,08,22107,,M,A,C,A,A,H,-,A,A,0,,,,,Y,,A,01,0,0,2,0,0,0,0,0,0,"- ","- ",38.146640777587891,-122.23605346679688,SOLANO,VALLEJO,-122.23615264892578,38.146720886230469
9048704,2020,2020-03-19,4803,2020-01-21,2221,1703,,2,5,5,4803,0,0,0,,0,CEW,"E WYOMING ST","NORTH TEXAS ST",62.00,E,N,A,-,N,,,,,,,,,,N,4,0,1,1,A,-,08,22107,,N,E,I,A,B,H,-,C,D,0,,,,,Y,,A,01,0,0,1,0,0,0,0,0,0,"- ","- ",,,SOLANO,FAIRFIELD,-122.03397369384766,38.256961822509766
90487991,2017,2017-06-26,9365,2017-06-15,1730,015882,,4,2,9,4800,0,1,3,,2,122,"SR-12 E/B","MCCLOSKY RD",2640.00,E,N,A,-,Y,,,12,,,,,,E,Y,4,0,2,2,A,-,03,22350,,N,C,C,A,A,H,-,A,D,0,,,,,Y,,D,22,0,0,2,0,0,0,0,0,0,"- ","- ",38.183450000000001,-121.75905,SOLANO,UNINCORPORATED,-121.75904987,38.183506860000001
90488083,2017,2017-06-26,9365,2017-06-15,1445,019051,,4,2,5,4803,0,1,1,,2,084,"I-80 E/B","ABERNATHY ROAD",1320.00,E,N,A,-,Y,,,80,,,,,,E,N,4,0,2,2,A,-,03,22350,,N,C,C,A,A,H,-,A,D,0,,,,,Y,,A,01,0,0,2,0,0,0,0,0,0,"- ","- ",38.244059999999998,-122.08262999999999,SOLANO,FAIRFIELD,-122.08261501,38.244025180000001
90488262,2017,2017-06-27,9365,2017-06-08,0640,016970,,4,1,5,4803,0,1,1,,2,084,"I-80 W/B FROM TRAVIS BLVD","TRAVIS BLVD",125.00,W,N,C,-,Y,,,80,,,,R,,W,Y,2,0,3,2,A,-,08,22107,,N,A,C,A,B,H,-,A,D,0,,,,,Y,,D,22,1,0,2,0,0,0,0,0,0,"- ","- ",38.257959999999997,-122.06289,SOLANO,FAIRFIELD,-122.06289,38.257959999999997
90488737,2017,2017-06-27,9365,2017-06-16,0350,020299,,5,3,3,4802,0,1,1,,2,088,"I-80 E/B","DIXON AVE. O/C",3130.00,E,N,A,-,Y,,,80,,,,,,E,Y,4,0,1,2,A,-,03,22350,,N,C,C,A,A,H,-,D,D,0,,,,,Y,Y,A,01,0,0,1,0,0,0,0,0,0,"- ","- ",38.452039999999997,-121.85061,SOLANO,DIXON,-121.85058635,38.452009769999997
90490738,2017,2017-06-29,9365,2017-06-20,1235,014264,,2,1,9,4800,0,1,1,,2,082,"I-80 E/B","LYNCH CYN",1584.00,E,N,A,-,Y,,,80,,,,,,E,Y,4,0,1,2,A,-,03,22350,,N,C,C,A,A,H,-,A,D,0,,,,Y,Y,,A,01,0,0,1,0,0,0,0,0,0,"- ","- ",38.18627,-122.17703,SOLANO,UNINCORPORATED,-122.17702595999999,38.186254349999999
90491033,2017,2017-06-29,9365,2017-06-18,0725,016919,,7,1,5,4803,0,1,1,,2,083,"I-80 E/B","SUISUN VALLEY RD O/C",2640.00,E,N,A,-,Y,,,80,,,,,,E,Y,3,0,1,1,A,-,08,22107,,N,E,I,A,A,H,-,A,D,0,,,,,Y,,A,01,0,1,0,0,0,0,0,0,0,"- ","- ",38.227620000000002,-122.12048,SOLANO,FAIRFIELD,-122.1204236,38.227500169999999
90491052,2017,2017-06-29,9365,2017-06-13,1655,017820,,2,2,6,4807,0,1,1,,2,081,"I-80 W/B TO REDWOOD PKWY","REDWOOD PKY",378.00,E,N,A,-,Y,,,80,,,,R,,W,N,3,0,2,2,A,-,03,22350,,N,C,C,A,A,H,-,A,D,0,,,,,Y,,A,01,0,1,1,0,0,0,0,0,0,"- ","- ",38.124099999999999,-122.23009999999999,SOLANO,VALLEJO,-122.23009999999999,38.124099999999999
90494353,2017,2017-07-05,9365,2017-06-23,1810,020074,,5,2,6,4807,0,1,1,,2,080,"INTERSTATE 80 EB","MAGAZINE STREET",500.00,W,N,A,-,Y,,,80,,,,,,E,N,3,0,1,3,A,-,08,22107,,N,B,C,A,A,H,-,A,D,0,,,Y,,Y,,C,02,0,1,0,0,0,0,0,0,1,"- ","- ",38.083080000000002,-122.23314999999999,SOLANO,VALLEJO,-122.233239,38.083087499999998
90495152,2017,2017-09-01,9365,2017-06-25,1325,020074,,7,1,9,4800,0,1,1,,2,680,"INTERSTATE 680 (S/B)","GOLD HILL ROAD",1320.00,S,N,A,-,Y,,,,,,,,,,N,4,0,2,2,A,-,03,22350,,N,C,C,A,A,H,-,A,D,0,,,,,Y,,A,01,0,0,2,0,0,0,0,0,0,"- ","- ",38.24935,-122.03995999999999,SOLANO,UNINCORPORATED,-122.13257416,38.179409769999999
90495303,2017,2017-07-06,9365,2017-06-26,0650,016919,,1,1,9,4800,0,1,1,,2,680,"I-680 S/B","MARSH VIEW RD O/C",115.00,N,N,B,-,Y,,,680,,,,,,S,Y,4,0,1,2,A,-,03,22350,,N,C,C,A,A,H,-,A,D,0,,,,Y,Y,,A,01,0,0,1,0,0,0,0,0,0,"- ","- ",38.148870000000002,-122.11152,SOLANO,UNINCORPORATED,-122.11152056,38.148869769999997
90495414,2017,2017-07-06,9365,2017-06-26,1300,018753,,1,1,9,4800,0,1,3,,2,113,"SR-113 N/B","HAWKINS RD.",1000.00,N,N,A,-,Y,,,113,,,,,,N,Y,3,0,1,1,C,-,18,,,N,E,I,A,A,H,-,A,D,0,,,,,Y,,-,"- ",0,1,0,0,0,0,0,0,0,"- ","- ",38.361600000000003,-121.8229,SOLANO,UNINCORPORATED,-121.82305837,38.3616022
90497198,2017,2017-07-10,9365,2017-06-29,0600,017735,,4,1,9,4800,0,1,1,,2,680,"I-680 S/B","PARISH RD OVERCROSSING",3696.00,S,N,A,-,Y,,,680,,,,,,S,Y,4,0,1,2,A,-,03,22350,,N,C,C,A,A,H,-,A,D,0,,,Y,,Y,,C,02,0,0,1,0,0,0,0,0,1,"- ","- ",38.10727,-122.10365,SOLANO,UNINCORPORATED,-122.10357857,38.107291719999999
90498791,2017,2017-07-12,9365,2017-06-30,2132,019051,,5,2,5,4803,0,1,1,,2,084,"I-80 E/B","AIR BASE PARKWAY",1056.00,W,N,A,-,Y,,,80,,,,,,E,N,3,0,2,2,A,-,03,22350,,N,C,C,A,A,H,-,A,D,0,,,,,Y,,A,01,0,1,1,0,0,0,0,0,0,"- ","- ",38.277090000000001,-122.04618000000001,SOLANO,FAIRFIELD,-122.0463106,38.277200499999999
90504065,2017,2017-07-19,9365,2017-07-08,1530,020068,,6,2,9,4800,0,1,1,,2,084,"I-80 E/B","LAGOON VALLEY RD OC",1478.00,W,N,A,-,Y,,,,,,,,,,N,4,0,2,2,A,-,03,22350,,N,C,C,A,A,H,-,A,D,0,,,,,Y,,A,01,0,0,2,0,0,0,0,0,0,"- ","- ",38.321599999999997,-122.02509999999999,SOLANO,UNINCORPORATED,,
90504092,2017,2017-07-19,9365,2017-07-08,1211,013706,,6,1,9,4800,0,1,1,,2,089,"I-80 W/B",SR-113N,2640.00,E,N,A,-,Y,,,,,,,,,,Y,4,0,1,3,A,-,03,22350,,N,C,C,A,A,H,-,A,D,0,,,,,Y,,A,07,0,0,1,0,0,0,0,0,0,"- ","- ",35.518299999999996,-121.7728,SOLANO,UNINCORPORATED,,
90504212,2017,2017-07-19,9365,2017-07-10,1300,018346,,1,1,4,4801,0,1,1,,2,680,"I-680 N/B","BAYSHORE RD",528.00,N,N,A,-,Y,,,680,,,,,,N,Y,4,0,1,1,A,-,08,22107,,N,E,I,A,A,H,-,A,D,0,,,,,Y,,A,07,0,0,1,0,0,0,0,0,0,"- ","- ",38.064689999999999,-122.13066999999999,SOLANO,BENICIA,-122.13067366999999,38.064692399999998
90504548,2017,2017-07-20,9365,2017-07-01,1235,017559,,6,1,9,4800,0,1,1,,2,089,"I-80 E/B","KIDWELL RD",100.00,E,N,A,-,Y,,,80,,,,,,E,N,4,0,1,3,A,-,03,22350,,N,G,C,A,A,H,-,A,D,0,,,,,Y,,D,22,0,0,1,0,0,0,0,0,0,"- ","- ",38.491109999999999,-121.80068,SOLANO,UNINCORPORATED,-121.80075103999999,38.491184969999999
90506908,2017,2017-07-24,9365,2017-07-14,1510,018702,,5,2,5,4806,0,1,1,,2,087,"I-80 E/B","LEISURE TOWN ROAD",2746.00,W,N,A,-,Y,,,80,,,,,,E,N,4,0,1,2,A,-,03,22350,,N,C,C,A,A,H,-,A,D,0,,,,,Y,,A,01,0,0,1,0,0,0,0,0,0,"- ","- ",38.382849999999998,-121.94065000000001,SOLANO,VACAVILLE,-121.94062405,38.382815450000002
90506964,2017,2017-07-24,9365,2017-07-14,2030,020068,,5,2,5,4803,0,1,1,,2,084,"I-80 E/B","AIR BASE PKY",2640.00,W,N,A,-,Y,,,80,,,,,,E,Y,4,0,2,2,A,-,03,22350,,N,C,C,A,A,H,-,B,D,0,,,,,Y,,A,01,0,0,2,0,0,0,0,0,0,"- ","- ",38.267200000000003,-122.0548,SOLANO,FAIRFIELD,-122.05478443,38.267186780000003
90506986,2017,2017-07-24,9365,2017-07-12,1640,016505,,3,2,5,4803,0,1,1,,2,084,"I-80 E/B","TRAVIS BLVD.",300.00,E,N,A,-,Y,,,,,,,,,,Y,4,0,1,3,A,-,03,22350,,N,C,C,A,A,H,-,A,A,0,,,,,Y,,A,07,0,0,1,0,0,0,0,0,0,"- ","- ",38.363889999999998,-121.9731,SOLANO,FAIRFIELD,-122.06224,38.258380000000002
90507052,2017,2017-07-24,9365,2017-07-16,1445,020074,,7,2,5,4806,0,1,1,,2,086,"INTERSTATE 80 (W/B)","ALAMO DR",500.00,W,N,A,-,Y,,,80,,,,,,,N,3,0,1,2,A,-,07,21658,A,N,B,C,A,A,H,-,A,D,0,,,Y,,Y,,A,01,0,1,0,0,0,0,0,0,0,"- ","- ",38.323560000000001,-122.02463,SOLANO,VACAVILLE,-122.0248009,38.323670960000001
90508128,2017,2017-07-25,9365,2017-07-20,1125,013706,,4,1,3,4802,0,1,1,,2,089,"I-80 W/B","PEDRICK ROAD",3696.00,W,N,A,-,Y,,,80,,,,,,W,Y,4,0,3,4,A,-,03,22350,,N,C,C,A,A,H,-,A,D,0,,,,,Y,,A,01,0,0,3,0,0,0,0,0,0,"- ","- ",38.478380000000001,-121.81712,SOLANO,DIXON,-121.81712821000001,38.478390359999999
90509141,2017,2017-07-26,9365,2017-07-21,0905,013706,,5,1,5,4806,0,1,1,,2,087,"I-80 W/B","LEISURE TOWN ROAD",2480.00,E,N,A,-,Y,,,80,,,,,,W,Y,4,0,1,1,A,-,08,22107,,N,E,I,A,A,H,-,A,D,0,,,,,Y,,D,22,0,0,1,0,0,0,0,0,0,"- ","- ",38.394289999999998,-121.92658,SOLANO,VACAVILLE,-121.92646376,38.394141179999998
90509157,2017,2017-07-26,9365,2017-07-21,1610,019051,,5,2,9,4800,0,1,A,,2,030,"MIDWAY RD","BATAVIA RD",0.00,,Y,A,-,N,,,,,,,,,,Y,4,0,1,2,A,-,09,21801,A,N,D,C,A,A,H,-,A,A,0,,,,,Y,,D,22,0,0,1,0,0,0,0,0,0,"- ","- ",38.416800000000002,-121.85969,SOLANO,UNINCORPORATED,-121.85963,38.416809979999996
90509174,2017,2017-07-26,9365,2017-07-25,0820,018753,,2,1,9,4800,0,1,1,,2,087,"I -80 W/B","MERIDIAN RD. O/C",400.00,E,N,A,-,Y,,,80,,,,,,W,Y,4,0,1,2,A,-,03,22350,,N,C,C,A,A,H,-,A,D,0,,,,,Y,,A,01,0,0,1,0,0,0,0,0,0,"- ","- ",38.404319999999998,-121.91316,SOLANO,UNINCORPORATED,-121.91320759,38.404381800000003
90509758,2017,2017-07-27,9365,2017-07-21,0325,020579,,5,3,5,4803,0,1,1,,2,681,"I-680 N/B","GROBRIC CT",415.00,S,N,A,-,Y,,,,,,,,,,Y,3,0,1,1,A,-,08,22107,,N,F,I,A,A,H,-,D,D,0,,,,Y,Y,,F,26,0,1,0,0,0,0,0,0,0,"- ","- ",38.216520000000003,-122.13684000000001,SOLANO,FAIRFIELD,,
90511394,2017,2017-07-28,9365,2017-07-20,1300,016970,,4,1,5,4806,0,1,1,,2,086,"I-80 W/B","ALAMO DRIVE",1584.00,E,N,A,-,Y,,,80,,,,,,W,N,4,0,1,2,A,-,03,22350,,N,C,C,A,A,H,-,A,D,0,,,,,Y,,E,22,0,0,1,0,0,0,0,0,0,"- ","- ",38.349299999999999,-121.98909999999999,SOLANO,VACAVILLE,-121.98922444,38.349615800000002