CASE_ID,ACCIDENT_YEAR,PROC_DATE,JURIS,COLLISION_DATE,COLLISION_TIME,OFFICER_ID,REPORTING_DISTRICT,DAY_OF_WEEK,CHP_SHIFT,POPULATION,CNTY_CITY_LOC,SPECIAL_COND,BEAT_TYPE,CHP_BEAT_TYPE,CITY_DIVISION_LAPD,CHP_BEAT_CLASS,BEAT_NUMBER,PRIMARY_RD,SECONDARY_RD,DISTANCE,DIRECTION,INTERSECTION,WEATHER_1,WEATHER_2,STATE_HWY_IND,CALTRANS_COUNTY,CALTRANS_DISTRICT,STATE_ROUTE,ROUTE_SUFFIX,POSTMILE_PREFIX,POSTMILE,LOCATION_TYPE,RAMP_INTERSECTION,SIDE_OF_HWY,TOW_AWAY,COLLISION_SEVERITY,NUMBER_KILLED,NUMBER_INJURED,PARTY_COUNT,PRIMARY_COLL_FACTOR,PCF_CODE_OF_VIOL,PCF_VIOL_CATEGORY,PCF_VIOLATION,PCF_VIOL_SUBSECTION,HIT_AND_RUN,TYPE_OF_COLLISION,MVIW,PED_ACTION,ROAD_SURFACE,ROAD_COND_1,ROAD_COND_2,LIGHTING,CONTROL_DEVICE,CHP_ROAD_TYPE,PEDESTRIAN_ACCIDENT,BICYCLE_ACCIDENT,MOTORCYCLE_ACCIDENT,TRUCK_ACCIDENT,NOT_PRIVATE_PROPERTY,ALCOHOL_INVOLVED,STWD_VEHTYPE_AT_FAULT,CHP_VEHTYPE_AT_FAULT,COUNT_SEVERE_INJ,COUNT_VISIBLE_INJ,COUNT_COMPLAINT_PAIN,COUNT_PED_KILLED,COUNT_PED_INJURED,COUNT_BICYCLIST_KILLED,COUNT_BICYCLIST_INJURED,COUNT_MC_KILLED,COUNT_MC_INJURED,PRIMARY_RAMP,SECONDARY_RAMP,LATITUDE,LONGITUDE,COUNTY,CITY,POINT_X,POINT_Y
90570506,2017,2017-10-16,9365,2017-10-07,2310,021027,,6,3,6,4807,0,1,1,,2,081,"I-80 W/B","TENNESSEE ST",1350.00,E,N,A,-,Y,,,80,,,,,,W,Y,4,0,1,1,A,-,08,22107,,N,E,I,A,A,H,-,C,D,0,,,,,Y,Y,A,01,0,0,1,0,0,0,0,0,0,"- ","- ",38.113219999999998,-122.22986,SOLANO,VALLEJO,-122.22996473000001,38.113211849999999
90570604,2017,2017-10-16,9365,2017-10-07,2200,020615,,6,3,9,4800,0,1,1,,2,081,"I-80 W/B","AMERICAN CYN OVERCOSSING",5808.00,W,N,A,-,Y,,,80,,,,,,W,Y,3,0,2,1,A,-,08,22107,,N,E,I,A,A,H,-,D,D,0,,,,,Y,Y,A,01,0,2,0,0,0,0,0,0,0,"- ","- ",38.156979999999997,-122.21339,SOLANO,UNINCORPORATED,-122.21347708,38.157045889999999
90571047,2017,2017-10-16,9365,2017-10-08,1715,020141,,7,2,9,4800,0,1,1,,2,505,"I-505 N/B","THORPE RD",528.00,N,N,A,G,Y,,,505,,,,,,N,Y,2,0,1,2,A,-,03,22350,,N,C,C,A,A,H,-,A,D,0,,,Y,,Y,,C,02,1,0,0,0,0,0,0,0,1,"- ","- ",38.508070000000004,-121.95234000000001,SOLANO,UNINCORPORATED,-121.95241248000001,38.508057389999998
90571438,2017,2017-10-16,9365,2017-10-09,1335,020606,,1,1,6,4807,0,1,1,,2,080,"I-80 E/B","TOLL PLAZA",100.00,W,N,A,-,Y,,,80,,,,,,E,Y,3,0,2,3,A,-,03,22350,,N,C,C,A,A,H,-,A,D,0,,,,,Y,,A,01,0,1,1,0,0,0,0,0,0,"- ","- ",38.068750000000001,-122.22646,SOLANO,VALLEJO,-122.22645897,38.068750549999997
9057410,2020,2020-11-20,4807,2020-04-01,1839,651,VALL,3,5,6,4807,0,0,0,,0,008,"SONOMA BL","MEADOWS DR",0.00,,Y,-,-,Y,SOL,4,29,-,-,5.370,I,5,S,N,3,0,3,2,A,-,12,21453,A,N,D,C,A,A,H,-,A,A,0,,,,,Y,,-,"- ",0,1,2,0,0,0,0,0,0,"- ","- ",38.146991729736328,-122.25505828857422,SOLANO,VALLEJO,-122.25489044189453,38.147903442382812
90574455,2017,2017-10-19,9365,2017-10-13,1945,020281,,5,2,5,4803,0,1,1,,2,084,"I-80 E/B","AIR BASE PKY O/C",850.00,W,N,A,-,Y,,,80,,,,,,E,N,4,0,1,2,A,-,03,22350,,N,C,C,A,A,H,-,C,D,0,,,,,Y,,A,01,0,0,1,0,0,0,0,0,0,"- ","- ",38.27122,-122.0514,SOLANO,FAIRFIELD,-122.0513806,38.271203710000002
9057770,2020,2020-06-11,4803,2020-02-25,1631,1717,,2,5,5,4803,0,0,0,,0,00S,"PENNSYLVANIA AV","GATEWAY BL",0.00,,Y,A,-,N,,,,,,,,,,Y,4,0,1,2,A,-,12,22450,A,N,D,C,A,A,H,-,A,D,0,,,,,Y,,A,01,0,0,1,0,0,0,0,0,0,"- ","- ",38.262290954589844,-122.04988098144531,SOLANO,FAIRFIELD,-122.050048828125,38.262538909912109
90578706,2017,2017-10-25,9365,2017-10-16,0740,016505,,1,1,5,4803,0,1,1,,2,085,"I-80 W/B","AIR BASE PKWY",500.00,E,N,A,-,Y,,,80,,,,,,W,Y,4,0,2,2,A,-,03,22350,,N,C,C,A,A,H,-,A,D,0,,,,,Y,,A,01,0,0,2,0,0,0,0,0,0,"- ","- ",38.279449999999997,-122.04486,SOLANO,FAIRFIELD,-122.0447994,38.279398919999998
90579373,2017,2017-10-26,9365,2017-10-17,1450,014264,,2,2,9,4800,0,1,3,,2,113,"SR-113 AT MIDWAY ROAD","MIDWAY ROAD",0.00,,Y,B,-,Y,,,113,,,,R,,,Y,3,0,2,2,A,-,09,21802,A,N,D,C,A,A,H,-,A,A,0,,,,,Y,,A,01,0,2,0,0,0,0,0,0,0,"- ","- ",38.417079999999999,-121.82277000000001,SOLANO,UNINCORPORATED,-121.82277000000001,38.417079999999999
90582337,2017,2017-10-30,9365,2017-10-19,1600,015536,,4,2,5,4803,0,1,1,,2,084,"I-80 E/B","AIR BASE PKY",1020.00,W,N,A,-,Y,,,80,,,,,,E,Y,4,0,1,2,A,-,03,22350,,N,B,C,A,A,H,-,A,D,0,,,,,Y,,A,01,0,0,1,0,0,0,0,0,0,"- ","- ",38.270539999999997,-122.05186999999999,SOLANO,FAIRFIELD,-122.05190967999999,38.270573679999998
90582746,2017,2017-10-30,9365,2017-10-19,1805,020281,,4,2,6,4807,0,1,3,,2,371,"SR-37 E/B","FAIRGROUNDS DR",675.00,W,N,C,-,Y,,,37,,,,,,E,N,4,0,1,2,A,-,07,21658,A,M,E,I,A,B,H,-,B,D,0,,,,,Y,,A,01,0,0,1,0,0,0,0,0,0,"- ","- ",38.141330000000004,-122.23511000000001,SOLANO,VALLEJO,-122.23511037999999,38.141260610000003
90588419,2017,2017-11-06,9365,2017-10-21,0245,020281,,6,3,3,4802,0,1,1,,2,088,"I-80 W/B","PITT SCHOOL RD O/C",1426.00,E,N,A,-,Y,,,80,,,,,,W,Y,3,0,2,2,A,-,01,23152,A,N,C,C,A,A,H,-,D,D,0,,,,,Y,Y,A,01,0,2,0,0,0,0,0,0,0,"- ","- ",38.462699999999998,-121.83718,SOLANO,DIXON,-121.83719231000001,38.462715940000002
9058870,2020,2020-06-15,4807,2020-02-06,0854,635,VALLE,4,5,6,4807,0,0,0,,0,008,"FAIRGROUNDS DR","WHITNEY AV",0.00,,Y,A,-,N,,,,,,,,,,,4,0,1,2,A,-,11,21453,D,N,G,B,B,A,H,-,A,A,0,Y,,,,Y,,N,60,0,0,1,0,1,0,0,0,0,"- ","- ",38.146770477294922,-122.23621368408203,SOLANO,VALLEJO,-122.23615264892578,38.146720886230469
90590004,2017,2017-11-08,9365,2017-10-27,1453,020432,,5,2,9,4800,0,1,1,,2,680,"I-680 N/B","BAYSHORE RD",1056.00,S,N,A,-,Y,,,,,,,,,,Y,3,0,1,1,A,-,08,22107,,N,E,I,A,A,H,-,A,D,0,,,,,Y,,A,01,0,1,0,0,0,0,0,0,0,"- ","- ",38.062139999999999,-122.13115999999999,SOLANO,UNINCORPORATED,-122.13131244,38.061579190000003
90590367,2017,2017-11-08,9365,2017-10-27,1735,020432,,5,2,9,4800,0,1,1,,2,681,"I-680 N/B","W. CORDELIA ROAD",528.00,N,N,A,-,Y,,,680,,,,,,N,Y,4,0,2,2,A,-,00,22530,,N,C,C,A,A,H,-,A,D,0,,,,,Y,,D,22,0,0,2,0,0,0,0,0,0,"- ","- ",38.21123,-122.13758,SOLANO,UNINCORPORATED,-122.13774745000001,38.211229379999999
90590374,2017,2017-11-08,9365,2017-10-28,2205,020565,,6,3,4,4801,0,1,1,,2,680,"I-680 N/B","INDUSTRIAL WAY",528.00,N,N,A,-,Y,,,680,,,,,,N,Y,3,0,4,1,A,-,08,22107,,N,F,A,A,A,H,-,D,D,0,,,,,Y,,A,01,0,2,2,0,0,0,0,0,0,"- ","- ",38.076230000000002,-122.12111,SOLANO,BENICIA,-122.12112071,38.0762389
90592044,2017,2017-11-10,9365,2017-11-02,1825,019651,,4,2,5,4803,0,1,1,,2,084,"I-80 E/B","AIRBASE PKWY O/C",750.00,W,N,A,-,Y,,,80,,,,,,E,Y,4,0,1,3,A,-,03,22350,,N,C,C,A,A,H,-,C,D,0,,,,,Y,,D,22,0,0,1,0,0,0,0,0,0,"- ","- ",38.27308,-122.04974,SOLANO,FAIRFIELD,-122.04977823999999,38.27311211
90593642,2017,2017-12-14,9365,2017-07-07,2214,020705,,5,3,4,4801,0,1,1,,2,078,"I-780 E/B","2ND ST",2640.00,W,N,A,-,Y,,,780,,,,,,E,Y,1,1,2,2,A,-,01,23152,F,N,C,E,A,A,H,-,D,D,0,,,,,Y,,A,01,0,1,1,0,0,0,0,0,0,"- ","- ",38.062609999999999,-122.15745,SOLANO,BENICIA,-122.15744662,38.062619920000003
90594093,2017,2017-11-14,9365,2017-11-01,1755,015882,,3,2,5,4803,0,1,3,,2,122,"SR-12 E/B","CHADBOURNE RD",2640.00,W,N,A,-,Y,,,12,,,,,,E,Y,4,0,1,2,A,-,07,21658,A,N,B,C,A,A,H,-,B,D,0,,,,,Y,,A,01,0,0,1,0,0,0,0,0,0,"- ","- ",38.2393,-122.0903,SOLANO,FAIRFIELD,-122.09030727,38.23946617
90594127,2017,2017-11-14,9365,2017-11-03,2040,020667,,5,2,5,4806,0,1,1,,2,086,"I-80 W/B","ALLISON DR",800.00,E,N,C,-,Y,,,80,,,,,,W,N,3,0,1,1,A,-,01,23152,A,N,E,I,A,B,H,-,D,D,0,,,,,Y,Y,D,22,0,1,0,0,0,0,0,0,0,"- ","- ",38.363059999999997,-121.96702000000001,SOLANO,VACAVILLE,-121.96702165000001,38.363062630000002
90595219,2017,2017-11-15,9365,2017-11-04,1445,020074,,6,2,9,4800,0,1,3,,2,121,"SR-12 (JAMESON CYN)","RED TOP ROAD",1800.00,W,N,A,-,Y,,,12,,,,,,,N,4,0,1,3,A,-,08,22107,,N,B,C,A,A,H,-,A,D,0,,,Y,,Y,,C,02,0,0,1,0,0,0,0,0,1,"- ","- ",38.205970000000001,-122.17207999999999,SOLANO,UNINCORPORATED,-122.17237494,38.206777510000002
90595226,2017,2017-11-15,9365,2017-11-05,1030,017559,,7,1,9,4800,0,1,A,,2,030,"FOOTHILL DR","WYKOFF DR",900.00,W,N,A,-,N,,,,,,,,,,Y,3,0,1,1,A,-,08,22107,,N,F,I,A,A,H,-,A,D,0,,,,,Y,,A,01,0,1,0,0,0,0,0,0,0,"- ","- ",38.36045,-122.02025999999999,SOLANO,UNINCORPORATED,-122.02038428,38.360429019999998
90595627,2017,2017-11-16,9365,2017-11-05,0355,021033,,7,3,5,4803,0,1,1,,2,083,"I-80 E/B TO SUISUN VALLEY ROAD","SUISUN VALLEY RD",720.00,W,N,A,-,Y,,,80,,,,R,,E,Y,4,0,1,1,A,-,08,22107,,N,E,I,A,A,H,-,C,D,0,,,,,Y,,A,01,0,0,1,0,0,0,0,0,0,"- ","- ",38.221200000000003,-122.13079999999999,SOLANO,FAIRFIELD,-122.13079999999999,38.221200000000003
90598058,2017,2017-11-20,9365,2017-11-07,1540,019651,,2,2,5,4803,0,1,1,,2,084,"I-80 E/B","W. TEXAS U/C",1000.00,E,N,A,-,Y,,,80,,,,,,E,Y,4,0,1,2,A,-,03,22350,,N,C,C,A,A,H,-,A,D,0,,,,,Y,,A,01,0,0,1,0,0,0,0,0,0,"- ","- ",38.250459999999997,-122.06892000000001,SOLANO,FAIRFIELD,-122.06890658,38.2504487
9059886,2020,2020-03-03,4803,2020-01-28,1746,1700,,2,5,5,4803,0,0,0,,0,0CO,"SOUTH RIDGEFIELD WY","BRIDGEWOOD CT",0.00,,Y,A,-,N,,,,,,,,,,Y,4,0,1,2,A,-,08,22107,,N,B,E,A,A,H,-,C,D,0,,,,,Y,,A,01,0,0,1,0,0,0,0,0,0,"- ","- ",38.168521881103516,-122.13716888427734,SOLANO,FAIRFIELD,-122.13571166992188,38.166271209716797
9059890,2020,2020-03-03,4803,2020-01-30,1812,976,,4,5,5,4803,0,0,0,,0,0CO,"PITTMAN RD","LINK RD",521.00,W,N,A,-,N,,,,,,,,,,Y,2,0,1,2,A,-,11,21954,A,N,G,B,D,A,H,-,C,D,0,Y,,,,Y,,N,60,1,0,0,0,1,0,0,0,0,"- ","- ",38.218151092529297,-122.12957000732422,SOLANO,FAIRFIELD,-122.13036346435547,38.217094421386719
90599526,2017,2017-12-14,9365,2017-09-06,0146,019986,,3,3,6,4807,0,1,3,,2,370,"STATE ROUTE 37 WESTBOUND","FAIRGROUNDS DR.",2944.00,W,N,A,-,Y,,,,,,,,,,Y,1,1,0,1,A,-,08,22107,,N,E,I,A,A,H,-,D,D,0,,,Y,,Y,Y,C,02,0,0,0,0,0,0,0,1,0,"- ","- ",38.831440000000001,-122.14349,SOLANO,VALLEJO,-122.24297276,38.142019070000003
90599804,2017,2017-11-21,9365,2017-11-09,0850,014264,,4,1,5,4806,0,1,1,,2,086,"I-80 E/B","ALAMO DR",528.00,E,N,B,-,Y,,,80,,,,,,E,Y,3,0,1,1,A,-,08,22107,,N,F,I,A,B,H,-,A,D,0,,,,,Y,,D,22,0,1,0,0,0,0,0,0,0,"- ","- ",38.347290000000001,-121.99426,SOLANO,VACAVILLE,-121.99427649,38.347332649999998
90600589,2017,2017-11-22,9365,2017-11-11,1755,019458,,6,2,9,4800,0,1,3,,2,113,"SR-113 N/B","CASEY CT",3168.00,S,N,A,-,Y,,,113,,,,,,N,Y,3,0,1,1,A,-,08,22107,,N,E,I,A,A,H,-,D,D,0,,,,,Y,,A,07,0,1,0,0,0,0,0,0,0,"- ","- ",38.382269999999998,-121.82299999999999,SOLANO,UNINCORPORATED,-121.82286204,38.382268660000001
90600668,2017,2017-11-22,9365,2017-11-12,2335,020299,,7,3,9,4800,0,1,1,,2,088,"I-80 W/B","KIDWELL ROAD O/C",65.00,W,N,A,-,Y,,,80,,,,,,W,Y,4,0,1,1,A,-,01,23152,A,M,E,I,A,A,H,-,D,D,0,,,,,Y,Y,A,01,0,0,1,0,0,0,0,0,0,"- ","- ",38.505339999999997,-121.78622,SOLANO,UNINCORPORATED,-121.78610241,38.505214340000002
90604180,2017,2017-11-28,9365,2017-11-15,1625,017820,,3,2,6,4807,0,1,1,,2,080,"I-80 E/B","SONOMA BLVD",730.00,W,N,B,C,Y,,,80,,,,,,E,Y,3,0,1,4,A,-,03,22350,,N,C,C,A,B,H,-,A,D,0,,,,,Y,,A,01,0,1,0,0,0,0,0,0,0,"- ","- ",38.074170000000002,-122.23036,SOLANO,VALLEJO,-122.23036036000001,38.074169730000001
90605424,2017,2017-11-29,9365,2017-11-17,1005,017805,,5,1,6,4807,0,1,1,,2,077,"I-780 E/B","LAUREL ST. O/C",2640.00,E,N,A,-,Y,,,780,,,,,,E,N,4,0,1,2,A,-,03,22350,,N,C,C,A,A,H,-,A,D,0,,,,,Y,,A,01,0,0,1,0,0,0,0,0,0,"- ","- ",38.08878,-122.22118,SOLANO,VALLEJO,-122.22115612,38.088864839999999
90605511,2017,2017-11-29,9365,2017-11-17,1720,020606,,5,2,6,4807,0,1,1,,2,080,"I-80 W/B","GEORGIA STREET",300.00,E,N,A,-,Y,,,80,,,,,,W,Y,3,0,2,3,A,-,03,22350,,N,C,C,A,A,H,-,C,D,0,,,,,Y,,A,01,0,1,1,0,0,0,0,0,0,"- ","- ",38.101570000000002,-122.22989,SOLANO,VALLEJO,-122.22986461000001,38.101569699999999
90605913,2017,2017-11-30,9365,2017-11-18,1750,020667,,6,2,5,4803,0,1,3,,2,121,"SR-12 E/B NAPA","RED TOP RD",2640.00,W,N,B,-,Y,,,,,,,,,,N,4,0,2,2,A,-,03,22350,,N,C,C,A,A,H,-,D,D,0,,,,,Y,,D,22,0,0,2,0,0,0,0,0,0,"- ","- ",38.207610000000003,-122.16699,SOLANO,FAIRFIELD,,
90607858,2017,2017-12-01,9365,2017-11-17,0128,020579,,5,3,9,4800,0,1,1,,2,082,"I-80 E/B","AMERICAN CANYON RD",3696.00,E,N,B,-,Y,,,80,,,,,,E,Y,3,0,1,1,A,-,01,23152,A,N,F,I,A,B,H,-,D,D,0,,,,,Y,Y,A,01,0,1,0,0,0,0,0,0,0,"- ","- ",38.180349999999997,-122.18664,SOLANO,UNINCORPORATED,-122.18657064,38.18023341
90608002,2017,2017-12-01,9365,2017-11-18,1710,019720,,6,2,9,4800,0,1,1,,2,081,"I-80 W/B",SR-37,1584.00,W,N,A,-,Y,,,,,,,,,,Y,3,0,2,4,A,-,03,22350,,N,C,C,A,A,H,-,B,D,0,,,,,Y,,D,22,0,1,1,0,0,0,0,0,0,"- ","- ",38.06953,-122.22726,SOLANO,UNINCORPORATED,,
90609574,2017,2017-12-26,9365,2017-11-25,1930,020606,,6,2,9,4800,0,1,1,,2,081,"I-80 W/B",SR-37,1584.00,E,N,A,-,Y,,,,,,,,,,Y,4,0,4,2,A,-,03,22350,,N,C,C,A,A,H,-,C,D,0,,,,,Y,,A,01,0,0,4,0,0,0,0,0,0,"- ","- ",38.143599999999999,-122.21747000000001,SOLANO,UNINCORPORATED,,
90610446,2017,2017-12-05,9365,2017-11-25,1520,020667,,6,2,5,4806,0,1,1,,2,505,"I-505 (S/B)",I-80,2640.00,N,N,B,-,Y,,,505,,,,,,,Y,2,0,1,1,A,-,03,22350,,N,F,A,A,A,H,-,A,D,0,,,Y,,Y,,C,02,1,0,0,0,0,0,0,0,1,"- ","- ",38.379860000000001,-121.9533,SOLANO,VACAVILLE,-121.95327104,38.379853189999999
90610661,2017,2017-12-05,9365,2017-11-25,0234,020506,,6,3,5,4803,0,1,1,,2,084,"I-80 E/B","AIR BASE PKY",1530.00,E,N,A,-,Y,,,80,,,,,,E,Y,2,0,2,1,A,-,08,22107,,N,E,I,A,A,H,-,C,D,0,,,,,Y,,A,01,2,0,0,0,0,0,0,0,0,"- ","- ",38.276940000000003,-122.04635999999999,SOLANO,FAIRFIELD,-122.04645967,38.277024330000003
90611223,2017,2017-12-06,9365,2017-11-26,1120,013706,,7,1,5,4806,0,1,1,,2,086,"I-80 E/B","PEABODY ROAD",275.00,W,N,C,-,Y,,,,,,,,,,Y,4,0,1,4,A,-,03,22350,,N,B,C,A,B,H,-,A,D,0,,,,,Y,,A,01,0,0,1,0,0,0,0,0,0,"- ","- ",38.210700000000003,-121.58540000000001,SOLANO,VACAVILLE,,
90611417,2017,2017-12-06,9365,2017-11-26,0245,021033,,7,3,9,4800,0,1,A,,2,030,"ROCKVILLE RD","SUISUN VALLEY RD",2000.00,E,N,B,-,N,,,,,,,,,,Y,4,0,1,1,A,-,08,22107,,M,E,I,A,A,H,-,C,D,0,,,,,Y,,A,01,0,0,1,0,0,0,0,0,0,"- ","- ",38.244300000000003,-122.1152,SOLANO,UNINCORPORATED,-122.11525451999999,38.244270950000001
90611690,2017,2017-12-06,9365,2017-11-26,1155,013706,,7,1,9,4800,0,1,A,,2,030,"BLUE RIDGE ROAD","MIX CANYON ROAD",15840.00,N,N,C,-,N,,,,,,,,,,Y,2,0,1,1,A,-,03,22350,,N,E,I,A,D,B,-,A,D,0,,,Y,,Y,,C,02,1,0,0,0,0,0,0,0,1,"- ","- ",38.244100000000003,-122.0638,SOLANO,UNINCORPORATED,-122.11057,38.411839999999998
90613115,2017,2017-12-08,9365,2017-11-28,0615,015293,,2,1,6,4807,0,1,1,,2,081,"I-80 W/B FROM REDWOOD STREET","REDWOOD STREET",150.00,W,N,B,-,Y,,,80,,,,R,,W,Y,3,0,1,2,A,-,03,22350,,N,C,C,A,A,H,-,B,A,0,,,,,Y,,A,01,0,1,0,0,0,0,0,0,0,"- ","- ",38.1218,-122.23059000000001,SOLANO,VALLEJO,-122.23059000000001,38.1218
90613177,2017,2017-12-08,9365,2017-11-30,1513,017820,,4,2,5,4803,0,1,1,,2,084,"I-80 E/B","WEST TEXAS ST",528.00,E,N,A,-,Y,,,80,,,,,,E,Y,4,0,2,2,A,-,03,22350,,N,C,C,A,A,H,-,A,D,0,,,,,Y,,A,01,0,0,2,0,0,0,0,0,0,"- ","- ",38.250549999999997,-122.06881,SOLANO,FAIRFIELD,-122.06881659,38.250555550000001
90614113,2017,2017-12-11,9365,2017-11-29,1330,019651,,3,1,9,4800,0,1,3,,2,121,"SR-12 W/B (NAPA)","MINERS TRAIL",2300.00,E,N,A,-,Y,,,12,,,,,,W,Y,4,0,1,2,A,-,17,21658,,N,B,C,A,A,H,-,A,D,0,,,,Y,Y,,A,01,0,0,1,0,0,0,0,0,0,"- ","- ",38.206530000000001,-122.17666,SOLANO,UNINCORPORATED,-122.1766409,38.20632131
90614354,2017,2017-12-11,9365,2017-12-01,1455,019458,,5,2,5,4806,0,1,1,,2,087,"I-80 E/B","LEISURE TOWN RD.",2640.00,W,N,A,-,Y,,,80,,,,,,E,Y,4,0,1,1,A,-,08,22107,,N,E,I,A,A,H,-,A,D,0,,,,,Y,,A,01,0,0,1,0,0,0,0,0,0,"- ","- ",38.380040000000001,-121.94441999999999,SOLANO,VACAVILLE,-121.94437477,38.37998108
90615691,2017,2017-12-12,9365,2017-12-02,1030,017805,,6,1,6,4807,0,1,1,,2,080,"I-80 W/B TO I-780 E/B","I-780 U/C",200.00,W,N,A,-,Y,,,80,,,,R,,W,Y,3,0,1,1,A,-,03,22350,,N,F,A,A,A,H,-,A,D,0,,,Y,,Y,,C,02,0,1,0,0,0,0,0,0,1,"- ","- ",38.090850000000003,-122.23099999999999,SOLANO,VALLEJO,-122.23099999999999,38.090850000000003
90619377,2017,2017-12-18,9365,2017-12-08,0600,017654,,5,1,9,4800,0,3,5,,2,040,"SPARLING LN","KIDWELL RD",3400.00,E,N,A,-,N,,,,,,,,,,Y,3,0,1,1,A,-,03,22350,,N,E,I,A,A,H,-,D,D,0,,,,,Y,,A,01,0,1,0,0,0,0,0,0,0,"- ","- ",38.512210000000003,-121.77749,SOLANO,UNINCORPORATED,-121.77760102000001,38.512189999999997
90619794,2017,2017-12-18,9365,2017-12-09,1300,017805,,6,1,6,4807,0,1,1,,2,078,"I-780 W/B","I-80 O/C (WEST EDGE)",110.00,E,N,A,-,Y,,,780,,,,,,W,Y,4,0,1,1,A,-,08,22107,,N,E,I,A,A,H,-,A,D,0,,,,,Y,,A,01,0,0,1,0,0,0,0,0,0,"- ","- ",38.091619999999999,-122.23059000000001,SOLANO,VALLEJO,-122.23058201000001,38.091649480000001
90621877,2017,2017-12-20,9365,2017-12-12,0520,019646,,2,3,9,4800,0,3,5,,2,020,"LOPES ROAD S/B","MARSHVIEW RD",1584.00,N,N,A,-,Y,,,,,,,,,,Y,4,0,1,1,A,-,08,22107,,N,F,A,A,A,H,-,B,D,0,,,,,Y,,D,22,0,0,1,0,0,0,0,0,0,"- ","- ",38.155239999999999,-122.11481000000001,SOLANO,UNINCORPORATED,-122.11349144,38.152337230000001
90621916,2017,2017-12-20,9365,2017-12-12,1415,021157,,2,2,4,4801,0,1,1,,2,680,"I-680 N/B","INDUSTRIAL WAY",3310.00,N,N,A,-,Y,,,680,,,,,,N,Y,2,0,1,2,A,-,03,22350,,N,C,C,A,A,H,-,A,D,0,,,Y,,Y,,C,02,1,0,0,0,0,0,0,0,1,"- ","- ",38.075499999999998,-122.1217,SOLANO,BENICIA,-122.12172046000001,38.075516999999998
9062220,2019,2020-03-17,4807,2019-09-23,0024,708,4807,1,5,6,4807,0,0,0,,0,007,"FAIRGROUNDS DR","SAGE ST",980.00,S,N,A,-,N,,,,,,,,,,N,4,0,1,1,A,-,08,22107,,N,E,I,A,A,H,-,C,D,0,,,,,Y,,A,01,0,0,1,0,0,0,0,0,0,"- ","- ",38.140140533447266,-122.23166656494141,SOLANO,VALLEJO,-122.23004913330078,38.137737274169922
90630740,2017,2018-01-02,9365,2017-12-20,1205,014264,,3,1,6,4807,0,1,1,,2,080,"I-80 W/B","CARQUINEZ ADMIN BLDG",528.00,E,N,A,-,Y,,,80,,,,,,W,Y,4,0,2,2,A,-,08,22107,,N,D,C,A,A,H,-,A,D,0,,,,,Y,,A,01,0,0,2,0,0,0,0,0,0,"- ","- ",38.068930000000002,-122.22744,SOLANO,VALLEJO,-122.22737069999999,38.068963250000003
9063078,2020,2021-08-20,4803,2020-03-31,2038,1725,,2,5,5,4803,0,0,0,,0,00E,"CLAY BANK RD","GULF DR",20.00,S,N,A,-,N,,,,,,,,,,Y,3,0,1,2,A,-,01,23152,A,N,D,C,A,A,H,-,C,D,0,,,,,Y,Y,D,22,0,1,0,0,0,0,0,0,0,"- ","- ",38.284278869628906,-122.00369262695312,SOLANO,FAIRFIELD,-122.00369262695312,38.284229278564453
90630800,2017,2018-01-02,9365,2017-12-20,1810,017747,,3,2,6,4807,0,1,1,,2,080,"I-80 W/B","GEORGIA ST",150.00,E,N,A,-,Y,,,80,,,,,,W,Y,4,0,1,2,A,-,03,22350,,N,C,C,A,A,H,-,D,D,0,,,,,Y,,A,01,0,0,1,0,0,0,0,0,0,"- ","- ",38.1023,-122.2298,SOLANO,VALLEJO,-122.22985529,38.102300829999997
90631020,2017,2018-01-02,9365,2017-12-21,1720,015882,,4,2,5,4803,0,1,1,,2,083,"I-80 E/B","SR-12 (RIO VISTA)",3960.00,W,N,A,-,Y,,,,,,,,,,Y,4,0,1,2,A,-,03,22350,,N,C,C,A,A,H,-,C,D,0,,,,,Y,,D,22,0,0,1,0,0,0,0,0,0,"- ","- ",38.232100000000003,-122.10980000000001,SOLANO,FAIRFIELD,,
90632053,2017,2018-01-03,9365,2017-12-21,1735,017747,,4,2,5,4803,0,1,1,,2,680,"I-680 N/B","GOLD HILL ROAD O/C",528.00,S,N,A,-,Y,,,680,,,,,,N,Y,4,0,2,2,A,-,03,22350,,N,C,C,A,A,H,-,D,D,0,,,,,Y,,A,07,0,0,2,0,0,0,0,0,0,"- ","- ",38.179099999999998,-122.13209999999999,SOLANO,FAIRFIELD,-122.13210171,38.17909908
90632409,2017,2018-01-03,9365,2017-12-22,1324,016919,,5,1,5,4803,0,3,5,,2,020,"ABERNATHY RD","ROCKVILLE RD",3168.00,N,N,A,-,N,,,,,,,,,,Y,2,0,1,2,A,-,09,21801,,N,D,C,A,A,H,-,A,D,0,,,,Y,Y,,F,26,1,0,0,0,0,0,0,0,0,"- ","- ",38.254309999999997,-122.09228,SOLANO,FAIRFIELD,-122.09222943,38.25462126
90632917,2017,2018-01-04,9365,2017-12-24,0758,017805,,7,1,6,4807,0,1,1,,2,081,"I-80 W/B","I-80 E TO SR-37 W O/C",3329.00,W,N,A,-,Y,,,80,,,,,,W,Y,2,0,1,2,A,-,08,22107,,N,C,C,A,A,H,-,A,D,0,,,,,Y,,A,01,1,0,0,0,0,0,0,0,0,"- ","- ",38.131129999999999,-122.22548999999999,SOLANO,VALLEJO,-122.22535668,38.131045999999998