CASE_ID,ACCIDENT_YEAR,PROC_DATE,JURIS,COLLISION_DATE,COLLISION_TIME,OFFICER_ID,REPORTING_DISTRICT,DAY_OF_WEEK,CHP_SHIFT,POPULATION,CNTY_CITY_LOC,SPECIAL_COND,BEAT_TYPE,CHP_BEAT_TYPE,CITY_DIVISION_LAPD,CHP_BEAT_CLASS,BEAT_NUMBER,PRIMARY_RD,SECONDARY_RD,DISTANCE,DIRECTION,INTERSECTION,WEATHER_1,WEATHER_2,STATE_HWY_IND,CALTRANS_COUNTY,CALTRANS_DISTRICT,STATE_ROUTE,ROUTE_SUFFIX,POSTMILE_PREFIX,POSTMILE,LOCATION_TYPE,RAMP_INTERSECTION,SIDE_OF_HWY,TOW_AWAY,COLLISION_SEVERITY,NUMBER_KILLED,NUMBER_INJURED,PARTY_COUNT,PRIMARY_COLL_FACTOR,PCF_CODE_OF_VIOL,PCF_VIOL_CATEGORY,PCF_VIOLATION,PCF_VIOL_SUBSECTION,HIT_AND_RUN,TYPE_OF_COLLISION,MVIW,PED_ACTION,ROAD_SURFACE,ROAD_COND_1,ROAD_COND_2,LIGHTING,CONTROL_DEVICE,CHP_ROAD_TYPE,PEDESTRIAN_ACCIDENT,BICYCLE_ACCIDENT,MOTORCYCLE_ACCIDENT,TRUCK_ACCIDENT,NOT_PRIVATE_PROPERTY,ALCOHOL_INVOLVED,STWD_VEHTYPE_AT_FAULT,CHP_VEHTYPE_AT_FAULT,COUNT_SEVERE_INJ,COUNT_VISIBLE_INJ,COUNT_COMPLAINT_PAIN,COUNT_PED_KILLED,COUNT_PED_INJURED,COUNT_BICYCLIST_KILLED,COUNT_BICYCLIST_INJURED,COUNT_MC_KILLED,COUNT_MC_INJURED,PRIMARY_RAMP,SECONDARY_RAMP,LATITUDE,LONGITUDE,COUNTY,CITY,POINT_X,POINT_Y
90973042,2019,2019-04-23,9365,2019-04-10,2220,020615,,3,3,6,4807,0,1,1,,2,080,"I-80 E/B","MAGAZINE ST",1320.00,W,N,A,-,Y,,,80,,,,,,E,Y,4,0,1,3,A,-,08,22107,,M,D,C,A,A,H,-,D,D,0,,,,,Y,,A,01,0,0,1,0,0,0,0,0,0,"- ","- ",38.082431793212891,-122.23320770263672,SOLANO,VALLEJO,-122.2332763671875,38.082431793212891
90973296,2019,2019-04-23,9365,2019-04-18,1120,016919,,4,1,9,4800,0,1,1,,2,082,"I-80 E/B","AMERICAN CANYON RD",3168.00,E,N,A,-,Y,,,80,,,,,,E,Y,3,0,1,1,A,-,08,22107,,N,F,A,A,A,H,-,A,D,0,,,,,Y,,A,01,0,1,0,0,0,0,0,0,0,"- ","- ",38.175849914550781,-122.19203948974609,SOLANO,UNINCORPORATED,-122.19187927246094,38.175708770751953
90974603,2019,2019-04-24,9365,2019-04-18,1120,016783,,4,1,9,4800,0,3,5,,2,020,"MANKAS CORNER RD","ABERNATHY RD",1584.00,N,N,A,-,N,,,,,,,,,,Y,3,0,1,1,A,-,03,22350,,N,F,A,A,A,H,-,A,D,0,,,Y,,Y,,C,02,0,1,0,0,0,0,0,0,1,"- ","- ",38.276618957519531,-122.09349822998047,SOLANO,UNINCORPORATED,-122.09312438964844,38.276386260986328
90978376,2019,2019-04-30,9365,2019-04-28,1415,019927,,7,2,5,4803,0,1,1,,2,084,"I-80 E/B","WEST TEXAS ST",100.00,E,N,A,-,Y,,,,,,,,,,Y,3,0,2,1,A,-,08,22107,,N,E,I,A,A,H,-,A,D,0,,,,,Y,,A,08,0,2,0,0,0,0,0,0,0,"- ","- ",38.150009155273438,-122.04090118408203,SOLANO,FAIRFIELD,-122.06938934326172,38.249984741210938
9098004,2020,2020-11-13,4803,2020-06-11,1521,1694,,4,5,5,4803,0,0,0,,0,0CE,"DOVER AV","MARIGOLD DR",0.00,,Y,B,-,N,,,,,,,,,,Y,4,0,2,2,A,-,09,21802,A,N,D,C,A,A,H,-,A,D,0,,,,,Y,,A,01,0,0,2,0,0,0,0,0,0,"- ","- ",38.282711029052734,-122.02481079101562,SOLANO,FAIRFIELD,-122.02488708496094,38.282890319824219
9098128,2020,2020-07-20,4803,2020-03-20,1836,1697,,5,5,5,4803,0,0,0,,0,,"PACIFIC AV","NORTH TEXAS ST",340.00,W,N,A,-,N,,,,,,,,,,,4,0,1,2,A,-,05,21202,A,N,-,G,A,A,H,-,A,D,0,,Y,,,Y,,L,04,0,0,1,0,0,0,1,0,0,"- ","- ",38.268928527832031,-122.03414916992188,SOLANO,FAIRFIELD,-122.03535461425781,38.268844604492188
9098130,2020,2020-07-20,4803,2020-03-16,0915,1694,,1,5,5,4803,0,0,0,,0,0CO,"NEITZEL RD","BUSINESS CENTER DR",558.00,S,N,C,-,N,,,,,,,,,,N,4,0,1,1,A,-,08,22107,,N,E,I,A,B,H,-,A,D,0,,,,,Y,,A,01,0,0,1,0,0,0,0,0,0,"- ","- ",38.219070434570312,-122.14026641845703,SOLANO,FAIRFIELD,-122.1387939453125,38.218345642089844
9098132,2020,2020-07-20,4807,2020-03-12,1834,733,VALLE,4,5,6,4807,0,0,0,,0,006,"WILSON AV","BENSON AV",0.00,,Y,A,-,N,,,,,,,,,,N,4,0,1,2,A,-,09,21802,A,N,D,C,A,A,H,-,A,D,0,,,,,Y,,A,01,0,0,1,0,0,0,0,0,0,"- ","- ",38.115688323974609,-122.2694091796875,SOLANO,VALLEJO,-122.26950073242188,38.115711212158203
9098170,2020,2020-08-18,4807,2020-04-21,1807,651,VALLE,2,5,6,4807,0,0,0,,0,008,"FAIRGROUNDS DR","BORGES LN",5.00,S,N,A,-,N,,,,,,,,,,,2,0,1,2,A,-,10,21950,A,N,G,B,B,A,H,-,A,A,0,Y,,,,Y,,A,01,1,0,0,0,1,0,0,0,0,"- ","- ",38.151588439941406,-122.23798370361328,SOLANO,VALLEJO,-122.23797607421875,38.151607513427734
9098174,2020,2020-08-18,4807,2020-04-07,2132,730,VALLE,2,5,6,4807,0,0,0,,0,007,"LEWIS BROWN DR","SONOMA BL",383.00,W,N,A,-,N,,,,,,,,,,,4,0,1,2,A,-,11,21954,A,N,D,B,D,A,H,-,C,D,0,Y,,,,Y,,N,60,0,0,1,0,1,0,0,0,0,"- ","- ",38.137428283691406,-122.25627136230469,SOLANO,VALLEJO,-122.25604248046875,38.137699127197266
90983017,2019,2019-05-07,9365,2019-04-28,1705,020281,,7,2,5,4806,0,1,1,,2,087,"I-80 W/B","I-80 TO I-505 N/B O/C",88.00,W,N,A,-,Y,,,80,,,,,,W,N,4,0,1,2,A,-,00,21960,A,M,G,B,E,A,H,-,A,D,0,Y,,,,Y,,N,60,0,0,1,0,1,0,0,0,0,"- ","- ",38.373359680175781,-121.95372772216797,SOLANO,VACAVILLE,-121.95369720458984,38.373317718505859
90983022,2019,2019-05-07,9365,2019-04-28,1620,019458,,7,2,9,4800,0,1,1,,2,088,"I-80 W/B","MIDWAY RD. O/C",5808.00,E,N,A,-,Y,,,80,,,,,,W,Y,4,0,1,2,D,-,00,,,N,C,C,A,A,H,-,A,D,0,,,,,Y,,-,"- ",0,0,1,0,0,0,0,0,0,"- ","- ",38.427318572998047,-121.88310241699219,SOLANO,UNINCORPORATED,-121.88308715820312,38.427303314208984
90983025,2019,2019-05-07,9365,2019-05-03,0854,019195,,5,1,9,4800,0,1,3,,2,370,"SR-37 W/B","SONOMA COUNTY LINE",320.00,E,N,A,-,Y,,,37,,,,,,W,Y,4,0,3,3,A,-,03,22350,,N,C,C,A,A,H,-,A,D,0,,,,,Y,,A,01,0,0,3,0,0,0,0,0,0,"- ","- ",38.155651092529297,-122.40602111816406,SOLANO,UNINCORPORATED,-122.40602111816406,38.155590057373047
90983033,2019,2019-05-07,9365,2019-05-03,1050,016919,,5,1,5,4803,0,1,1,,2,083,"I-80 W/B","SUISUN VALLEY RD O/C",3168.00,E,N,A,-,Y,,,80,,,,,,W,Y,3,0,1,2,A,-,07,21658,A,M,E,I,A,A,H,-,A,D,0,,,,,Y,,A,01,0,1,0,0,0,0,0,0,0,"- ","- ",38.228351593017578,-122.11984252929688,SOLANO,FAIRFIELD,-122.1197509765625,38.228164672851562
90983036,2019,2019-05-07,9365,2019-05-06,0004,018712,,1,3,5,4803,0,1,1,,2,680,"I-680 S/B","GOLD HILL RD",1580.00,S,N,A,-,Y,,,680,,,,,,S,Y,4,0,1,1,A,-,01,23152,A,N,E,I,A,A,H,-,D,D,0,,,,,Y,Y,A,01,0,0,1,0,0,0,0,0,0,"- ","- ",38.178718566894531,-122.13220977783203,SOLANO,FAIRFIELD,-122.13227844238281,38.178680419921875
90983039,2019,2019-05-07,9365,2019-05-04,2302,018712,,6,3,5,4806,0,1,1,,2,086,"I-80 W/B",I-505,1160.00,E,N,A,-,Y,,,80,,,,,,W,Y,4,0,1,1,A,-,08,22107,,N,E,I,A,A,H,-,C,D,0,,,,,Y,,A,01,0,0,1,0,0,0,0,0,0,"- ","- ",38.375991821289062,-121.95059967041016,SOLANO,VACAVILLE,-121.95050811767578,38.375869750976562
90986392,2019,2019-05-10,9365,2019-05-06,1709,018954,,1,2,9,4800,0,1,A,,2,030,"FRY RD","MERIDIAN RD",0.00,,Y,A,-,N,,,,,,,,,,Y,3,0,2,2,A,-,12,22450,A,N,D,C,A,A,H,-,A,D,0,,,,,Y,,A,08,0,1,1,0,0,0,0,0,0,"- ","- ",38.337200164794922,-121.91529846191406,SOLANO,UNINCORPORATED,-121.91535949707031,38.337291717529297
90987739,2019,2019-05-14,9365,2019-05-08,1727,020068,,3,2,5,4803,0,1,1,,2,083,"ROCKVILLE RD","CHADBOURNE RD",1848.00,E,N,A,-,N,,,,,,,,,,Y,2,0,3,2,A,-,03,22350,,N,C,C,A,A,H,-,A,D,0,,,,,Y,,A,01,1,1,1,0,0,0,0,0,0,"- ","- ",38.248500823974609,-122.07830047607422,SOLANO,FAIRFIELD,-122.07842254638672,38.248538970947266
90988662,2019,2019-05-15,9365,2019-05-12,1400,020606,,7,2,9,4800,0,1,1,,2,088,"I-80 W/B","DIXON AVE",1500.00,E,N,A,-,Y,,,80,,,,,,W,N,3,0,1,2,A,-,03,22350,,N,B,C,A,A,H,-,A,D,0,,,Y,,Y,,C,02,0,1,0,0,0,0,0,0,1,"- ","- ",38.44879150390625,-121.85604858398438,SOLANO,UNINCORPORATED,-121.85569763183594,38.448341369628906
90988695,2019,2019-05-15,9365,2019-05-12,0010,021033,,7,3,6,4807,0,1,1,,2,080,"I-80 E/B","CARQUINEZ TOLL PLAZA",1070.00,W,N,A,-,Y,,,80,,,,,,E,N,4,0,1,2,A,-,03,22350,,N,C,C,A,A,H,-,C,D,0,,,,,Y,,A,07,0,0,1,0,0,0,0,0,0,"- ","- ",38.066219329833984,-122.22566223144531,SOLANO,VALLEJO,-122.22564697265625,38.066219329833984
9098980,2020,2020-09-21,4807,2020-04-25,1856,727,VP,6,5,6,4807,0,0,0,,0,005,"AMADOR ST","NEBRASKA ST",0.00,,Y,A,-,N,,,,,,,,,,Y,3,0,2,2,A,-,01,23152,F,F,D,C,A,A,H,-,A,A,0,,,,,Y,,A,01,0,1,1,0,0,0,0,0,0,"- ","- ",38.113609313964844,-122.24327087402344,SOLANO,VALLEJO,-122.24321746826172,38.113590240478516
90990496,2019,2019-05-17,9365,2019-05-12,1940,020068,,7,2,5,4803,0,1,1,,2,084,"I-80 E/B","AIR BASE PKY",23.00,W,N,A,-,Y,,,80,,,,,,E,N,4,0,1,2,A,-,07,21658,A,N,B,C,A,A,H,-,A,D,0,,,,,Y,,A,07,0,0,1,0,0,0,0,0,0,"- ","- ",38.273101806640625,-122.04969787597656,SOLANO,FAIRFIELD,-122.04975128173828,38.273143768310547
90993228,2019,2019-05-21,9365,2019-05-05,0330,020734,,7,3,9,4800,0,3,5,,2,040,"FRY ROAD","LEWIS ROAD",4410.00,E,N,A,-,N,,,,,,,,,,Y,2,0,1,1,A,-,01,23152,A,N,F,I,A,A,H,-,C,D,0,,,,,Y,Y,A,01,1,0,0,0,0,0,0,0,0,"- ","- ",38.337230682373047,-121.8814697265625,SOLANO,UNINCORPORATED,-121.88158416748047,38.337104797363281
90993923,2019,2019-05-22,9365,2019-05-12,0925,014687,,7,1,9,4800,0,3,5,,2,020,"GRIZZLY ISLAND RD",SR-12,13200.00,S,N,A,-,N,,,,,,,,,,Y,3,0,5,2,A,-,05,21650,,N,A,C,A,A,H,-,A,D,0,,,,,Y,,A,01,0,2,3,0,0,0,0,0,0,"- ","- ",38.206100463867188,-122.01560211181641,SOLANO,UNINCORPORATED,-122.02037811279297,38.210350036621094
90996383,2019,2019-05-27,9365,2019-05-22,1250,016919,,3,1,6,4807,0,1,1,,2,081,"I-80 E/B","REDWOOD ST O/C",1584.00,W,N,A,-,Y,,,80,,,,,,E,Y,4,0,1,1,A,-,08,22107,,N,F,A,A,A,H,-,A,D,0,,,,,Y,,A,01,0,0,1,0,0,0,0,0,0,"- ","- ",38.119228363037109,-122.23008728027344,SOLANO,VALLEJO,-122.23023986816406,38.119216918945312
90997555,2019,2019-05-28,9365,2019-05-23,1436,021116,,4,2,9,4800,0,1,1,,2,081,"I-80 E/B","AMERICAN CANYON RD",500.00,W,N,A,-,Y,,,80,,,,,,E,Y,4,0,1,2,A,-,03,22350,,N,C,C,A,A,H,-,A,D,0,,,,Y,Y,,F,25,0,0,1,0,0,0,0,0,0,"- ","- ",38.166450500488281,-122.20455932617188,SOLANO,UNINCORPORATED,-122.20443725585938,38.166271209716797
90997567,2019,2019-05-28,9365,2019-05-16,1200,019051,,4,1,4,4801,0,1,1,,2,077,"I-780 W/B","COLUMBUS PKY",1531.00,W,N,C,-,Y,,,,,,,,,,Y,2,0,1,1,A,-,08,22107,,N,E,I,A,B,H,-,A,D,0,,,,,Y,,D,22,1,0,0,0,0,0,0,0,0,"- ","- ",38.045940399169922,-122.11489868164062,SOLANO,BENICIA,,
90998541,2019,2019-05-29,9365,2019-05-18,0545,019051,,6,3,5,4803,0,1,1,,2,083,"I-80 W/B","SUISUN VALLEY RD",6864.00,E,N,B,-,Y,,,,,,,,,,Y,4,0,2,2,A,-,07,21658,A,N,D,C,A,A,H,-,A,D,0,,,,,Y,,A,01,0,0,2,0,0,0,0,0,0,"- ","- ",38.135181427001953,-122.06472015380859,SOLANO,FAIRFIELD,-122.10878753662109,38.232894897460938
9099938,2020,2020-08-18,4807,2020-04-28,1157,731,VALLE,2,5,6,4807,0,0,0,,0,005,"FLORIDA ST","TUOLUMNE ST",0.00,,Y,A,-,N,,,,,,,,,,,4,0,1,2,A,-,12,21453,A,N,D,C,A,A,H,-,A,B,0,,,Y,,Y,,C,02,0,0,1,0,0,0,0,0,1,"- ","- ",38.104831695556641,-122.23825836181641,SOLANO,VALLEJO,-122.23821258544922,38.104808807373047
91002233,2019,2019-06-03,9365,2019-06-02,1445,017805,,7,2,9,4800,0,1,A,,2,030,"GATES CANYON RD.","PLEASANTS VALLEY RD.",15840.00,N,N,A,-,N,,,,,,,,,,Y,4,0,1,1,A,-,08,22107,,N,F,A,A,A,H,-,A,D,0,,,Y,,Y,,C,02,0,0,1,0,0,0,0,0,1,"- ","- ",38.389671325683594,-122.0789794921875,SOLANO,UNINCORPORATED,-122.02561950683594,38.376220703125
91002244,2019,2019-06-03,9365,2019-05-31,1410,017805,,5,2,5,4803,0,1,1,,2,084,"I-80 E/B","AIRBASE PKWY",600.00,E,N,A,-,Y,,,80,,,,,,E,N,4,0,1,2,A,-,03,22350,,N,C,C,A,A,H,-,A,D,0,,,,,Y,,A,07,0,0,1,0,0,0,0,0,0,"- ","- ",38.274749755859375,-122.04831695556641,SOLANO,FAIRFIELD,-122.04836273193359,38.274784088134766
91002318,2019,2019-06-03,9365,2019-05-31,1358,020068,,5,1,9,4800,0,1,1,,2,083,"ABERNATHY RD","ROCKVILLE RD",0.00,,Y,A,-,N,,,,,,,,,,Y,4,0,1,2,A,-,09,21803,A,N,D,C,A,A,H,-,A,A,0,,,Y,,Y,,A,01,0,0,1,0,0,0,0,0,1,"- ","- ",38.245998382568359,-122.09059906005859,SOLANO,UNINCORPORATED,-122.090599,38.245998
9100413,2020,2020-07-22,4807,2020-02-17,1555,658,VALLE,1,5,6,4807,0,0,0,,0,002,"GEORGIA ST","STEFFAN ST",0.00,,Y,A,-,N,,,,,,,,,,N,3,0,2,2,A,-,09,21801,A,N,D,C,A,A,H,-,A,A,0,,,,,Y,,A,01,0,1,1,0,0,0,0,0,0,"- ","- ",38.100841522216797,-122.22850036621094,SOLANO,VALLEJO,-122.22849273681641,38.10076904296875
91004204,2019,2019-06-05,9365,2019-05-02,0515,015293,,4,3,6,4807,0,1,1,,2,080,"SONOMA BOULEVARD TO I-80 W/B","MARITIME WAY",500.00,S,N,A,-,Y,,,,,,,,,,Y,2,0,1,2,A,-,01,23152,A,F,E,I,A,A,H,-,C,D,0,,,,,Y,Y,A,01,1,0,0,0,0,0,0,0,0,"- ","- ",38.076450347900391,-122.23284149169922,SOLANO,VALLEJO,,
9100429,2020,2020-11-03,4805,2020-03-14,2042,5L102,4805,6,5,4,4805,0,0,0,,0,003,"RT 12","WALTERS RD",0.00,,Y,B,-,Y,SOL,4,12,-,-,7.474,H,-,W,Y,4,0,3,2,A,-,09,21804,A,N,A,C,A,B,H,-,C,A,0,,,,,Y,,A,01,0,0,3,0,0,0,0,0,0,"- ","- ",38.240238189697266,-121.98983764648438,SOLANO,"SUISUN CITY",-121.98969268798828,38.240303039550781
9100505,2019,2020-08-07,4807,2019-12-08,0538,720,VALLE,7,5,6,4807,0,0,0,,0,003,"GLEN COVE PKWY","ROBLES WY",158.00,S,N,A,-,N,,,,,,,,,,N,4,0,1,1,A,-,08,22107,,N,E,I,A,B,H,-,C,D,0,,,,,Y,,A,01,0,0,1,0,0,0,0,0,0,"- ","- ",,,SOLANO,VALLEJO,-122.21243286132812,38.083591461181641
91006428,2019,2019-08-13,9365,2019-05-29,2109,019458,,3,2,5,4806,0,1,1,,2,087,"I-80 E/B","LEISURE TOWN RD",2481.00,E,N,A,-,Y,,,80,,,,,,E,Y,2,0,3,2,A,-,03,22350,,N,C,C,A,A,H,-,C,D,0,,,,,Y,,A,07,1,1,1,0,0,0,0,0,0,"- ","- ",38.392921447753906,-121.92752838134766,SOLANO,VACAVILLE,-121.92754364013672,38.392940521240234
91007868,2019,2019-06-11,9365,2019-06-06,1203,016919,,4,1,5,4803,0,1,1,,2,083,"I-80 W/B","SR-12 (RIO VISTA)",2112.00,W,N,A,-,Y,,,,,,,,,,Y,3,0,2,2,A,-,08,22107,,N,E,I,A,A,H,-,A,D,0,,,,Y,Y,,A,01,0,1,1,0,0,0,0,0,0,"- ","- ",38.237308502197266,-122.09899139404297,SOLANO,FAIRFIELD,,
91008021,2019,2019-06-11,9365,2019-06-03,1840,017747,,1,2,5,4803,0,1,1,,2,084,"I-80 E/B","TRAVIS BLVD",2112.00,E,N,A,-,Y,,,80,,,,,,E,N,3,0,1,2,A,-,03,22350,,N,C,C,A,A,C,-,A,D,0,,,Y,,Y,,C,02,0,1,0,0,0,0,0,0,1,"- ","- ",38.262699127197266,-122.05850219726562,SOLANO,FAIRFIELD,-122.05854797363281,38.262741088867188
91011449,2019,2019-07-09,9365,2019-06-10,1153,019195,,1,1,9,4800,0,1,3,,2,121,"SR-12 W/B","RED TOP RD",580.00,W,N,A,-,Y,,,12,,,,,,W,Y,4,0,3,3,A,-,07,21658,A,N,D,C,A,A,H,-,A,D,0,,,,,Y,,D,22,0,0,3,0,0,0,0,0,0,"- ","- ",38.207660675048828,-122.15882873535156,SOLANO,UNINCORPORATED,-122.15882873535156,38.2076416015625
91013891,2019,2019-06-20,9365,2019-06-11,0445,018634,,2,3,9,4800,0,1,1,,2,086,"I-80 W/B","CHERRY GLEN RD",528.00,E,N,A,-,Y,,,80,,,,,,W,Y,2,0,1,1,A,-,08,22107,,N,E,I,A,A,H,-,C,D,0,,,,,Y,,A,08,1,0,0,0,0,0,0,0,0,"- ","- ",38.327800750732422,-122.02262878417969,SOLANO,UNINCORPORATED,-122.02252960205078,38.327739715576172
91014460,2019,2019-06-20,9365,2019-06-15,2006,019927,,6,2,9,4800,0,1,1,,2,086,"I-80 E/B","MERIDIAN RD",2376.00,E,N,A,-,Y,,,80,,,,,,E,Y,3,0,1,2,A,-,21,22106,,N,B,C,A,A,H,-,A,D,0,,,Y,,Y,,C,02,0,1,0,0,0,0,0,0,1,"- ","- ",38.408439636230469,-121.90609741210938,SOLANO,UNINCORPORATED,-121.90660858154297,38.409107208251953
91016019,2019,2019-06-24,9365,2019-06-17,0700,019058,,1,1,5,4803,0,1,1,,2,085,"INTERSTATE 80 WESTBOUND","AIR BASE PARKWAY",300.00,E,N,A,-,Y,,,,,,,,,,Y,4,0,2,4,A,-,03,22350,,N,C,C,A,A,H,-,A,D,0,,,,,Y,,A,07,0,0,2,0,0,0,0,0,0,"- ","- ",38.162708282470703,-122.02568054199219,SOLANO,FAIRFIELD,-122.04981994628906,38.273441314697266
91017156,2019,2019-06-25,9365,2019-06-12,2108,018803,,3,2,9,4800,0,3,5,,2,020,"SUISUN VALLEY RD","JOYCE LN",1584.00,N,N,A,-,N,,,,,,,,,,Y,4,0,1,1,A,-,08,22107,,N,E,I,A,A,H,-,D,D,0,,,,,Y,Y,A,01,0,0,1,0,0,0,0,0,0,"- ","- ",38.304119110107422,-122.12850189208984,SOLANO,UNINCORPORATED,-122.12876129150391,38.3062744140625
91017954,2019,2019-06-26,9365,2019-06-21,1550,020281,,5,2,6,4807,0,1,3,,2,370,"SR-37 E/B","WILSON AVE U/C",223.00,E,N,A,-,Y,,,37,,,,,,E,N,4,0,1,2,A,-,03,22350,,N,C,C,A,A,H,-,A,D,0,,,,,Y,,A,01,0,0,1,0,0,0,0,0,0,"- ","- ",38.122440338134766,-122.27484130859375,SOLANO,VALLEJO,-122.27483367919922,38.122428894042969
9102036,2020,2021-08-16,4807,2020-03-11,1502,719,VALLE,3,5,6,4807,0,0,0,,0,005,"SONOMA BL","ILLINOIS ST",0.00,,Y,A,-,Y,SOL,4,29,-,-,2.880,I,5,S,N,4,0,1,2,A,-,09,21802,A,N,D,C,A,A,H,-,A,D,0,,,,,Y,,A,01,0,0,1,0,0,0,0,0,0,"- ","- ",38.111968994140625,-122.25469970703125,SOLANO,VALLEJO,-122.25473022460938,38.110877990722656
91021735,2019,2019-07-01,9365,2019-06-22,0950,020981,,6,1,9,4800,0,1,1,,2,081,"I-80 W/B","AMERICAN CANYON RD",3960.00,W,N,A,-,Y,,,,,,,,,,Y,3,0,4,1,A,-,08,22107,,N,E,I,A,A,H,-,A,D,0,,,,,Y,,A,08,0,2,2,0,0,0,0,0,0,"- ","- ",38.159969329833984,-122.21134948730469,SOLANO,UNINCORPORATED,-122.21000671386719,38.161933898925781
91024988,2019,2019-07-05,9365,2019-06-28,1743,019299,,5,2,9,4800,0,1,3,,2,113,"SR-113 S/B","I-80 W/B",1000.00,N,N,A,-,Y,,,,,,,,,,Y,3,0,2,1,A,-,08,22107,,N,F,A,A,A,H,-,A,D,0,,,,,Y,,A,01,0,1,1,0,0,0,0,0,0,"- ","- ",38.525199890136719,-121.76898956298828,SOLANO,UNINCORPORATED,,
91025303,2019,2019-07-05,9365,2019-07-01,1755,019458,,1,2,9,4800,0,1,3,,2,121,"SR-12 E/B","SPURS TRAIL",300.00,E,N,A,-,Y,,,12,,,,,,E,N,4,0,1,3,A,-,03,22350,,N,C,C,A,A,H,-,A,D,0,,,,,Y,,D,22,0,0,1,0,0,0,0,0,0,"- ","- ",38.208351135253906,-122.18592071533203,SOLANO,UNINCORPORATED,-122.18592071533203,38.2083740234375
91026129,2019,2019-07-08,9365,2019-07-02,1400,017747,,2,2,5,4806,0,1,1,,2,086,"I-80 E/B","PENA ADOBE RD",1056.00,E,N,A,-,Y,,,80,,,,,,E,Y,4,0,1,2,A,-,03,22350,,N,C,C,A,A,H,-,A,D,0,,,,,Y,,A,01,0,0,1,0,0,0,0,0,0,"- ","- ",38.338298797607422,-122.01519775390625,SOLANO,VACAVILLE,-122.01524353027344,38.338336944580078
91026591,2019,2019-07-08,9365,2019-07-02,0655,016919,,2,1,9,4800,0,1,1,,2,680,"I-680 S/B","PARISH RD",3168.00,N,N,A,-,Y,,,680,,,,,,S,Y,4,0,1,2,A,-,03,22350,,N,C,C,A,A,H,-,A,D,0,,,,,Y,,A,01,0,0,1,0,0,0,0,0,0,"- ","- ",38.124481201171875,-122.10682678222656,SOLANO,UNINCORPORATED,-122.10692596435547,38.124465942382812
91026597,2019,2019-07-08,9365,2019-07-01,1850,019458,,1,2,9,4800,0,1,3,,2,121,"SR-12 E/B","RED TOP RD",2112.00,W,N,A,-,Y,,,12,,,,,,E,Y,4,0,1,2,A,-,03,22350,,N,C,C,A,A,H,-,A,D,0,,,,,Y,,A,01,0,0,1,0,0,0,0,0,0,"- ","- ",38.207561492919922,-122.16319274902344,SOLANO,UNINCORPORATED,-122.16319274902344,38.207656860351562
91027336,2019,2019-07-09,9365,2019-07-03,1500,020428,,3,2,5,4803,0,1,1,,2,084,"I-80 E/B","AIR BASE PKWY",3000.00,W,N,A,-,Y,,,80,,,,,,E,N,4,0,1,2,A,-,03,22350,,N,C,C,A,A,H,-,A,D,0,,,,,Y,,A,07,0,0,1,0,0,0,0,0,0,"- ","- ",38.266361236572266,-122.05560302734375,SOLANO,FAIRFIELD,-122.05553436279297,38.266304016113281
91028641,2019,2019-07-10,9365,2019-06-30,0325,017736,,7,3,9,4800,0,1,1,,2,088,"I-80 W/B","PEDRICK RD",2692.00,W,N,A,-,Y,,,,,,,,,,Y,2,0,1,1,A,-,08,22107,,N,E,I,A,A,H,-,D,D,0,,,,,Y,Y,A,01,1,0,0,0,0,0,0,0,0,"- ","- ",38.291481018066406,-121.48384857177734,SOLANO,UNINCORPORATED,-121.81047058105469,38.483623504638672
91029547,2019,2019-07-12,9365,2019-07-07,2020,020615,,7,2,5,4806,0,1,1,,2,086,"I-80 W/B","LEISURE TOWN RD",3025.00,W,N,A,-,Y,,,80,,,,,,W,N,2,0,1,2,A,-,03,22350,,N,C,C,A,A,H,-,B,D,0,,,Y,,Y,,C,02,1,0,0,0,0,0,0,0,1,"- ","- ",38.379348754882812,-121.94602203369141,SOLANO,VACAVILLE,-121.94602966308594,38.379360198974609
91031916,2019,2019-07-16,9365,2019-07-08,0022,021033,,1,3,6,4807,0,2,S,,2,901,"ASCOT PKWY","TURNER PKWY",184.00,S,N,A,-,N,,,,,,,,,,Y,4,0,3,2,A,-,07,21658,A,N,C,C,A,A,H,-,C,D,0,,,,,Y,,A,01,0,0,3,0,0,0,0,0,0,"- ","- ",38.130359649658203,-122.21070861816406,SOLANO,VALLEJO,-122.21077728271484,38.130485534667969
91032593,2019,2019-07-17,9365,2019-07-12,1455,018954,,5,2,9,4800,0,1,A,,2,030,"WEBER RD","LEWIS RD",0.00,,Y,A,-,N,,,,,,,,,,Y,3,0,1,2,A,-,12,22450,A,N,D,C,A,A,H,-,A,A,0,,,,,Y,,A,01,0,1,0,0,0,0,0,0,0,"- ","- ",38.402400970458984,-121.89669799804688,SOLANO,UNINCORPORATED,-121.89666748046875,38.402420043945312