CASE_ID,ACCIDENT_YEAR,PROC_DATE,JURIS,COLLISION_DATE,COLLISION_TIME,OFFICER_ID,REPORTING_DISTRICT,DAY_OF_WEEK,CHP_SHIFT,POPULATION,CNTY_CITY_LOC,SPECIAL_COND,BEAT_TYPE,CHP_BEAT_TYPE,CITY_DIVISION_LAPD,CHP_BEAT_CLASS,BEAT_NUMBER,PRIMARY_RD,SECONDARY_RD,DISTANCE,DIRECTION,INTERSECTION,WEATHER_1,WEATHER_2,STATE_HWY_IND,CALTRANS_COUNTY,CALTRANS_DISTRICT,STATE_ROUTE,ROUTE_SUFFIX,POSTMILE_PREFIX,POSTMILE,LOCATION_TYPE,RAMP_INTERSECTION,SIDE_OF_HWY,TOW_AWAY,COLLISION_SEVERITY,NUMBER_KILLED,NUMBER_INJURED,PARTY_COUNT,PRIMARY_COLL_FACTOR,PCF_CODE_OF_VIOL,PCF_VIOL_CATEGORY,PCF_VIOLATION,PCF_VIOL_SUBSECTION,HIT_AND_RUN,TYPE_OF_COLLISION,MVIW,PED_ACTION,ROAD_SURFACE,ROAD_COND_1,ROAD_COND_2,LIGHTING,CONTROL_DEVICE,CHP_ROAD_TYPE,PEDESTRIAN_ACCIDENT,BICYCLE_ACCIDENT,MOTORCYCLE_ACCIDENT,TRUCK_ACCIDENT,NOT_PRIVATE_PROPERTY,ALCOHOL_INVOLVED,STWD_VEHTYPE_AT_FAULT,CHP_VEHTYPE_AT_FAULT,COUNT_SEVERE_INJ,COUNT_VISIBLE_INJ,COUNT_COMPLAINT_PAIN,COUNT_PED_KILLED,COUNT_PED_INJURED,COUNT_BICYCLIST_KILLED,COUNT_BICYCLIST_INJURED,COUNT_MC_KILLED,COUNT_MC_INJURED,PRIMARY_RAMP,SECONDARY_RAMP,LATITUDE,LONGITUDE,COUNTY,CITY,POINT_X,POINT_Y
91514538,2021,2021-07-07,9365,2021-06-30,0649,017705,,3,1,5,4806,0,1,1,,2,086,"I-80 WESTBOUND","DAVIS STREET (U/C)",100.00,W,N,A,-,Y,,,80,,,,,,W,N,4,0,2,2,A,-,03,22350,,N,C,C,A,A,H,-,A,D,0,,,,,Y,,A,01,0,0,2,0,0,0,0,0,0,"- ","- ",38.350349426269531,-121.98773956298828,SOLANO,VACAVILLE,-121.98767852783203,38.350200653076172
91518402,2021,2021-07-12,9365,2021-07-01,1751,018803,,4,2,9,4800,0,3,5,,2,020,"CORDELIA ROAD","RITCHIE RD",15.00,W,N,A,-,N,,,,,,,,,,Y,4,0,1,2,A,-,03,22350,,N,C,C,A,A,H,-,A,A,0,,,,,Y,,A,01,0,0,1,0,0,0,0,0,0,"- ","- ",38.210918426513672,-122.13318634033203,SOLANO,UNINCORPORATED,-122.13324737548828,38.211009979248047
91518933,2021,2021-07-13,9365,2021-07-02,1510,019815,,5,2,9,4800,0,1,A,,2,030,"LEWIS RD","HAWKINS RD",680.00,S,N,A,-,Y,,,,,,,,,,Y,3,0,1,1,A,-,08,22107,,N,E,I,A,A,H,-,A,D,0,,,,,Y,,A,08,0,1,0,0,0,0,0,0,0,"- ","- ",38.355171203613281,-121.89688873291016,SOLANO,UNINCORPORATED,-121.8968505859375,38.357013702392578
91519955,2021,2021-11-18,9365,2021-07-04,1411,019109,,7,2,6,4807,0,1,1,,2,080,"I-80 EASTBOUND","TOLL PLAZA",500.00,W,N,A,-,Y,,,80,,,,,,E,Y,2,0,1,3,A,-,07,21658,A,N,B,2,A,A,H,-,A,A,0,,,,,Y,,A,01,1,0,0,0,0,0,0,0,0,"- ","- ",38.064838409423828,-122.22547912597656,SOLANO,VALLEJO,-122.22554779052734,38.064834594726562
91519977,2021,2021-07-14,9365,2021-07-09,0700,017163,,5,1,9,4800,0,1,1,,2,089,"I-80 W/B","PEDRICK RD",4013.00,W,N,A,-,Y,,,80,,,,,,W,Y,3,0,1,3,A,-,03,22350,,N,C,C,A,A,H,-,A,D,0,,,,,Y,,D,22,0,1,0,0,0,0,0,0,0,"- ","- ",38.480949401855469,-121.81387329101562,SOLANO,UNINCORPORATED,-121.81388092041016,38.480960845947266
91520395,2021,2021-07-14,9365,2021-07-13,0645,015293,,2,1,4,4801,0,1,1,,2,077,"I-780 E/B TO I-680 S/B","PARK ROAD UNDERCROSSING",300.00,E,N,A,-,Y,,,780,,,,R,,E,Y,3,0,1,2,A,-,07,21658,A,N,B,2,A,A,H,-,A,D,0,,,,,Y,,A,01,0,1,0,0,0,0,0,0,0,"- ","- ",38.050361633300781,-122.13265991210938,SOLANO,BENICIA,-122.13265991210938,38.050361633300781
91521475,2021,2021-07-15,9365,2021-07-13,0540,015293,,2,3,6,4807,0,1,1,,2,080,"I-80 W/B","SONOMA BLVD OFFRAMP FROM I-80 E/B UNDERCROSSING",100.00,W,N,A,-,Y,,,80,,,,,,W,Y,3,0,2,4,A,-,03,22350,,N,C,C,A,A,D,-,D,D,0,,,,,Y,,A,01,0,2,0,0,0,0,0,0,0,"- ","- ",38.075111389160156,-122.231201171875,SOLANO,VALLEJO,-122.23126220703125,38.075065612792969
91523418,2021,2021-07-19,9365,2021-07-10,1915,020972,,6,2,5,4803,0,1,1,,2,084,"I-80 WB","SR-12 RIO VISTA",100.00,W,N,A,-,Y,,,80,,,,,,W,Y,2,0,5,1,A,-,08,22107,,N,E,J,A,A,H,-,A,D,0,,,,,Y,,A,07,2,3,0,0,0,0,0,0,0,"- ","- ",38.239921569824219,-122.09265899658203,SOLANO,FAIRFIELD,-122.09265899658203,38.239917755126953
91524922,2021,2021-07-20,9365,2021-07-20,0750,017805,,2,1,6,4807,0,1,3,,2,370,"SR-37 WB","WALNUT AVE",2000.00,E,N,A,B,Y,,,37,,,,,,W,N,4,0,1,2,A,-,03,22350,,N,C,C,A,A,H,-,A,D,0,,,,,Y,,A,07,0,0,1,0,0,0,0,0,0,"- ","- ",38.119548797607422,-122.28282165527344,SOLANO,VALLEJO,-122.28279876708984,38.119491577148438
91525771,2021,2021-07-21,9365,2021-07-06,0600,015293,,2,1,4,4801,0,1,1,,2,077,"I-780 W/B","5TH STREET UNDERCROSSING",500.00,E,N,B,-,Y,,,780,,,,,,W,Y,3,0,1,1,A,-,08,22107,,N,E,8,A,A,H,-,A,D,0,,,,,Y,,A,07,0,1,0,0,0,0,0,0,0,"- ","- ",38.051929473876953,-122.14412689208984,SOLANO,BENICIA,-122.14419555664062,38.051868438720703
91525857,2021,2021-07-21,9365,2021-07-17,0155,021157,,6,3,4,4801,0,1,1,,2,077,"I-780 W/B","W K STREET",1120.00,W,N,A,-,Y,,,780,,,,,,W,Y,3,0,1,1,A,-,01,23152,A,N,E,I,A,A,H,-,C,D,0,,,,,Y,Y,A,01,0,1,0,0,0,0,0,0,0,"- ","- ",38.071460723876953,-122.18528747558594,SOLANO,BENICIA,-122.18538665771484,38.071380615234375
91526291,2021,2021-07-22,9365,2021-07-12,1255,017654,,1,1,9,4800,0,3,5,,2,040,"ROBBEN ROAD","MIDWAY RD",15.00,N,N,A,-,N,,,,,,,,,,N,4,0,1,2,A,-,08,22107,,N,B,C,A,A,H,-,A,D,0,,,,Y,Y,,F,25,0,0,1,0,0,0,0,0,0,"- ","- ",38.416339874267578,-121.78592681884766,SOLANO,UNINCORPORATED,-121.78597259521484,38.416362762451172
91528970,2021,2021-07-26,9365,2021-07-16,1500,020972,,5,2,6,4807,0,1,1,,2,080,"I-80 WB","SOLANO AVE.",1000.00,W,N,A,-,Y,,,80,,,,,,W,Y,3,0,2,1,A,-,08,22107,,N,E,J,A,A,H,-,A,D,0,,,,,Y,,A,07,0,1,1,0,0,0,0,0,0,"- ","- ",38.103710174560547,-122.22981262207031,SOLANO,VALLEJO,-122.22983551025391,38.103710174560547
91529613,2021,2021-07-27,9365,2021-07-22,1939,022560,,4,2,9,4800,0,1,1,,2,080,"BENICIA RD","LEMON ST",300.00,W,N,A,-,N,,,,,,,,,,Y,4,0,2,2,A,-,03,22350,,N,C,E,A,A,H,-,A,D,0,,,,,Y,,A,01,0,0,2,0,0,0,0,0,0,"- ","- ",38.095138549804688,-122.23174285888672,SOLANO,UNINCORPORATED,-122.23196411132812,38.095191955566406
91529704,2021,2021-07-27,9365,2021-07-24,0645,016919,,6,1,4,4801,0,1,1,,2,681,"I-680 N/B","LAKE HERMAN RD O/C",2640.00,S,N,A,-,Y,,,680,,,,,,N,Y,3,0,1,2,A,-,07,21658,A,N,B,C,A,A,H,-,A,D,0,,,,,Y,,A,01,0,1,0,0,0,0,0,0,0,"- ","- ",38.079929351806641,-122.11772155761719,SOLANO,BENICIA,-122.11775207519531,38.079967498779297
91530037,2021,2021-07-27,9365,2021-07-25,1916,021598,,7,2,9,4800,0,1,3,,2,370,"SR-37 W/B","SKAGGS ISLAND ROAD",50.00,E,N,A,-,Y,,,37,,,,,,W,Y,4,0,1,2,A,-,08,22107,,N,D,C,A,A,H,-,A,D,0,,,,,Y,,A,08,0,0,1,0,0,0,0,0,0,"- ","- ",38.148750305175781,-122.38053131103516,SOLANO,UNINCORPORATED,-122.38056182861328,38.148681640625
91530455,2021,2021-07-28,9365,2021-07-16,0320,017736,,5,3,5,4803,0,1,1,,2,084,"I-80 WESTBOUND","WATERMAN BLVD",4699.00,E,N,A,-,Y,,,80,,,,,,W,Y,3,0,1,1,C,-,18,,,N,E,8,A,B,H,-,D,D,0,,,,,Y,,-,"- ",0,1,0,0,0,0,0,0,0,"- ","- ",38.284259796142578,-122.040771484375,SOLANO,FAIRFIELD,-122.04071044921875,38.284206390380859
91530729,2021,2021-07-28,9365,2021-07-23,1720,021609,,5,2,6,4807,0,1,1,,2,080,"I-80 W/B","GEORGIA ST",528.00,E,N,A,-,Y,,,80,,,,,,W,Y,4,0,2,2,A,-,03,22350,,N,C,C,A,A,H,-,A,D,0,,,,,Y,,A,01,0,0,2,0,0,0,0,0,0,"- ","- ",38.102088928222656,-122.2298583984375,SOLANO,VALLEJO,-122.2298583984375,38.102088928222656
91531064,2021,2021-07-28,9365,2021-07-28,1010,016919,,3,1,9,4800,0,1,1,,2,680,"I-680 S/B","MARSHVIEW RD",1056.00,S,N,A,-,Y,,,680,,,,,,S,Y,4,0,1,2,A,-,03,22350,,N,C,C,A,A,H,-,A,D,0,,,,,Y,,A,07,0,0,1,0,0,0,0,0,0,"- ","- ",38.145061492919922,-122.10994720458984,SOLANO,UNINCORPORATED,-122.10997772216797,38.145050048828125
9153127,2020,2020-10-29,4803,2020-08-26,0702,1691,,3,5,5,4803,0,0,0,,0,00S,"WEST TEXAS ST","CURTIS DR",62.00,E,N,A,-,N,,,,,,,,,,N,4,0,2,2,A,-,08,22107,,N,D,C,A,A,H,-,A,D,0,,,,,Y,,D,22,0,0,2,0,0,0,0,0,0,"- ","- ",38.249309539794922,-122.05767059326172,SOLANO,FAIRFIELD,-122.0574951171875,38.249271392822266
91534542,2021,2021-08-02,9365,2021-07-23,1325,021609,,5,1,6,4807,0,1,1,,2,077,"I-780 W/B",I-80,528.00,E,N,A,-,Y,,,780,,,,,,W,Y,3,0,1,2,A,-,03,22350,,N,C,C,A,A,H,-,A,D,0,,,,,Y,,A,01,0,1,0,0,0,0,0,0,0,"- ","- ",38.090888977050781,-122.22772216796875,SOLANO,VALLEJO,-122.22772216796875,38.090885162353516
91535851,2021,2021-08-03,9365,2021-07-30,1026,017508,,5,1,9,4800,0,1,3,,2,113,"SR1-113 SB",SR-12,310.00,N,N,A,-,N,,,113,,,,,,S,N,3,0,1,2,A,-,03,22350,,N,C,C,A,A,H,-,A,D,0,,,,,Y,,A,01,0,1,0,0,0,0,0,0,0,"- ","- ",38.184970855712891,-121.80628967285156,SOLANO,UNINCORPORATED,-121.806286,38.184609999999999
9153711,2020,2020-11-14,4806,2020-09-03,1936,457,802,4,5,5,4806,0,0,0,,0,008,"DAVIS ST","STEVENSON ST",0.00,,Y,A,-,N,,,,,,,,,,,3,0,1,2,A,-,09,21804,A,N,D,G,A,A,H,-,B,A,0,,Y,,,Y,Y,L,04,0,1,0,0,0,0,1,0,0,"- ","- ",38.353889465332031,-121.98636627197266,SOLANO,VACAVILLE,-121.98634338378906,38.353908538818359
9154056,2020,2020-11-20,4806,2020-08-19,1917,699,,3,5,5,4806,0,0,0,,0,,"YOUNGSDALE DR","SILVERTOP WY",10.00,E,N,F,-,N,,,,,,,,,,N,3,0,2,2,A,-,12,22450,A,N,D,C,A,A,H,-,A,A,0,,,,,Y,,A,01,0,1,1,0,0,0,0,0,0,"- ","- ",38.325271606445312,-121.96240997314453,SOLANO,VACAVILLE,-121.96232604980469,38.325241088867188
91541228,2021,2021-08-10,9365,2021-08-03,0715,019195,,2,1,9,4800,0,1,1,,2,084,"I-80 W/B","LAGOON VALLEY RD O/C",4963.00,W,N,A,-,Y,,,80,,,,,,W,Y,3,0,1,3,A,-,08,22107,,N,B,4,A,A,H,-,A,D,0,,,,,Y,,A,01,0,1,0,0,0,0,0,0,0,"- ","- ",38.313179016113281,-122.03307342529297,SOLANO,UNINCORPORATED,-122.03298187255859,38.313156127929688
91541736,2021,2021-08-10,9365,2021-08-07,1440,021674,,6,2,9,4800,0,1,3,,2,370,"SR-37 W/B","SKAGGS ISLAND RD",7920.00,W,N,A,-,Y,,,37,,,,,,W,Y,4,0,1,2,A,-,03,22350,,N,C,C,A,A,H,-,A,D,0,,,,,Y,,A,07,0,0,1,0,0,0,0,0,0,"- ","- ",38.15570068359375,-122.40683746337891,SOLANO,UNINCORPORATED,-122.40684509277344,38.155643463134766
91542354,2021,2021-08-11,9365,2021-08-10,1550,019299,,2,2,9,4800,0,1,1,,2,089,"I-80 E/B","RICHARDS BLVD O/C",450.00,W,N,A,-,Y,,,80,,,,,,E,Y,3,0,1,3,A,-,03,22350,,N,C,C,A,A,H,-,A,D,0,,,,,Y,,A,01,0,1,0,0,0,0,0,0,0,"- ","- ",38.538669586181641,-121.73719024658203,SOLANO,UNINCORPORATED,-121.73715972900391,38.53863525390625
91545507,2021,2021-08-16,9365,2021-08-08,0150,021853,,7,3,9,4800,0,1,1,,2,085,"I-80 W/B","CHERRY GLEN RD",1056.00,W,N,A,-,Y,,,80,,,,,,W,Y,3,0,1,1,A,-,01,23152,A,N,E,9,A,A,H,-,C,D,0,,,,,Y,Y,A,01,0,1,0,0,0,0,0,0,0,"- ","- ",38.322719573974609,-122.02606201171875,SOLANO,UNINCORPORATED,-122.02596282958984,38.322635650634766
91545583,2021,2021-08-16,9365,2021-08-15,1230,019195,,7,1,9,4800,0,1,3,,2,220,"SR-84 N/B","OXFORD RD",745.00,S,N,B,-,Y,,,84,,,,,,N,Y,3,0,1,1,A,-,08,22107,,N,F,A,A,A,H,-,A,D,0,,,,,Y,,A,07,0,1,0,0,0,0,0,0,0,"- ","- ",38.304080963134766,-121.63054656982422,SOLANO,UNINCORPORATED,-121.630615234375,38.304080963134766
91547319,2020,2021-08-17,9365,2020-09-07,0241,021674,,1,3,9,4800,0,1,1,,2,088,"I-80 WESTBOUND","MIDWAY ROAD",3626.00,E,N,A,-,Y,,,80,,,,,,W,Y,2,0,2,4,C,-,18,,,N,B,C,E,A,H,-,D,D,0,Y,,,,Y,,-,"- ",1,1,0,0,1,0,0,0,0,"- ","- ",38.424228668212891,-121.88701629638672,SOLANO,UNINCORPORATED,-121.88705444335938,38.424274444580078
91547332,2021,2021-08-17,9365,2021-01-15,2500,017163,,5,4,9,4800,0,1,A,,2,030,"HARTLEY RD","ROBINSON RD",0.00,,Y,E,-,N,,,,,,,,,,N,1,1,0,2,A,-,11,21956,A,F,G,B,E,A,H,-,D,D,0,Y,,,,Y,,N,60,0,0,0,1,0,0,0,0,0,"- ","- ",38.423610687255859,-121.94400024414062,SOLANO,UNINCORPORATED,-121.94396209716797,38.423583984375
91547337,2021,2021-08-17,9365,2021-03-12,1837,016919,,5,2,5,4803,0,3,5,,2,020,"ABERNATHY RD","ANDREWS LN",528.00,N,N,A,-,N,,,,,,,,,,Y,1,1,0,2,A,-,01,23152,A,F,C,C,A,A,H,-,B,D,0,,,Y,,Y,Y,A,01,0,0,0,0,0,0,0,1,0,"- ","- ",38.262111663818359,-122.09243011474609,SOLANO,FAIRFIELD,-122.09241485595703,38.261508941650391
91547347,2021,2021-08-17,9365,2021-02-28,1533,019458,,7,2,9,4800,0,1,1,,2,089,"I-80 W/B","SR-113 N/B",2000.00,W,N,A,-,Y,,,80,,,,,,W,Y,1,1,0,1,A,-,01,23152,F,N,E,8,A,A,H,-,A,D,0,,,,,Y,,A,07,0,0,0,0,0,0,0,0,0,"- ","- ",38.517059326171875,-121.77355194091797,SOLANO,UNINCORPORATED,-121.77349853515625,38.517005920410156
91547821,2021,2021-08-18,9365,2021-08-09,1730,020566,,1,2,9,4800,0,3,5,,2,040,"MIDWAY RD","ELIZABETH RD",20.00,S,N,A,-,N,,,,,,,,,,N,3,0,1,2,A,-,03,22350,,N,C,C,A,A,H,-,A,D,0,,,,,Y,,D,22,0,1,0,0,0,0,0,0,0,"- ","- ",38.819801330566406,-121.02760314941406,SOLANO,UNINCORPORATED,-121.90901184082031,38.417030334472656
91548251,2021,2021-08-18,9365,2021-08-17,0945,019195,,2,1,5,4803,0,1,1,,2,083,"I-80 W/B","SUISUN VALLEY RD",1373.00,E,N,F,-,Y,,,80,,,,,,W,N,3,0,1,3,A,-,08,22107,,N,B,C,A,A,H,-,A,D,0,,,,,Y,,A,01,0,1,0,0,0,0,0,0,0,"- ","- ",38.22528076171875,-122.12528228759766,SOLANO,FAIRFIELD,-122.12528228759766,38.22528076171875
91549354,2021,2021-08-19,9365,2021-08-13,2310,020217,,5,3,4,4801,0,1,1,,2,077,"I-780 E/B TO I-680 N/B","PARK RD",200.00,E,N,A,-,Y,,,780,,,,R,,E,Y,3,0,1,1,A,-,01,23152,A,N,E,I,A,A,H,-,D,D,0,,,,,Y,Y,A,01,0,1,0,0,0,0,0,0,0,"- ","- ",38.049869537353516,-122.13352966308594,SOLANO,BENICIA,-122.13352966308594,38.049869537353516
9154998,2020,2020-10-22,4807,2020-08-10,1757,672,VALLE,1,5,6,4807,0,0,0,,0,004,"BEACH ST","WALLACE AV",5.00,W,N,A,-,N,,,,,,,,,,Y,3,0,2,1,A,-,08,22107,,N,E,I,A,A,H,-,A,D,0,,,,,Y,,A,01,0,1,1,0,0,0,0,0,0,"- ","- ",38.098140716552734,-122.23609924316406,SOLANO,VALLEJO,-122.23609161376953,38.098102569580078
91550456,2021,2021-08-20,9365,2021-08-15,1545,021466,,7,2,6,4807,0,1,1,,2,080,"I-80 W/B","BENICIA ROAD O/C",65.00,E,N,A,-,Y,,,80,,,,,,W,Y,3,0,1,2,A,-,01,23152,A,N,E,I,A,A,D,-,A,A,0,,,,,Y,Y,A,01,0,1,0,0,0,0,0,0,0,"- ","- ",38.094768524169922,-122.2301025390625,SOLANO,VALLEJO,-122.23001098632812,38.094760894775391
91551301,2021,2021-08-23,9365,2021-08-14,2145,021204,,6,2,9,4800,0,1,3,,2,220,SR-84,"LIBERTY ISLAND RD",0.00,,Y,A,-,Y,,,84,,,,,,,Y,4,0,1,1,A,-,08,22107,,N,E,I,A,A,H,-,D,D,0,,,,,Y,Y,A,01,0,0,1,0,0,0,0,0,0,"- ","- ",38.186641693115234,-121.66325378417969,SOLANO,UNINCORPORATED,-121.66323089599609,38.186622619628906
91551916,2021,2021-08-23,9365,2021-08-11,2021,018803,,3,2,5,4803,0,1,1,,2,083,"I-80 E/B","SUISUN VALLEY RD",1320.00,E,N,A,-,Y,,,80,,,,,,E,Y,4,0,3,3,A,-,03,22350,,N,C,C,A,A,H,-,C,D,0,,,,,Y,,A,01,0,0,3,0,0,0,0,0,0,"- ","- ",38.225410461425781,-122.12445068359375,SOLANO,FAIRFIELD,-122.12444305419922,38.225399017333984
9155256,2020,2020-11-20,4803,2020-09-02,1320,1715,,3,5,5,4803,0,0,0,,0,00W,"OLIVER RD","ROCKVILLE RD",530.00,N,N,A,-,N,,,,,,,,,,N,4,0,1,2,A,-,03,22350,,N,C,C,A,A,H,-,A,D,0,,,,,Y,,A,01,0,0,1,0,0,0,0,0,0,"- ","- ",38.249839782714844,-122.07042694091797,SOLANO,FAIRFIELD,-122.06941223144531,38.251007080078125
91552581,2021,2021-08-24,9365,2021-08-18,1540,017309,,3,2,5,4803,0,1,1,,2,084,"I-80 EASTBOUND OFF TO EASTBOUND TRAVIS BLVD.","TRAVIS BLVD",16.00,S,N,A,-,Y,,,80,,,,R,,E,Y,4,0,1,2,A,-,03,22350,,N,C,C,A,A,H,-,A,D,0,,,,,Y,,A,07,0,0,1,0,0,0,0,0,0,"- ","- ",38.258041381835938,-122.06073760986328,SOLANO,FAIRFIELD,-122.06073760986328,38.258041381835938
91559560,2021,2021-08-31,9365,2021-08-21,2035,021609,,6,2,4,4801,0,1,1,,2,077,"I-780 W/B","SONOMA BL",2112.00,W,N,A,-,Y,,,780,,,,,,W,Y,3,0,1,2,A,-,03,22350,,M,C,C,A,A,H,-,D,D,0,,,,,Y,,A,01,0,1,0,0,0,0,0,0,0,"- ","- ",38.066268920898438,-122.17141723632812,SOLANO,BENICIA,-122.17142486572266,38.066265106201172
91559800,2021,2021-08-31,9365,2021-08-23,0935,014687,,1,1,9,4800,0,1,1,,2,089,"I-80 W/B","RICHARDS BLVD.",2500.00,W,N,A,-,Y,,,80,,,,,,W,Y,3,0,1,2,A,-,07,21658,A,N,E,I,A,A,H,-,A,D,0,,,,,Y,,A,01,0,1,0,0,0,0,0,0,0,"- ","- ",38.533210754394531,-121.74416351318359,SOLANO,UNINCORPORATED,-121.74421691894531,38.533309936523438
91560578,2021,2021-09-01,9365,2021-08-23,1627,017309,,1,2,9,4800,0,1,A,,2,030,"MIDWAY ROAD","I-505 N/B  MIDWAY OFF RAMP",0.00,,Y,A,-,N,,,,,,,,,,N,3,0,1,2,A,-,09,21802,A,N,E,A,A,A,H,-,A,D,0,,,Y,,Y,,A,01,0,1,0,0,0,0,0,0,1,"- ","- ",38.417041778564453,-121.94390869140625,SOLANO,UNINCORPORATED,-121.943822,38.417054
91563822,2021,2021-09-07,9365,2021-08-27,1350,017309,,5,1,9,4800,0,3,5,,2,020,"E RYER ROAD","J-MACK FERRY",5280.00,S,N,A,-,N,,,,,,,,,,Y,4,0,1,1,A,-,08,22107,,N,E,I,A,A,H,-,A,D,0,,,,,Y,,A,08,0,0,1,0,0,0,0,0,0,"- ","- ",38.221649169921875,-121.6033935546875,SOLANO,UNINCORPORATED,-121.60326385498047,38.222446441650391
91563835,2021,2021-09-07,9365,2021-08-16,2350,021853,,1,3,6,4807,0,1,1,,2,080,"I-80 EASTBOUND TO TENNESSEE","TENNESSEE ST",550.00,E,N,A,-,Y,,,80,,,,R,,E,Y,4,0,1,1,A,-,03,22350,,N,E,9,A,A,H,-,C,D,0,,,,,Y,,A,01,0,0,1,0,0,0,0,0,0,"- ","- ",38.111251831054688,-122.22901153564453,SOLANO,VALLEJO,-122.22901153564453,38.111251831054688
91564728,2021,2021-09-07,9365,2021-08-31,2342,018192,,2,3,9,4800,0,1,1,,2,089,"I-80 E/B","PEDRICK ROAD",200.00,W,N,B,-,Y,,,,,,,,,,Y,2,0,2,2,A,-,01,23152,A,N,E,C,A,A,H,-,C,D,0,,,,,Y,Y,D,22,2,0,0,0,0,0,0,0,0,"- ","- ",38.291801452636719,-121.48149871826172,SOLANO,UNINCORPORATED,-121.80361175537109,38.488780975341797
91564975,2021,2021-09-08,9365,2021-09-03,0215,021598,,5,3,9,4800,0,1,3,,2,122,SR-12,"DENVERTON RD",528.00,W,N,A,-,N,,,12,,,,,,,Y,3,0,4,1,A,-,08,22107,,N,E,I,A,A,H,-,D,D,0,,,,,Y,,A,01,0,4,0,0,0,0,0,0,0,"- ","- ",38.228378295898438,-121.90625,SOLANO,UNINCORPORATED,-121.90625,38.228374481201172
9156562,2020,2020-11-18,4803,2020-09-24,1800,1735,CORDE,4,5,5,4803,0,0,0,,0,0CO,"TROPHY DR","VENUS DR",308.00,N,N,A,-,N,,,,,,,,,,,3,0,1,2,A,-,09,21804,,N,D,G,A,A,C,-,A,D,0,,Y,,,Y,,L,04,0,1,0,0,0,0,1,0,0,"- ","- ",38.215858459472656,-122.15061950683594,SOLANO,FAIRFIELD,-122.14989471435547,38.216434478759766
9156564,2020,2020-11-18,4803,2020-09-27,1712,1714,,7,5,5,4803,0,0,0,,0,00E,"CLAY BANK RD","EAST TABOR AV",57.00,N,N,A,-,N,,,,,,,,,,Y,3,0,2,2,A,-,08,22107,,N,B,C,A,A,H,-,A,D,0,,,,,Y,,A,01,0,1,1,0,0,0,0,0,0,"- ","- ",38.265140533447266,-122.00700378417969,SOLANO,FAIRFIELD,-122.00721740722656,38.265346527099609
91566663,2021,2021-09-09,9365,2021-09-04,0930,019195,,6,1,9,4800,0,1,3,,2,370,"SR-37 W/B","WALNUT AVE",6230.00,W,N,E,-,Y,,,37,,,,,,W,Y,2,0,1,2,A,-,06,21755,A,N,B,D,A,A,H,-,A,D,0,,,Y,,Y,,C,02,1,0,0,0,0,0,0,0,1,"- ","- ",38.120639801025391,-122.31015777587891,SOLANO,UNINCORPORATED,-122.31017303466797,38.120613098144531
91569222,2021,2021-09-14,9365,2021-09-11,1510,020566,,6,2,5,4803,0,1,1,,2,084,"I-80 W/B","TRAVIS BLVD",500.00,W,N,A,-,Y,,,80,,,,,,W,N,4,0,1,2,A,-,08,22107,,N,B,C,A,A,H,-,A,D,0,,,,,Y,,A,01,0,0,1,0,0,0,0,0,0,"- ","- ",38.255599975585938,-122.06498718261719,SOLANO,FAIRFIELD,-122.06496429443359,38.255580902099609
91569477,2021,2021-09-14,9365,2021-09-01,1510,017747,,3,2,5,4803,0,1,1,,2,085,"I-80 W/B","MANUEL CAMPOS PKWY O/C",900.00,E,N,A,-,Y,,,80,,,,,,W,Y,3,0,2,2,A,-,08,22107,,F,B,C,A,A,H,-,A,D,0,,,,,Y,,A,01,0,1,1,0,0,0,0,0,0,"- ","- ",38.29833984375,-122.03407287597656,SOLANO,FAIRFIELD,-122.03415679931641,38.29833984375
91570050,2021,2021-09-14,9365,2021-09-13,0735,021853,,1,1,5,4803,0,1,1,,2,083,"I-80 EASTBOUND",I-680,528.00,W,N,A,-,Y,,,80,,,,,,E,N,4,0,1,1,A,-,08,22107,,N,E,I,A,A,H,-,A,D,0,,,,,Y,,A,01,0,0,1,0,0,0,0,0,0,"- ","- ",38.213409423828125,-122.14256286621094,SOLANO,FAIRFIELD,-122.14250183105469,38.213329315185547
91570140,2021,2021-09-14,9365,2021-09-12,1120,021853,,7,1,9,4800,0,1,3,,2,121,"SR-12 JAMESON CANYON","SPURS TRAIL",1756.00,W,N,A,-,Y,,,12,,,,,,,Y,3,0,2,2,A,-,08,22107,,N,A,C,A,A,H,-,A,A,0,,,,,Y,,A,01,0,1,1,0,0,0,0,0,0,"- ","- ",38.208930969238281,-122.19316101074219,SOLANO,UNINCORPORATED,-122.19318389892578,38.208698272705078
91570759,2021,2021-09-15,9365,2021-09-14,1700,021352,,2,2,6,4807,0,1,1,,2,080,"I-80 W/B","GEORGIA STREET",1000.00,W,N,A,-,Y,,,80,,,,,,W,Y,3,0,3,3,A,-,03,22350,,N,C,C,A,A,H,-,A,A,0,,,,,Y,,A,01,0,3,0,0,0,0,0,0,0,"- ","- ",38.09661865234375,-122.22989654541016,SOLANO,VALLEJO,-122.22992706298828,38.096622467041016