CASE_ID,ACCIDENT_YEAR,PROC_DATE,JURIS,COLLISION_DATE,COLLISION_TIME,OFFICER_ID,REPORTING_DISTRICT,DAY_OF_WEEK,CHP_SHIFT,POPULATION,CNTY_CITY_LOC,SPECIAL_COND,BEAT_TYPE,CHP_BEAT_TYPE,CITY_DIVISION_LAPD,CHP_BEAT_CLASS,BEAT_NUMBER,PRIMARY_RD,SECONDARY_RD,DISTANCE,DIRECTION,INTERSECTION,WEATHER_1,WEATHER_2,STATE_HWY_IND,CALTRANS_COUNTY,CALTRANS_DISTRICT,STATE_ROUTE,ROUTE_SUFFIX,POSTMILE_PREFIX,POSTMILE,LOCATION_TYPE,RAMP_INTERSECTION,SIDE_OF_HWY,TOW_AWAY,COLLISION_SEVERITY,NUMBER_KILLED,NUMBER_INJURED,PARTY_COUNT,PRIMARY_COLL_FACTOR,PCF_CODE_OF_VIOL,PCF_VIOL_CATEGORY,PCF_VIOLATION,PCF_VIOL_SUBSECTION,HIT_AND_RUN,TYPE_OF_COLLISION,MVIW,PED_ACTION,ROAD_SURFACE,ROAD_COND_1,ROAD_COND_2,LIGHTING,CONTROL_DEVICE,CHP_ROAD_TYPE,PEDESTRIAN_ACCIDENT,BICYCLE_ACCIDENT,MOTORCYCLE_ACCIDENT,TRUCK_ACCIDENT,NOT_PRIVATE_PROPERTY,ALCOHOL_INVOLVED,STWD_VEHTYPE_AT_FAULT,CHP_VEHTYPE_AT_FAULT,COUNT_SEVERE_INJ,COUNT_VISIBLE_INJ,COUNT_COMPLAINT_PAIN,COUNT_PED_KILLED,COUNT_PED_INJURED,COUNT_BICYCLIST_KILLED,COUNT_BICYCLIST_INJURED,COUNT_MC_KILLED,COUNT_MC_INJURED,PRIMARY_RAMP,SECONDARY_RAMP,LATITUDE,LONGITUDE,COUNTY,CITY,POINT_X,POINT_Y
92601768,2024,2024-07-25,9365,2024-07-11,1535,023785,,4,2,5,4803,0,1,1,,2,084,"I-80 E/B","TRAVIS BLVD",2640.00,W,N,A,-,Y,SOL,,80," "," ",17.267,H,,R,Y,3,0,1,2,A,-,03,22350,,N,C,C,A,A,H,-,A,A,0,,,,,Y,,A,01,0,1,0,0,0,0,0,0,0,"- ","- ",38.250400543212891,-122.06909942626953,SOLANO,FAIRFIELD,-122.06899261474609,38.250343322753906
9261399,2021,2021-05-07,4806,2021-04-27,1129,234,902,2,5,5,4806,0,0,0,,0,009,"NUT TREE PKWY","ALLISON DR",0.00,,Y,A,-,N,,,,,,,,,,Y,4,0,3,2,A,-,03,22350,,N,C,C,A,A,H,-,A,A,0,,,,,Y,,D,22,0,0,3,0,0,0,0,0,0,"- ","- ",38.360038757324219,-121.96803283691406,SOLANO,VACAVILLE,-121.96790313720703,38.360095977783203
9262481,2021,2021-05-07,4806,2021-04-23,1622,722,603,5,5,5,4806,0,0,0,,0,006,"RUTHERFORD DR","ALAMO DR",250.00,N,N,A,-,N,,,,,,,,,,,3,0,1,2,A,-,11,21954,A,N,G,B,D,A,H,-,A,D,0,Y,,,,Y,,N,60,0,1,0,0,1,0,0,0,0,"- ","- ",38.335361480712891,-121.94580841064453,SOLANO,VACAVILLE,-121.94579315185547,38.336017608642578
9263131,2021,2021-05-24,4801,2021-02-03,1745,4309,1,3,5,4,4801,0,0,0,,0,001,"MILITARY WEST","RT 780",100.00,S,N,A,-,Y,SOL,4,780,-,-,4.162,R,4,W,N,3,0,2,2,A,-,03,22350,,N,C,C,A,A,H,-,A,D,0,,,,,Y,,A,01,0,2,0,0,0,0,0,0,0,"- ",WO,38.066928863525391,-122.18113708496094,SOLANO,BENICIA,-122.18489074707031,38.070751190185547
9263248,2020,2021-07-07,4805,2020-05-29,0151,5L101,4805,5,5,4,4805,0,0,0,,0,001,"RT 12","WALTERS RD",0.00,,Y,A,-,Y,SOL,4,12,-,-,7.460,H,-,E,Y,4,0,1,2,A,-,01,23152,A,N,C,C,A,A,H,-,C,A,0,,,,,Y,Y,A,01,0,0,1,0,0,0,0,0,0,"- ","- ",,,SOLANO,"SUISUN CITY",-121.99007415771484,38.24029541015625
9264028,2020,2021-05-27,4805,2020-04-26,1830,5L109,4805,7,5,4,4805,0,0,0,,0,002,"EMPEROR DR","RT 12",35.00,N,N,A,-,Y,SOL,4,12,-,-,6.575,I,6,W,,4,0,1,2,A,-,03,22350,,M,C,C,A,A,H,-,A,A,0,,,,,Y,,-,,0,0,1,0,0,0,0,0,0,"- ","- ",38.243221282958984,-122.00534820556641,SOLANO,"SUISUN CITY",-122.00539398193359,38.243370056152344
9264052,2020,2021-05-27,4805,2020-09-08,1656,5L59,4805,2,5,4,4805,0,0,0,,0,001,"RT 12","MARINA BL",260.00,W,N,A,-,Y,SOL,4,12,-,R,5.090,H,-,E,,4,0,1,3,A,-,03,22350,,N,C,C,A,A,H,-,A,A,0,,,,,Y,,A,01,0,0,1,0,0,0,0,0,0,"- ","- ",,,SOLANO,"SUISUN CITY",-122.03255462646484,38.244647979736328
9264056,2020,2021-05-27,4805,2020-09-15,2050,5L111,4805,2,5,4,4805,0,0,0,,0,001,"RT 12","MARINA BL",0.00,,Y,A,-,Y,SOL,4,12,-,R,5.150,I,5,E,Y,4,0,1,2,A,-,12,21453,A,N,D,C,A,A,H,-,C,D,0,,,,,Y,,A,01,0,0,1,0,0,0,0,0,0,"- ","- ",,,SOLANO,"SUISUN CITY",-122.03147888183594,38.244464874267578
9264064,2020,2021-07-15,4805,2020-09-27,0004,5L109,4805,7,5,4,4805,0,0,0,,0,001,"RT 12","SUNSET AV",151.00,W,N,-,-,Y,SOL,4,12,-,-,5.720,H,-,W,Y,3,0,1,2,A,-,03,22350,,N,C,C,A,A,H,-,C,A,0,,,,,Y,,A,01,0,1,0,0,0,0,0,0,0,"- ","- ",38.24359130859375,-122.02024078369141,SOLANO,"SUISUN CITY",-122.02107238769531,38.243759155273438
9264076,2020,2021-05-27,4805,2020-12-12,1111,5L113,4805,6,5,4,4805,0,0,0,,0,001,"RT 12","MARINA BL",497.00,S,N,A,-,Y,SOL,4,12,-,R,5.040,H,-,E,,4,0,1,2,A,-,08,22107,,N,C,C,A,B,H,-,A,D,0,,,,,Y,,A,01,0,0,1,0,0,0,0,0,0,"- ","- ",38.244190216064453,-122.03130340576172,SOLANO,"SUISUN CITY",-122.03343200683594,38.244842529296875
9264166,2020,2021-05-19,4801,2020-11-16,2223,4293,1,1,5,4,4801,0,0,0,,0,001,"W 7TH",CAROLINA,25.00,N,N,A,-,N,,,,,,,,,,Y,3,0,3,2,A,-,08,22107,,N,A,C,A,A,H,-,C,A,0,,,,,Y,,A,07,0,1,2,0,0,0,0,0,0,"- ","- ",38.058719635009766,-122.16725921630859,SOLANO,BENICIA,-122.16687774658203,38.059413909912109
9265013,2021,2021-06-03,4806,2021-05-05,1828,686,210,3,5,5,4806,0,0,0,,0,002,"BROWNS VALLEY RD","TIPPERARY DR",15.00,N,N,A,-,N,,,,,,,,,,Y,3,0,2,2,A,-,03,22350,,N,C,C,A,A,H,-,A,A,0,,,,,Y,,A,01,0,1,1,0,0,0,0,0,0,"- ","- ",38.390960693359375,-121.97734832763672,SOLANO,VACAVILLE,-121.97815704345703,38.380130767822266
9265014,2021,2021-05-21,4806,2021-05-03,0734,553,,1,5,5,4806,0,0,0,,0,,"ALAMO DR","MARNA DR",0.00,,Y,A,-,N,,,,,,,,,,Y,4,0,1,3,A,-,09,21801,A,N,D,C,A,A,H,-,A,D,0,,,,,Y,,A,01,0,0,1,0,0,0,0,0,0,"- ","- ",38.335319519042969,-121.96312713623047,SOLANO,VACAVILLE,-121.96319580078125,38.335357666015625
9265164,2020,2021-05-24,4805,2020-03-30,1857,5L101,4805,1,5,4,4805,0,0,0,,0,001,"MAIN ST","CORDELIA ST",0.00,,Y,A,-,N,,,,,,,,,,N,4,0,1,2,A,-,12,22450,A,N,D,C,A,A,H,-,A,A,0,,,,,Y,,A,01,0,0,1,0,0,0,0,0,0,"- ","- ",38.235870361328125,-122.04060363769531,SOLANO,"SUISUN CITY",-122.04061126708984,38.235881805419922
9265170,2020,2021-05-24,4805,2020-04-09,1123,5L108,4805,4,5,4,4805,0,0,0,,0,002,"E WIGEON WY","PINTAIL DR",3.00,S,N,A,-,N,,,,,,,,,,N,4,0,1,2,A,-,10,21950,A,N,H,G,A,A,H,-,A,A,0,,Y,,,Y,,A,01,0,0,1,0,0,0,1,0,0,"- ","- ",38.248760223388672,-122.0072021484375,SOLANO,"SUISUN CITY",-122.00716400146484,38.248722076416016
9265173,2020,2021-06-02,4805,2020-11-10,1429,5L59,4805,2,5,4,4805,0,0,0,,0,003,"LAWLER RANCH PKY","RT 12",44.00,S,N,A,-,Y,SOL,4,12,-,-,7.474,I,6,W,Y,3,0,1,1,A,-,03,22350,,N,E,I,A,A,H,-,A,A,0,,,,,Y,,A,01,0,1,0,0,0,0,0,0,0,"- ","- ",38.240230560302734,-121.98983764648438,SOLANO,"SUISUN CITY",-121.98969268798828,38.240303039550781
9265174,2020,2021-05-24,4805,2020-11-14,1623,5L101,4805,6,5,4,4805,0,0,0,,0,001,"MERGANSER DR","SUNSET AV",10.00,E,N,A,-,N,,,,,,,,,,N,3,0,1,2,A,-,10,21950,A,N,G,B,B,A,H,-,A,A,0,Y,,,,Y,,A,01,0,1,0,0,1,0,0,0,0,"- ","- ",38.246639251708984,-122.02033233642578,SOLANO,"SUISUN CITY",-122.02044677734375,38.246623992919922
9265178,2020,2021-05-24,4805,2020-12-21,1744,5L59,4805,1,5,4,4805,0,0,0,,0,002,"PINTAIL DR","EMPEROR DR",0.00,,Y,E,-,N,,,,,,,,,,Y,4,0,2,2,A,-,01,23152,A,N,D,C,A,A,H,-,C,D,0,,,,,Y,Y,A,07,0,0,2,0,0,0,0,0,0,"- ","- ",38.247890472412109,-122.0048828125,SOLANO,"SUISUN CITY",-122.00485229492188,38.247879028320312
9265515,2020,2021-06-07,4805,2020-11-14,1307,5L101,4805,6,5,4,4805,0,0,0,,0,001,"RT 12","MARINA BL",472.00,E,N,A,-,Y,SOL,4,12,-,-,5.240,H,-,W,Y,3,0,2,3,A,-,03,22350,,N,C,C,A,A,H,-,A,A,0,,,,Y,Y,,F,26,0,1,1,0,0,0,0,0,0,"- ","- ",,,SOLANO,"SUISUN CITY",-122.02981567382812,38.244419097900391
9267748,2020,2021-05-24,4805,2020-06-14,1741,5L111,4805,7,5,4,4805,0,0,0,,0,002,"EMPEROR DR","WHISTLER DR",0.00,,Y,A,-,N,,,,,,,,,,N,4,0,1,2,A,-,12,22450,A,M,C,C,A,A,H,-,A,D,0,,,,,Y,,A,01,0,0,1,0,0,0,0,0,0,"- ","- ",38.245288848876953,-122.00538635253906,SOLANO,"SUISUN CITY",-122.00537109375,38.245258331298828
9267749,2020,2021-05-24,4805,2020-06-25,1154,5L106,4805,4,5,4,4805,0,0,0,,0,002,"SUNSET AV","MERGANSER DR",24.00,S,N,A,-,N,,,,,,,,,,N,4,0,1,2,A,-,03,22350,,N,C,C,A,A,H,-,A,A,0,,,,,Y,,A,01,0,0,1,0,0,0,0,0,0,"- ","- ",38.246639251708984,-122.02033233642578,SOLANO,"SUISUN CITY",-122.02047729492188,38.246555328369141
9267751,2020,2021-05-24,4805,2020-08-17,1555,5L112,4805,1,5,4,4805,0,0,0,,0,002,"ANDERSON DR","LAWLER CENTER DR",131.00,W,N,A,-,N,,,,,,,,,,N,3,0,1,2,A,-,08,22107,,N,D,C,A,A,H,-,A,D,0,,,,,Y,,A,01,0,1,0,0,0,0,0,0,0,"- ","- ",38.242591857910156,-122.017578125,SOLANO,"SUISUN CITY",-122.01806640625,38.242618560791016
9267753,2020,2021-05-24,4805,2020-09-17,0845,5L106,4805,4,5,4,4805,0,0,0,,0,003,"WALTERS RD","BELLA VISTA DR",10.00,N,N,A,-,N,,,,,,,,,,Y,4,0,1,2,A,-,12,21453,A,N,B,C,A,A,H,-,A,A,0,,,,,Y,,A,08,0,0,1,0,0,0,0,0,0,"- ","- ",38.25299072265625,-121.98822021484375,SOLANO,"SUISUN CITY",-121.98825836181641,38.253047943115234
9267755,2020,2021-05-24,4805,2020-09-16,0010,5L113,,3,5,4,4805,0,0,0,,0,001,"BUENA VISTA AV","RIO VERDE",128.00,E,N,A,-,N,,,,,,,,,,Y,4,0,1,2,A,-,01,23152,A,N,D,E,A,A,H,-,C,D,0,,,,,Y,Y,A,07,0,0,1,0,0,0,0,0,0,"- ","- ",38.247268676757812,-122.02970123291016,SOLANO,"SUISUN CITY",-122.02931213378906,38.247444152832031
9268833,2021,2021-05-25,4806,2021-05-17,1830,648,104,1,5,5,4806,0,0,0,,0,001,"HEMLOCK ST","ELDRIDGE AV",250.00,E,N,A,-,N,,,,,,,,,,,4,0,1,2,A,-,09,21804,A,N,D,G,A,A,H,-,A,A,0,,Y,,,Y,,L,04,0,0,1,0,0,0,1,0,0,"- ","- ",38.364521026611328,-122.00148010253906,SOLANO,VACAVILLE,-122.00058746337891,38.364448547363281
9268837,2021,2021-05-25,4806,2021-05-17,0831,341,404,1,5,5,4806,0,0,0,,0,004,"SHASTA DR","BERRYESSA DR",0.00,,Y,A,-,N,,,,,,,,,,Y,4,0,2,2,A,-,12,22450,A,N,D,C,A,A,H,-,A,A,0,,,,,Y,,A,01,0,0,2,0,0,0,0,0,0,"- ","- ",38.348979949951172,-121.97223663330078,SOLANO,VACAVILLE,-121.97219848632812,38.348964691162109
9268845,2021,2021-05-25,4806,2021-05-08,2254,457,506,6,5,5,4806,0,0,0,,0,005,"LEISURE TOWN RD","ULATIS DR",0.00,,Y,A,-,N,,,,,,,,,,Y,4,0,1,2,A,-,08,22101,D,N,E,I,A,A,H,-,C,A,0,,,,,Y,,A,01,0,0,1,0,0,0,0,0,0,"- ","- ",38.358089447021484,-121.93412017822266,SOLANO,VACAVILLE,-121.93402862548828,38.358001708984375
9272536,2021,2021-06-10,4806,2021-05-23,1803,797,104,7,5,5,4806,0,0,0,,0,001,"DOBBINS ST","HEMLOCK ST",0.00,,Y,A,-,N,,,,,,,,,,Y,4,0,2,2,A,-,08,22107,,N,D,C,A,A,H,-,A,A,0,,,,,Y,,A,01,0,0,2,0,0,0,0,0,0,"- ","- ",38.363811492919922,-121.99057006835938,SOLANO,VACAVILLE,-121.99053955078125,38.363742828369141
9275485,2021,2021-07-28,4804,2021-07-02,1238,12365RV,4804,5,5,2,4804,0,0,0,,0,,"RT 12","N 5TH ST",80.00,E,N,A,-,Y,SOL,4,12,-,-,25.980,H,-,E,N,4,0,1,2,A,-,04,21703,,N,C,C,A,A,H,-,A,D,0,,,,Y,Y,Y,G,25,0,0,1,0,0,0,0,0,0,"- ","- ",,,SOLANO,"RIO VISTA",-121.69245147705078,38.160633087158203
92773009,2024,2024-07-26,9365,2024-07-22,1550,023785,,1,2,9,4800,0,1,A,,2,030,"ENGLISH HILLS RD","CANTELOW RD",1584.00,N,N,A,-,N,,,,,,,,,,Y,3,0,1,2,A,-,08,22107,,N,B,C,A,A,H,-,A,A,0,,,,,Y,,D,22,0,1,0,0,0,0,0,0,0,"- ","- ",38.419540405273438,-121.99861145019531,SOLANO,UNINCORPORATED,-121.99896240234375,38.422069549560547
9278987,2021,2021-07-12,4806,2021-06-14,1355,605,806,1,5,5,4806,0,0,0,,0,008,"DAVIS ST","RT 80",86.00,N,N,A,G,N,,,,,,,,,,,4,0,1,2,A,-,08,22107,,N,D,C,A,A,H,-,A,A,0,,,,,Y,,A,01,0,0,1,0,0,0,0,0,0,"- ",EO,38.348751068115234,-121.98681640625,SOLANO,VACAVILLE,-121.98561096191406,38.351108551025391
9278989,2021,2021-07-12,4806,2021-06-13,1919,799,904,7,5,5,4806,0,0,0,,0,009,"NUT TREE PKWY","NUT TREE RD",652.00,W,N,A,-,N,,,,,,,,,,Y,4,0,3,2,A,-,09,21804,A,N,D,C,A,A,H,-,A,D,0,,,,,Y,,A,01,0,0,3,0,0,0,0,0,0,"- ","- ",38.368289947509766,-121.95619201660156,SOLANO,VACAVILLE,-121.95785522460938,38.367137908935547
9278990,2021,2021-07-12,4806,2021-06-10,1643,770,4806,4,5,5,4806,0,0,0,,0,009,"NUT TREE PKWY","NUT TREE RD",699.00,W,N,A,-,N,,,,,,,,,,,3,0,1,2,A,-,05,21650,,N,A,G,A,A,H,-,A,D,0,,Y,,,Y,,L,04,0,1,0,0,0,0,1,0,0,"- ","- ",38.368289947509766,-121.95619201660156,SOLANO,VACAVILLE,-121.95799255371094,38.367076873779297
9283876,2021,2021-09-02,4806,2021-06-27,1926,686,4806,7,5,5,4806,0,0,0,,0,008,"MONTE VISTA AV","DEPOT ST",820.00,E,N,A,-,,,,,,,,,,,Y,2,0,1,2,A,-,03,22350,,N,C,C,A,A,H,-,A,A,0,,,Y,,Y,Y,C,02,1,0,0,0,0,0,0,0,1,"- ","- ",38.358970642089844,-121.98190307617188,SOLANO,VACAVILLE,-121.97901153564453,38.359298706054688
9283877,2021,2021-09-02,4806,2021-06-24,1447,234,402,4,5,5,4806,0,0,0,,0,004,"ULATIS DR","BURTON DR",234.00,E,N,A,-,,,,,,,,,,,,3,0,3,2,A,-,03,22350,,N,C,C,A,A,H,-,A,A,0,,,,,Y,,A,01,0,1,2,0,0,0,0,0,0,"- ","- ",38.357509613037109,-121.95789337158203,SOLANO,VACAVILLE,-121.95709228515625,38.357524871826172
9283878,2021,2021-07-20,4806,2021-06-22,1032,234,901,2,5,5,4806,0,0,0,,0,009,"BROWNS VALLEY PKWY","ALLISON DR",1270.00,S,N,A,-,N,,,,,,,,,,Y,3,0,2,1,A,-,03,22350,,N,E,I,A,A,H,-,A,A,0,,,,,Y,,A,01,0,2,0,0,0,0,0,0,0,"- ","- ",38.369480133056641,-121.97096252441406,SOLANO,VACAVILLE,-121.96820831298828,38.366714477539062
9287424,2021,2021-07-28,4804,2021-07-03,1500,12365RV,4804,6,5,2,4804,0,0,0,,0,,"RT 12","VIRGINIA DR",20.00,E,N,A,-,Y,SOL,4,12,-,-,26.160,H,-,E,N,4,0,1,2,A,-,04,21703,,N,C,C,A,A,H,-,A,D,0,,,,,Y,Y,A,01,0,0,1,0,0,0,0,0,0,"- ","- ",,,SOLANO,"RIO VISTA",-121.68934631347656,38.160823822021484
92898367,2024,2024-07-30,9365,2024-07-19,"1   ",023839,,5,3,9,4800,0,1,1,,2,089,"I-80 E/B","SR-113 N",3800.00,W,N,A,-,Y,SOL,,80," "," ",41.926,H,,R,Y,3,0,1,2,A,-,03,22350,,F,C,C,A,A,H,-,D,D,0,,,,,Y,,-,99,0,1,0,0,0,0,0,0,0,"- ","- ",38.512718200683594,-121.77748870849609,SOLANO,UNINCORPORATED,-121.77755737304688,38.512763977050781
92898413,2024,2024-07-30,9365,2024-07-20,"605 ",023889,,6,1,5,4803,0,1,1,,2,085,"I-80 W/B","MANUEL CAMPOS",2904.00,E,N,A,-,Y,SOL,,80," "," ",21.476,H,,L,Y,4,0,1,1,A,-,01,23152,A,N,E,I,A,A,D,-,A,A,0,,,,,Y,Y,A,01,0,0,1,0,0,0,0,0,0,"- ","- ",38.303260803222656,-122.03392028808594,SOLANO,FAIRFIELD,-122.03404998779297,38.303260803222656
92898499,2024,2024-07-30,9365,2024-07-23,"120 ",023852,,2,3,5,4803,0,1,1,,2,084,"I-80 E/B","AIR BASE PKY",106.00,E,N,A,-,Y,SOL,,80," "," ",19.418,H,,R,Y,4,0,1,2,A,-,01,23152,A,N,B,C,A,A,D,-,C,D,0,,,,,Y,Y,A,01,0,0,1,0,0,0,0,0,0,"- ","- ",38.276298522949219,-122.04712677001953,SOLANO,FAIRFIELD,-122.04708862304688,38.276279449462891
92898554,2024,2024-07-30,9365,2024-07-25,2050,023858,,4,2,9,4800,0,3,5,,2,010,"BENICIA ROAD EASTBOUND","STARR AVE",169.30,E,N,A,-,N,,,,,,,,,,N,4,0,1,2,A,-,03,22350,,N,C,C,A,A,H,-,C,A,0,,,,,Y,,A,01,0,0,1,0,0,0,0,0,0,"- ","- ",38.095710754394531,-122.23448181152344,SOLANO,UNINCORPORATED,-122.23489379882812,38.095855712890625
92898577,2024,2024-07-30,9365,2024-07-22,"910 ",023891,,1,1,5,4806,0,1,1,,2,087,"I-80 E/B","LEISURE TOWN ROAD",1320.00,E,N,A,-,Y,SOL,,80," "," ",30.224,H,,R,N,4,0,1,1,A,-,08,22107,,N,E,I,A,A,H,-,A,D,0,,,,,Y,,A,07,0,0,1,0,0,0,0,0,0,"- ","- ",38.391849517822266,-121.92910766601562,SOLANO,VACAVILLE,-121.92901611328125,38.391777038574219
9292367,2021,2021-08-27,4806,2021-07-01,0843,234,902,4,5,5,4806,0,0,0,,0,009,"NUT TREE PKWY","HARBISON DR",51.00,E,N,A,-,N,,,,,,,,,,N,4,0,2,2,A,-,03,22350,,N,C,C,A,A,H,-,A,A,0,,,,,Y,,A,07,0,0,2,0,0,0,0,0,0,"- ","- ",38.363021850585938,-121.96475982666016,SOLANO,VACAVILLE,-121.96479797363281,38.363204956054688
9298317,2021,2021-09-20,4804,2021-07-14,2002,11298RV,4804,3,5,2,4804,0,0,0,,0,,"SIERRA AV","MAIN ST",0.00,,Y,A,-,N,,,,,,,,,,,3,0,1,2,A,-,10,21950,A,N,G,G,A,A,H,-,A,D,0,,Y,,,Y,,A,01,0,1,0,0,0,0,1,0,0,"- ","- ",38.160049438476562,-121.69606781005859,SOLANO,"RIO VISTA",-121.69605255126953,38.160007476806641
92997129,2024,2024-07-31,9365,2024-07-08,1000,023715,,1,1,6,4807,0,1,1,,2,081,"I-80 E/B","AMERICAN CANYON",1320.00,W,N,A,-,Y,NAP,,80," "," ",7.720,H,,R,Y,2,0,1,2,A,-,07,21658,A,F,C,C,A,A,H,-,A,D,0,,,Y,,Y,,-,99,1,0,0,0,0,0,0,0,1,"- ","- ",38.165771484375,-122.20523071289062,SOLANO,VALLEJO,-122.20521545410156,38.165756225585938
9301317,2021,2021-08-20,4804,2021-07-21,0452,11432RV,4804,3,5,2,4804,0,0,0,,0,,"RT 12","CHURCH RD",2250.00,E,N,A,-,Y,SOL,4,12,-,-,25.250,H,-,W,Y,2,0,4,1,A,-,08,22107,,N,F,A,A,A,H,-,D,D,0,,,,,Y,,A,07,1,0,3,0,0,0,0,0,0,"- ","- ",,,SOLANO,"RIO VISTA",-121.70333862304688,38.165836334228516
9312167,2021,2021-09-03,4802,2021-06-29,2035,1319,4802,2,5,3,4802,0,0,0,,0,002,"RT 113","WEST H ST",0.00,,Y,A,-,Y,SOL,4,113,-,-,19.800,I,5,S,Y,4,0,1,2,A,-,09,21802,A,N,D,C,A,A,H,-,B,A,0,,,,,Y,,A,01,0,0,1,0,0,0,0,0,0,"- ","- ",38.452838897705078,-121.82241821289062,SOLANO,DIXON,-121.82244110107422,38.452842712402344
9312261,2021,2021-09-09,4804,2021-08-14,1430,12365RV,4804,6,5,2,4804,0,0,0,,0,,"RT 12","DROUIN DR",1500.00,W,N,A,-,Y,SOL,4,12,-,-,25.300,H,-,E,Y,4,0,1,2,A,-,08,22107,,N,B,C,A,A,H,-,A,D,0,,,,,Y,,A,01,0,0,1,0,0,0,0,0,0,"- ","- ",,,SOLANO,"RIO VISTA",-121.70266723632812,38.165294647216797
9317766,2021,2021-09-16,4806,2021-08-13,1258,234,401,5,5,5,4806,0,0,0,,0,004,"ELMIRA RD","SANTANA DR",86.00,E,N,A,-,N,,,,,,,,,,N,4,0,1,3,A,-,03,22350,,N,C,C,A,A,H,-,A,D,0,,,,,Y,,A,01,0,0,1,0,0,0,0,0,0,"- ","- ",38.352508544921875,-121.96610260009766,SOLANO,VACAVILLE,-121.96575927734375,38.352413177490234
93243618,2024,2024-08-01,9365,2024-07-20,1200,023301,,6,1,6,4807,0,1,1,,2,081,"I-80 W/B","TENNESSEE ST",2376.00,E,N,A,-,Y,SOL,,80," "," ",4.130,H,,L,Y,4,0,3,2,A,-,08,22107,,N,D,C,A,A,H,-,A,D,0,,,,,Y,,A,01,0,0,3,0,0,0,0,0,0,"- ","- ",38.118789672851562,-122.23049926757812,SOLANO,VALLEJO,-122.23040008544922,38.118793487548828
9325019,2021,2021-09-29,4802,2021-08-23,1518,1314,,1,5,3,4802,0,0,0,,0,001,"W WALNUT ST","S 1ST ST",14.00,E,N,A,-,N,,,,,,,,,,N,3,0,1,2,A,-,09,21803,B,N,H,G,A,A,H,-,A,D,0,,Y,,,Y,,A,01,0,1,0,0,0,0,1,0,0,"- ","- ",38.442569732666016,-121.82251739501953,SOLANO,DIXON,-121.82254028320312,38.442550659179688
9325556,2021,2021-10-15,4806,2021-09-12,1426,686,611,7,5,5,4806,0,0,0,,0,006,"CALIFORNIA DR","MARIPOSA AV",0.00,,Y,A,-,N,,,,,,,,,,Y,4,0,1,2,A,-,12,22450,A,N,D,C,A,A,H,-,A,A,0,,,,,Y,,A,07,0,0,1,0,0,0,0,0,0,"- ","- ",38.333271026611328,-121.98014068603516,SOLANO,VACAVILLE,-121.98020172119141,38.333305358886719
9325557,2021,2021-10-15,4806,2021-09-11,1802,457,205,6,5,5,4806,0,0,0,,0,002,"BROWNS VALLEY PKWY","BROWNS ST",875.00,E,N,A,-,N,,,,,,,,,,N,4,0,1,2,A,-,03,22350,,M,C,C,A,A,H,-,A,A,0,,,,,Y,,A,01,0,0,1,0,0,0,0,0,0,"- ","- ",38.373481750488281,-121.97679138183594,SOLANO,VACAVILLE,-121.97446441650391,38.371814727783203
9325558,2021,2021-10-15,4806,2021-09-08,2205,457,614,3,5,5,4806,0,0,0,,0,006,"LEISURE TOWN RD","VANDEN RD",0.00,,Y,A,-,N,,,,,,,,,,N,3,0,1,1,A,-,01,23152,A,N,E,I,A,A,H,-,C,A,0,,,,,Y,Y,A,01,0,1,0,0,0,0,0,0,0,"- ","- ",38.316638946533203,-121.94304656982422,SOLANO,VACAVILLE,-121.9429931640625,38.317039489746094
9325979,2021,2021-10-26,4806,2021-09-26,1552,686,702,7,5,5,4806,0,0,0,,0,007,"PEABODY RD","MARSHALL RD",40.00,N,N,A,-,,,,,,,,,,,,3,0,1,1,A,-,03,22350,,N,A,I,A,A,H,-,A,A,0,,,,,Y,,A,01,0,1,0,0,0,0,0,0,0,"- ","- ",38.346248626708984,-121.97429656982422,SOLANO,VACAVILLE,-121.97428131103516,38.346385955810547
9346983,2021,2021-11-10,4806,2021-09-28,1502,553,,2,5,5,4806,0,0,0,,0,,"ALAMO DR","MARIPOSA AV",0.00,,Y,A,-,N,,,,,,,,,,Y,4,0,2,2,A,-,12,21453,A,N,D,C,A,A,H,-,A,D,0,,,,,Y,,A,01,0,0,2,0,0,0,0,0,0,"- ","- ",38.335479736328125,-121.98023223876953,SOLANO,VACAVILLE,-121.98020172119141,38.335498809814453
9347007,2021,2021-11-29,4806,2021-10-06,1512,553,,3,5,5,4806,0,0,0,,0,,"NUT TREE RD","DRAKE WY",276.00,N,N,A,-,N,,,,,,,,,,N,4,0,1,2,A,-,03,22350,,N,G,B,F,A,H,-,A,D,0,Y,,,,Y,,I,19,0,0,1,0,1,0,0,0,0,"- ","- ",38.347370147705078,-121.95316314697266,SOLANO,VACAVILLE,-121.95315551757812,38.348182678222656
93470104,2024,2024-08-02,9365,2024-07-19,1037,023206,,5,1,9,4800,0,1,1,,2,088,"PORTER ST","MIDWAY RD",0.00,,Y,A,-,N,,,,,,,,,,N,4,0,1,2,A,-,09,21802,A,N,D,C,A,A,H,-,A,A,0,,,,,Y,,A,01,0,0,1,0,0,0,0,0,0,"- ","- ",38.416988372802734,-121.85099792480469,SOLANO,UNINCORPORATED,-121.85197448730469,38.416732788085938