CASE_ID,ACCIDENT_YEAR,PROC_DATE,JURIS,COLLISION_DATE,COLLISION_TIME,OFFICER_ID,REPORTING_DISTRICT,DAY_OF_WEEK,CHP_SHIFT,POPULATION,CNTY_CITY_LOC,SPECIAL_COND,BEAT_TYPE,CHP_BEAT_TYPE,CITY_DIVISION_LAPD,CHP_BEAT_CLASS,BEAT_NUMBER,PRIMARY_RD,SECONDARY_RD,DISTANCE,DIRECTION,INTERSECTION,WEATHER_1,WEATHER_2,STATE_HWY_IND,CALTRANS_COUNTY,CALTRANS_DISTRICT,STATE_ROUTE,ROUTE_SUFFIX,POSTMILE_PREFIX,POSTMILE,LOCATION_TYPE,RAMP_INTERSECTION,SIDE_OF_HWY,TOW_AWAY,COLLISION_SEVERITY,NUMBER_KILLED,NUMBER_INJURED,PARTY_COUNT,PRIMARY_COLL_FACTOR,PCF_CODE_OF_VIOL,PCF_VIOL_CATEGORY,PCF_VIOLATION,PCF_VIOL_SUBSECTION,HIT_AND_RUN,TYPE_OF_COLLISION,MVIW,PED_ACTION,ROAD_SURFACE,ROAD_COND_1,ROAD_COND_2,LIGHTING,CONTROL_DEVICE,CHP_ROAD_TYPE,PEDESTRIAN_ACCIDENT,BICYCLE_ACCIDENT,MOTORCYCLE_ACCIDENT,TRUCK_ACCIDENT,NOT_PRIVATE_PROPERTY,ALCOHOL_INVOLVED,STWD_VEHTYPE_AT_FAULT,CHP_VEHTYPE_AT_FAULT,COUNT_SEVERE_INJ,COUNT_VISIBLE_INJ,COUNT_COMPLAINT_PAIN,COUNT_PED_KILLED,COUNT_PED_INJURED,COUNT_BICYCLIST_KILLED,COUNT_BICYCLIST_INJURED,COUNT_MC_KILLED,COUNT_MC_INJURED,PRIMARY_RAMP,SECONDARY_RAMP,LATITUDE,LONGITUDE,COUNTY,CITY,POINT_X,POINT_Y
9348386,2021,2021-11-10,4806,2021-10-12,1650,553,,2,5,5,4806,0,0,0,,0,,"NUT TREE RD","KEITH WY",15.00,S,N,A,-,N,,,,,,,,,,Y,3,0,1,2,A,-,01,23152,A,N,G,B,D,A,H,-,A,D,0,Y,,,,Y,Y,A,07,0,1,0,0,1,0,0,0,0,"- ","- ",38.35015869140625,-121.95319366455078,SOLANO,VACAVILLE,-121.95326232910156,38.350200653076172
9353379,2021,2021-11-12,4806,2021-10-18,1355,553,,1,5,5,4806,0,0,0,,0,,"NUT TREE RD","YELLOWSTONE DR E",187.00,N,N,A,-,N,,,,,,,,,,Y,2,0,2,2,A,-,05,21651,A,N,A,C,A,A,H,-,A,D,0,,,,,Y,,A,01,1,1,0,0,0,0,0,0,0,"- ","- ",38.362541198730469,-121.94915771484375,SOLANO,VACAVILLE,-121.95011901855469,38.362705230712891
9355745,2021,2021-11-01,4804,2021-10-11,1729,13417RV,4804,1,5,2,4804,0,0,0,,0,,"RT 12","HILLSIDE TR",366.00,E,N,A,-,Y,SOL,4,12,-,-,25.860,H,-,W,Y,4,0,1,2,A,-,09,21804,A,N,D,C,A,A,H,-,A,D,0,,,,,Y,,A,07,0,0,1,0,0,0,0,0,0,"- ","- ",,,SOLANO,"RIO VISTA",-121.69451904296875,38.1605224609375
9363036,2021,2022-01-10,4806,2021-11-08,1527,686,512,1,5,5,4806,0,0,0,,0,005,"ELMIRA RD","LEISURE TOWN RD",675.00,E,N,A,-,N,,,,,,,,,,N,3,0,1,2,A,-,05,21460,A,N,B,C,A,A,H,-,A,A,0,,,,,Y,,D,22,0,1,0,0,0,0,0,0,0,"- ","- ",38.351341247558594,-121.93405151367188,SOLANO,VACAVILLE,-121.93167877197266,38.351291656494141
9363370,2021,2021-12-06,4806,2021-10-10,2009,457,613,7,5,5,4806,0,0,0,,0,006,"NUT TREE DR","OPAL WY",0.00,,Y,A,-,N,,,,,,,,,,Y,3,0,1,2,A,-,09,21810,A,N,E,I,A,A,H,-,C,A,0,,,,,Y,,A,07,0,1,0,0,0,0,0,0,0,"- ","- ",38.322380065917969,-121.95227813720703,SOLANO,VACAVILLE,-121.9521484375,38.322414398193359
9363371,2021,2021-12-06,4806,2021-10-29,1535,770,502,5,5,5,4806,0,0,0,,0,005,"NUT TREE RD","ELMIRA RD",182.00,S,N,A,-,N,,,,,,,,,,Y,3,0,1,2,A,-,08,22107,,N,B,C,A,A,H,-,A,D,0,,,Y,,Y,,A,01,0,1,0,0,0,0,0,0,1,"- ","- ",38.351810455322266,-121.95323944091797,SOLANO,VACAVILLE,-121.9532470703125,38.351181030273438
9364528,2021,2022-01-10,4805,2021-03-05,0940,5L106,4805,5,5,4,4805,0,0,0,,0,002,"CRAVEN DR","ANDERSON DR",97.00,N,N,A,-,N,,,,,,,,,,,4,0,1,2,A,-,21,22106,,N,B,C,A,A,H,-,A,D,0,,,,,Y,,A,07,0,0,1,0,0,0,0,0,0,"- ","- ",38.241329193115234,-122.00675201416016,SOLANO,"SUISUN CITY",-122.00678253173828,38.241634368896484
9364735,2021,2021-12-16,4806,2021-11-13,1431,533,901,6,5,5,4806,0,0,0,,0,009,"MONTE VISTA AV","ALLISON DR  N",520.00,E,N,A,-,N,,,,,,,,,,Y,4,0,1,2,A,-,08,22107,,N,D,C,A,A,H,-,A,D,0,,,,,Y,,A,01,0,0,1,0,0,0,0,0,0,"- ","- ",38.362510681152344,-121.97022247314453,SOLANO,VACAVILLE,-121.96858215332031,38.363105773925781
9364737,2021,2021-12-16,4806,2021-11-20,1942,756,602,6,5,5,4806,0,0,0,,0,006,"NUT TREE RD","NORTHAMPTON DR",0.00,,Y,A,-,N,,,,,,,,,,,4,0,2,2,A,-,09,21801,A,N,D,C,A,A,H,-,C,A,0,,,,,Y,,A,01,0,0,2,0,0,0,0,0,0,"- ","- ",38.333789825439453,-121.95279693603516,SOLANO,VACAVILLE,-121.95278930664062,38.333824157714844
93650768,2024,2024-08-05,9365,2024-07-28,"145 ",023623,,7,3,9,4800,0,1,3,,2,122,"SR-12 E/B","DENVERTON RD",739.00,W,N,A,-,Y,SOL,,12," "," ",12.351,H,,R,N,3,0,1,1,A,-,01,23152,A,N,A,8,A,A,H,-,D,D,0,,,,,Y,Y,A,07,0,1,0,0,0,0,0,0,0,"- ","- ",38.228378295898438,-121.90632629394531,SOLANO,UNINCORPORATED,-121.90632629394531,38.228378295898438
9367196,2021,2021-12-06,4805,2021-06-30,0515,5L107,4805,3,5,4,4805,0,0,0,,0,002,"RT 12","EMPEROR DR",0.00,,Y,A,-,Y,SOL,4,12,-,-,6.575,I,6,W,N,4,0,1,2,A,-,09,21804,A,F,G,B,A,A,H,-,B,A,0,,,,,Y,,A,01,0,0,1,0,0,0,0,0,0,"- ","- ",38.243209838867188,-122.00534057617188,SOLANO,"SUISUN CITY",-122.00539398193359,38.243370056152344
9367200,2021,2021-12-15,4805,2021-06-18,1507,5L101,4805,5,5,4,4805,0,0,0,,0,002,"RT 12","GRIZZLY ISLAND RD",0.00,,Y,A,-,Y,SOL,4,12,-,-,5.740,H,-,E,Y,4,0,1,2,A,-,12,21453,A,N,C,C,A,A,H,-,A,A,0,,,,,Y,,A,01,0,0,1,0,0,0,0,0,0,"- ","- ",,,SOLANO,"SUISUN CITY",-122.02073669433594,38.243534088134766
9367242,2021,2021-12-06,4805,2021-11-05,1635,5L117,4805,5,5,4,4805,0,0,0,,0,002,"RT 12","SUNSET AV",0.00,,Y,A,-,Y,SOL,4,12,-,-,5.780,H,-,W,Y,3,0,1,1,B,-,22,,,N,E,I,A,A,H,-,A,A,0,,,,,Y,,A,01,0,1,0,0,0,0,0,0,0,"- ","- ",,,SOLANO,"SUISUN CITY",-122.01997375488281,38.243728637695312
9367244,2021,2021-12-09,4805,2021-05-05,2032,5L112,4805,3,5,4,4805,0,0,0,,0,002,"RT 12","SUNSET AV",20.00,W,N,A,-,Y,SOL,4,12,-,-,5.750,H,-,E,Y,4,0,1,2,A,-,01,23152,A,N,H,C,A,A,H,-,C,A,0,,,,,Y,Y,A,07,0,0,1,0,0,0,0,0,0,"- ","- ",38.243621826171875,-122.02027130126953,SOLANO,"SUISUN CITY",-122.02055358886719,38.243526458740234
9367246,2021,2021-12-15,4805,2021-11-22,1851,5L112,4805,1,5,4,4805,0,0,0,,0,002,"RT 12","LAWLER RANCH PKWY",40.00,W,N,A,-,Y,SOL,4,12,-,-,7.460,H,-,E,N,4,0,3,2,A,-,03,22349,,N,C,C,A,A,H,-,D,A,0,,,,,Y,,A,01,0,0,3,0,0,0,0,0,0,"- ","- ",38.240238189697266,-121.98983764648438,SOLANO,"SUISUN CITY",-121.99007415771484,38.24029541015625
9367252,2021,2021-12-09,4805,2021-09-10,1523,5S21,4805,5,5,4,4805,0,0,0,,0,002,"RT 12","SUNSET AV",1056.00,E,N,A,-,Y,SOL,4,12,-,-,5.960,H,-,W,N,4,0,1,2,A,-,10,21950,A,N,G,B,C,A,H,-,A,D,0,Y,,,,Y,,A,01,0,0,1,0,1,0,0,0,0,"- ","- ",38.243621826171875,-122.02027130126953,SOLANO,"SUISUN CITY",-122.01667022705078,38.243637084960938
9367256,2021,2021-12-09,4805,2021-09-09,1747,5L115,4805,4,5,4,4805,0,0,0,,0,002,"RT 12","WALTERS RD",0.00,,Y,A,-,Y,SOL,4,12,-,-,7.474,I,5,W,N,4,0,1,2,A,-,08,22107,,N,B,C,A,A,H,-,A,A,0,,,,,Y,Y,A,01,0,0,1,0,0,0,0,0,0,"- ","- ",,,SOLANO,"SUISUN CITY",-121.98969268798828,38.240303039550781
9367268,2021,2021-12-20,4804,2021-10-30,1130,12365RV,4804,6,5,2,4804,0,0,0,,0,,"RT 12","5TH ST",40.00,E,N,A,-,Y,SOL,4,12,-,-,26.010,H,-,E,Y,4,0,2,3,A,-,04,21703,,N,C,C,A,A,H,-,A,D,0,,,,,Y,,A,01,0,0,2,0,0,0,0,0,0,"- ","- ",,,SOLANO,"RIO VISTA",-121.69193267822266,38.160663604736328
9367281,2021,2021-12-15,4805,2021-06-09,0833,5L101,4805,3,5,4,4805,0,0,0,,0,001,"RT 12","SUNSET AV",0.00,,Y,A,-,Y,SOL,4,12,-,-,5.740,H,-,E,N,4,0,2,2,A,-,03,22350,,N,C,C,A,A,H,-,A,A,0,,,,,Y,,A,01,0,0,2,0,0,0,0,0,0,"- ","- ",,,SOLANO,"SUISUN CITY",-122.02073669433594,38.243534088134766
9367301,2021,2021-12-06,4805,2021-07-08,0824,5L101,4805,4,5,4,4805,0,0,0,,0,001,"RT 12","MARINA BL",33.00,W,N,A,-,Y,SOL,4,12,-,-,5.150,I,5,E,Y,3,0,6,2,A,-,09,21453,C,N,D,C,A,A,H,-,A,A,0,,,,,Y,,A,01,0,2,4,0,0,0,0,0,0,"- ","- ",,,SOLANO,"SUISUN CITY",-122.03145599365234,38.244461059570312
9367921,2021,2021-12-07,4806,2021-10-31,2050,655,615,7,5,5,4806,0,0,0,,0,006,"LEISURE TOWN RD","VANDEN RD N",0.00,,Y,B,-,N,,,,,,,,,,Y,2,0,1,2,A,-,05,21651,B,N,A,C,A,A,H,-,C,D,0,,,,,Y,,A,01,1,0,0,0,0,0,0,0,0,"- ","- ",38.317020416259766,-121.94304656982422,SOLANO,VACAVILLE,-121.9429931640625,38.317039489746094
9370483,2021,2022-01-06,4806,2021-12-03,1836,756,802,5,5,5,4806,0,0,0,,0,008,"MASON ST","DEPOT ST",0.00,,Y,A,-,N,,,,,,,,,,N,4,0,1,2,A,-,12,21453,A,N,D,C,A,A,H,-,C,A,0,,,,,Y,,A,01,0,0,1,0,0,0,0,0,0,"- ","- ",38.355171203613281,-121.98162841796875,SOLANO,VACAVILLE,-121.98152160644531,38.355514526367188
9370672,2021,2021-12-28,4804,2021-11-25,1630,12365RV,4804,4,5,2,4804,0,0,0,,0,,"MCCORMACK RD","PROVINCE PATH PROLONGATION",200.00,W,N,A,-,N,,,,,,,,,,N,2,0,2,2,A,-,09,21804,A,N,B,C,A,A,G,-,A,D,0,,,Y,,Y,,C,02,1,0,1,0,0,0,0,0,1,"- ","- ",,,SOLANO,"RIO VISTA",-121.72383117675781,38.197811126708984
9372659,2021,2021-12-13,4805,2021-09-28,1541,5L117,4805,2,5,4,4805,0,0,0,,0,001,"RT 12","MAIN ST",75.00,W,N,A,-,Y,SOL,4,12,-,R,4.610,H,-,E,Y,4,0,1,2,A,-,03,22350,,M,C,C,A,A,H,-,A,D,0,,,,,Y,Y,A,07,0,0,1,0,0,0,0,0,0,"- ","- ",,,SOLANO,"SUISUN CITY",-122.04108428955078,38.243690490722656
9372661,2021,2021-12-13,4805,2021-10-20,1606,5L117,4805,3,5,4,4805,0,0,0,,0,001,"RT 12","MAIN ST",675.00,E,N,A,-,Y,SOL,4,12,-,R,4.772,R,2,E,Y,3,0,1,2,A,-,03,22350,,N,C,C,A,A,H,-,A,D,0,,,,Y,Y,,A,01,0,1,0,0,0,0,0,0,0,"- ","- ",,,SOLANO,"SUISUN CITY",-122.03824615478516,38.244503021240234
9372665,2021,2021-12-08,4805,2021-10-25,1305,5L59,4805,1,5,4,4805,0,0,0,,0,003,"WALTERS RD","BELLA VISTA DR",762.00,N,N,A,-,N,,,,,,,,,,Y,2,0,2,3,A,-,03,22350,,N,C,E,F,A,H,-,A,D,0,Y,,,,Y,,A,01,1,0,1,0,1,0,0,0,0,"- ","- ",38.25299072265625,-121.98822021484375,SOLANO,"SUISUN CITY",-121.98814392089844,38.255111694335938
9372667,2021,2021-12-13,4805,2021-07-28,0600,5L105,4805,3,5,4,4805,0,0,0,,0,003,"RT 12","WALTERS RD",93.00,S,N,A,-,Y,SOL,4,12,-,-,7.460,H,-,E,,4,0,1,2,A,-,03,22350,,N,C,C,A,A,H,-,A,A,0,,,,Y,Y,,F,25,0,0,1,0,0,0,0,0,0,"- ","- ",38.240230560302734,-121.98983764648438,SOLANO,"SUISUN CITY",-121.99007415771484,38.24029541015625
9373126,2021,2021-12-03,4805,2021-09-01,0450,5L94,4805,3,5,4,4805,0,0,0,,0,003,"RAILROAD AV","BLOSSOM AV",250.00,E,N,A,-,N,,,,,,,,,,Y,3,0,1,1,A,-,08,22107,,M,F,A,A,A,H,-,B,D,0,,,,,Y,,A,07,0,1,0,0,0,0,0,0,0,"- ","- ",38.259471893310547,-122.01483154296875,SOLANO,"SUISUN CITY",-122.01470947265625,38.259799957275391
9373129,2021,2021-12-03,4805,2021-09-09,1111,5L59,4805,4,5,4,4805,0,0,0,,0,003,"PINTAIL DR","SEAGULL DR",58.00,N,N,A,-,N,,,,,,,,,,N,3,0,1,2,A,-,03,22350,,N,G,B,F,A,H,-,A,D,0,Y,,,,Y,,A,01,0,1,0,0,1,0,0,0,0,"- ","- ",38.248260498046875,-121.99552917480469,SOLANO,"SUISUN CITY",-121.99530029296875,38.248298645019531
9374579,2021,2021-12-16,4805,2021-11-22,1615,5L59,4805,1,5,4,4805,0,0,0,,0,001,"SUNSET AV","MERGANSER DR",7.00,S,N,A,-,N,,,,,,,,,,N,4,0,1,2,A,-,10,21950,A,N,G,B,B,A,H,-,A,A,0,Y,,,,Y,,A,07,0,0,1,0,1,0,0,0,0,"- ","- ",38.246639251708984,-122.02033233642578,SOLANO,"SUISUN CITY",-122.02047729492188,38.246601104736328
9374763,2021,2021-12-08,4805,2021-05-04,2101,5L112,4805,2,5,4,4805,0,0,0,,0,003,"PINTAIL DR","SUNSET AV",0.00,,Y,A,-,N,,,,,,,,,,N,4,0,1,2,A,-,17,21451,A,N,A,C,A,A,H,-,C,A,0,,,,,Y,,A,01,0,0,1,0,0,0,0,0,0,"- ","- ",38.249340057373047,-122.02037811279297,SOLANO,"SUISUN CITY",-122.02052307128906,38.249317169189453
9374765,2021,2021-12-07,4805,2021-07-05,1241,5L109,4805,1,5,4,4805,0,0,0,,0,001,"SUNSET AV","MERGANSER DR",0.00,,Y,A,-,N,,,,,,,,,,N,4,0,1,2,A,-,10,21950,A,N,G,B,B,A,H,-,A,A,0,Y,,,,Y,Y,A,01,0,0,1,0,1,0,0,0,0,"- ","- ",38.246650695800781,-122.02033996582031,SOLANO,"SUISUN CITY",-122.02047729492188,38.246616363525391
9375758,2021,2022-01-03,4806,2021-11-24,1601,770,707,3,5,5,4806,0,0,0,,0,007,"ALAMO DR","BUTCHER RD",213.00,E,N,A,-,N,,,,,,,,,,,3,0,1,2,A,-,08,22107,,N,H,G,A,A,H,-,A,D,0,,Y,,,Y,,A,01,0,1,0,0,0,0,1,0,0,"- ","- ",38.343521118164062,-121.99579620361328,SOLANO,VACAVILLE,-121.99522399902344,38.343193054199219
9375760,2021,2022-01-03,4806,2021-11-27,2127,756,204,6,5,5,4806,0,0,0,,0,002,"MARKHAM AV","ROCKY HILL RD",0.00,,Y,A,-,,,,,,,,,,,,3,0,2,3,A,-,05,21460,A,N,B,C,A,A,H,-,C,D,0,,,,,Y,,A,01,0,1,1,0,0,0,0,0,0,"- ","- ",38.370960235595703,-121.97997283935547,SOLANO,VACAVILLE,-121.98085021972656,38.362625122070312
9378262,2021,2022-01-21,4806,2021-12-27,1459,686,901,1,5,5,4806,0,0,0,,0,009,"MONTE VISTA AV","NUT TREE DR",920.00,W,N,A,-,N,,,,,,,,,,Y,4,0,1,1,A,-,08,22107,,N,E,I,A,A,H,-,A,A,0,,,,,Y,,A,01,0,0,1,0,0,0,0,0,0,"- ","- ",38.370628356933594,-121.95912170410156,SOLANO,VACAVILLE,-121.96090698242188,38.368537902832031
9378429,2021,2021-12-09,4805,2021-10-27,1840,5L116,4805,3,5,4,4805,0,0,0,,0,001,"RT 12","VILLAGE DR",878.00,W,N,A,-,Y,SOL,4,12,-,-,5.330,H,-,W,N,4,0,1,2,A,-,07,21658,A,N,B,C,A,A,H,-,D,D,0,,,Y,,Y,,A,01,0,0,1,0,0,0,0,0,1,"- ","- ",38.243839263916016,-122.02509307861328,SOLANO,"SUISUN CITY",-122.02819061279297,38.244174957275391
9382091,2021,2022-03-08,4801,2021-06-20,1729,4345,2,7,5,4,4801,0,0,0,,0,002,"1ST ST","EAST H ST",66.00,S,N,A,-,N,,,,,,,,,,N,3,0,1,1,C,-,18,,,N,H,A,A,A,H,-,A,D,0,,,,,Y,,-,"- ",0,1,0,0,0,0,0,0,0,"- ","- ",38.050579071044922,-122.15799713134766,SOLANO,BENICIA,-122.15811157226562,38.050411224365234
9383327,2021,2022-01-06,4806,2021-12-08,1736,756,802,3,5,5,4806,0,0,0,,0,008,"DEPOT ST","BUSH ST",0.00,,Y,B,-,N,,,,,,,,,,N,4,0,1,3,A,-,03,22350,,N,C,C,A,B,H,-,C,A,0,,,,,Y,,A,01,0,0,1,0,0,0,0,0,0,"- ","- ",38.357730865478516,-121.98178863525391,SOLANO,VACAVILLE,-121.98171234130859,38.357677459716797
9384625,2021,2022-01-24,4806,2021-12-18,0017,756,803,6,5,5,4806,0,0,0,,0,008,"PEABODY RD","CLIFFSIDE DR",0.00,,Y,-,-,N,,,,,,,,,,N,2,0,4,2,A,-,01,23153,F,N,A,C,A,A,H,-,C,A,0,,,,,Y,,A,01,1,0,3,0,0,0,0,0,0,"- ","- ",38.352241516113281,-121.97622680664062,SOLANO,VACAVILLE,-121.97611999511719,38.352176666259766
9384630,2021,2022-01-24,4806,2021-12-11,1451,533,901,6,5,5,4806,0,0,0,,0,009,"MONTE VISTA AV","ALLISON DR",521.00,E,N,A,-,N,,,,,,,,,,Y,3,0,1,2,A,-,08,22107,,N,D,C,A,A,H,-,A,D,0,,,,,Y,,A,01,0,1,0,0,0,0,0,0,0,"- ","- ",38.362510681152344,-121.97022247314453,SOLANO,VACAVILLE,-121.96857452392578,38.363109588623047
9385743,2021,2022-01-18,4806,2021-12-24,1750,756,901,5,5,5,4806,0,0,0,,0,009,"BROWNS VALLEY PKWY","MONTE VISTA AV",95.00,N,N,B,-,N,,,,,,,,,,N,4,0,1,2,A,-,01,23153,A,N,D,C,A,B,H,-,C,D,0,,,,,Y,Y,A,07,0,0,1,0,0,0,0,0,0,"- ","- ",38.363800048828125,-121.96701812744141,SOLANO,VACAVILLE,-121.96714019775391,38.363964080810547
9386081,2021,2022-01-04,4806,2021-11-05,0822,769,407,5,5,5,4806,0,0,0,,0,004,"PEABODY RD","MARSHALL RD",590.00,S,N,-,-,N,,,,,,,,,,N,4,0,1,2,A,-,03,22350,,N,C,C,A,A,H,-,A,D,0,,,,,Y,,A,01,0,0,1,0,0,0,0,0,0,"- ","- ",38.346248626708984,-121.97429656982422,SOLANO,VACAVILLE,-121.97321319580078,38.344875335693359
9386369,2021,2022-01-12,4802,2021-12-07,1609,1318,4802,2,5,3,4802,0,0,0,,0,003,"RT 113","AUCTION LN",58.00,W,N,A,-,Y,SOL,4,113,-,-,21.120,I,5,S,Y,4,0,2,2,A,-,09,21801,A,N,A,C,A,-,H,-,A,A,0,,,,,Y,,A,01,0,0,2,0,0,0,0,0,0,"- ","- ",,,SOLANO,DIXON,-121.82276916503906,38.471687316894531
9386370,2021,2022-01-12,4802,2021-12-09,0853,1259,4802,4,5,3,4802,0,0,0,,0,001,"S 1ST ST","VALLEY GLEN DR",0.00,,Y,B,-,Y,SOL,4,113,-,-,18.439,I,5,S,Y,4,0,1,2,A,-,03,22350,,N,C,C,A,B,H,-,A,D,0,,,,,Y,,A,01,0,0,1,0,0,0,0,0,0,"- ","- ",38.433261871337891,-121.82253265380859,SOLANO,DIXON,-121.82256317138672,38.433269500732422
9386868,2021,2022-01-14,4805,2021-08-10,1511,5L101,4805,2,5,4,4805,0,0,0,,0,001,"RT 12","MARINA BL",0.00,,Y,A,-,Y,SOL,4,12,-,-,5.150,I,5,E,N,4,0,1,2,A,-,03,22350,,N,C,C,A,A,H,-,A,A,0,,,,,Y,,A,01,0,0,1,0,0,0,0,0,0,"- ","- ",,,SOLANO,"SUISUN CITY",-122.03145599365234,38.244461059570312
9386871,2021,2022-01-07,4805,2021-08-29,2051,5L117,4805,7,5,4,4805,0,0,0,,0,003,"WALTERS RD","BELLA VISTA DR",46.00,S,N,A,-,N,,,,,,,,,,N,4,0,1,2,A,-,03,22350,,M,C,C,A,A,H,-,C,A,0,,,,,Y,,A,07,0,0,1,0,0,0,0,0,0,"- ","- ",38.25299072265625,-121.98822021484375,SOLANO,"SUISUN CITY",-121.98825836181641,38.252895355224609
9395686,2022,2022-02-03,4806,2022-01-06,0812,234,104,4,5,5,4806,0,0,0,,0,001,"DOBBINS ST","E DEODARA ST",0.00,,Y,B,-,N,,,,,,,,,,Y,3,0,1,2,A,-,03,22350,,N,C,C,A,B,H,-,A,A,0,,,,,Y,,A,01,0,1,0,0,0,0,0,0,0,"- ","- ",38.362079620361328,-121.98986053466797,SOLANO,VACAVILLE,-121.98983001708984,38.362049102783203
9404637,2021,2022-02-14,4801,2021-10-21,0802,4416,2,4,5,4,4801,0,0,0,,0,002,"E 2ND ST","ST AUGUSTINE DR",0.00,,Y,C,-,N,,,,,,,,,,Y,3,0,1,2,A,-,03,22350,,N,C,C,A,B,H,-,A,D,0,,,,,Y,,A,01,0,1,0,0,0,0,0,0,0,"- ","- ",38.056068420410156,-122.15126800537109,SOLANO,BENICIA,-122.15128326416016,38.056076049804688
9405508,2022,2022-02-10,4806,2022-01-18,0800,234,301,2,5,5,4806,0,0,0,,0,003,"LEISURE TOWN RD","QUALITY DR",520.00,S,N,A,-,N,,,,,,,,,,Y,4,0,2,3,A,-,03,22350,,N,C,C,A,A,H,-,A,A,0,,,,,Y,,A,01,0,0,2,0,0,0,0,0,0,"- ","- ",38.390159606933594,-121.93666839599609,SOLANO,VACAVILLE,,
94075961,2024,2024-08-12,9365,2024-07-29,"447 ",023390,,1,3,4,4801,0,1,1,,2,077,"I-780 W/B","ROSE DR",3485.00,E,N,A,-,Y,SOL,,780," "," ",4.309,H,,L,N,4,0,1,1,A,-,08,22107,,N,E,I,A,A,H,-,D,D,0,,,,,Y,,D,22,0,0,1,0,0,0,0,0,0,"- ","- ",38.072269439697266,-122.18621063232422,SOLANO,BENICIA,-122.18632507324219,38.072212219238281
9408814,2022,2022-03-08,4806,2022-02-10,1542,770,104,4,5,5,4806,0,0,0,,0,002,"MONTE VISTA AV","HILLSIDE LN",224.00,W,N,A,-,N,,,,,,,,,,N,2,0,1,2,A,-,09,21801,A,N,A,C,A,A,H,-,B,D,0,,,Y,,Y,,A,07,1,0,0,0,0,0,0,0,1,"- ","- ",38.358970642089844,-121.98670196533203,SOLANO,VACAVILLE,-121.98822021484375,38.358993530273438
9409049,2022,2022-03-08,4806,2022-01-01,0026,756,604,6,5,5,4806,0,0,0,,0,006,"ALAMO DR","VANDEN RD",392.00,E,N,A,-,N,,,,,,,,,,Y,3,0,1,2,A,-,01,23152,A,N,C,E,A,A,H,-,C,A,0,,,,,Y,Y,D,22,0,1,0,0,0,0,0,0,0,"- ","- ",38.33538818359375,-121.94303894042969,SOLANO,VACAVILLE,-121.94166564941406,38.33538818359375
9409653,2022,2022-03-18,4802,2022-02-25,2249,1314,4802,5,5,3,4802,0,0,0,,0,001,"SOUTH 1ST ST","E WALNUT ST",63.00,S,N,A,-,Y,SOL,4,113,-,-,19.090,H,-,N,Y,4,0,1,3,A,-,01,23152,F,N,C,E,A,A,H,-,C,D,0,,,,,Y,,A,01,0,0,1,0,0,0,0,0,0,"- ","- ",38.442569732666016,-121.82251739501953,SOLANO,DIXON,-121.82253265380859,38.442714691162109
9409702,2022,2022-03-21,4806,2022-02-27,1700,686,502,7,5,5,4806,0,0,0,,0,005,"ELMIRA RD","NUT TREE RD",480.00,E,N,A,-,N,,,,,,,,,,Y,3,0,3,2,A,-,09,21804,A,N,D,C,A,A,H,-,A,A,0,,,,,Y,,A,01,0,1,2,0,0,0,0,0,0,"- ","- ",38.351741790771484,-121.95317840576172,SOLANO,VACAVILLE,-121.95155334472656,38.351654052734375
9409704,2022,2022-03-21,4806,2022-02-24,1710,701,706,4,5,5,4806,0,0,0,,0,007,"ALAMO DR","ALAMO CT",5.00,N,N,A,-,N,,,,,,,,,,Y,4,0,1,2,A,-,09,21804,A,N,G,B,E,A,H,-,A,A,0,Y,,,,Y,,A,07,0,0,1,0,1,0,0,0,0,"- ","- ",38.3360595703125,-121.98609161376953,SOLANO,VACAVILLE,-121.98601531982422,38.336109161376953
9409705,2022,2022-03-21,4806,2022-02-24,1247,341,902,4,5,5,4806,0,0,0,,0,009,"ULATIS DR","HARBISON DR",0.00,,Y,A,-,N,,,,,,,,,,Y,4,0,1,2,A,-,12,21453,,N,D,C,A,A,H,-,A,A,0,,,,,Y,,A,01,0,0,1,0,0,0,0,0,0,"- ","- ",38.357341766357422,-121.96248626708984,SOLANO,VACAVILLE,-121.96246337890625,38.357341766357422
9410093,2022,2022-03-14,4806,2022-01-13,1635,770,206,4,5,5,4806,0,0,0,,0,002,"MARKHAM AV","ROCKY HILL RD",12.00,N,N,A,-,N,,,,,,,,,,Y,2,0,1,2,A,-,03,22350,,N,C,E,A,A,H,-,A,D,0,,,,,Y,Y,A,01,1,0,0,0,0,0,0,0,0,"- ","- ",38.362678527832031,-121.98088073730469,SOLANO,VACAVILLE,-121.98086547851562,38.362659454345703
9414461,2022,2022-03-21,4801,2022-01-14,1616,3895,2,5,5,4,4801,0,0,0,,0,002,"E 2ND ST","ST AUGUSTINE DR",415.00,N,N,A,-,Y,SOL,4,780,-,-,1.881,R,4,E,Y,3,0,1,2,A,-,03,22350,,N,C,C,A,A,H,-,A,D,0,,,,,Y,,A,01,0,1,0,0,0,0,0,0,0,"- ","- ",38.065658569335938,-122.14659881591797,SOLANO,BENICIA,-122.14833831787109,38.056587219238281