CASE_ID,ACCIDENT_YEAR,PROC_DATE,JURIS,COLLISION_DATE,COLLISION_TIME,OFFICER_ID,REPORTING_DISTRICT,DAY_OF_WEEK,CHP_SHIFT,POPULATION,CNTY_CITY_LOC,SPECIAL_COND,BEAT_TYPE,CHP_BEAT_TYPE,CITY_DIVISION_LAPD,CHP_BEAT_CLASS,BEAT_NUMBER,PRIMARY_RD,SECONDARY_RD,DISTANCE,DIRECTION,INTERSECTION,WEATHER_1,WEATHER_2,STATE_HWY_IND,CALTRANS_COUNTY,CALTRANS_DISTRICT,STATE_ROUTE,ROUTE_SUFFIX,POSTMILE_PREFIX,POSTMILE,LOCATION_TYPE,RAMP_INTERSECTION,SIDE_OF_HWY,TOW_AWAY,COLLISION_SEVERITY,NUMBER_KILLED,NUMBER_INJURED,PARTY_COUNT,PRIMARY_COLL_FACTOR,PCF_CODE_OF_VIOL,PCF_VIOL_CATEGORY,PCF_VIOLATION,PCF_VIOL_SUBSECTION,HIT_AND_RUN,TYPE_OF_COLLISION,MVIW,PED_ACTION,ROAD_SURFACE,ROAD_COND_1,ROAD_COND_2,LIGHTING,CONTROL_DEVICE,CHP_ROAD_TYPE,PEDESTRIAN_ACCIDENT,BICYCLE_ACCIDENT,MOTORCYCLE_ACCIDENT,TRUCK_ACCIDENT,NOT_PRIVATE_PROPERTY,ALCOHOL_INVOLVED,STWD_VEHTYPE_AT_FAULT,CHP_VEHTYPE_AT_FAULT,COUNT_SEVERE_INJ,COUNT_VISIBLE_INJ,COUNT_COMPLAINT_PAIN,COUNT_PED_KILLED,COUNT_PED_INJURED,COUNT_BICYCLIST_KILLED,COUNT_BICYCLIST_INJURED,COUNT_MC_KILLED,COUNT_MC_INJURED,PRIMARY_RAMP,SECONDARY_RAMP,LATITUDE,LONGITUDE,COUNTY,CITY,POINT_X,POINT_Y
94535974,2025,2025-01-13,9365,2025-01-04,1710,023300,,6,2,5,4806,0,1,1,,2,086,"I-80 W/B","RIVERIA RD",1400.00,E,N,A,-,Y,SOL,,80," "," ",24.165,H,,L,N,4,0,1,2,A,-,01,23152,A,N,C,C,A,A,D,-,D,D,0,,,,,Y,Y,A,07,0,0,1,0,0,0,0,0,0,"- ","- ",38.338481903076172,-122.01541137695312,SOLANO,VACAVILLE,-122.01547241210938,38.338520050048828
94536110,2025,2025-01-13,9365,2025-01-04,2300,023889,,6,3,5,4803,0,1,3,,2,122,"STATE HIGHWAY 12","BECK AVE",2587.00,W,N,A,-,Y,SOL,,12," ",L,2.712,H,,R,Y,4,0,1,2,A,-,07,21658,A,N,C,C,A,A,H,-,C,D,0,,,,,Y,,A,08,0,0,1,0,0,0,0,0,0,"- ","- ",38.240139007568359,-122.07546234130859,SOLANO,FAIRFIELD,-122.07544708251953,38.239967346191406
94536222,2025,2025-01-13,9365,2025-01-10,1605,022705,,5,2,5,4803,0,1,1,,2,084,"I-80 WESTBOUND","ROCKVILLE ROAD",739.00,W,N,A,-,Y,SOL,,80," "," ",17.046,H,,L,Y,4,0,1,2,A,-,03,22350,,N,C,C,A,A,H,-,A,D,0,,,,,Y,,D,22,0,0,1,0,0,0,0,0,0,"- ","- ",38.248298645019531,-122.07218933105469,SOLANO,FAIRFIELD,-122.07215881347656,38.248256683349609
9453689,2022,2022-07-08,4806,2022-06-13,1936,603,,1,5,5,4806,0,0,0,,0,,"ULATIS DR","ALLISON DR",0.00,,Y,A,-,N,,,,,,,,,,Y,3,0,1,2,A,-,01,23152,A,N,D,C,A,A,H,-,A,A,0,,,,,Y,Y,A,01,0,1,0,0,0,0,0,0,0,"- ","- ",38.356899261474609,-121.96495819091797,SOLANO,VACAVILLE,-121.96492767333984,38.356777191162109
94537304,2025,2025-01-14,9365,2025-01-07,"910 ",022066,,2,1,6,4807,0,1,3,,2,371,"SR-37 E/B TO COLUMBUS PARKWAY","I-80 W/B",45.00,W,N,A,-,Y,SOL,,80," "," ",5.649,H,,L,N,4,0,1,2,A,-,03,22350,,N,C,C,A,A,H,-,A,A,0,,,,,Y,,A,01,0,0,1,0,0,0,0,0,0,"- ","- ",38.139270782470703,-122.22051239013672,SOLANO,VALLEJO,-122.22020721435547,38.139152526855469
94542510,2024,2025-01-17,9365,2024-12-29,"730 ",023408,,7,1,6,4807,0,1,3,,2,370,"STATE ROUTE 37","WALNUT AVE",950.00,E,N,C,-,Y,SOL,,37," ",R,7.305,H,,R,Y,3,0,1,3,A,-,07,21658,A,F,B,2,A,B,H,-,B,D,0,,,,,Y,,-,99,0,1,0,0,0,0,0,0,0,"- ","- ",38.118301391601562,-122.28585815429688,SOLANO,VALLEJO,-122.28586578369141,38.118312835693359
94544180,2025,2025-01-21,9365,2025-01-08,1324,020859,,3,1,5,4803,0,1,1,,2,083,"I-80 WB TO RED TOP RD","RED TOP RD",0.00,,Y,A,-,N,,,,,,,,,,N,2,0,3,2,A,-,12,22450,A,N,D,C,A,A,H,-,A,D,0,,,,,Y,,A,01,1,2,0,0,0,0,0,0,0,"- ","- ",38.202350616455078,-122.15743255615234,SOLANO,FAIRFIELD,-122.15717315673828,38.202175140380859
94546124,2025,2025-01-22,9365,2025-01-18,1400,022697,,6,2,5,4806,0,1,1,,2,086,"I-80 E/B","MASON ST",1150.00,E,N,A,-,Y,SOL,,80," ",R,26.723,H,,R,Y,4,0,1,3,A,-,03,22350,,N,C,C,A,A,H,-,A,D,0,,,,,Y,,A,01,0,0,1,0,0,0,0,0,0,"- ","- ",38.357059478759766,-121.97538757324219,SOLANO,VACAVILLE,-121.97544860839844,38.357097625732422
94551494,2025,2025-01-27,9365,2025-01-14,"700 ",019815,,2,1,5,4803,0,1,1,,2,085,"I-80 W/B","MANUEL CAMPOS PKWY",2230.00,W,N,A,-,Y,SOL,,80," "," ",20.496,H,,L,N,4,0,1,2,A,-,03,22350,,N,C,C,A,A,D,-,A,D,0,,,,,Y,,A,01,0,0,1,0,0,0,0,0,0,"- ","- ",38.289390563964844,-122.03623199462891,SOLANO,FAIRFIELD,-122.03628540039062,38.289421081542969
94553071,2025,2025-01-28,9365,2025-01-22,1730,018499,,3,2,5,4806,0,1,1,,2,086,"I-80 E/B","ALLISON DR",1800.00,W,N,A,-,Y,SOL,,80," ",R,26.820,H,,R,N,4,0,2,4,A,-,03,22350,,N,C,C,A,A,H,-,C,D,0,,,,,Y,,A,07,0,0,2,0,0,0,0,0,0,"- ","- ",38.358001708984375,-121.97437286376953,SOLANO,VACAVILLE,-121.97441864013672,38.3580322265625
94555949,2025,2025-01-30,9365,2025-01-26,1635,023402,,7,2,5,4803,0,1,1,,2,085,"I-80 W/B","MANUEL CAMPOS PKWY",3275.00,E,N,A,-,Y,SOL,,80," "," ",21.567,H,,L,N,4,0,1,2,A,-,08,22107,,N,E,8,A,A,D,-,A,D,0,,,,Y,Y,,A,07,0,0,1,0,0,0,0,0,0,"- ","- ",38.304588317871094,-122.03388214111328,SOLANO,FAIRFIELD,-122.03402709960938,38.304592132568359
94562721,2025,2025-02-03,9365,2025-01-23,1903,024150,,4,2,9,4800,0,3,5,,2,020,"GRIZZLY ISLAND ROAD","SR-12 E/B",2713.00,S,N,A,-,N,,,,,,,,,,N,2,0,1,2,A,-,03,22350,,N,B,2,A,A,H,-,D,A,0,,,Y,,Y,,C,02,1,0,0,0,0,0,0,0,1,"- ","- ",38.235851287841797,-122.02043914794922,SOLANO,UNINCORPORATED,-122.02030181884766,38.236091613769531
9456457,2022,2022-06-15,4806,2022-04-09,2115,656,302,6,5,5,4806,0,0,0,,0,003,"E MONTE VISTA",AVIATOR,249.00,W,N,A,-,N,,,,,,,,,,Y,4,0,1,1,A,-,01,23152,A,N,E,I,A,A,H,-,C,D,0,,,,,Y,Y,A,01,0,0,1,0,0,0,0,0,0,"- ","- ",,,SOLANO,VACAVILLE,-121.9527587890625,38.391704559326172
94564671,2024,2025-02-04,9365,2024-12-09,"50  ",023785,,1,3,9,4800,0,1,1,,2,089,"I-80 W/B","KIDWELL RD",1320.00,E,N,A,-,Y,SOL,,80," "," ",41.818,H,,L,Y,2,0,3,3,A,-,01,23152,A,N,C,E,A,A,H,-,C,D,0,,,,,Y,Y,A,01,1,1,1,0,0,0,0,0,0,"- ","- ",38.511688232421875,-121.77906799316406,SOLANO,UNINCORPORATED,-121.77912139892578,38.511726379394531
94565302,2025,2025-02-04,9365,2025-02-04,1505,017309,,2,2,5,4803,0,1,1,,2,085,"I-80 WESTBOUND","NORTH TEXAS STREET",2640.00,E,N,B,C,Y,SOL,,80," "," ",21.944,H,,L,N,4,0,1,1,A,-,03,22350,,N,E,I,A,B,D,-,A,A,0,,,,,Y,,A,07,0,0,1,0,0,0,0,0,0,"- ","- ",38.310009002685547,-122.03340911865234,SOLANO,FAIRFIELD,-122.03354644775391,38.310024261474609
94565323,2025,2025-02-04,9365,2025-01-31,2015,023715,,5,2,6,4807,0,1,3,,2,371,"SR-37 E/B TO I-80 E/B","INTERSTATE 80",50.00,E,N,C,-,Y,SOL,,37," ",R,11.846,H,,R,N,3,0,1,1,A,-,03,22350,,N,F,A,A,B,H,-,D,D,0,,,,,Y,,D,22,0,1,0,0,0,0,0,0,0,"- ","- ",38.142330169677734,-122.21732330322266,SOLANO,VALLEJO,-122.21729278564453,38.142318725585938
94565331,2025,2025-02-04,9365,2025-01-31,2200,023676,,5,3,6,4807,0,1,1,,2,081,"I-80 W/B","REDWOOD ST",1320.00,W,N,B,C,Y,SOL,,80," "," ",3.970,H,,L,N,3,0,1,2,A,-,07,21658,A,M,B,C,A,B,H,-,C,A,0,,,,,Y,,-,99,0,1,0,0,0,0,0,0,0,"- ","- ",38.116500854492188,-122.23017883300781,SOLANO,VALLEJO,-122.23021697998047,38.116497039794922
94566234,2025,2025-02-05,9365,2025-02-01,"850 ",023307,,6,1,9,4800,0,1,3,,2,371,"SR-37 W/B","SKAGGS ISLAND RD",3696.00,E,N,C,G,Y,SOL,,37," "," ",2.491,H,,L,Y,4,0,1,1,A,-,08,22107,,N,E,I,A,B,H,-,A,D,0,,,,,Y,,A,01,0,0,1,0,0,0,0,0,0,"- ","- ",38.143451690673828,-122.36765289306641,SOLANO,UNINCORPORATED,-122.36765289306641,38.143451690673828
94566310,2025,2025-02-05,9365,2025-02-01,1100,022460,,6,1,3,4802,0,1,1,,2,088,"I-80 W/B FROM DIXON AVE","DIXON AVE",15.00,E,N,C,-,Y,SOL,,80," "," ",35.542,H,,L,N,3,0,1,1,A,-,03,22350,,N,E,I,A,B,H,-,A,D,0,,,,,Y,,D,22,0,1,0,0,0,0,0,0,0,"- ","- ",38.445991516113281,-121.85906219482422,SOLANO,DIXON,-121.85886383056641,38.445838928222656
94569321,2025,2025-02-06,9365,2025-02-02,"925 ",022705,,7,1,5,4803,0,1,1,,2,681,"I-680 SOUTHBOUND FROM I-80 WESTBOUND","CORDELIA ROAD",2640.00,N,N,B,-,Y,,,,,,,,,,N,4,0,1,1,A,-,03,22350,,N,E,I,A,B,H,-,A,D,0,,,,,Y,,A,01,0,0,1,0,0,0,0,0,0,"- ","- ",38.217418670654297,-122.13784790039062,SOLANO,FAIRFIELD,-122.13795471191406,38.214359283447266
94570344,2025,2025-02-07,9365,2025-02-04,"945 ",018192,,2,1,6,4807,0,1,3,,2,371,"SR-37 E/B","MARE ISLAND WAY",100.00,E,N,B,C,Y,SOL,,37," ",R,7.208,H,,R,Y,4,0,1,1,A,-,03,22350,,N,E,I,A,B,H,-,A,D,0,,,,,Y,,A,01,0,0,1,0,0,0,0,0,0,"- ","- ",38.117500305175781,-122.28903198242188,SOLANO,VALLEJO,-122.28901672363281,38.117427825927734
9457147,2022,2022-07-20,4804,2022-06-18,1820,11432RV,,6,5,2,4804,0,0,0,,0,,"RT 12","CHURCH RD",1000.00,W,N,A,-,Y,SOL,4,12,-,-,24.630,H,-,E,N,3,0,1,2,A,-,04,21703,,N,C,C,A,A,H,-,A,D,0,,,,,Y,,D,22,0,1,0,0,0,0,0,0,0,"- ","- ",,,SOLANO,"RIO VISTA",-121.71170806884766,38.172466278076172
9457180,2022,2022-07-11,4806,2022-06-02,0757,770,602,4,5,5,4806,0,0,0,,0,006,"NUT TREE RD","NORTHAMPTON CT",0.00,,Y,A,-,N,,,,,,,,,,N,2,0,1,2,A,-,10,21950,A,N,G,B,D,A,H,-,A,A,0,Y,,,,Y,,D,22,1,0,0,0,1,0,0,0,0,"- ","- ",38.333789825439453,-121.95279693603516,SOLANO,VACAVILLE,-121.95278930664062,38.333824157714844
9457538,2022,2022-07-11,4806,2022-06-10,1937,805,910,5,5,5,4806,0,0,0,,0,009,"ORANGE DR","LEISURE TOWN RD",220.00,E,N,A,-,N,,,,,,,,,,N,4,0,2,2,A,-,09,21804,A,N,B,D,A,A,H,-,A,D,0,,,,,Y,,A,01,0,0,2,0,0,0,0,0,0,"- ","- ",38.384490966796875,-121.93376159667969,SOLANO,VACAVILLE,-121.93292236328125,38.384483337402344
9457540,2022,2022-07-11,4806,2022-06-07,1708,804,,2,5,5,4806,0,0,0,,0,,"NUT TREE PKWY","ALLISON DR",19.00,S,N,A,-,N,,,,,,,,,,N,4,0,1,2,A,-,21,22106,,N,B,C,A,A,H,-,A,A,0,,,Y,,Y,,A,01,0,0,1,0,0,0,0,0,1,"- ","- ",38.360038757324219,-121.96803283691406,SOLANO,VACAVILLE,-121.96796417236328,38.360080718994141
9457747,2022,2022-06-09,4806,2022-05-09,1818,655,602,1,5,5,4806,0,0,0,,0,006,"NUT TREE RD","ALAMO DR",0.00,,Y,A,-,N,,,,,,,,,,,3,0,1,2,A,-,11,21453,D,N,D,C,A,A,H,-,A,A,0,,,Y,,Y,,C,03,0,1,0,0,0,0,0,0,1,"- ","- ",38.335369110107422,-121.95330810546875,SOLANO,VACAVILLE,-121.95331573486328,38.335338592529297
94579868,2025,2025-02-14,9365,2025-02-08,"34  ",023889,,6,3,5,4803,0,1,1,,2,084,"I-80 W/B","TRAVIS BLVD",2851.00,E,N,A,-,Y,SOL,,80," "," ",18.477,H,,L,Y,4,0,2,2,A,-,03,22350,,N,C,C,A,A,D,-,C,D,0,,,,,Y,,A,07,0,0,2,0,0,0,0,0,0,"- ","- ",38.265060424804688,-122.05702209472656,SOLANO,FAIRFIELD,-122.05697631835938,38.265037536621094
94579985,2025,2025-02-14,9365,2025-02-04,"940 ",019815,,2,1,5,4803,0,1,1,,2,085,"I-80 WESTBOUND","MANUEL CAMPOS PKWY",4800.00,E,N,B,C,Y,SOL,,80," "," ",21.830,H,,L,Y,4,0,2,2,A,-,08,22107,,N,E,8,A,B,D,-,A,D,0,,,,,Y,,A,01,0,0,2,0,0,0,0,0,0,"- ","- ",38.308368682861328,-122.03365325927734,SOLANO,FAIRFIELD,-122.0338134765625,38.308383941650391
94586363,2025,2025-04-04,9365,2025-02-15,1037,022705,,6,1,3,4802,0,1,1,,2,088,"I-80 WESTBOUND","DIXON AVENUE",1795.00,E,N,B,-,Y,SOL,,80," "," ",35.886,H,,L,N,4,0,1,4,A,-,03,22350,,N,C,C,A,A,H,-,A,D,0,,,,,Y,,A,08,0,0,1,0,0,0,0,0,0,"- ","- ",38.449371337890625,-121.85431671142578,SOLANO,DIXON,-121.85434722900391,38.449390411376953
94588010,2025,2025-02-24,9365,2025-02-16,"115 ",023785,,7,3,9,4800,0,1,1,,2,085,"I-80 W/B","CHERRY GLEN RD",2798.00,W,N,A,-,Y,SOL,,80," ",R,22.605,H,,L,Y,2,0,3,2,C,-,18,,,N,C,E,A,A,D,-,D,D,0,,,,,Y,,-,"- ",1,2,0,0,0,0,0,0,0,"- ","- ",38.318801879882812,-122.02931976318359,SOLANO,UNINCORPORATED,-122.02936553955078,38.318828582763672
94589386,2025,2025-02-25,9365,2025-01-31,2130,023715,,5,2,6,4807,0,1,1,,2,081,"I-80 W/B","TENNESSEE STREET",2640.00,E,N,B,C,Y,SOL,,80," "," ",4.111,H,,L,N,3,0,1,2,A,-,07,21658,A,M,B,C,A,B,H,-,D,D,0,,,,Y,Y,,-,99,0,1,0,0,0,0,0,0,0,"- ","- ",38.1185302734375,-122.23040008544922,SOLANO,VALLEJO,-122.23037719726562,38.1185302734375
94589418,2025,2025-02-25,9365,2025-01-31,1937,023890,,5,2,6,4807,0,1,1,,2,081,"I-80 W/B TO COLUMBUS PKWY","I-80 W/B O/C",71.00,W,N,B,C,Y,,,,,,,,,,N,3,0,3,2,A,-,03,22350,,M,C,C,A,B,H,-,D,D,0,,,,,Y,,A,01,0,3,0,0,0,0,0,0,0,"- ","- ",38.139461517333984,-122.22048950195312,SOLANO,VALLEJO,-122.22663116455078,38.06494140625
94589608,2025,2025-02-25,9365,2025-02-22,1517,022460,,6,2,3,4802,0,1,1,,2,088,"I-80 E/B","MIDWAY ROAD",1531.00,E,N,A,-,Y,SOL,,80," "," ",32.913,H,,R,N,4,0,1,1,C,-,18,,,N,E,8,A,A,H,-,A,D,0,,,,,Y,,-,"- ",0,0,1,0,0,0,0,0,0,"- ","- ",38.419071197509766,-121.89335632324219,SOLANO,DIXON,-121.89344024658203,38.419132232666016
94590678,2025,2025-02-26,9365,2025-02-18,1340,024294,,2,1,5,4806,0,1,1,,2,086,"INTERSTATE 80 W/B","MASON ST",2300.00,E,N,B,-,Y,SOL,,80," ",R,26.986,H,,L,N,4,0,1,2,A,-,08,22107,,N,D,2,A,A,D,-,A,D,0,,,,,Y,,A,01,0,0,1,0,0,0,0,0,0,"- ","- ",38.359630584716797,-121.97273254394531,SOLANO,VACAVILLE,-121.97270965576172,38.359611511230469
94590858,2025,2025-02-26,9365,2025-02-19,1420,024268,,3,2,5,4806,0,1,1,,2,086,"I-80 E/B","ALLISON DRIVE",2124.00,W,N,B,-,Y,SOL,,80," ",R,26.768,H,,R,Y,4,0,2,5,A,-,03,22350,,N,C,C,A,A,D,-,A,D,0,,,,Y,Y,,A,08,0,0,2,0,0,0,0,0,0,"- ","- ",38.357498168945312,-121.97492980957031,SOLANO,VACAVILLE,-121.9749755859375,38.357528686523438
94590910,2025,2025-02-26,9365,2025-02-25,1955,023302,,2,2,9,4800,0,1,3,,2,370,"SR-37 E/B","SKAGGS ISLAND ROAD",6494.00,E,N,A,-,Y,SOL,,37," "," ",2.927,H,,R,Y,4,0,1,2,A,-,03,22350,,N,C,2,A,A,H,-,D,D,0,,,,,Y,,A,01,0,0,1,0,0,0,0,0,0,"- ","- ",38.140659332275391,-122.36044311523438,SOLANO,UNINCORPORATED,-122.36044311523438,38.140655517578125
9459245,2022,2022-06-13,4806,2022-05-24,2043,686,401,2,5,5,4806,0,0,0,,0,004,"ALLISON CT","ULATIS DR",250.00,S,N,A,-,N,,,,,,,,,,Y,3,0,1,1,A,-,03,22350,,N,A,I,A,A,H,-,C,A,0,,,,,Y,Y,A,01,0,1,0,0,0,0,0,0,0,"- ","- ",38.356899261474609,-121.96495819091797,SOLANO,VACAVILLE,-121.96469879150391,38.356117248535156
9459247,2022,2022-06-13,4806,2022-05-21,2029,761,102,6,5,5,4806,0,0,0,,0,001,"ALAMO DR","WALNUT AV",0.00,,Y,A,-,N,,,,,,,,,,Y,4,0,1,2,A,-,09,21802,A,N,D,C,A,A,H,-,C,D,0,,,,,Y,,A,01,0,0,1,0,0,0,0,0,0,"- ","- ",38.349788665771484,-122.00173187255859,SOLANO,VACAVILLE,-122.00169372558594,38.349739074707031
94592887,2025,2025-02-28,9365,2025-02-15,1525,022277,,6,2,5,4806,0,1,1,,2,086,"I-80 E/B","MASON ST",230.00,E,N,A,-,Y,SOL,,80," ",R,26.527,H,,R,Y,4,0,1,2,A,-,04,21703,,N,C,C,A,A,H,-,A,A,0,,,,,Y,,A,01,0,0,1,0,0,0,0,0,0,"- ","- ",38.354999542236328,-121.97760009765625,SOLANO,VACAVILLE,-121.97763061523438,38.355022430419922
94593174,2025,2025-02-28,9365,2025-02-16,1626,022277,,7,2,5,4806,0,1,1,,2,086,"I-80 E/B","NUT TREE RD",750.00,W,N,A,-,Y,SOL,,80," ",R,27.870,H,,R,Y,4,0,1,4,A,-,08,22107,,N,B,C,A,A,H,-,A,A,0,,,,,Y,,A,01,0,0,1,0,0,0,0,0,0,"- ","- ",38.367961883544922,-121.95963287353516,SOLANO,VACAVILLE,-121.95966339111328,38.367984771728516
94595177,2025,2025-03-03,9365,2025-02-26,1000,024309,,3,1,5,4806,0,1,1,,2,086,"I-80 E/B FROM ALAMO DR","EAST OF ALAMO DRIVE",528.00,E,N,A,-,Y,SOL,,80," ",R,25.406,H,,R,N,3,0,1,2,A,-,03,22350,,N,C,C,A,A,H,-,A,D,0,,,,,Y,,A,01,0,1,0,0,0,0,0,0,0,"- ","- ",38.3468017578125,-121.99542236328125,SOLANO,VACAVILLE,-121.99546813964844,38.346881866455078
94596235,2025,2025-03-04,9365,2025-02-23,1540,023423,,7,2,5,4806,0,1,1,,2,086,"I-80 W/B","LAGOON VALLEY RD",528.00,E,N,A,-,Y,SOL,,80," "," ",23.274,H,,L,N,3,0,3,4,A,-,08,22107,,N,C,C,A,A,H,-,A,A,0,,,Y,,Y,,A,01,0,2,1,0,0,0,0,0,3,"- ","- ",38.327030181884766,-122.02292633056641,SOLANO,VACAVILLE,-122.02295684814453,38.327041625976562
94596361,2025,2025-03-04,9365,2025-03-01,1823,023858,,6,2,4,4801,0,1,1,,2,680,"I-680 S/B","LAKE HERMAN RD",5808.00,S,N,A,-,Y,SOL,,680," ",R,1.716,H,,L,Y,4,0,1,1,A,-,08,22107,,N,E,I,A,A,H,-,C,D,0,,,,,Y,,A,07,0,0,1,0,0,0,0,0,0,"- ","- ",38.073020935058594,-122.12391662597656,SOLANO,BENICIA,-122.12398529052734,38.073051452636719
94597806,2025,2025-03-05,9365,2025-03-03,1233,024294,,1,1,5,4806,0,1,1,,2,086,"I-80 WB","ALAMO DR",4000.00,W,N,A,-,Y,SOL,,80," "," ",24.532,H,,L,Y,2,0,3,2,A,-,08,22107,,N,E,8,A,A,D,-,A,D,0,,,,,Y,,A,01,1,1,1,0,0,0,0,0,0,"- ","- ",38.342010498046875,-122.01035308837891,SOLANO,VACAVILLE,-122.01030731201172,38.341930389404297
94599816,2025,2025-03-17,9365,2025-03-04,2100,022834,,2,2,9,4800,0,1,1,,2,085,"INTERSTATE-80 EASTBOUND","LAGOON VALLEY ROAD OVER CROSSING",1320.00,W,N,A,-,Y,SOL,,80," ",R,22.880,H,,R,Y,3,0,1,1,A,-,01,23152,A,N,E,I,A,A,D,-,C,A,0,,,,,Y,Y,D,22,0,1,0,0,0,0,0,0,0,"- ","- ",38.321949005126953,-122.02625274658203,SOLANO,UNINCORPORATED,-122.02619171142578,38.321918487548828
94601893,2025,2025-03-18,9365,2025-02-08,2200,023785,,6,3,9,4800,0,1,A,,2,030,"PEACEFUL GLEN RD","DOVE CREEK TRL",10.00,W,N,A,-,N,,,,,,,,,,Y,4,0,1,1,A,-,12,22450,A,M,E,I,A,A,H,-,D,D,0,,,,,Y,,A,01,0,0,1,0,0,0,0,0,0,"- ","- ",38.434349060058594,-121.99169921875,SOLANO,UNINCORPORATED,-121.99160766601562,38.434379577636719
94603987,2025,2025-03-18,9365,2025-03-05,"810 ",024309,,3,1,5,4803,0,1,1,,2,083,"I-80 W/B TO RED TOP ROAD","RED TOP ROAD",291.00,E,N,A,-,Y,SOL,,80," ",R,11.462,H,,L,N,3,0,1,2,A,-,03,22350,,N,B,C,A,A,H,-,A,D,0,,,,Y,Y,,F,26,0,1,0,0,0,0,0,0,0,"- ","- ",38.202911376953125,-122.15664672851562,SOLANO,FAIRFIELD,-122.15647888183594,38.202789306640625
94605153,2025,2025-03-18,9365,2025-03-06,"744 ",018192,,4,1,4,4801,0,1,1,,2,680,"I-680 S/B",I-780,1000.00,N,N,A,-,Y,SOL,,680," ",R,0.796,H,,L,Y,4,0,1,2,A,-,03,22350,,N,C,C,A,A,C,-,A,A,0,,,,,Y,,A,01,0,0,1,0,0,0,0,0,0,"- ","- ",38.061408996582031,-122.13143157958984,SOLANO,BENICIA,-122.13145446777344,38.061405181884766
94609081,2025,2025-03-18,9365,2025-03-07,1945,022412,,5,2,9,4800,0,1,3,,2,122,"SR-12 RIO VISTA","DENVERTON RD",2272.00,E,N,A,-,Y,SOL,,12," "," ",12.960,H,,R,Y,3,0,1,2,A,-,01,23152,A,N,E,J,A,A,H,-,D,D,0,,,,,Y,Y,D,22,0,1,0,0,0,0,0,0,0,"- ","- ",38.227260589599609,-121.89553833007812,SOLANO,UNINCORPORATED,-121.89554595947266,38.227252960205078
94609725,2025,2025-03-18,9365,2025-03-06,1740,018499,,4,2,6,4807,0,1,1,,2,081,"I-80 W/B","GEORGIA ST",50.00,E,N,A,-,Y,SOL,,80," "," ",2.898,H,,L,Y,4,0,1,2,A,-,03,22350,,N,C,C,A,A,H,-,B,D,0,,,,Y,Y,,D,22,0,0,1,0,0,0,0,0,0,"- ","- ",38.101009368896484,-122.22989654541016,SOLANO,VALLEJO,-122.22987365722656,38.101009368896484
94610044,2025,2025-03-18,9365,2025-03-14,"835 ",022705,,5,1,5,4803,0,1,1,,2,681,"I-680 SOUTHBOUND FROM I-80 WESTBOUND","CORDELIA ROAD",2904.00,N,N,B,C,Y,,,,,,,,,,Y,3,0,1,1,A,-,03,22350,,N,E,8,A,B,H,-,A,D,0,,,,,Y,,A,01,0,1,0,0,0,0,0,0,0,"- ","- ",38.218040466308594,-122.13728332519531,SOLANO,FAIRFIELD,-122.13795471191406,38.213634490966797
94610892,2025,2025-03-19,9365,2025-03-14,1500,023294,,5,2,5,4803,0,1,1,,2,084,"I-80 E/B","TRAVIS BLVD",1003.00,W,N,B,C,Y,SOL,,80," "," ",17.721,H,,R,N,4,0,2,2,A,-,03,22350,,N,C,C,A,B,H,-,A,D,0,,,,,Y,,A,07,0,0,2,0,0,0,0,0,0,"- ","- ",38.255958557128906,-122.06440734863281,SOLANO,FAIRFIELD,-122.06430816650391,38.255905151367188
94612368,2025,2025-03-20,9365,2025-03-11,"800 ",024309,,2,1,6,4807,0,1,1,,2,080,"I-80 E/B","GEORGIA ST",1056.00,W,N,A,-,Y,SOL,,80," "," ",2.494,H,,R,N,3,0,1,2,A,-,07,21658,A,N,B,C,A,A,H,-,A,D,0,,,,,Y,,A,01,0,1,0,0,0,0,0,0,0,"- ","- ",38.095218658447266,-122.229736328125,SOLANO,VALLEJO,-122.22977447509766,38.095222473144531
94624710,2025,2025-03-24,9365,2025-03-15,1920,023715,,6,2,6,4807,0,1,1,,2,080,"EVANS AVENUE","THOMAS AVENUE",0.00,,Y,A,-,N,,,,,,,,,,N,3,0,1,3,A,-,09,21802,A,N,D,C,A,A,H,-,D,A,0,,,,,Y,,A,01,0,1,0,0,0,0,0,0,0,"- ","- ",38.095470428466797,-122.23789978027344,SOLANO,VALLEJO,-122.23789215087891,38.095462799072266
94626471,2025,2025-03-25,9365,2025-03-02,2014,023839,,7,2,5,4803,0,1,1,,2,083,"I-80 E/B","SR-12 E/B",4224.00,W,N,A,-,Y,,,,,,,,,,Y,2,0,1,1,A,-,08,22107,,N,E,I,A,A,H,-,C,D,0,,,,,Y,,A,01,1,0,0,0,0,0,0,0,0,"- ","- ",38.233810424804688,-122.10523223876953,SOLANO,FAIRFIELD,-117.25426483154297,33.901325225830078