CASE_ID,ACCIDENT_YEAR,PROC_DATE,JURIS,COLLISION_DATE,COLLISION_TIME,OFFICER_ID,REPORTING_DISTRICT,DAY_OF_WEEK,CHP_SHIFT,POPULATION,CNTY_CITY_LOC,SPECIAL_COND,BEAT_TYPE,CHP_BEAT_TYPE,CITY_DIVISION_LAPD,CHP_BEAT_CLASS,BEAT_NUMBER,PRIMARY_RD,SECONDARY_RD,DISTANCE,DIRECTION,INTERSECTION,WEATHER_1,WEATHER_2,STATE_HWY_IND,CALTRANS_COUNTY,CALTRANS_DISTRICT,STATE_ROUTE,ROUTE_SUFFIX,POSTMILE_PREFIX,POSTMILE,LOCATION_TYPE,RAMP_INTERSECTION,SIDE_OF_HWY,TOW_AWAY,COLLISION_SEVERITY,NUMBER_KILLED,NUMBER_INJURED,PARTY_COUNT,PRIMARY_COLL_FACTOR,PCF_CODE_OF_VIOL,PCF_VIOL_CATEGORY,PCF_VIOLATION,PCF_VIOL_SUBSECTION,HIT_AND_RUN,TYPE_OF_COLLISION,MVIW,PED_ACTION,ROAD_SURFACE,ROAD_COND_1,ROAD_COND_2,LIGHTING,CONTROL_DEVICE,CHP_ROAD_TYPE,PEDESTRIAN_ACCIDENT,BICYCLE_ACCIDENT,MOTORCYCLE_ACCIDENT,TRUCK_ACCIDENT,NOT_PRIVATE_PROPERTY,ALCOHOL_INVOLVED,STWD_VEHTYPE_AT_FAULT,CHP_VEHTYPE_AT_FAULT,COUNT_SEVERE_INJ,COUNT_VISIBLE_INJ,COUNT_COMPLAINT_PAIN,COUNT_PED_KILLED,COUNT_PED_INJURED,COUNT_BICYCLIST_KILLED,COUNT_BICYCLIST_INJURED,COUNT_MC_KILLED,COUNT_MC_INJURED,PRIMARY_RAMP,SECONDARY_RAMP,LATITUDE,LONGITUDE,COUNTY,CITY,POINT_X,POINT_Y
94749475,2025,2025-07-07,9365,2025-07-02,"655 ",019051,,3,1,9,4800,0,1,1,,2,083,"I-80 W/B",SR-12,4000.00,W,N,A,-,Y,SOL,,80," "," ",15.025,H,,L,N,4,0,1,2,A,-,03,22350,,N,C,C,A,A,H,-,A,D,0,,,,,Y,,A,08,0,0,1,0,0,0,0,0,0,"- ","- ",38.234611511230469,-122.10504913330078,SOLANO,UNINCORPORATED,-122.10500335693359,38.234550476074219
94751771,2025,2025-07-07,9365,2025-06-24,"955 ",024309,,2,1,6,4807,0,1,1,,2,081,"I-80 E/B","REDWOOD PKY",528.00,E,N,A,-,Y,SOL,,80," "," ",4.597,H,,R,Y,3,0,1,3,A,-,03,22350,,N,C,C,A,A,H,-,A,D,0,,,,,Y,,-,"- ",0,1,0,0,0,0,0,0,0,"- ","- ",38.125350952148438,-122.22866058349609,SOLANO,VALLEJO,-122.22869873046875,38.125362396240234
94751944,2025,2025-07-07,9365,2025-06-26,"153 ",023889,,4,3,5,4806,0,1,1,,2,086,"I-80 E/B","ALAMO DR",1373.00,E,N,A,-,Y,SOL,,80," ",R,25.582,H,,R,Y,2,0,1,2,A,-,03,22350,,N,C,2,A,A,D,-,C,A,0,,,,Y,Y,,G,25,1,0,0,0,0,0,0,0,0,"- ","- ",38.347999572753906,-121.99257659912109,SOLANO,VACAVILLE,-121.99258422851562,38.348011016845703
94753757,2025,2025-07-08,9365,2025-06-30,1700,024294,,1,2,9,4800,0,1,A,,2,030,"LEWIS ROAD","HAWKINS ROAD",2640.00,N,N,A,-,N,,,,,,,,,,Y,3,0,1,1,A,-,08,22107,,N,F,J,A,A,H,-,A,D,0,,,,,Y,,-,"- ",0,1,0,0,0,0,0,0,0,"- ","- ",38.367450714111328,-121.8968505859375,SOLANO,UNINCORPORATED,-121.89680480957031,38.366130828857422
94753953,2025,2025-07-08,9365,2025-06-20,"208 ",023676,,5,3,9,4800,0,1,1,,2,082,"I-80 E/B","AMERICAN CANYON ROAD",2469.00,E,N,A,-,Y,SOL,,80," "," ",8.574,H,,R,N,2,0,1,2,A,-,07,21658,A,N,C,C,A,A,H,-,D,A,0,,,,Y,Y,,A,01,1,0,0,0,0,0,0,0,0,"- ","- ",38.173881530761719,-122.1934814453125,SOLANO,UNINCORPORATED,-122.19351196289062,38.173900604248047
94756549,2025,2025-07-10,9365,2025-06-21,1300,024276,,6,1,9,4800,0,1,1,,2,680,"INTERSTATE 680","PARISH ROAD",860.00,N,N,A,-,Y,SOL,,680," ",R,5.196,H,,R,Y,2,0,1,2,A,-,07,21658,A,N,C,D,A,A,H,-,A,D,0,,,Y,,Y,,A,01,1,0,0,0,0,0,0,0,1,"- ","- ",38.118389129638672,-122.10601043701172,SOLANO,UNINCORPORATED,-122.10601806640625,38.118389129638672
94756831,2025,2025-07-10,9365,2025-06-29,2119,023858,,7,2,9,4800,0,1,A,,2,030,"MIDWAY RD W/B","GENTILE LN",109.00,E,N,A,-,N,,,,,,,,,,Y,2,0,1,1,A,-,08,22107,,N,F,A,A,A,H,-,D,D,0,,,Y,,Y,,C,02,1,0,0,0,0,0,0,0,1,"- ","- ",38.417049407958984,-121.89936065673828,SOLANO,UNINCORPORATED,-121.89934539794922,38.416942596435547
94758169,2025,2025-07-11,9365,2025-07-10,1930,024430,,4,2,5,4806,0,1,1,,2,087,"I-80 W/B","MIDWAY RD",930.00,W,N,A,-,Y,SOL,,80," "," ",32.437,H,,L,Y,2,0,3,2,A,-,07,21658,A,M,E,I,A,A,H,-,B,D,0,,,,,Y,,-,99,1,2,0,0,0,0,0,0,0,"- ","- ",38.41461181640625,-121.90001678466797,SOLANO,VACAVILLE,-121.89990234375,38.414516448974609
94758685,2025,2025-07-11,9365,2025-07-10,1510,023459,,4,2,5,4803,0,1,1,,2,084,"I-80 W/B","AIR BASE PKY",1400.00,W,N,A,-,Y,SOL,,80," "," ",18.847,H,,L,Y,3,0,2,4,A,-,08,22107,,N,B,C,A,A,H,-,A,D,0,,,,Y,Y,,A,07,0,1,1,0,0,0,0,0,0,"- ","- ",38.269500732421875,-122.05329895019531,SOLANO,FAIRFIELD,-122.05323028564453,38.269462585449219
94762161,2025,2025-07-15,9365,2025-03-23,1810,023328,,7,2,9,4800,0,1,1,,2,082,"INTERSTATE 80 E/B","AMERICAN CANYON ROAD",2429.00,E,N,A,-,Y,SOL,,80," "," ",8.571,H,,R,Y,1,1,1,1,A,-,01,23152,F,N,E,I,A,A,H,-,A,D,0,,,,,Y,,A,07,1,0,0,0,0,0,0,0,0,"- ","- ",38.173908233642578,-122.19362640380859,SOLANO,UNINCORPORATED,-122.19355773925781,38.173862457275391
94765427,2025,2025-07-16,9365,2025-07-08,1625,024464,,2,2,9,4800,0,1,3,,2,122,"SR-12 W/B","AZEVEDO RD",0.00,,Y,A,-,Y,SOL,,12," "," ",22.676,H,,L,Y,3,0,1,2,A,-,09,21801,A,N,D,C,A,A,H,-,A,A,0,,,,,Y,,D,22,0,1,0,0,0,0,0,0,0,"- ","- ",38.183448791503906,-121.74166870117188,SOLANO,UNINCORPORATED,-121.74166870117188,38.183422088623047
94765551,2025,2025-07-16,9365,2025-05-31,1325,019051,,6,1,5,4806,0,1,1,,2,086,"I-80 E/B","ALLISON DRIVE",400.00,W,N,A,-,Y,SOL,,80," ",R,26.836,H,,R,N,4,0,1,3,A,-,03,22350,,M,C,C,A,A,H,-,A,D,0,,,,,Y,,A,07,0,0,1,0,0,0,0,0,0,"- ","- ",38.358150482177734,-121.97421264648438,SOLANO,VACAVILLE,-121.97425842285156,38.358180999755859
94766206,2025,2025-07-17,9365,2025-07-08,1210,024251,,2,1,5,4803,0,1,1,,2,082,"I-80 W/B","RED TOP RD",200.00,W,N,A,-,Y,SOL,,80," ",R,11.372,H,,L,Y,4,0,1,2,A,-,07,21658,A,N,D,C,A,A,H,-,A,D,0,,,,,Y,Y,A,01,0,0,1,0,0,0,0,0,0,"- ","- ",38.201831817626953,-122.15756988525391,SOLANO,FAIRFIELD,-122.15756988525391,38.201828002929688
94770940,2025,2025-07-21,9365,2025-07-13,"155 ",023408,,7,3,6,4807,0,2,S,,2,901,"ADMIRAL CALLAGHAN LN","HENRY ST",160.00,N,N,A,-,N,,,,,,,,,,Y,3,0,1,1,A,-,08,22107,,N,F,I,A,A,H,-,C,D,0,,,,,Y,,A,07,0,1,0,0,0,0,0,0,0,"- ","- ",38.112438201904297,-122.22947692871094,SOLANO,VALLEJO,-122.22930908203125,38.112354278564453
94774134,2025,2025-07-23,9365,2025-07-13,1220,022277,,7,1,9,4800,0,1,1,,2,505,"I-505 S/B","ALLENDALE RD",2514.00,N,N,A,-,Y,SOL,,505," ",R,6.053,H,,L,N,2,0,2,1,A,-,08,22107,,N,F,8,A,A,H,-,A,A,0,,,,,Y,,D,22,1,1,0,0,0,0,0,0,0,"- ","- ",38.460231781005859,-121.94241333007812,SOLANO,UNINCORPORATED,-121.94228363037109,38.460227966308594
94776117,2025,2025-07-24,9365,2025-07-14,"750 ",017820,,1,1,9,4800,0,1,1,,2,085,"I-80 E/B","LAGOON VALLEY RD",2851.00,W,N,A,-,Y,SOL,,80," ",R,22.589,H,,R,Y,4,0,2,2,A,-,08,22107,,N,C,C,A,A,H,-,A,A,0,,,,,Y,,A,07,0,0,2,0,0,0,0,0,0,"- ","- ",38.318450927734375,-122.02922821044922,SOLANO,UNINCORPORATED,-122.02928924560547,38.3184814453125
94777154,2025,2025-07-25,9365,2025-07-16,2248,023231,,3,3,5,4803,0,1,1,,2,083,"I-80 W/B","SUISUN VALLEY RD",1531.00,E,N,A,-,Y,SOL,,80," "," ",13.772,H,,L,N,4,0,2,4,A,-,03,22350,,N,C,C,A,A,D,-,C,A,0,,,,,Y,,D,22,0,0,2,0,0,0,0,0,0,"- ","- ",38.225540161132812,-122.12480926513672,SOLANO,FAIRFIELD,-122.12481689453125,38.225547790527344
94781460,2025,2025-07-29,9365,2025-07-13,"211 ",023676,,7,3,6,4807,0,1,1,,2,081,"I-80 E/B","TENNESSEE ST",106.00,E,N,A,-,Y,SOL,,80," "," ",3.700,H,,R,Y,3,0,1,2,A,-,01,23152,A,N,C,C,A,A,H,-,C,A,0,,,Y,,Y,Y,C,02,0,1,0,0,0,0,0,0,1,"- ","- ",38.11260986328125,-122.229736328125,SOLANO,VALLEJO,-122.22971343994141,38.11260986328125
94781724,2025,2025-07-29,9365,2025-07-28,1625,018499,,1,2,5,4806,0,1,1,,2,086,"I-80 E/B FROM ALAMO DR","ALAMO DR",220.00,E,N,A,-,Y,,,,,,,,,,Y,4,0,1,2,B,-,22,,,N,B,C,A,A,H,-,A,D,0,,,Y,,Y,,C,02,0,0,1,0,0,0,0,0,1,"- ","- ",38.345359802246094,-121.99613189697266,SOLANO,VACAVILLE,-121.99661254882812,38.346458435058594
94788520,2025,2025-08-04,9365,2025-07-31,"806 ",023378,,4,1,5,4803,0,1,1,,2,083,"I-80 W/B","THE CORDELIA WEIGH STATION",775.00,W,N,A,-,Y,SOL,,80," "," ",14.142,H,,L,Y,4,0,2,4,A,-,07,21658,A,M,B,C,A,A,H,-,A,D,0,,,,,Y,,A,01,0,0,2,0,0,0,0,0,0,"- ","- ",38.228401184082031,-122.11907958984375,SOLANO,FAIRFIELD,-122.11911773681641,38.22845458984375
94789074,2025,2025-08-04,9365,2025-08-02,1045,023402,,6,1,9,4800,0,1,1,,2,680,"I-680 N/B","LAKE HERMAN RD",3700.00,S,N,A,-,Y,SOL,,680," ",R,1.883,H,,R,Y,3,0,3,5,A,-,03,22350,,N,C,C,A,A,H,-,A,D,0,,,,,Y,,A,07,0,1,2,0,0,0,0,0,0,"- ","- ",38.074989318847656,-122.1221923828125,SOLANO,UNINCORPORATED,-122.12218475341797,38.074985504150391
94789791,2025,2025-08-05,9365,2025-07-30,1230,024251,,3,1,6,4807,0,1,3,,2,371,"SR-37 E/B","I-80 O/C",200.00,W,N,A,-,Y,SOL,,80," "," ",5.646,H,,L,N,3,0,1,2,A,-,03,22350,,N,C,C,A,A,H,-,A,D,0,,,,,Y,,A,01,0,1,0,0,0,0,0,0,0,"- ","- ",38.139190673828125,-122.22045135498047,SOLANO,VALLEJO,-122.22023773193359,38.139106750488281
94791659,2025,2025-08-06,9365,2025-08-05,1530,024430,,2,2,9,4800,0,1,1,,2,089,"I-80 E/B","OLD DAVIS RD",2429.00,W,N,A,-,Y,SOL,,80," "," ",42.343,H,,R,N,3,0,1,1,A,-,08,22107,,N,E,I,A,A,H,-,A,D,0,,,,,Y,,A,01,0,1,0,0,0,0,0,0,0,"- ","- ",38.517341613769531,-121.77253723144531,SOLANO,UNINCORPORATED,-121.77262115478516,38.51739501953125
94791886,2025,2025-08-06,9365,2025-07-24,2107,023231,,4,2,6,4807,0,1,1,,2,080,"I-80 E/B","TENNESSEE ST",726.14,W,N,A,-,Y,SOL,,80," "," ",3.349,H,,R,N,4,0,2,2,A,-,03,22350,,M,C,C,A,A,H,-,A,D,0,,,,,Y,,-,99,0,0,2,0,0,0,0,0,0,"- ","- ",38.107540130615234,-122.22953033447266,SOLANO,VALLEJO,-122.22958374023438,38.107540130615234
94795526,2025,2025-08-08,9365,2025-08-04,"240 ",023676,,1,3,6,4807,0,1,1,,2,081,"I-80 W/B","REDWOOD PKY",30.00,W,N,A,-,Y,SOL,,80," "," ",4.447,H,,L,N,3,0,1,1,A,-,08,22107,,N,B,I,A,A,H,-,C,A,0,,,,,Y,,A,01,0,1,0,0,0,0,0,0,0,"- ","- ",38.123371124267578,-122.23011016845703,SOLANO,VALLEJO,-122.22997283935547,38.123336791992188
94802717,2025,2025-08-14,9365,2025-08-10,1300,022460,,7,1,9,4800,0,1,3,,2,113,"SR-113 N/B","FLANNERY ROAD",1531.00,S,N,A,-,N,,,,,,,,,,N,4,0,1,1,C,-,18,,,N,E,I,A,A,H,-,A,D,0,,,,,Y,,-,"- ",0,0,1,0,0,0,0,0,0,"- ","- ",38.207828521728516,-121.80587005615234,SOLANO,UNINCORPORATED,-121.80596923828125,38.208515167236328
94802786,2025,2025-08-14,9365,2025-08-05,1030,024251,,2,1,5,4803,0,1,3,,2,122,SR-12,"CHADBOURNE RD",100.00,E,N,A,-,Y,SOL,,12," ",L,2.207,H,,R,Y,4,0,2,2,A,-,08,22107,,N,C,C,A,A,H,-,A,D,0,,,,,Y,,A,07,0,0,2,0,0,0,0,0,0,"- ","- ",38.239631652832031,-122.08470916748047,SOLANO,FAIRFIELD,-122.08470916748047,38.239650726318359
9480355,2022,2022-07-25,4801,2022-06-25,1736,4430,4,6,5,4,4801,0,0,0,,0,004,"INDUSTRIAL WY","OREGON ST",0.00,,Y,A,-,N,,,,,,,,,,N,3,0,1,1,A,-,01,23152,A,N,E,I,A,A,H,-,A,D,0,,,,,Y,Y,A,01,0,1,0,0,0,0,0,0,0,"- ","- ",38.072139739990234,-122.13092803955078,SOLANO,BENICIA,-122.13092041015625,38.0721435546875
94804176,2025,2025-08-15,9365,2025-07-19,1905,023786,,6,2,6,4807,0,1,1,,2,081,"I-80 W/B","TENNESSEE ST",500.00,E,N,A,-,Y,SOL,,80," "," ",3.619,H,,L,N,2,0,2,5,A,-,08,22107,,N,D,8,F,A,H,-,A,D,0,Y,,,,Y,Y,D,22,1,1,0,0,1,0,0,0,0,"- ","- ",38.111419677734375,-122.23005676269531,SOLANO,VALLEJO,-122.22982788085938,38.111431121826172
9480464,2022,2022-07-27,4801,2022-06-30,0253,4292,2,4,5,4,4801,0,0,0,,0,002,"E 5TH ST",MILITARY,114.00,N,N,A,-,N,,,,,,,,,,N,3,0,1,1,A,-,01,23152,A,N,E,J,A,A,H,-,C,D,0,,,,,Y,Y,A,01,0,1,0,0,0,0,0,0,0,"- ","- ",38.051410675048828,-122.14626312255859,SOLANO,BENICIA,-122.14665222167969,38.051151275634766
94807371,2025,2025-08-18,9365,2025-08-06,1526,017820,,3,2,5,4803,0,1,1,,2,084,"I-80 E/B","AIR BASE PKY",1954.00,E,N,A,-,Y,SOL,,80," "," ",19.557,H,,R,Y,2,0,1,1,C,-,18,,,N,E,J,A,A,H,-,A,A,0,,,,,Y,,-,"- ",1,0,0,0,0,0,0,0,0,"- ","- ",38.277988433837891,-122.04573059082031,SOLANO,FAIRFIELD,-122.04566955566406,38.277957916259766
94808871,2025,2025-08-19,9365,2025-08-07,"920 ",017820,,4,1,5,4803,0,1,1,,2,680,"I-680 N/B","CORDELIA RD",1091.00,S,N,A,-,Y,SOL,,680," ",R,11.734,H,,R,Y,4,0,2,2,A,-,08,22107,,N,E,I,A,A,H,-,A,A,0,,,,,Y,,A,08,0,0,2,0,0,0,0,0,0,"- ","- ",38.207118988037109,-122.13771057128906,SOLANO,FAIRFIELD,-122.13779449462891,38.207122802734375
9480947,2022,2022-07-28,4801,2022-07-05,1602,2092,2,2,5,4,4801,0,0,0,,0,002,"E 2ND ST","EAST J ST",153.00,S,N,A,-,N,,,,,,,,,,N,4,0,1,2,A,-,09,21804,A,N,D,G,A,A,H,-,A,D,0,,Y,,,Y,,L,04,0,0,1,0,0,0,1,0,0,"- ","- ",38.051151275634766,-122.15489959716797,SOLANO,BENICIA,-122.15501403808594,38.050868988037109
94809551,2025,2025-08-19,9365,2025-08-19,1320,017163,,2,1,3,4802,0,1,1,,2,088,"I-80 E/B","DIXON AVE",1070.00,E,N,A,-,Y,SOL,,80," "," ",35.758,H,,R,Y,3,0,2,3,A,-,21,22106,,N,C,C,A,A,H,-,A,D,0,,,,Y,Y,,G,25,0,2,0,0,0,0,0,0,0,"- ","- ",38.448001861572266,-121.85575866699219,SOLANO,DIXON,-121.85575866699219,38.447998046875
94812456,2025,2025-08-21,9365,2025-08-12,1801,024464,,2,2,5,4806,0,1,1,,2,086,"I-80 E/B","ALAMO DR",3930.00,E,N,A,-,Y,SOL,,80," ",R,26.059,H,,R,N,4,0,3,3,A,-,08,22107,,F,B,C,A,A,H,-,A,D,0,,,,,Y,,-,99,0,0,3,0,0,0,0,0,0,"- ","- ",38.351108551025391,-121.98462677001953,SOLANO,VACAVILLE,-121.98463439941406,38.351112365722656
94812768,2025,2025-08-21,9365,2025-08-20,"855 ",023431,,3,1,9,4800,0,1,3,,2,371,"SR-37 W/B","SKAGGS ISLAND RD",1214.00,W,N,A,-,Y,SOL,,37," "," ",3.647,H,,L,Y,4,0,1,1,A,-,08,22107,,N,F,I,A,A,H,-,A,A,0,,,,,Y,,A,07,0,0,1,0,0,0,0,0,0,"- ","- ",38.1361083984375,-122.34860992431641,SOLANO,UNINCORPORATED,-122.3486328125,38.136066436767578
94816214,2025,2025-08-25,9365,2025-08-04,2301,023231,,1,3,6,4807,0,1,1,,2,080,"I-80 E/B","SONOMA BLVD",3059.09,W,N,A,-,Y,SOL,,80," "," ",0.584,H,,R,N,3,0,1,1,A,-,01,23152,A,N,A,I,A,A,H,-,C,A,0,,,,,Y,Y,A,01,0,1,0,0,0,0,0,0,0,"- ","- ",38.069019317626953,-122.2265625,SOLANO,VALLEJO,-122.22659301757812,38.069007873535156
94817114,2025,2025-08-25,9365,2025-08-23,1020,020566,,6,1,9,4800,0,2,4,,2,201,"ROCKVILLE RD","SUISUN VALLEY RD",100.00,W,N,A,-,N,,,,,,,,,,N,3,0,1,2,A,-,09,21804,A,N,A,C,A,A,H,-,A,D,0,,,,,Y,,-,"- ",0,1,0,0,0,0,0,0,0,"- ","- ",38.244239807128906,-122.12259674072266,SOLANO,UNINCORPORATED,-122.12254333496094,38.244239807128906
94818144,2025,2025-08-26,9365,2025-08-23,1345,022697,,6,1,3,4802,0,3,5,,2,040,"PITT SCHOOL RD","SILVEYVILLE RD",0.00,,Y,A,-,N,,,,,,,,,,Y,4,0,1,2,A,-,09,21800,B,N,D,C,A,A,H,-,A,D,0,,,,,Y,,A,01,0,0,1,0,0,0,0,0,0,"- ","- ",38.467510223388672,-121.84088897705078,SOLANO,DIXON,-121.84090423583984,38.463832855224609
94818295,2025,2025-08-26,9365,2025-08-20,1810,023148,,3,2,9,4800,0,3,5,,2,020,"MANKAS CORNER RD","LEDGEWOOD RD",2700.00,E,N,A,-,N,,,,,,,,,,Y,3,0,1,1,A,-,01,23152,A,N,E,8,A,A,H,-,A,D,0,,,,,Y,Y,D,22,0,1,0,0,0,0,0,0,0,"- ","- ",38.276210784912109,-122.09288024902344,SOLANO,UNINCORPORATED,-122.09339904785156,38.276535034179688
94820360,2025,2025-08-27,9365,2025-08-17,2215,023785,,7,3,5,4803,0,1,1,,2,085,"I-80 E/B","MANUEL CAMPOS PARKWAY",1584.00,E,N,A,-,Y,SOL,,80," "," ",21.256,H,,R,Y,3,0,2,3,A,-,07,21658,A,N,B,C,A,A,H,-,C,D,0,,,,,Y,,A,01,0,2,0,0,0,0,0,0,0,"- ","- ",38.299961090087891,-122.03385925292969,SOLANO,FAIRFIELD,-122.03379821777344,38.299957275390625
94823639,2025,2025-08-29,9365,2025-08-22,"940 ",024276,,5,1,5,4803,0,1,1,,2,083,"INTERSTATE 80","RED TOP ROAD",1000.00,E,N,A,-,Y,SOL,,80," ",R,11.640,H,,R,Y,3,0,1,1,A,-,08,22107,,N,E,I,A,A,H,-,A,D,0,,,,,Y,,A,01,0,1,0,0,0,0,0,0,0,"- ","- ",38.204498291015625,-122.15380096435547,SOLANO,FAIRFIELD,-122.15396118164062,38.204612731933594
94825323,2025,2025-09-01,9365,2025-08-28,"830 ",024416,,4,1,6,4807,0,1,1,,2,081,"I-80 W/B","REDWOOD ST",1250.00,E,N,A,-,Y,SOL,,80," "," ",4.897,H,,L,Y,3,0,1,2,A,-,07,21658,A,N,B,C,A,A,H,-,A,D,0,,,,Y,Y,,A,07,0,1,0,0,0,0,0,0,0,"- ","- ",38.129299163818359,-122.22647094726562,SOLANO,VALLEJO,-122.22646331787109,38.129299163818359
94828682,2025,2025-09-03,9365,2025-08-29,"236 ",023852,,5,3,6,4807,0,1,1,,2,080,"I-80 E/B","MAGAZINE ST",20.00,W,N,A,-,Y,SOL,,80," "," ",1.744,H,,R,Y,4,0,2,2,C,-,18,,,N,C,C,A,A,H,-,D,D,0,,,,,Y,,-,"- ",0,0,2,0,0,0,0,0,0,"- ","- ",38.084808349609375,-122.23294830322266,SOLANO,VALLEJO,-122.23296356201172,38.084812164306641
94834275,2025,2025-09-08,9365,2025-08-27,"845 ",018499,,3,1,9,4800,0,3,5,,2,020,"SUISUN PARKWAY","RUSSELL RD",0.00,,Y,A,-,N,,,,,,,,,,Y,4,0,2,2,A,-,05,21651,A,N,D,C,A,A,H,-,A,D,0,,,,Y,Y,,G,25,0,0,2,0,0,0,0,0,0,"- ","- ",38.239509582519531,-122.09658050537109,SOLANO,UNINCORPORATED,-122.0965576171875,38.239498138427734
94835341,2025,2025-09-08,9365,2025-08-17,"9   ",023852,,7,3,9,4800,0,1,1,,2,089,"I-80 W/B","SR-113 N/B",1320.00,E,N,A,-,Y,SOL,,80," ",R,43.127,H,,L,Y,2,0,1,1,A,-,01,23152,A,N,E,I,A,A,H,-,C,D,0,,,,,Y,Y,A,01,1,0,0,0,0,0,0,0,0,"- ","- ",38.525840759277344,-121.76329040527344,SOLANO,UNINCORPORATED,-121.76339721679688,38.525936126708984
94835344,2025,2025-09-08,9365,2025-08-18,"0   ",023890,,1,3,9,4800,0,1,1,,2,089,"I-80 W/B","SR-113 N/B O/C",1320.00,E,N,A,-,Y,SOL,,80," ",R,43.178,H,,L,Y,2,0,2,4,A,-,01,23152,A,N,A,C,A,A,H,-,C,D,0,,,,,Y,Y,A,01,2,0,0,0,0,0,0,0,0,"- ","- ",38.526371002197266,-121.76258087158203,SOLANO,UNINCORPORATED,-121.76261138916016,38.526401519775391
94837562,2025,2025-09-09,9365,2025-08-31,1859,023890,,7,2,6,4807,0,1,3,,2,371,"SR-37 W/B TO FAIRGROUNDS DR","FAIRGROUNDS DR",20.00,E,N,A,-,Y,SOL,,37," ",R,11.034,H,,L,Y,3,0,1,1,A,-,08,22107,,N,E,I,A,A,H,-,A,D,0,,,,,Y,,A,01,0,1,0,0,0,0,0,0,0,"- ","- ",38.141651153564453,-122.23137664794922,SOLANO,VALLEJO,-122.23137664794922,38.1414794921875
94837967,2025,2025-09-09,9365,2025-08-17,"10  ",023852,,7,3,9,4800,0,1,1,,2,089,"I-80 W/B","SR-113 N/B",1320.00,E,N,A,-,Y,SOL,,80," ",R,43.165,H,,L,Y,2,0,1,2,A,-,01,23152,A,N,B,C,A,A,H,-,C,D,0,,,,,Y,Y,A,01,1,0,0,0,0,0,0,0,0,"- ","- ",38.526241302490234,-121.76277160644531,SOLANO,UNINCORPORATED,-121.76280975341797,38.526283264160156
94839122,2025,2025-09-26,9365,2025-09-03,1600,024386,,3,2,5,4806,0,1,1,,2,086,"I-80 W/B","ALAMO DR",571.00,E,N,A,-,Y,SOL,,80," ",R,25.428,H,,L,Y,3,0,1,3,A,-,07,21658,A,N,B,C,A,A,H,-,A,D,0,,,,Y,Y,,F,55,0,1,0,0,0,0,0,0,0,"- ","- ",38.347339630126953,-121.99517059326172,SOLANO,VACAVILLE,-121.99514770507812,38.347305297851562
94841012,2025,2025-09-11,9365,2025-09-07,1650,023459,,7,2,5,4806,0,1,1,,2,086,"I-80 W/B","NUT TREE RD",775.00,W,N,A,-,Y,SOL,,80," ",R,27.876,H,,L,Y,3,0,1,2,C,-,18,,,N,D,C,A,A,H,-,A,D,0,,,,,Y,,-,"- ",0,1,0,0,0,0,0,0,0,"- ","- ",38.368278503417969,-121.95982360839844,SOLANO,VACAVILLE,-121.95977783203125,38.368247985839844
94842854,2025,2025-09-12,9365,2025-09-05,"750 ",024276,,5,1,9,4800,0,1,3,,2,370,"STATE ROUTE 37","SKAGGS ISLAND",6811.00,E,N,B,-,Y,SOL,,37," "," ",2.997,H,,R,Y,3,0,1,2,A,-,03,22350,,N,C,C,A,A,H,-,A,D,0,,,,,Y,,A,01,0,1,0,0,0,0,0,0,0,"- ","- ",38.14031982421875,-122.35923004150391,SOLANO,UNINCORPORATED,-122.35926055908203,38.140262603759766
94844684,2025,2025-09-15,9365,2025-09-08,1740,024430,,1,2,5,4803,0,1,1,,2,083,"I-80 W/B","CORDELIA SCALES",1035.00,E,N,A,-,Y,SOL,,80," "," ",14.487,H,,L,N,3,0,1,1,C,-,18,,,N,F,A,A,A,H,-,A,D,0,,,,,Y,,-,"- ",0,1,0,0,0,0,0,0,0,"- ","- ",38.230770111083984,-122.11361694335938,SOLANO,FAIRFIELD,-122.11363983154297,38.230804443359375
94848037,2025,2025-09-17,9365,2025-09-15,1430,020835,,1,2,5,4806,0,1,1,,2,085,"I-80 EASTBOUND","LAGOON VALLEY ROAD",1400.00,E,N,A,-,Y,SOL,,80," "," ",23.565,H,,R,Y,4,0,2,1,A,-,08,22107,,N,E,I,A,A,H,-,A,D,0,,,,,Y,,A,01,0,0,2,0,0,0,0,0,0,"- ","- ",38.330631256103516,-122.02021026611328,SOLANO,VACAVILLE,-122.02032470703125,38.330677032470703