CASE_ID,ACCIDENT_YEAR,PROC_DATE,JURIS,COLLISION_DATE,COLLISION_TIME,OFFICER_ID,REPORTING_DISTRICT,DAY_OF_WEEK,CHP_SHIFT,POPULATION,CNTY_CITY_LOC,SPECIAL_COND,BEAT_TYPE,CHP_BEAT_TYPE,CITY_DIVISION_LAPD,CHP_BEAT_CLASS,BEAT_NUMBER,PRIMARY_RD,SECONDARY_RD,DISTANCE,DIRECTION,INTERSECTION,WEATHER_1,WEATHER_2,STATE_HWY_IND,CALTRANS_COUNTY,CALTRANS_DISTRICT,STATE_ROUTE,ROUTE_SUFFIX,POSTMILE_PREFIX,POSTMILE,LOCATION_TYPE,RAMP_INTERSECTION,SIDE_OF_HWY,TOW_AWAY,COLLISION_SEVERITY,NUMBER_KILLED,NUMBER_INJURED,PARTY_COUNT,PRIMARY_COLL_FACTOR,PCF_CODE_OF_VIOL,PCF_VIOL_CATEGORY,PCF_VIOLATION,PCF_VIOL_SUBSECTION,HIT_AND_RUN,TYPE_OF_COLLISION,MVIW,PED_ACTION,ROAD_SURFACE,ROAD_COND_1,ROAD_COND_2,LIGHTING,CONTROL_DEVICE,CHP_ROAD_TYPE,PEDESTRIAN_ACCIDENT,BICYCLE_ACCIDENT,MOTORCYCLE_ACCIDENT,TRUCK_ACCIDENT,NOT_PRIVATE_PROPERTY,ALCOHOL_INVOLVED,STWD_VEHTYPE_AT_FAULT,CHP_VEHTYPE_AT_FAULT,COUNT_SEVERE_INJ,COUNT_VISIBLE_INJ,COUNT_COMPLAINT_PAIN,COUNT_PED_KILLED,COUNT_PED_INJURED,COUNT_BICYCLIST_KILLED,COUNT_BICYCLIST_INJURED,COUNT_MC_KILLED,COUNT_MC_INJURED,PRIMARY_RAMP,SECONDARY_RAMP,LATITUDE,LONGITUDE,COUNTY,CITY,POINT_X,POINT_Y
94848125,2025,2025-09-17,9365,2025-09-15,1210,020835,,1,1,5,4803,0,1,1,,2,083,"I-80 WESTBOUND","SR-12 (RIO VISTA)",2640.00,W,N,A,-,Y,SOL,,80," "," ",15.026,H,,L,Y,4,0,1,2,A,-,07,21658,A,N,B,C,A,A,H,-,A,D,0,,,,Y,Y,,G,27,0,0,1,0,0,0,0,0,0,"- ","- ",38.234580993652344,-122.10501098632812,SOLANO,FAIRFIELD,-122.10499572753906,38.23455810546875
94849761,2025,2025-09-18,9365,2025-09-16,1250,023431,,2,1,6,4807,0,1,3,,2,371,"SR-37 E/B TO COLUMBUS PKWY","I-80 W/B O/C",20.00,W,N,A,-,Y,SOL,,80," "," ",5.634,H,,L,N,4,0,1,2,A,-,09,21801,A,M,E,I,A,A,H,-,A,A,0,,,,,Y,Y,-,99,0,0,1,0,0,0,0,0,0,"- ","- ",38.139041900634766,-122.22055816650391,SOLANO,VALLEJO,-122.2203369140625,38.138950347900391
94849906,2025,2025-09-18,9365,2025-09-17,1738,022066,,3,2,5,4806,0,1,1,,2,086,"I-80 E/B","ALAMO DR",500.00,E,N,A,-,Y,SOL,,80," ",R,25.432,H,,R,N,4,0,1,3,A,-,03,22350,,N,C,C,A,A,G,-,A,A,0,,,,,Y,,A,01,0,0,1,0,0,0,0,0,0,"- ","- ",38.347141265869141,-121.99510192871094,SOLANO,VACAVILLE,-121.99504089355469,38.347042083740234
94850305,2025,2025-09-18,9365,2025-09-08,1205,019815,,1,1,9,4800,0,1,A,,2,030,"MILLS LN","ELLSWORTH RD",0.00,,Y,A,-,N,,,,,,,,,,N,4,0,1,2,A,-,21,22106,,N,A,C,A,A,D,-,A,D,0,,,,,Y,,A,01,0,0,1,0,0,0,0,0,0,"- ","- ",38.395160675048828,-121.9281005859375,SOLANO,UNINCORPORATED,-121.92791748046875,38.395153045654297
94851600,2025,2025-09-19,9365,2025-09-09,1410,024251,,2,2,9,4800,0,3,5,,2,020,"MONTEZUMA HILLS RD","TOLAND LN",5280.00,W,N,A,-,N,,,,,,,,,,N,3,0,2,2,A,-,09,21801,A,N,D,G,A,A,H,-,A,D,0,,,Y,,Y,,O,05,0,2,0,0,0,0,0,0,2,"- ","- ",38.121440887451172,-121.78502655029297,SOLANO,UNINCORPORATED,-121.78598022460938,38.121448516845703
9486178,2022,2022-09-16,4806,2022-07-21,1444,234,204,4,5,5,4806,0,0,0,,0,002,"MARKHAM AV","HILLTOP CT",268.00,W,N,A,-,N,,,,,,,,,,N,2,0,1,2,A,-,08,22107,,N,A,E,A,A,H,-,A,A,0,,,Y,,Y,,C,02,1,0,0,0,0,0,0,0,1,"- ","- ",38.371078491210938,-121.98317718505859,SOLANO,VACAVILLE,-121.98390960693359,38.370643615722656
9486180,2022,2022-09-16,4806,2022-07-07,2203,756,302,4,5,5,4806,0,0,0,,0,003,"VACA VALLEY PKWY","EUBANKS CT",557.00,W,N,A,-,N,,,,,,,,,,N,2,0,3,2,A,-,01,23152,A,N,A,C,A,A,H,-,C,D,0,,,,,Y,,A,01,2,1,0,0,0,0,0,0,0,"- ","- ",38.396358489990234,-121.96028900146484,SOLANO,VACAVILLE,-121.96210479736328,38.396659851074219
9486266,2022,2022-10-21,4807,2022-09-08,0800,250226,0,4,5,6,4807,0,0,0,,0,,SERENO,"SHOPPING CTR",0.00,,Y,A,-,N,,,,,,,,,,,4,0,1,2,D,-,00,,,N,G,B,B,A,H,-,A,A,0,Y,,,,Y,,-,"- ",0,0,1,0,1,0,0,0,0,"- ","- ",,,SOLANO,VALLEJO,,
9486419,2022,2022-09-23,4806,2022-09-06,0923,234,804,2,5,5,4806,0,0,0,,0,004,"WALNUT AV","KENTUCKY ST",0.00,,Y,A,-,N,,,,,,,,,,Y,4,0,1,2,A,-,09,21802,A,N,D,C,A,A,H,-,A,A,0,,,,,Y,,A,01,0,0,1,0,0,0,0,0,0,"- ","- ",38.352489471435547,-121.99484252929688,SOLANO,VACAVILLE,-121.99483489990234,38.352455139160156
94864857,2025,2025-09-29,9365,2025-09-24,1730,020835,,3,2,5,4803,0,1,1,,2,084,"I-80 EASTBOUND FROM TRAVIS BLVD","TRAVIS BOULEVARD",420.00,E,N,B,-,Y,,,,,,,,,,Y,4,0,1,2,A,-,03,22350,,N,C,C,A,A,H,-,A,A,0,,,,,Y,,A,01,0,0,1,0,0,0,0,0,0,"- ","- ",38.259700775146484,-122.06053924560547,SOLANO,FAIRFIELD,-122.06210327148438,38.258548736572266
94865100,2025,2025-09-29,9365,2025-09-17,"903 ",019815,,3,1,5,4806,0,1,1,,2,086,"INTERSTATE 80 E/B","ALLISON DRIVE",1850.00,W,N,A,-,Y,SOL,,80," ",R,26.822,H,,R,N,3,0,1,1,C,-,18,,,N,E,J,A,A,D,-,A,D,0,,,,,Y,,-,"- ",0,1,0,0,0,0,0,0,0,"- ","- ",38.358020782470703,-121.97434997558594,SOLANO,VACAVILLE,-121.97439575195312,38.358051300048828
94865111,2025,2025-09-29,9365,2025-09-27,1140,022697,,6,1,9,4800,0,1,1,,2,089,"I-80 W/B","KIDWELL RD",2713.00,E,N,A,-,Y,SOL,,80," "," ",41.757,H,,L,N,4,0,2,3,A,-,03,22350,,N,C,C,A,A,H,-,A,D,0,,,,,Y,,A,07,0,0,2,0,0,0,0,0,0,"- ","- ",38.511028289794922,-121.77982330322266,SOLANO,UNINCORPORATED,-121.77985382080078,38.511051177978516
94866116,2025,2025-09-30,9365,2025-09-29,1430,024386,,1,2,6,4807,0,1,1,,2,081,"I-80 E/B","REDWOOD ST",2874.00,E,N,A,-,Y,SOL,,80," "," ",5.012,H,,R,N,3,0,1,2,A,-,03,22350,,N,C,C,A,A,H,-,A,D,0,,,,,Y,,D,22,0,1,0,0,0,0,0,0,0,"- ","- ",38.130809783935547,-122.22548675537109,SOLANO,VALLEJO,-122.22529602050781,38.130729675292969
94866180,2025,2025-09-30,9365,2025-09-27,"400 ",016970,,6,3,5,4806,0,1,1,,2,086,"I-80 E/B","RIVERA RD",1584.00,E,N,A,-,Y,SOL,,80," "," ",24.137,H,,R,N,4,0,1,1,A,-,08,22107,,N,E,9,A,A,H,-,D,D,0,,,,,Y,,A,01,0,0,1,0,0,0,0,0,0,"- ","- ",38.338111877441406,-122.01560974121094,SOLANO,VACAVILLE,-122.01549530029297,38.338047027587891
94868324,2025,2025-10-01,9365,2025-09-24,1445,024251,,3,2,6,4807,0,1,3,,2,371,"SR-37 E/B TO COLUMBUS PKWY","I-80 W/B",50.00,E,N,B,-,Y,SOL,,80," "," ",5.648,H,,L,Y,3,0,1,2,A,-,09,21804,A,N,B,C,A,A,H,-,A,A,0,,,,,Y,,A,01,0,1,0,0,0,0,0,0,0,"- ","- ",38.139251708984375,-122.22049713134766,SOLANO,VALLEJO,-122.22021484375,38.139137268066406
9486864,2022,2022-09-15,4806,2022-07-16,1219,533,904,6,5,5,4806,0,0,0,,0,009,"NUT TREE PKWY","HELEN POWER DR",560.00,E,N,A,-,N,,,,,,,,,,Y,2,0,3,2,A,-,08,22107,,N,D,C,A,A,H,-,A,D,0,,,Y,,Y,,A,07,1,0,2,0,0,0,0,0,1,"- ","- ",38.365871429443359,-121.96183776855469,SOLANO,VACAVILLE,-121.96006011962891,38.366447448730469
9486872,2022,2022-09-15,4806,2022-07-30,2114,603,,6,5,5,4806,0,0,0,,0,,"PEABODY RD","HUME WY",100.00,N,N,A,-,N,,,,,,,,,,Y,4,0,1,4,A,-,01,23152,B,N,C,C,A,A,H,-,C,A,0,,,,,Y,Y,A,01,0,0,1,0,0,0,0,0,0,"- ","- ",38.348979949951172,-121.97614288330078,SOLANO,VACAVILLE,-121.97610473632812,38.349185943603516
9486876,2022,2022-09-15,4806,2022-07-27,1409,818,904,3,5,5,4806,0,0,0,,0,009,"NUT TREE PKWY","HELEN POWER DR",385.00,E,N,A,-,N,,,,,,,,,,N,4,0,1,2,A,-,03,22350,,M,C,C,A,A,H,-,A,D,0,,,,,Y,Y,A,01,0,0,1,0,0,0,0,0,0,"- ","- ",38.365829467773438,-121.96192169189453,SOLANO,VACAVILLE,-121.96064758300781,38.366313934326172
9486937,2022,2022-09-20,4806,2022-08-23,1514,686,409,2,5,5,4806,0,0,0,,0,004,"NUT TREE RD","FAIRVIEW DR",0.00,,Y,A,-,N,,,,,,,,,,Y,4,0,1,3,A,-,08,22107,,N,B,C,A,A,H,-,A,D,0,,,,,Y,,A,01,0,0,1,0,0,0,0,0,0,"- ","- ",38.337020874023438,-121.95330047607422,SOLANO,VACAVILLE,-121.95331573486328,38.337066650390625
94869769,2025,2025-10-02,9365,2025-02-11,2232,022834,,2,3,6,4807,0,1,3,,2,370,"STATE ROUTE 37 W/B","SACRAMENTO STREET OVER CROSSING",388.00,W,N,B,-,Y,SOL,,37," ",R,8.411,H,,L,Y,1,1,0,5,C,-,18,,,M,G,B,E,A,H,-,E,D,0,Y,,,Y,Y,,-,"- ",0,0,0,1,0,0,0,0,0,"- ","- ",38.125511169433594,-122.26973724365234,SOLANO,VALLEJO,-122.26976776123047,38.125530242919922
94874793,2025,2025-10-06,9365,2025-09-24,2020,023390,,3,2,5,4803,0,1,1,,2,083,"I-80 E/B TO I-680 S/B","LOPES RD",60.00,E,N,B,C,Y,SOL,,680," "," ",13.028,H,,L,Y,3,0,1,2,A,-,03,22350,,N,E,8,A,B,H,-,D,D,0,,,,Y,Y,,G,25,0,1,0,0,0,0,0,0,0,"- ","- ",38.215229034423828,-122.13809967041016,SOLANO,FAIRFIELD,-122.13796234130859,38.215229034423828
94876040,2025,2025-12-09,9365,2025-09-21,"830 ",024276,,7,1,5,4803,0,1,1,,2,082,"INTERSTATE 80 EASTBOUND","RED TOP ROAD",100.00,W,N,B,-,Y,SOL,,80," ",R,11.056,H,,R,Y,3,0,2,3,A,-,07,21658,A,N,C,C,A,A,H,-,A,D,0,,,,,Y,,A,01,0,2,0,0,0,0,0,0,0,"- ","- ",38.198291778564453,-122.16127014160156,SOLANO,FAIRFIELD,-122.16122436523438,38.198257446289062
94876053,2025,2025-11-13,9365,2025-10-02,1740,020835,,4,2,5,4803,0,1,1,,2,084,"I-80 EASTBOUND","W. TEXAS STREET",1000.00,W,N,A,-,Y,SOL,,80," "," ",16.735,H,,R,N,4,0,1,3,A,-,03,22350,,N,C,C,A,A,H,-,B,D,0,,,,,Y,,A,01,0,0,1,0,0,0,0,0,0,"- ","- ",38.24639892578125,-122.07733917236328,SOLANO,FAIRFIELD,-122.07730102539062,38.246334075927734
94876099,2025,2025-11-13,9365,2025-10-06,1820,023294,,1,2,5,4803,0,1,1,,2,084,"I-80 E/B FROM BECK AVE","ROCKVILLE RD",1478.00,E,N,A,-,Y,SOL,,80," "," ",17.504,H,,R,N,4,0,1,2,A,-,21,22106,,N,C,C,A,A,H,-,B,A,0,,,,,Y,,A,01,0,0,1,0,0,0,0,0,0,"- ","- ",38.253150939941406,-122.06636810302734,SOLANO,FAIRFIELD,-122.06655120849609,38.253246307373047
94878517,2025,2025-10-08,9365,2025-10-06,1645,020835,,1,2,5,4806,0,1,1,,2,086,"I-80 WESTBOUND","MASON STREET",50.00,W,N,A,-,Y,SOL,,80," ",R,26.474,H,,L,N,4,0,2,3,A,-,07,21658,A,N,B,C,A,A,H,-,A,D,0,,,,,Y,,A,01,0,0,2,0,0,0,0,0,0,"- ","- ",38.354511260986328,-121.97865295410156,SOLANO,VACAVILLE,-121.9786376953125,38.354499816894531
9487913,2022,2022-10-24,4806,2022-09-23,1354,770,401,5,5,5,4806,0,0,0,,0,004,"ELMIRA RD","AEGEAN WY",170.00,E,N,A,-,N,,,,,,,,,,Y,3,0,2,3,A,-,01,23152,A,N,C,C,A,A,H,-,A,A,0,,,,,Y,Y,A,01,0,1,1,0,0,0,0,0,0,"- ","- ",38.354141235351562,-121.97621917724609,SOLANO,VACAVILLE,-121.97551727294922,38.353893280029297
9487915,2022,2022-10-24,4806,2022-09-12,2004,686,203,1,5,5,4806,0,0,0,,0,002,"GIBSON CANYON RD","FRUITVALE RD",1440.00,N,N,A,-,N,,,,,,,,,,N,4,0,1,2,A,-,11,21956,,N,G,B,E,A,H,-,D,A,0,Y,,,,Y,,N,60,0,0,1,0,1,0,0,0,0,"- ","- ",38.368938446044922,-121.99279022216797,SOLANO,VACAVILLE,-121.99442291259766,38.372638702392578
94880017,2025,2025-10-09,9365,2025-09-27,1720,024309,,6,2,6,4807,0,1,1,,2,080,"I-80 E/B","MAGAZINE ST",528.00,W,N,A,-,Y,SOL,,80," "," ",1.552,H,,R,Y,4,0,1,1,A,-,08,22107,,N,E,I,A,A,H,-,A,D,0,,,,,Y,,A,01,0,0,1,0,0,0,0,0,0,"- ","- ",38.082118988037109,-122.23336791992188,SOLANO,VALLEJO,-122.2332763671875,38.082118988037109
94881663,2025,2025-10-10,9365,2025-10-09,1740,024276,,4,2,5,4803,0,1,1,,2,084,"INTERSTATE 80","AIRBASE PARKWAY",1330.00,W,N,A,-,Y,SOL,,80," "," ",18.900,H,,R,N,4,0,1,2,A,-,03,22350,,N,C,C,A,A,H,-,A,D,0,,,,,Y,,A,01,0,0,1,0,0,0,0,0,0,"- ","- ",38.270011901855469,-122.05226898193359,SOLANO,FAIRFIELD,-122.05235290527344,38.270053863525391
94885654,2025,2025-10-14,9365,2025-10-03,1630,022412,,5,2,6,4807,0,1,1,,2,080,"I-80 E/B","SPRINGS RD",450.00,E,N,A,-,Y,SOL,,80," "," ",3.291,H,,R,N,4,0,1,2,A,-,03,22350,,N,C,C,A,A,H,-,A,D,0,,,,,Y,,A,01,0,0,1,0,0,0,0,0,0,"- ","- ",38.106700897216797,-122.22953796386719,SOLANO,VALLEJO,-122.22959136962891,38.106700897216797
94885985,2025,2025-10-14,9365,2025-10-05,1005,023328,,7,1,4,4801,0,3,5,,2,010,"BENICIA RD","TURNER LANE",158.00,E,N,A,-,Y,,,,,,,,,,Y,3,0,2,4,A,-,09,21801,A,N,A,C,A,A,H,-,A,D,0,,,,,Y,,A,07,0,1,1,0,0,0,0,0,0,"- ","- ",38.090969085693359,-122.21379089355469,SOLANO,BENICIA,-122.21408843994141,38.091121673583984
94888322,2025,2025-10-16,9365,2025-10-11,1005,023378,,6,1,6,4807,0,1,3,,2,370,SR-37,"WILSON AVENUE UNDERCROSSING",2135.00,W,N,A,-,Y,SOL,,37," ",R,7.447,H,,R,Y,3,0,7,4,A,-,03,22350,,N,C,C,A,A,H,-,A,D,0,,,,,Y,,A,01,0,3,4,0,0,0,0,0,0,"- ","- ",38.119670867919922,-122.28253173828125,SOLANO,VALLEJO,-122.28250122070312,38.119621276855469
94890028,2025,2025-11-13,9365,2025-10-12,1851,024416,,7,2,3,4802,0,1,1,,2,088,"I-80 E/B","PITT SCHOOL RD",1750.00,W,N,A,-,Y,SOL,,80," "," ",36.327,H,,R,Y,4,0,1,4,A,-,03,22350,,N,C,C,A,A,H,-,A,D,0,,,,,Y,,A,01,0,0,1,0,0,0,0,0,0,"- ","- ",38.453739166259766,-121.84839630126953,SOLANO,DIXON,-121.848388671875,38.453731536865234
94890118,2025,2025-10-16,9365,2025-10-14,1635,020835,,2,2,9,4800,0,1,A,,2,030,"FRY ROAD","VACA STATION ROAD",350.00,W,N,B,C,N,,,,,,,,,,Y,3,0,1,1,A,-,01,23152,A,N,E,8,A,B,H,-,A,D,0,,,,,Y,Y,D,22,0,1,0,0,0,0,0,0,0,"- ","- ",38.337379455566406,-121.90805053710938,SOLANO,UNINCORPORATED,-121.9073486328125,38.337245941162109
94891138,2025,2025-11-13,9365,2025-10-07,"853 ",019815,,2,1,9,4800,0,1,1,,2,089,"INTERSTATE 80 WESTBOUND TO OLD DAVIS ROAD","OLD DAVIS ROAD",415.00,E,N,A,-,Y,,,,,,,,,,N,4,0,1,3,A,-,03,22350,,N,C,C,A,A,H,-,A,D,0,,,,,Y,,A,01,0,0,1,0,0,0,0,0,0,"- ","- ",38.529811859130859,-121.75536346435547,SOLANO,UNINCORPORATED,-121.75559234619141,38.529376983642578
94891693,2025,2026-03-04,9365,2025-09-21,1655,022277,,7,2,9,4800,0,1,1,,2,089,"I-80 W/B","KIDWELL RD",1700.00,W,N,A,-,Y,SOL,,80," "," ",40.922,H,,L,Y,2,0,1,3,A,-,08,22107,,N,C,2,A,A,H,-,A,A,0,,,Y,Y,Y,,A,01,1,0,0,0,0,0,0,0,1,"- ","- ",38.501789093017578,-121.78977203369141,SOLANO,UNINCORPORATED,-121.78976440429688,38.501789093017578
94894140,2025,2025-10-20,9365,2025-09-24,"955 ",022460,,3,1,9,4800,0,1,3,,2,113,"SR-113 N/B","GARROD DRIVE",976.00,S,N,B,-,Y,SOL,,113," ",R,22.356,H,,R,N,4,0,1,1,C,-,18,,,N,E,I,A,A,H,-,A,D,0,,,,,Y,,-,"- ",0,0,1,0,0,0,0,0,0,"- ","- ",38.529441833496094,-121.76869201660156,SOLANO,UNINCORPORATED,-121.76856231689453,38.529438018798828
94894741,2025,2025-10-20,9365,2025-09-27,1555,022277,,6,2,9,4800,0,2,4,,2,402,"MIDWAY ROAD","LEISURE TOWN ROAD",560.00,W,N,A,-,N,,,,,,,,,,N,3,0,1,2,A,-,05,21460,A,N,B,2,A,A,H,-,A,A,0,,,Y,,Y,,C,02,0,1,0,0,0,0,0,0,1,"- ","- ",38.417018890380859,-121.93575286865234,SOLANO,UNINCORPORATED,-121.93565368652344,38.417015075683594
94894788,2025,2025-10-21,9365,2025-10-13,1600,023484,,1,2,5,4803,0,1,1,,2,083,"I-80 W/B","LOPES RD",2674.00,W,N,B,C,Y,SOL,,80," "," ",12.279,H,,L,Y,3,0,1,2,A,-,03,22350,,N,B,C,A,B,H,-,A,D,0,,,,,Y,,A,01,0,1,0,0,0,0,0,0,0,"- ","- ",38.211429595947266,-122.14597320556641,SOLANO,FAIRFIELD,-122.14585876464844,38.211334228515625
94895889,2025,2025-10-21,9365,2025-10-11,2230,023152,,6,3,9,4800,0,3,5,,2,020,"JULIAN LN","SUISUN VALLEY RD",0.00,,Y,A,-,N,,,,,,,,,,Y,4,0,1,1,A,-,03,22350,,N,E,I,A,A,H,-,A,D,0,,,,,Y,,A,01,0,0,1,0,0,0,0,0,0,"- ","- ",38.285179138183594,-122.11817169189453,SOLANO,UNINCORPORATED,-122.11831665039062,38.285152435302734
94896738,2025,2025-10-21,9365,2025-10-11,1645,024416,,6,2,9,4800,0,1,A,,2,030,"PEDRICK ROAD","MAINE PRAIRIE RD",1750.00,N,N,A,-,N,,,,,,,,,,N,2,0,1,1,A,-,01,23152,A,N,E,8,A,A,H,-,A,D,0,,,,,Y,Y,A,01,1,0,0,0,0,0,0,0,0,"- ","- ",38.33660888671875,-121.80474853515625,SOLANO,UNINCORPORATED,-121.80474090576172,38.334224700927734
94898374,2025,2025-10-23,9365,2025-10-13,1600,024198,,1,2,6,4807,0,1,3,,2,371,"SR-37 W/B","MINI DR",2112.00,E,N,B,C,Y,SOL,,37," "," ",10.433,H,,L,N,4,0,1,2,A,-,03,22350,,N,C,2,A,B,H,-,A,D,0,,,,,Y,,A,01,0,0,1,0,0,0,0,0,0,"- ","- ",38.141910552978516,-122.24208068847656,SOLANO,VALLEJO,-122.24208068847656,38.141895294189453
94899862,2025,2025-10-24,9365,2025-10-17,1144,023378,,5,1,6,4807,0,1,1,,2,080,"I-80 W/B","CAQUINEZ BRIDGE TOLL PLAZA",565.00,W,N,A,-,Y,SOL,,80," "," ",0.471,H,,L,Y,3,0,1,2,A,-,07,21658,A,N,B,C,A,A,H,-,A,D,0,,,Y,,Y,,C,02,0,1,0,0,0,0,0,0,1,"- ","- ",38.067340850830078,-122.226806640625,SOLANO,VALLEJO,-122.22681427001953,38.067340850830078
94899981,2025,2025-10-24,9365,2025-10-12,"805 ",022412,,7,1,6,4807,0,1,1,,2,080,"I-80 E/B","SONOMA BLVD U/C",3058.00,W,N,A,-,Y,SOL,,80," "," ",0.584,H,,R,N,4,0,1,1,A,-,08,22107,,N,E,I,A,A,H,-,A,D,0,,,,,Y,,A,07,0,0,1,0,0,0,0,0,0,"- ","- ",38.069068908691406,-122.22640991210938,SOLANO,VALLEJO,-122.22660064697266,38.069011688232422
94901155,2025,2025-10-24,9365,2025-10-04,"146 ",023852,,6,3,5,4803,0,1,1,,2,084,"I-80 W/B","SUISUN PKWY",528.00,E,N,A,-,Y,SOL,,80," "," ",16.444,H,,L,Y,2,0,1,2,C,-,18,,,N,E,C,A,A,H,-,C,D,0,,,Y,,Y,,-,"- ",1,0,0,0,0,0,0,0,1,"- ","- ",38.244491577148438,-122.0821533203125,SOLANO,FAIRFIELD,-122.08216857910156,38.244514465332031
94906047,2025,2025-10-29,9365,2025-10-07,1210,019815,,2,1,9,4800,0,3,5,,2,040,"SIEVERS ROAD","CURREY RD",1925.00,W,N,A,-,N,,,,,,,,,,Y,2,0,1,1,A,-,08,22107,,N,E,I,A,A,H,-,A,D,0,,,,,Y,,D,22,1,0,0,0,0,0,0,0,0,"- ","- ",38.489051818847656,-121.82907104492188,SOLANO,UNINCORPORATED,-121.82901763916016,38.489166259765625
94906151,2025,2025-10-29,9365,2025-10-20,"810 ",017820,,1,1,5,4803,0,1,1,,2,084,"I-80 E/B","ABERNATHY RD",1314.00,E,N,A,-,Y,SOL,,80," "," ",16.404,H,,R,Y,3,0,2,3,A,-,03,22350,,N,C,C,A,A,H,-,A,A,0,,,,,Y,,A,01,0,2,0,0,0,0,0,0,0,"- ","- ",38.244239807128906,-122.08271789550781,SOLANO,FAIRFIELD,-122.08258056640625,38.244041442871094
94909677,2025,2025-10-31,9365,2025-10-04,"145 ",023852,,6,3,5,4803,0,1,1,,2,084,"I-80 W/B","CHADBOURNE RD",528.00,E,N,A,-,Y,SOL,,80," "," ",16.410,H,,L,Y,2,0,3,5,C,-,18,,,N,C,C,E,A,H,-,C,D,0,Y,,,,Y,,-,"- ",1,1,1,0,1,0,0,0,0,"- ","- ",38.24420166015625,-122.08264923095703,SOLANO,FAIRFIELD,-122.08270263671875,38.244277954101562
94911212,2025,2025-10-31,9365,2025-10-22,1525,024251,,3,2,3,4802,0,1,1,,2,089,"I-80 W/B TO SR-113 N/B","I-80 W/B",200.00,N,N,A,-,Y,,,,,,,,,,Y,3,0,1,1,A,-,03,22350,,N,F,I,A,A,H,-,A,D,0,,,,,Y,,A,01,0,1,0,0,0,0,0,0,0,"- ","- ",38.525848388671875,-121.76473236083984,SOLANO,DIXON,-121.8408203125,38.459739685058594
94917015,2025,2025-11-10,9365,2025-10-30,1654,023402,,4,2,6,4807,0,1,1,,2,080,"I-80 E/B","BENICIA RD",300.00,E,N,A,-,Y,SOL,,80," "," ",2.500,H,,R,Y,4,0,2,2,A,-,03,22350,,N,C,C,A,A,H,-,A,D,0,,,,,Y,,D,22,0,0,2,0,0,0,0,0,0,"- ","- ",38.095310211181641,-122.22979736328125,SOLANO,VALLEJO,-122.22976684570312,38.095310211181641
94919666,2025,2025-11-11,9365,2025-11-01,1440,023423,,6,2,5,4803,0,1,1,,2,680,"I-680 N/B","GOLD HILL RD",3168.00,S,N,A,-,Y,SOL,,680," ",R,9.423,H,,R,N,3,0,1,2,A,-,03,22350,,N,C,C,A,A,H,-,A,A,0,,,,,Y,,A,01,0,1,0,0,0,0,0,0,0,"- ","- ",38.174919128417969,-122.12985992431641,SOLANO,FAIRFIELD,-122.12979888916016,38.174942016601562
94919842,2025,2025-11-11,9365,2025-11-03,1723,020835,,1,2,5,4803,0,1,1,,2,085,"I-80 EASTBOUND","MANUEL CAMPOS PKWY",1800.00,W,N,A,-,Y,SOL,,80," "," ",20.512,H,,R,Y,4,0,2,2,D,-,00,,,N,B,C,A,A,H,-,A,D,0,,,,,Y,,-,"- ",0,0,2,0,0,0,0,0,0,"- ","- ",38.289531707763672,-122.03589630126953,SOLANO,FAIRFIELD,-122.03585052490234,38.289505004882812
94928194,2025,2025-11-13,9365,2025-11-05,1105,020667,,3,1,5,4806,0,1,1,,2,086,"I-80 E/B","ALAMO DR",2957.00,W,N,C,-,Y,SOL,,80," ",R,24.737,H,,R,Y,3,0,1,1,A,-,03,22350,,N,E,I,A,B,H,-,A,D,0,,,,,Y,,A,07,0,1,0,0,0,0,0,0,0,"- ","- ",38.342910766601562,-122.00665283203125,SOLANO,VACAVILLE,-122.006591796875,38.342792510986328
94931339,2025,2025-11-14,9365,2025-11-06,"205 ",022834,,4,3,9,4800,0,1,1,,2,088,"INTERSTATE-80 WESTBOUND","MIDWAY ROAD OVER CROSSING",4858.00,E,N,B,-,Y,SOL,,80," "," ",33.554,H,,L,Y,3,0,1,2,A,-,08,22107,,N,C,2,A,B,H,-,D,A,0,,,,,Y,Y,A,01,0,1,0,0,0,0,0,0,0,"- ","- ",38.425758361816406,-121.88510131835938,SOLANO,UNINCORPORATED,-121.88510131835938,38.425762176513672
94933840,2025,2025-11-17,9365,2025-11-12,"625 ",020667,,3,1,9,4800,0,3,5,,2,020,"CORDELIA RD W/B","HALE RANCH RD",800.00,W,N,B,-,N,,,,,,,,,,Y,3,0,1,2,A,-,06,21750,A,N,B,C,A,A,H,-,A,D,0,,,,Y,Y,,D,22,0,1,0,0,0,0,0,0,0,"- ","- ",38.227401733398438,-122.09784698486328,SOLANO,UNINCORPORATED,-122.09774780273438,38.227428436279297