CASE_ID,ACCIDENT_YEAR,PROC_DATE,JURIS,COLLISION_DATE,COLLISION_TIME,OFFICER_ID,REPORTING_DISTRICT,DAY_OF_WEEK,CHP_SHIFT,POPULATION,CNTY_CITY_LOC,SPECIAL_COND,BEAT_TYPE,CHP_BEAT_TYPE,CITY_DIVISION_LAPD,CHP_BEAT_CLASS,BEAT_NUMBER,PRIMARY_RD,SECONDARY_RD,DISTANCE,DIRECTION,INTERSECTION,WEATHER_1,WEATHER_2,STATE_HWY_IND,CALTRANS_COUNTY,CALTRANS_DISTRICT,STATE_ROUTE,ROUTE_SUFFIX,POSTMILE_PREFIX,POSTMILE,LOCATION_TYPE,RAMP_INTERSECTION,SIDE_OF_HWY,TOW_AWAY,COLLISION_SEVERITY,NUMBER_KILLED,NUMBER_INJURED,PARTY_COUNT,PRIMARY_COLL_FACTOR,PCF_CODE_OF_VIOL,PCF_VIOL_CATEGORY,PCF_VIOLATION,PCF_VIOL_SUBSECTION,HIT_AND_RUN,TYPE_OF_COLLISION,MVIW,PED_ACTION,ROAD_SURFACE,ROAD_COND_1,ROAD_COND_2,LIGHTING,CONTROL_DEVICE,CHP_ROAD_TYPE,PEDESTRIAN_ACCIDENT,BICYCLE_ACCIDENT,MOTORCYCLE_ACCIDENT,TRUCK_ACCIDENT,NOT_PRIVATE_PROPERTY,ALCOHOL_INVOLVED,STWD_VEHTYPE_AT_FAULT,CHP_VEHTYPE_AT_FAULT,COUNT_SEVERE_INJ,COUNT_VISIBLE_INJ,COUNT_COMPLAINT_PAIN,COUNT_PED_KILLED,COUNT_PED_INJURED,COUNT_BICYCLIST_KILLED,COUNT_BICYCLIST_INJURED,COUNT_MC_KILLED,COUNT_MC_INJURED,PRIMARY_RAMP,SECONDARY_RAMP,LATITUDE,LONGITUDE,COUNTY,CITY,POINT_X,POINT_Y
9528565,2022,2022-11-22,4806,2022-10-22,1215,770,901,6,5,5,4806,0,0,0,,0,009,"MONTE VISTA AV","BROWNS VALLEY PKWY",409.00,W,N,A,-,N,,,,,,,,,,Y,3,0,1,2,A,-,09,21801,A,N,D,C,A,A,H,-,A,A,0,,,Y,,Y,,A,01,0,1,0,0,0,0,0,0,1,"- ","- ",38.363800048828125,-121.96701812744141,SOLANO,VACAVILLE,-121.96833801269531,38.363204956054688
9528566,2022,2022-11-22,4806,2022-10-28,1508,770,601,5,5,5,4806,0,0,0,,0,006,"FOXBORO PKY","PEABODY RD",48.00,E,N,A,-,N,,,,,,,,,,Y,4,0,1,1,A,-,03,22350,,N,E,I,A,A,H,-,A,A,0,,,Y,,Y,,C,02,0,0,1,0,0,0,0,0,1,"- ","- ",38.3236083984375,-121.97045135498047,SOLANO,VACAVILLE,-121.97028350830078,38.323471069335938
9530347,2022,2022-12-09,4806,2022-11-05,1755,553,,6,5,5,4806,0,0,0,,0,,"MASON ST","PEABODY RD",30.00,W,N,B,-,N,,,,,,,,,,N,4,0,2,2,A,-,03,22350,,N,C,C,A,A,H,-,A,D,0,,,,,Y,,A,01,0,0,2,0,0,0,0,0,0,"- ","- ",,,SOLANO,VACAVILLE,-121.97618103027344,38.354045867919922
9532789,2022,2022-11-28,4806,2022-09-30,2314,802,,5,5,5,4806,0,0,0,,0,,"MARSHALL RD","BEELAND DR",6.00,E,N,A,-,N,,,,,,,,,,N,4,0,2,2,A,-,01,23152,A,N,C,C,A,A,H,-,C,D,0,,,,,Y,Y,A,01,0,0,2,0,0,0,0,0,0,"- ","- ",38.346351623535156,-121.95841217041016,SOLANO,VACAVILLE,-121.95838165283203,38.346302032470703
9534149,2023,2023-03-03,4806,2023-01-10,"827 ",234,801,2,5,5,4806,0,0,0,,0,008,"EAST MONTE VISTA AV","BROWN ST",38.00,E,N,C,-,N,,,,,,,,,,N,4,0,1,3,A,-,03,22350,,N,C,C,A,B,H,-,A,A,0,,,,,Y,,D,22,0,0,1,0,0,0,0,0,0,"- ","- ",38.359970092773438,-121.97727203369141,SOLANO,VACAVILLE,-121.97714996337891,38.359962463378906
9534153,2023,2023-03-03,4806,2023-01-14,1733,760,602,6,5,5,4806,0,0,0,,0,006,"ALAMO DR","NUT TREE RD",83.00,E,N,C,-,N,,,,,,,,,,N,4,0,1,3,A,-,01,23153,A,N,C,C,A,B,H,-,C,D,0,,,,Y,Y,Y,F,76,0,0,1,0,0,0,0,0,0,"- ","- ",38.335350036621094,-121.95334625244141,SOLANO,VACAVILLE,-121.95301818847656,38.335338592529297
9534161,2022,2023-02-14,4804,2022-12-13,0808,11860RV,4804,2,5,2,4804,0,0,0,,0,,"RT 12","LIGHT POLE 67",77.00,W,N,A,-,Y,SOL,4,12,-,-,25.710,H,-,E,Y,3,0,1,2,A,-,03,22350,,N,C,C,A,A,H,-,A,A,0,,,,,Y,,A,07,0,1,0,0,0,0,0,0,0,"- ","- ",,,SOLANO,"RIO VISTA",-121.69772338867188,38.161342620849609
9534165,2022,2023-02-10,4804,2022-12-12,1108,13625RV,4804,1,5,2,4804,0,0,0,,0,007,"RT 12","CHURCH RD",63.00,E,N,A,-,Y,SOL,4,12,-,-,24.840,H,-,W,Y,2,0,1,3,A,-,09,21802,A,N,D,C,A,A,H,-,A,D,0,,,,Y,Y,,A,01,1,0,0,0,0,0,0,0,0,"- ","- ",,,SOLANO,"RIO VISTA",-121.70903015136719,38.17034912109375
9534779,2022,2023-01-24,4806,2022-04-16,2250,699,,6,5,5,4806,0,0,0,,0,,"ORANGE DR","GILLEY WY",554.00,W,N,B,-,N,,,,,,,,,,N,2,0,1,2,A,-,05,21651,A,N,A,G,A,A,H,-,C,D,0,,Y,,,Y,Y,L,04,1,0,0,0,0,0,1,0,0,"- ","- ",38.382431030273438,-121.93865966796875,SOLANO,VACAVILLE,-121.94002532958984,38.381370544433594
9535207,2023,2023-02-17,4806,2023-01-18,"955 ",553,,3,5,5,4806,0,0,0,,0,,"PEABODY RD","ALAMO DR",365.00,N,N,A,-,N,,,,,,,,,,Y,3,0,1,2,A,-,09,21801,A,N,D,C,A,A,H,-,A,D,0,,,,,Y,,A,07,0,1,0,0,0,0,0,0,0,"- ","- ",38.335498809814453,-121.97057342529297,SOLANO,VACAVILLE,-121.97042846679688,38.336391448974609
9535525,2023,2023-03-02,4806,2023-01-31,1444,638,904,2,5,5,4806,0,0,0,,0,009,"NUT TREE RD","NUT TREE PKWY",0.00,,Y,A,-,N,,,,,,,,,,N,4,0,1,2,A,-,12,21453,A,N,D,G,A,A,H,-,A,A,0,,Y,,,Y,,L,04,0,0,1,0,0,0,1,0,0,"- ","- ",,,SOLANO,VACAVILLE,-121.95629119873047,38.368423461914062
9535529,2023,2023-03-15,4806,2023-01-31,"747 ",553,,2,5,5,4806,0,0,0,,0,,"NUT TREE RD","YOUNGSDALE DR",0.00,,Y,A,-,N,,,,,,,,,,Y,4,0,1,3,A,-,09,21802,A,N,D,C,A,A,H,-,A,D,0,,,,,Y,,-,"- ",0,0,1,0,0,0,0,0,0,"- ","- ",38.328548431396484,-121.95152282714844,SOLANO,VACAVILLE,-121.95149993896484,38.328578948974609
9536978,2022,2022-12-22,4806,2022-11-15,2030,836,301,2,5,5,4806,0,0,0,,0,003,"VACA VALLEY PKWY","QUALITY DR",0.00,,Y,A,-,N,,,,,,,,,,Y,4,0,2,2,A,-,12,21453,A,N,A,C,A,A,H,-,C,A,0,,,,,Y,,A,01,0,0,2,0,0,0,0,0,0,"- ","- ",38.390171051025391,-121.93679046630859,SOLANO,VACAVILLE,-121.93669128417969,38.390220642089844
9541233,2023,2023-02-16,4806,2023-01-06,1830,639,703,5,5,5,4806,0,0,0,,0,007,ALAMEDA,"PEABODY RD",347.00,E,N,B,-,N,,,,,,,,,,N,2,0,2,2,A,-,01,23152,A,F,D,C,A,A,H,-,C,D,0,,,Y,,Y,Y,A,08,1,0,1,0,0,0,0,0,0,"- ","- ",38.33544921875,-121.97048950195312,SOLANO,VACAVILLE,,
9543631,2022,2023-02-06,4806,2022-12-25,2041,702,104,7,5,5,4806,0,0,0,,0,001,"ELDRIDGE AV","DEODARA ST",0.00,,Y,A,-,N,,,,,,,,,,Y,4,0,1,2,A,-,09,21802,A,N,D,C,A,A,H,-,C,A,0,,,,Y,Y,,A,01,0,0,1,0,0,0,0,0,0,"- ","- ",38.361869812011719,-122.00154113769531,SOLANO,VACAVILLE,-122.00151062011719,38.361862182617188
9543843,2022,2023-01-24,4806,2022-12-20,0621,341,504,2,5,5,4806,0,0,0,,0,005,"NUT TREE RD","ALAMO DR",293.00,N,N,A,-,N,,,,,,,,,,Y,2,0,2,2,A,-,05,21651,A,N,D,G,A,A,H,-,C,A,0,,Y,,,Y,,L,04,1,1,0,0,0,0,1,0,0,"- ","- ",38.335369110107422,-121.95330810546875,SOLANO,VACAVILLE,-121.95330047607422,38.336143493652344
9544251,2023,2023-02-01,4806,2023-01-15,1218,684,905,7,5,5,4806,0,0,0,,0,009,"MONTE VISTA AV","NUT TREE RD",0.00,,Y,B,-,N,,,,,,,,,,Y,4,0,1,3,A,-,01,23153,A,N,D,C,A,B,H,-,A,A,0,,,,,Y,Y,A,01,0,0,1,0,0,0,0,0,0,"- ","- ",38.370628356933594,-121.95912170410156,SOLANO,VACAVILLE,-121.95909118652344,38.370601654052734
9546796,2023,2023-03-01,4806,2023-01-18,2022,763,615,3,5,5,4806,0,0,0,,0,006,"VANDEN RD","LEISURE TOWN RD N",0.00,,Y,C,-,N,,,,,,,,,,Y,2,0,1,1,A,-,03,22350,,N,E,I,A,B,H,-,C,A,0,,,,,Y,,A,01,1,0,0,0,0,0,0,0,0,"- ","- ",38.317020416259766,-121.94304656982422,SOLANO,VACAVILLE,-121.9429931640625,38.317039489746094
9549485,2023,2023-03-03,4802,2023-01-13,1537,1261,,5,5,3,4802,0,0,0,,0,002,"NORTH LINCOLN ST","WEST H ST",0.00,,Y,B,-,N,,,,,,,,,,Y,3,0,1,1,A,-,01,23152,A,N,E,I,A,B,H,-,A,D,0,,,,,Y,Y,A,01,0,1,0,0,0,0,0,0,0,"- ","- ",38.452911376953125,-121.83586120605469,SOLANO,DIXON,-121.83580017089844,38.452922821044922
9555192,2023,2023-04-05,4802,2023-02-09,"931 ",1258,,4,5,3,4802,0,0,0,,0,,"S 1ST ST","VALLEY GLEN DR",0.00,,Y,A,-,Y,SOL,4,113,-,-,18.439,I,5,S,Y,3,0,1,2,A,-,09,21801,A,N,D,C,A,A,H,-,A,A,0,,,,,Y,,A,01,0,1,0,0,0,0,0,0,0,"- ","- ",38.433261871337891,-121.82257843017578,SOLANO,DIXON,-121.82256317138672,38.433254241943359
9559131,2023,2023-03-17,4806,2023-02-27,1930,829,,1,5,5,4806,0,0,0,,0,008,"DEPOT ST","MONTE VISTA AV",0.00,,Y,A,-,N,,,,,,,,,,N,4,0,1,2,A,-,11,21955,,M,G,B,D,B,H,-,C,A,0,Y,,,,Y,,N,60,0,0,1,0,1,0,0,0,0,"- ","- ",38.358959197998047,-121.98188781738281,SOLANO,VACAVILLE,-121.98177337646484,38.358917236328125
9559133,2023,2023-03-24,4806,2023-02-24,"807 ",770,304,5,5,5,4806,0,0,0,,0,003,"VACA VALLEY PKWY","RT 505",91.00,W,N,C,-,Y,SOL,4,505,-,R,1.217,R,4,N,N,4,0,1,3,A,-,03,22350,,N,C,C,A,B,H,-,A,A,0,,,,,Y,,-,,0,0,1,0,0,0,0,0,0,"- ",NF,38.393608093261719,-121.94748687744141,SOLANO,VACAVILLE,-121.950439453125,38.390678405761719
9559741,2023,2023-03-30,4801,2023-02-14,1618,3932,2,2,5,4,4801,0,0,0,,0,002,"E J ST","1ST ST",122.00,E,N,A,-,N,,,,,,,,,,N,3,0,1,2,A,-,03,22350,,N,H,G,A,A,H,-,A,A,0,,Y,,,Y,,L,04,0,1,0,0,0,0,1,0,0,"- ","- ",38.051738739013672,-122.15643310546875,SOLANO,BENICIA,-122.15646362304688,38.052036285400391
9562975,2023,2023-05-06,4806,2023-03-26,1026,814,605,7,5,5,4806,0,0,0,,0,006,"LEISURE TOWN RD","ALAMO DR",50.00,E,N,A,-,N,,,,,,,,,,Y,3,0,2,2,A,-,09,21453,C,N,D,C,A,A,H,-,A,A,0,,,,,Y,,A,01,0,2,0,0,0,0,0,0,0,"- ","- ",38.336841583251953,-121.93399047851562,SOLANO,VACAVILLE,-121.93388366699219,38.336860656738281
9563434,2023,2023-04-28,4806,2023-03-30,"838 ",770,704,4,5,5,4806,0,0,0,,0,007,"MARSHALL RD","DEVONSHIRE DR",23.00,E,N,A,-,N,,,,,,,,,,Y,4,0,1,2,A,-,03,22350,,N,C,C,A,A,H,-,A,A,0,,,,,Y,,A,01,0,0,1,0,0,0,0,0,0,"- ","- ",38.343921661376953,-121.98950958251953,SOLANO,VACAVILLE,-121.98943328857422,38.343852996826172
9563435,2023,2023-04-28,4806,2023-03-25,1144,770,901,6,5,5,4806,0,0,0,,0,009,"ALLISON DR","NUT TREE PKWY",312.00,N,N,A,-,N,,,,,,,,,,Y,3,0,2,3,A,-,03,22350,,N,C,C,A,A,H,-,A,A,0,,,,,Y,,A,01,0,1,1,0,0,0,0,0,0,"- ","- ",38.360038757324219,-121.96803283691406,SOLANO,VACAVILLE,-121.96857452392578,38.360774993896484
9564757,2023,2023-05-11,4806,2023-04-09,1011,829,,7,5,5,4806,0,0,0,,0,003,"ALLISON PKY","VACA VALLEY PKWY",2640.00,S,N,A,-,N,,,,,,,,,,Y,2,0,3,2,A,-,05,21651,B,F,A,C,A,A,H,-,A,A,0,,,,,Y,,A,01,1,2,0,0,0,0,0,0,0,"- ","- ",38.394901275634766,-121.96810150146484,SOLANO,VACAVILLE,-121.96714782714844,38.388641357421875
9565499,2023,2023-05-26,4806,2023-04-20,"851 ",638,205,4,5,5,4806,0,0,0,,0,002,"BROWNS VALLEY RD","TIPPERARY DR",484.00,S,N,A,-,N,,,,,,,,,,N,4,0,2,2,A,-,08,22107,,N,B,C,A,A,H,-,A,A,0,,,,,Y,,A,01,0,0,2,0,0,0,0,0,0,"- ","- ",38.390960693359375,-121.97734832763672,SOLANO,VACAVILLE,-121.97817993164062,38.378761291503906
9567609,2023,2023-05-30,4801,2023-05-13,1130,2092,1,6,5,4,4801,0,0,0,,0,001,"1ST ST","F ST",83.00,S,N,A,-,N,,,,,,,,,,N,3,0,1,2,A,-,17,22517,,N,B,G,A,A,H,-,A,D,0,,Y,,,Y,,A,01,0,1,0,0,0,0,1,0,0,"- ","- ",38.048961639404297,-122.15918731689453,SOLANO,BENICIA,-122.15932464599609,38.048751831054688
9567624,2023,2023-05-30,4806,2023-05-15,"938 ",638,305,1,5,5,4806,0,0,0,,0,003,"QUINN RD","LEISURE TOWN RD",0.00,,Y,A,-,N,,,,,,,,,,Y,3,0,1,1,A,-,12,22450,A,N,E,I,A,A,H,-,A,A,0,,,,,Y,,A,01,0,1,0,0,0,0,0,0,0,"- ","- ",,,SOLANO,VACAVILLE,-121.9337158203125,38.391361236572266
9567677,2023,2023-05-25,4801,2023-04-14,2318,4540,1,5,5,4,4801,0,0,0,,0,001,"SONOMA BL","CHELSEA HILLS DR",0.00,,Y,A,-,N,,,,,,,,,,Y,3,0,1,2,A,-,01,23152,A,N,D,C,A,A,H,-,C,A,0,,,,,Y,Y,A,01,0,1,0,0,0,0,0,0,0,SO,"- ",38.066390991210938,-122.16422271728516,SOLANO,BENICIA,,
9567678,2023,2023-06-06,4801,2023-04-12,"740 ",4541,3,3,5,4,4801,0,0,0,,0,003,"SONOMA BL","HASTINGS RD",0.00,,Y,A,-,N,,,,,,,,,,N,4,0,1,2,A,-,09,21801,A,N,D,C,A,A,H,-,A,D,0,,,,,Y,,A,01,0,0,1,0,0,0,0,0,0,"- ","- ",38.070629119873047,-122.17813110351562,SOLANO,BENICIA,,
9567885,2023,2023-06-08,4806,2023-05-22,1540,845,,1,5,5,4806,0,0,0,,0,,"LEISURE TOWN RD","WHITE PINE ST",140.00,S,N,B,-,N,,,,,,,,,,N,4,0,2,2,A,-,03,22350,,N,C,C,A,A,H,-,A,D,0,,,,,Y,,A,01,0,0,2,0,0,0,0,0,0,"- ","- ",38.374240875244141,-118.93380737304688,SOLANO,VACAVILLE,-121.93384552001953,38.373813629150391
9569170,2023,2023-07-03,4804,2023-05-18,"641 ",13417RV,4804,4,5,2,4804,0,0,0,,0,,"RT 12","N 5TH ST",244.00,E,N,A,-,Y,SOL,4,12,-,-,26.060,H,-,E,N,4,0,2,2,A,-,03,22350,,N,C,C,A,A,H,-,A,D,0,,,,,Y,,A,01,0,0,2,0,0,0,0,0,0,"- ","- ",,,SOLANO,"RIO VISTA",-121.69152069091797,38.160675048828125
9572387,2023,2023-07-12,4806,2023-06-11,1452,686,511,7,5,5,4806,0,0,0,,0,005,"LEISURE TOWN RD","ULATIS DR",0.00,,Y,A,-,N,,,,,,,,,,Y,4,0,1,2,A,-,09,21802,A,N,A,C,A,A,H,-,A,A,0,,,,,Y,,A,07,0,0,1,0,0,0,0,0,0,"- ","- ",38.358070373535156,-121.93408203125,SOLANO,VACAVILLE,-121.93402862548828,38.358001708984375
9572389,2023,2023-07-11,4806,2023-06-13,2100,835,204,2,5,5,4806,0,0,0,,0,002,"MARKHAM AV","MEADOWS DR",468.00,S,N,A,-,N,,,,,,,,,,Y,4,0,1,3,A,-,01,23152,A,F,A,C,A,A,H,-,B,D,0,,,,,Y,Y,A,07,0,0,1,0,0,0,0,0,0,"- ","- ",38.364288330078125,-121.98265075683594,SOLANO,VACAVILLE,-121.98257446289062,38.364849090576172
9572390,2023,2023-07-11,4806,2023-06-17,1714,852,802,6,5,5,4806,0,0,0,,0,008,"DOBBINS ST","E MONTE VISTA",45.00,N,N,A,-,N,,,,,,,,,,,4,0,1,2,A,-,03,22350,,F,C,C,A,A,H,-,A,A,0,,,,,Y,,A,07,0,0,1,0,0,0,0,0,0,"- ","- ",,,SOLANO,VACAVILLE,-121.98880767822266,38.359149932861328
9578101,2023,2023-05-10,4802,2023-04-14,1341,1258,,5,5,3,4802,0,0,0,,0,,"STRATFORD AV","WEYAND WY",0.00,,Y,A,-,N,,,,,,,,,,N,4,0,1,2,A,-,09,21802,A,N,D,C,A,A,H,-,A,A,0,,,,,Y,,A,01,0,0,1,0,0,0,0,0,0,"- ","- ",38.458381652832031,-121.83632659912109,SOLANO,DIXON,-121.83628082275391,38.458339691162109
9580125,2023,2023-06-13,4804,2023-04-01,1449,07035RV,4804,6,5,2,4804,0,0,0,,0,,"RIVER RD","AIRPORT RD",314.00,S,N,A,-,N,,,,,,,,,,Y,4,0,2,2,A,-,01,23152,A,N,B,C,A,A,H,-,A,D,0,,,,,Y,Y,A,01,0,0,2,0,0,0,0,0,0,"- ","- ",38.168869018554688,-121.68022155761719,SOLANO,"RIO VISTA",-121.68064880371094,38.168052673339844
9587694,2023,2023-06-08,4806,2023-05-19,1916,850,802,5,5,5,4806,0,0,0,,0,008,"DEPOT ST","MASON ST",0.00,,Y,A,-,N,,,,,,,,,,N,2,0,3,4,A,-,12,21453,A,N,D,C,A,A,H,-,A,A,0,,,,,Y,Y,A,01,1,0,2,0,0,0,0,0,0,"- ","- ",38.355159759521484,-121.98162078857422,SOLANO,VACAVILLE,-121.98152160644531,38.355514526367188
9595044,2023,2023-07-14,4806,2023-06-24,2313,815,,6,5,5,4806,0,0,0,,0,,"DAVIS ST","BELLA VISTA RD",222.00,N,N,A,-,N,,,,,,,,,,Y,4,0,1,2,A,-,08,22107,,F,D,C,A,A,H,-,C,A,0,,,,,Y,,A,01,0,0,1,0,0,0,0,0,0,"- ","- ",38.349460601806641,-121.98615264892578,SOLANO,VACAVILLE,-121.98635101318359,38.349212646484375
9596084,2023,2023-07-21,4801,2023-06-03,2257,4416,2,6,5,4,4801,0,0,0,,0,002,"E 2ND ST","RT 780",12.00,S,N,A,-,Y,SOL,4,780,-,-,2.204,R,4,W,Y,2,0,3,2,A,-,09,21453,C,F,D,C,A,A,H,-,C,A,0,,,,,Y,Y,A,01,1,2,0,0,0,0,0,0,0,"- ",WF,38.059440612792969,-122.14914703369141,SOLANO,BENICIA,-122.15193176269531,38.0601806640625
9597787,2023,2023-08-09,4806,2023-07-12,1827,756,904,3,5,5,4806,0,0,0,,0,009,"NUT TREE RD","NUT TREE PKWY",320.00,N,N,A,-,N,,,,,,,,,,N,3,0,3,3,A,-,03,22350,,N,C,C,A,A,H,-,A,A,0,,,,,Y,,A,08,0,2,1,0,0,0,0,0,0,"- ","- ",38.368289947509766,-121.95619201660156,SOLANO,VACAVILLE,-121.95706176757812,38.369052886962891
9598205,2023,2023-09-13,4806,2023-07-28,1958,756,802,5,5,5,4806,0,0,0,,0,008,"MONTE VISTA AV","MARKHAM AV",0.00,,Y,A,-,N,,,,,,,,,,N,3,0,2,2,A,-,12,21453,A,N,G,D,A,A,H,-,A,A,0,,Y,,,Y,,L,04,0,2,0,0,0,0,1,0,0,"- ","- ",38.358959197998047,-121.98188781738281,SOLANO,VACAVILLE,-121.98177337646484,38.358917236328125
9598206,2023,2023-09-11,4806,2023-07-27,1751,756,804,4,5,5,4806,0,0,0,,0,008,"MERCHANT ST","STEVENSON ST",0.00,,Y,A,-,N,,,,,,,,,,N,4,0,1,2,A,-,03,22350,,N,C,C,A,A,H,-,A,A,0,,,,,Y,,A,01,0,0,1,0,0,0,0,0,0,"- ","- ",38.353919982910156,-121.99102020263672,SOLANO,VACAVILLE,-121.99095916748047,38.353950500488281
9602455,2023,2023-09-27,4801,2023-07-25,1728,4128,1,2,5,4,4801,0,0,0,,0,001,"9TH ST","W I ST",165.00,S,N,A,-,N,,,,,,,,,,N,3,0,1,1,B,-,22,,,N,H,A,A,A,H,-,A,D,0,,Y,,,Y,,L,04,0,1,0,0,0,0,1,0,0,"- ","- ",38.059429168701172,-122.17365264892578,SOLANO,BENICIA,-122.17404174804688,38.058437347412109
9603461,2023,2023-08-17,4801,2023-07-19,1609,3928,4,3,5,4,4801,0,0,0,,0,004,"BAYSHORE RD","PARK RD",1327.00,W,N,A,-,N,,,,,,,,,,N,4,0,1,2,A,-,03,22350,,N,D,C,A,A,H,-,A,D,0,,,Y,,Y,,C,02,0,0,1,0,0,0,0,0,1,"- ","- ",,,SOLANO,BENICIA,-122.13258361816406,38.068637847900391
9610281,2023,2023-08-28,4802,2023-06-22,1630,1291,SOLAN,4,5,3,4802,0,0,0,,0,001,"PITT SCHOOL RD","HOMESTEAD WY",0.00,,Y,A,-,N,,,,,,,,,,N,4,0,1,2,A,-,03,22350,,N,C,C,A,A,H,-,A,A,0,,,,,Y,,A,01,0,0,1,0,0,0,0,0,0,"- ","- ",,,SOLANO,DIXON,-121.841054,38.441360000000003
9610607,2023,2023-09-07,4806,2023-08-24,1551,770,105,4,5,5,4806,0,0,0,,0,001,"ORCHARD AV","ELDER ST",0.00,,Y,A,-,N,,,,,,,,,,N,4,0,1,2,A,-,09,21804,A,N,D,C,A,A,H,-,A,A,0,,,,,Y,,A,07,0,0,1,0,0,0,0,0,0,"- ","- ",38.362548828125,-122.0047607421875,SOLANO,VACAVILLE,-122.0047607421875,38.362552642822266
9610608,2023,2023-09-07,4806,2023-08-26,1859,756,802,6,5,5,4806,0,0,0,,0,008,"MARKHAM AV","MONTE VISTA AV",18.00,N,N,A,-,N,,,,,,,,,,N,3,0,1,2,A,-,10,21950,A,F,D,C,A,A,H,-,A,A,0,,,,,Y,,A,07,0,1,0,0,0,0,0,0,0,"- ","- ",38.358959197998047,-121.98188781738281,SOLANO,VACAVILLE,-121.98177337646484,38.358970642089844
9610609,2023,2023-09-07,4806,2023-08-26,1150,770,409,6,5,5,4806,0,0,0,,0,004,"WOODHAVEN DR","GREENWICH CIR",0.00,,Y,A,-,N,,,,,,,,,,N,3,0,1,2,A,-,09,21801,A,N,A,C,A,A,H,-,A,A,0,,,,,Y,,A,01,0,1,0,0,0,0,0,0,0,"- ","- ",38.3372802734375,-121.96035766601562,SOLANO,VACAVILLE,-121.96038818359375,38.337226867675781
9611302,2023,2023-10-24,4806,2023-09-02,2026,837,901,6,5,5,4806,0,0,0,,0,003,"CROCKER DR","ALDRIDGE RD",2900.00,N,N,A,-,N,,,,,,,,,,Y,4,0,1,1,A,-,03,22350,,N,E,I,A,A,H,-,C,D,0,,,,,Y,,A,07,0,0,1,0,0,0,0,0,0,"- ","- ",38.400558471679688,-121.94873809814453,SOLANO,VACAVILLE,-121.94688415527344,38.408359527587891
9616346,2023,2023-10-19,4804,2023-09-16,1646,13417RV,4804,6,5,2,4804,0,0,0,,0,,"CALIFORNIA ST","4TH ST",97.00,W,N,A,-,N,,,,,,,,,,N,3,0,1,3,A,-,21,22106,,N,H,E,E,A,H,-,A,D,0,Y,,,,Y,,A,01,0,1,0,0,1,0,0,0,0,"- ","- ",38.156600952148438,-121.6947021484375,SOLANO,"RIO VISTA",-121.69500732421875,38.156669616699219
9620442,2023,2023-10-12,4806,2023-09-20,"813 ",341,105,3,5,5,4806,0,0,0,,0,001,"ELDER ST","ORCHARD AV",241.00,W,N,A,-,N,,,,,,,,,,N,2,0,1,2,A,-,09,21804,A,N,D,G,A,A,H,-,A,A,0,,Y,,,Y,,L,04,1,0,0,0,0,0,1,0,0,"- ","- ",38.362548828125,-122.0047607421875,SOLANO,VACAVILLE,-122.00559997558594,38.362533569335938
9620443,2023,2023-10-12,4806,2023-09-27,"940 ",857,,3,5,5,4806,0,0,0,,0,006,"ALAMO DR","TULARE DR",0.00,,Y,A,-,N,,,,,,,,,,N,3,0,1,2,A,-,12,21453,A,N,B,G,A,A,H,-,A,A,0,,Y,,,Y,,L,04,0,1,0,0,0,0,1,0,0,"- ","- ",38.33538818359375,-121.96517181396484,SOLANO,VACAVILLE,-121.96514892578125,38.335384368896484
9620633,2023,2023-12-02,4806,2023-10-02,1558,865,202,1,5,5,4806,0,0,0,,0,002,"MARKHAM AV","WESLEY AV",0.00,,Y,A,-,N,,,,,,,,,,Y,4,0,1,2,A,-,09,21802,A,N,D,C,A,A,H,-,A,A,0,,,,,Y,,A,01,0,0,1,0,0,0,0,0,0,"- ","- ",38.366310119628906,-121.9810791015625,SOLANO,VACAVILLE,-121.98104858398438,38.363048553466797
9621784,2023,2023-09-28,4806,2023-06-02,"815 ",756,603,5,5,5,4806,0,0,0,,0,006,"NUT TREE RD","ALAMO DR",150.00,N,N,A,-,N,,,,,,,,,,N,2,0,1,2,A,-,08,22107,,F,H,G,A,A,H,-,A,A,0,,Y,,,Y,,A,01,1,0,0,0,0,0,1,0,0,"- ","- ",38.335369110107422,-121.95330810546875,SOLANO,VACAVILLE,-121.95330810546875,38.335750579833984
9621999,2023,2023-12-02,4806,2023-10-02,"919 ",638,103,1,5,5,4806,0,0,0,,0,001,"ALAMO DR","MONTE VISTA AV",0.00,,Y,A,-,N,,,,,,,,,,N,2,0,1,2,A,-,10,21950,A,N,G,B,B,A,H,-,A,A,0,Y,,,,Y,,A,01,1,0,0,0,0,0,0,0,0,"- ","- ",38.358318328857422,-122.01139068603516,SOLANO,VACAVILLE,-122.01138305664062,38.358280181884766
9622310,2023,2023-12-16,4806,2023-10-14,1350,839,902,6,5,5,4806,0,0,0,,0,009,"HARBISON DR","DAMIANO LN",370.00,N,N,A,-,N,,,,,,,,,,N,3,0,1,2,A,-,08,22107,,N,D,C,A,A,H,-,A,D,0,,,,,Y,,A,01,0,1,0,0,0,0,0,0,0,"- ","- ",38.361679077148438,-121.96331787109375,SOLANO,VACAVILLE,-121.96379852294922,38.362575531005859