CASE_ID,ACCIDENT_YEAR,PROC_DATE,JURIS,COLLISION_DATE,COLLISION_TIME,OFFICER_ID,REPORTING_DISTRICT,DAY_OF_WEEK,CHP_SHIFT,POPULATION,CNTY_CITY_LOC,SPECIAL_COND,BEAT_TYPE,CHP_BEAT_TYPE,CITY_DIVISION_LAPD,CHP_BEAT_CLASS,BEAT_NUMBER,PRIMARY_RD,SECONDARY_RD,DISTANCE,DIRECTION,INTERSECTION,WEATHER_1,WEATHER_2,STATE_HWY_IND,CALTRANS_COUNTY,CALTRANS_DISTRICT,STATE_ROUTE,ROUTE_SUFFIX,POSTMILE_PREFIX,POSTMILE,LOCATION_TYPE,RAMP_INTERSECTION,SIDE_OF_HWY,TOW_AWAY,COLLISION_SEVERITY,NUMBER_KILLED,NUMBER_INJURED,PARTY_COUNT,PRIMARY_COLL_FACTOR,PCF_CODE_OF_VIOL,PCF_VIOL_CATEGORY,PCF_VIOLATION,PCF_VIOL_SUBSECTION,HIT_AND_RUN,TYPE_OF_COLLISION,MVIW,PED_ACTION,ROAD_SURFACE,ROAD_COND_1,ROAD_COND_2,LIGHTING,CONTROL_DEVICE,CHP_ROAD_TYPE,PEDESTRIAN_ACCIDENT,BICYCLE_ACCIDENT,MOTORCYCLE_ACCIDENT,TRUCK_ACCIDENT,NOT_PRIVATE_PROPERTY,ALCOHOL_INVOLVED,STWD_VEHTYPE_AT_FAULT,CHP_VEHTYPE_AT_FAULT,COUNT_SEVERE_INJ,COUNT_VISIBLE_INJ,COUNT_COMPLAINT_PAIN,COUNT_PED_KILLED,COUNT_PED_INJURED,COUNT_BICYCLIST_KILLED,COUNT_BICYCLIST_INJURED,COUNT_MC_KILLED,COUNT_MC_INJURED,PRIMARY_RAMP,SECONDARY_RAMP,LATITUDE,LONGITUDE,COUNTY,CITY,POINT_X,POINT_Y
9706735,2024,2024-07-09,4806,2024-05-12,1029,827,409,7,5,5,4806,0,0,0,,0,004,"NUT TREE RD","STIRLING DR",0.00,,Y,A,-,N,,,,,,,,,,Y,4,0,1,2,A,-,08,22107,,N,A,D,A,A,H,-,A,A,0,,,,,Y,,A,01,0,0,1,0,0,0,0,0,0,"- ","- ",38.344001770019531,-121.95320129394531,SOLANO,VACAVILLE,-121.95323944091797,38.344085693359375
9707910,2024,2024-08-09,4806,2024-06-27,2211,829,,4,5,5,4806,0,0,0,,0,,"CALIFORNIA DR","ALAMO LN",630.00,E,N,A,-,N,,,,,,,,,,N,4,0,1,2,A,-,09,21804,A,N,C,C,A,A,H,-,C,A,0,,,,,Y,,A,01,0,0,1,0,0,0,0,0,0,"- ","- ",38.333480834960938,-121.98525238037109,SOLANO,VACAVILLE,-121.98303985595703,38.333320617675781
9709820,2024,2024-08-22,4801,2024-07-05,1335,4293,2,5,5,4,4801,0,0,0,,0,002,"1ST ST","E G ST",82.00,N,N,A,-,N,,,,,,,,,,N,4,0,1,2,C,-,18,,,N,H,G,A,A,H,-,A,D,0,,Y,,,Y,,-,"- ",0,0,1,0,0,0,1,0,0,"- ","- ",38.050151824951172,-122.15789031982422,SOLANO,BENICIA,-122.158447265625,38.049953460693359
9710070,2024,2024-08-20,4806,2024-07-30,2147,686,802,2,5,5,4806,0,0,0,,0,008,"DEPOT ST","MASON ST E",0.00,,Y,A,-,N,,,,,,,,,,Y,4,0,1,2,A,-,09,21453,C,N,A,D,A,A,H,-,C,A,0,,,,,Y,Y,D,22,0,0,1,0,0,0,0,0,0,"- ","- ",38.355159759521484,-121.98143005371094,SOLANO,VACAVILLE,-121.98152160644531,38.355514526367188
9711021,2024,2024-08-20,4801,2024-07-09,"741 ",4293,1,2,5,4,4801,0,0,0,,0,001,"SONOMA BL","1300 SOUTHAMPTON",87.00,W,N,A,-,N,,,,,,,,,,N,4,0,3,2,A,-,03,22350,,N,C,C,A,A,H,-,A,D,0,,,,,Y,,A,01,0,0,3,0,0,0,0,0,0,"- ","- ",38.069301605224609,-122.17696380615234,SOLANO,BENICIA,,
9711387,2024,2024-09-11,4806,2024-08-04,"716 ",779,306,7,5,5,4806,0,0,0,,0,003,"MIDWAY RD","LEISURE TOWN RD",1383.00,W,N,A,-,N,,,,,,,,,,N,4,0,1,1,A,-,08,22107,,N,F,A,A,A,H,-,A,D,0,,,,,Y,,A,07,0,0,1,0,0,0,0,0,0,"- ","- ",38.417011260986328,-121.93373107910156,SOLANO,VACAVILLE,-121.93852996826172,38.417030334472656
9711389,2024,2024-09-11,4806,2024-08-01,1408,827,511,4,5,5,4806,0,0,0,,0,005,"LEISURE TOWN RD","COMMERCE PL",115.00,S,N,A,-,N,,,,,,,,,,Y,4,0,1,3,A,-,03,22350,,N,C,C,A,A,H,-,A,A,0,,,,,Y,,A,07,0,0,1,0,0,0,0,0,0,"- ","- ",38.353038787841797,-121.93406677246094,SOLANO,VACAVILLE,-121.93404388427734,38.352706909179688
9711391,2024,2024-09-11,4806,2024-08-06,1606,686,105,2,5,5,4806,0,0,0,,0,001,"BUCKEYE ST","CASTLEWOOD ST",32.00,W,N,A,-,N,,,,,,,,,,Y,3,0,1,1,A,-,03,22350,,N,E,I,A,A,H,-,A,A,0,,,Y,,Y,,C,02,0,1,0,0,0,0,0,0,1,"- ","- ",38.360599517822266,-122.00688934326172,SOLANO,VACAVILLE,-122.00698852539062,38.360572814941406
9711392,2024,2024-09-11,4806,2024-08-07,1400,603,,3,5,5,4806,0,0,0,,0,,"HUME WY","DAVIS ST",15.00,E,N,A,-,N,,,,,,,,,,Y,4,0,1,2,A,-,03,22350,,F,C,C,A,A,H,-,A,A,0,,,,,Y,,A,07,0,0,1,0,0,0,0,0,0,"- ","- ",38.350231170654297,-121.98541259765625,SOLANO,VACAVILLE,-121.98540496826172,38.350189208984375
9711396,2024,2024-09-11,4806,2024-08-09,"300 ",871,703,5,5,5,4806,0,0,0,,0,007,"ROSEWOOD DR","ALAMO DR",90.00,W,N,A,-,N,,,,,,,,,,N,4,0,1,2,A,-,03,22350,,N,C,E,A,A,H,-,D,D,0,,,,,Y,,A,01,0,0,1,0,0,0,0,0,0,"- ","- ",38.33538818359375,-121.97569274902344,SOLANO,VACAVILLE,-121.97573089599609,38.335441589355469
9716066,2024,2024-08-05,4801,2024-06-01,1921,4207,3,6,5,4,4801,0,0,0,,0,003,"LARKIN DR","SOLANO DR",53.00,E,N,A,-,N,,,,,,,,,,Y,3,0,1,1,A,-,08,22107,,N,B,I,A,A,H,-,A,D,0,,,,,Y,,A,01,0,1,0,0,0,0,0,0,0,"- ","- ",38.075668334960938,-122.16770935058594,SOLANO,BENICIA,-122.16744232177734,38.075336456298828
9719237,2024,2024-08-23,4806,2024-07-15,1245,770,801,1,5,5,4806,0,0,0,,0,008,"DAVIS ST","BELLA VISTA RD N",36.00,S,N,A,-,N,,,,,,,,,,N,4,0,1,2,A,-,03,22350,,N,C,C,A,A,H,-,A,A,0,,,,,Y,,A,07,0,0,1,0,0,0,0,0,0,"- ","- ",38.249458312988281,-121.98615264892578,SOLANO,VACAVILLE,-121.98670196533203,38.3486328125
9721543,2024,2024-08-30,4806,2024-07-15,1054,840,201,1,5,5,4806,0,0,0,,0,002,"BENNETT HILL CT","BENNETT HILL DR",92.00,N,N,A,-,N,,,,,,,,,,N,4,0,1,2,A,-,08,22107,,N,B,C,A,A,H,-,A,A,0,,,,,Y,,A,01,0,0,1,0,0,0,0,0,0,"- ","- ",38.365718841552734,-121.97669219970703,SOLANO,VACAVILLE,-121.97675323486328,38.365932464599609
9721545,2024,2024-08-26,4806,2024-07-17,1725,829,,3,5,5,4806,0,0,0,,0,,"BEELARD DR","MARSHALL RD",0.00,,Y,A,-,N,,,,,,,,,,N,4,0,1,2,A,-,09,21800,C,N,D,G,A,A,H,-,A,A,0,,Y,,,Y,,A,01,0,0,1,0,0,0,1,0,0,"- ","- ",38.346351623535156,-121.95841217041016,SOLANO,VACAVILLE,-121.95840454101562,38.346309661865234
9722122,2024,2024-09-24,4806,2024-08-31,1903,603,,6,5,5,4806,0,0,0,,0,,"HELEN POWER DR","NUT TREE PKWY",500.00,S,N,A,-,N,,,,,,,,,,Y,4,0,1,3,A,-,09,21804,A,N,D,C,A,A,H,-,A,A,0,,,,,Y,,A,01,0,0,1,0,0,0,0,0,0,"- ","- ",38.365871429443359,-121.96183776855469,SOLANO,VACAVILLE,-121.96077728271484,38.364818572998047
9722124,2024,2024-09-24,4806,2024-08-15,1709,829,,4,5,5,4806,0,0,0,,0,,"PEABODY RD","CALDWELL DR",800.00,N,N,A,-,N,,,,,,,,,,N,4,0,1,6,A,-,01,23152,A,N,C,C,A,A,H,-,A,A,0,,,,,Y,Y,A,01,0,0,1,0,0,0,0,0,0,"- ","- ",38.329620361328125,-121.97042083740234,SOLANO,VACAVILLE,-121.970458984375,38.331836700439453
9722126,2024,2024-09-24,4806,2024-08-26,"810 ",827,706,1,5,5,4806,0,0,0,,0,007,"MARSHALL RD","DAVIS ST",0.00,,Y,A,-,N,,,,,,,,,,N,3,0,1,2,A,-,05,21650,1,N,D,G,A,A,H,-,A,A,0,,Y,,,Y,,-,"- ",0,1,0,0,0,0,1,0,0,"- ","- ",38.343658447265625,-121.98644256591797,SOLANO,VACAVILLE,-121.98643493652344,38.343608856201172
9722128,2024,2024-09-24,4806,2024-08-27,1436,686,802,2,5,5,4806,0,0,0,,0,008,"DEPOT ST","BUSH ST",0.00,,Y,A,-,N,,,,,,,,,,Y,3,0,1,2,A,-,09,21804,A,N,A,C,A,A,H,-,A,A,0,,,,,Y,,A,07,0,1,0,0,0,0,0,0,0,"- ","- ",38.357730865478516,-121.98178863525391,SOLANO,VACAVILLE,-121.98171234130859,38.357677459716797
9722129,2024,2024-09-24,4806,2024-08-29,"857 ",836,,4,5,5,4806,0,0,0,,0,001,"ORCHARD AV","ELDER ST",0.00,,Y,A,-,N,,,,,,,,,,N,3,0,1,2,A,-,09,21802,A,N,D,C,A,A,H,-,A,A,0,,,,,Y,,A,01,0,1,0,0,0,0,0,0,0,"- ","- ",38.362548828125,-122.0047607421875,SOLANO,VACAVILLE,-122.0047607421875,38.362552642822266
9722215,2024,2024-09-23,4806,2024-09-07,"420 ",859,601,6,5,5,4806,0,0,0,,0,003,"LEISURE TOWN RD","ELLSWORTH RD",570.00,S,N,A,-,N,,,,,,,,,,Y,4,0,1,1,A,-,01,23152,B,N,E,I,A,A,H,-,C,D,0,,,,,Y,Y,A,01,0,0,1,0,0,0,0,0,0,"- ","- ",38.3951416015625,-121.93373107910156,SOLANO,VACAVILLE,-121.93369293212891,38.393547058105469
9722275,2024,2024-09-16,4806,2024-07-12,1646,659,1006,5,5,5,4806,0,0,0,,0,,"MONTE VISTA AV","WEST ST",0.00,,Y,A,-,N,,,,,,,,,,Y,4,0,1,2,A,-,09,21802,A,N,D,C,A,A,H,-,A,A,0,,,,,Y,,A,01,0,0,1,0,0,0,0,0,0,"- ","- ",38.359081268310547,-121.99208831787109,SOLANO,VACAVILLE,-121.99208068847656,38.35906982421875
9722841,2024,2024-09-20,4806,2024-09-03,1729,686,405,2,5,5,4806,0,0,0,,0,004,"BEELARD DR","ELMIRA RD",18.00,S,N,A,-,N,,,,,,,,,,Y,4,0,1,2,A,-,03,22350,,N,A,C,A,A,H,-,A,A,0,,,,,Y,,A,01,0,0,1,0,0,0,0,0,0,"- ","- ",38.351829528808594,-121.96028137207031,SOLANO,VACAVILLE,-121.96034240722656,38.351791381835938
9724199,2024,2024-10-22,4802,2024-09-26,1758,1332,,4,5,3,4802,0,0,0,,0,002,"N LINCOLN ST","LINCOLN CT",0.00,,Y,A,-,N,,,,,,,,,,N,3,0,1,2,A,-,08,22107,,N,A,G,A,A,H,-,A,D,0,,Y,,,Y,,A,07,0,1,0,0,0,0,1,0,0,"- ","- ",38.454059600830078,-121.83589935302734,SOLANO,DIXON,-121.83589935302734,38.454029083251953
9726712,2024,2024-09-13,4806,2024-08-19,"808 ",840,601,1,5,5,4806,0,0,0,,0,006,"ALAMO DR","MARNA DR",180.00,W,N,A,-,N,,,,,,,,,,Y,4,0,2,4,A,-,03,22350,,N,C,C,A,A,H,-,A,A,0,,,,,Y,,A,07,0,0,2,0,0,0,0,0,0,"- ","- ",38.334999084472656,-121.96299743652344,SOLANO,VACAVILLE,-121.96382904052734,38.335369110107422
9726714,2024,2024-09-13,4806,2024-08-12,1653,686,102,1,5,5,4806,0,0,0,,0,001,"ALAMO DR","WALNUT AV",0.00,,Y,A,-,N,,,,,,,,,,Y,4,0,1,2,A,-,09,21804,A,N,D,C,A,A,H,-,A,A,0,,,,,Y,,A,07,0,0,1,0,0,0,0,0,0,"- ","- ",38.3489990234375,-122.00099945068359,SOLANO,VACAVILLE,-122.00169372558594,38.349739074707031
9734497,2024,2024-10-16,4806,2024-09-11,"842 ",674,707,3,5,5,4806,0,0,0,,0,007,"ALAMO DR","ALDERWOOD WY",0.00,,Y,A,-,N,,,,,,,,,,Y,4,0,1,4,A,-,03,22350,,N,C,C,A,A,H,-,A,A,0,,,,,Y,,A,07,0,0,1,0,0,0,0,0,0,"- ","- ",38.339580535888672,-121.99051666259766,SOLANO,VACAVILLE,-121.99044799804688,38.339557647705078
9734501,2024,2024-10-16,4806,2024-09-04,1555,686,802,3,5,5,4806,0,0,0,,0,008,"CERNON ST","KENDAL ST",0.00,,Y,A,-,N,,,,,,,,,,N,4,0,1,2,A,-,03,22350,,F,D,C,A,A,H,-,A,A,0,,,,,Y,,D,22,0,0,1,0,0,0,0,0,0,"- ","- ",38.357540130615234,-121.99098205566406,SOLANO,VACAVILLE,-121.990966796875,38.357513427734375
9735024,2024,2024-10-31,4806,2024-10-02,"653 ",836,,3,5,5,4806,0,0,0,,0,004,"MASON ST","DEPOT ST",513.00,E,N,A,-,N,,,,,,,,,,Y,3,0,1,2,A,-,08,22107,,N,B,C,A,A,H,-,B,A,0,,,,,Y,,D,22,0,1,0,0,0,0,0,0,0,"- ","- ",38.355159759521484,-121.98143768310547,SOLANO,VACAVILLE,-121.98130798339844,38.355239868164062
9735200,2024,2024-11-04,4802,2024-08-15,1808,1329,,4,5,3,4802,0,0,0,,0,003,"1ST ST","VAUGHN RD",0.00,,Y,A,-,Y,SOL,4,113,-,-,20.780,H,-,N,Y,4,0,1,3,A,-,03,22350,,N,C,C,A,A,H,-,A,A,0,,,,,Y,,D,22,0,0,1,0,0,0,0,0,0,"- ","- ",,,SOLANO,DIXON,-121.82235717773438,38.467025756835938
9735847,2024,2024-11-12,4806,2024-10-16,"822 ",840,802,3,5,5,4806,0,0,0,,0,008,MCCLELLAN,"MONTE VISTA AV",10.00,S,N,C,-,N,,,,,,,,,,N,4,0,1,2,A,-,05,21650,1,N,A,G,A,B,H,-,A,A,0,,Y,,,Y,,L,04,0,0,1,0,0,0,1,0,0,"- ","- ",38.358001708984375,-121.98300170898438,SOLANO,VACAVILLE,-121.98317718505859,38.358913421630859
9736542,2024,2024-09-25,4801,2024-07-18,1653,4325,3,4,5,4,4801,0,0,0,,0,003,"ROSE DR","HASTINGS DR",0.00,,Y,A,-,N,,,,,,,,,,N,3,0,1,2,A,-,12,22450,A,N,B,C,A,A,H,-,A,A,0,,,Y,,Y,,A,01,0,1,0,0,0,0,0,0,1,"- ","- ",38.078300476074219,-122.17427062988281,SOLANO,BENICIA,-122.16789245605469,38.084705352783203
9742414,2024,2024-10-22,4802,2024-08-02,2018,1322,4802,5,5,3,4802,0,0,0,,0,001,"WEST 7TH ST","NORTH JACKSON ST",0.00,,Y,A,-,N,,,,,,,,,,N,4,0,1,2,A,-,09,21800,A,N,D,C,A,A,H,-,C,A,0,,,,,Y,,A,01,0,0,1,0,0,0,0,0,0,"- ","- ",38.445590972900391,-121.82377624511719,SOLANO,DIXON,-122.01068115234375,39.005836486816406
9746517,2024,2024-11-01,4801,2024-10-14,1725,3932,2,1,5,4,4801,0,0,0,,0,002,"1ST ST","J ST",0.00,,Y,A,-,N,,,,,,,,,,N,3,0,2,2,A,-,09,21800,B,N,D,C,A,A,H,-,A,A,0,,,,,Y,,A,01,0,1,1,0,0,0,0,0,0,"- ","- ",38.052200317382812,-122.15682983398438,SOLANO,BENICIA,-122.15683746337891,38.052188873291016
9746577,2024,2024-11-05,4801,2024-09-02,"737 ",3932,2,1,5,4,4801,0,0,0,,0,002,"RIVERHILL DR","E 2ND ST",0.00,,Y,A,-,N,,,,,,,,,,Y,3,0,3,2,A,-,09,21802,A,N,D,C,A,A,H,-,A,A,0,,,,,Y,,A,01,0,2,1,0,0,0,0,0,0,"- ","- ",38.055881500244141,-122.15138244628906,SOLANO,BENICIA,-122.15128326416016,38.056076049804688
9750596,2024,2024-11-21,4806,2024-10-30,1035,840,301,3,5,5,4806,0,0,0,,0,003,"VACA VALLEY PKWY","QUALITY DR",45.00,E,N,B,-,N,,,,,,,,,,Y,4,0,1,4,A,-,03,22350,,N,C,C,A,A,H,-,A,A,0,,,,,Y,,A,07,0,0,1,0,0,0,0,0,0,"- ","- ",38.390159606933594,-121.93679809570312,SOLANO,VACAVILLE,-121.93653869628906,38.390201568603516
9751648,2024,2024-11-06,4806,2024-08-09,2211,603,,5,5,5,4806,0,0,0,,0,,"MONTE VISTA AV","ALAMO DR",17.00,E,N,A,-,N,,,,,,,,,,N,4,0,1,2,A,-,21,22106,,N,D,C,A,A,H,-,C,A,0,,,,,Y,,A,07,0,0,1,0,0,0,0,0,0,"- ","- ",38.358318328857422,-122.01141357421875,SOLANO,VACAVILLE,-122.01132965087891,38.358299255371094
9751817,2024,2024-11-08,4806,2024-10-11,"814 ",836,,5,5,5,4806,0,0,0,,0,005,"NUT TREE RD","MARSHALL RD",15.00,S,N,A,-,N,,,,,,,,,,N,3,0,1,2,A,-,10,21950,A,N,G,B,B,A,H,-,A,A,0,Y,,,,Y,,A,01,0,1,0,0,1,0,0,0,0,"- ","- ",38.346199035644531,-121.95319366455078,SOLANO,VACAVILLE,-121.95322418212891,38.346229553222656
9754903,2024,2024-12-05,4801,2024-11-06,1047,4293,3,3,5,4,4801,0,0,0,,0,003,"SONOMA BL","HASTINGS DR",0.00,,Y,A,-,N,,,,,,,,,,N,4,0,1,2,A,-,09,21802,A,N,D,C,A,A,H,-,A,A,0,,,,,Y,,A,07,0,0,1,0,0,0,0,0,0,"- ","- ",38.070629119873047,-122.17813110351562,SOLANO,BENICIA,,
9755018,2024,2024-12-05,4801,2024-10-24,"551 ",4634,4,4,5,4,4801,0,0,0,,0,004,"INDUSTRIAL WY","OREGON ST",0.00,,Y,A,-,N,,,,,,,,,,Y,3,0,1,1,A,-,08,22107,,N,A,I,A,A,H,-,C,A,0,,,,,Y,,A,01,0,1,0,0,0,0,0,0,0,"- ","- ",38.072139739990234,-122.13092803955078,SOLANO,BENICIA,-122.13092041015625,38.0721435546875
9758109,2024,2024-12-20,4806,2024-11-12,1819,686,802,2,5,5,4806,0,0,0,,0,008,"PARKER ST","KENDAL ST",0.00,,Y,A,-,N,,,,,,,,,,N,4,0,1,2,A,-,21,22106,,N,D,C,A,A,H,-,C,A,0,,,,,Y,,A,01,0,0,1,0,0,0,0,0,0,"- ","- ",38.357540130615234,-121.98992156982422,SOLANO,VACAVILLE,-121.98989868164062,38.357513427734375
9758264,2024,2024-12-03,4806,2024-11-10,1739,769,902,7,5,5,4806,0,0,0,,0,009,"NUT TREE PKWY","HARBISON DR",0.00,,Y,A,-,N,,,,,,,,,,Y,4,0,2,3,A,-,08,22107,,N,B,C,A,A,H,-,C,A,0,,,,,Y,,A,01,0,0,2,0,0,0,0,0,0,"- ","- ",38.362991333007812,-121.96484375,SOLANO,VACAVILLE,-121.96485137939453,38.363067626953125
9758267,2024,2024-12-03,4806,2024-11-20,1903,609,302,3,5,5,4806,0,0,0,,0,003,"VACA VALLEY RD","ALLISON PKY",0.00,,Y,C,-,N,,,,,,,,,,Y,3,0,3,2,A,-,09,21804,A,N,D,C,A,B,H,-,C,A,0,,,,,Y,,A,01,0,1,2,0,0,0,0,0,0,"- ","- ",38.394908905029297,-121.96811676025391,SOLANO,VACAVILLE,-121.96820068359375,38.394908905029297
9758270,2024,2024-12-03,4806,2024-11-17,1459,686,801,7,5,5,4806,0,0,0,,0,008,"MASON ST","DEPOT ST",0.00,,Y,-,-,N,,,,,,,,,,Y,3,0,2,2,A,-,09,21453,B,N,D,C,A,A,H,-,A,A,0,,,,,Y,,A,07,0,1,1,0,0,0,0,0,0,"- ","- ",38.355159759521484,-121.98143005371094,SOLANO,VACAVILLE,-121.98152160644531,38.355514526367188
9758657,2024,2024-12-17,4806,2024-11-26,2042,686,904,2,5,5,4806,0,0,0,,0,009,"NUT TREE PKWY","HELEN POWER DR",350.00,E,N,A,-,N,,,,,,,,,,N,3,0,1,2,A,-,03,22350,,N,C,C,A,A,H,-,C,A,0,,,Y,,Y,,C,02,0,1,0,0,0,0,0,0,1,"- ","- ",38.365871429443359,-121.96183776855469,SOLANO,VACAVILLE,-121.96076965332031,38.366287231445312
9768548,2024,2025-01-15,4806,2024-11-22,1931,659,,5,5,5,4806,0,0,0,,0,,"CLIFFSIDE DR","PEABODY RD",580.00,W,N,C,-,N,,,,,,,,,,Y,4,0,2,2,A,-,03,22350,,N,D,-,A,B,H,-,C,A,0,,,,,Y,,D,22,0,0,2,0,0,0,0,0,0,"- ","- ",38.352241516113281,-121.97622680664062,SOLANO,VACAVILLE,-121.97814178466797,38.352199554443359
9773217,2024,2025-01-07,4806,2024-11-22,2224,768,,5,5,5,4806,0,0,0,,0,,"S ORCHARD AV","PEACH TREE AV",231.00,S,N,A,-,N,,,,,,,,,,Y,4,0,1,2,A,-,01,23152,A,N,C,E,A,A,H,-,C,D,0,,,,,Y,Y,A,07,0,0,1,0,0,0,0,0,0,"- ","- ",,,SOLANO,VACAVILLE,-122.00202178955078,38.353321075439453
9773236,2024,2025-01-29,4806,2024-12-01,1236,827,511,7,5,5,4806,0,0,0,,0,005,"LEISURE TOWN RD","ULATIS DR",0.00,,Y,A,-,N,,,,,,,,,,,4,0,1,3,A,-,09,21804,A,N,D,C,A,A,H,-,A,A,0,,,,,Y,,A,01,0,0,1,0,0,0,0,0,0,"- ","- ",38.358070373535156,-121.93408203125,SOLANO,VACAVILLE,-121.93402862548828,38.358001708984375
9773238,2024,2025-01-29,4806,2024-12-06,1535,836,,5,5,5,4806,0,0,0,,0,002,"MONTE VISTA AV","CALLEN ST E",0.00,,Y,A,-,N,,,,,,,,,,,4,0,1,2,A,-,09,21802,B,F,A,-,A,A,H,-,A,A,0,,Y,,,Y,Y,-,99,0,0,1,0,0,0,1,0,0,"- ","- ",38.360851287841797,-121.97470092773438,SOLANO,VACAVILLE,-121.97998809814453,38.358963012695312
9773239,2024,2025-01-29,4806,2024-12-07,1555,756,901,6,5,5,4806,0,0,0,,0,009,"MONTE VISTA AV","ALLISON DR N",500.00,E,N,A,-,N,,,,,,,,,,,4,0,1,2,A,-,08,22107,,N,A,C,A,A,H,-,A,D,0,,,,,Y,,A,01,0,0,1,0,0,0,0,0,0,"- ","- ",38.362468719482422,-121.97029876708984,SOLANO,VACAVILLE,-121.96864318847656,38.363082885742188
9776585,2025,2025-01-21,4806,2025-01-05,1720,686,502,7,5,5,4806,0,0,0,,0,005,"EL MIRA RD","NUT TREE RD",470.00,E,N,A,-,N,,,,,,,,,,Y,4,0,2,2,A,-,09,21804,A,N,A,C,A,A,H,-,A,A,0,,,,,Y,,A,01,0,0,2,0,0,0,0,0,0,"- ","- ",38.351741790771484,-121.95317840576172,SOLANO,VACAVILLE,-121.95159149169922,38.351654052734375
9776819,2025,2025-02-11,4806,2025-01-19,1448,686,802,7,5,5,4806,0,0,0,,0,008,"MONTE VISTA AV","DOBBINS ST",0.00,,Y,A,-,N,,,,,,,,,,Y,4,0,1,2,A,-,12,21453,A,N,D,C,A,A,H,-,A,A,0,,,,,Y,,A,01,0,0,1,0,0,0,0,0,0,"- ","- ",38.359001159667969,-121.98799896240234,SOLANO,VACAVILLE,-121.98876953125,38.359027862548828
9779145,2025,2025-02-12,4806,2025-01-03,2023,856,,5,5,5,4806,0,0,0,,0,008,"HUME WY","DAVIS ST",880.00,E,N,A,-,N,,,,,,,,,,N,3,0,1,2,A,-,03,22350,,F,D,G,A,A,H,-,C,D,0,,Y,,,Y,,D,22,0,1,0,0,0,0,1,0,0,"- ","- ",38.350231170654297,-121.98541259765625,SOLANO,VACAVILLE,-121.98253631591797,38.350852966308594
9780506,2025,2025-03-19,4806,2025-02-19,1430,763,505,3,5,5,4806,0,0,0,,0,005,"LEISURE TOWN RD","STONEGATE DR",0.00,,Y,A,-,N,,,,,,,,,,N,4,0,1,2,A,-,03,22350,,N,C,C,A,A,D,-,A,A,0,,,,,Y,,A,01,0,0,1,0,0,0,0,0,0,"- ","- ",38.364269256591797,-121.93402099609375,SOLANO,VACAVILLE,-121.93396759033203,38.364227294921875
9780508,2025,2025-03-19,4806,2025-02-25,1022,609,904,2,5,5,4806,0,0,0,,0,009,"NUT TREE PKWY","NUT TREE RD",647.00,W,N,A,-,N,,,,,,,,,,Y,3,0,1,3,A,-,09,21804,A,N,D,C,A,A,H,-,A,D,0,,,,,Y,,-,,0,1,0,0,0,0,0,0,0,"- ","- ",38.368289947509766,-121.95619201660156,SOLANO,VACAVILLE,-121.95783996582031,38.367145538330078
9780509,2025,2025-03-19,4806,2025-02-28,1409,836,,5,5,5,4806,0,0,0,,0,001,"FRUITVALE RD","STINSON AV",0.00,,Y,A,-,N,,,,,,,,,,Y,4,0,1,2,A,-,09,21801,A,N,A,C,A,A,H,-,A,A,0,,,,,Y,,A,07,0,0,1,0,0,0,0,0,0,"- ","- ",38.368980407714844,-121.99886322021484,SOLANO,VACAVILLE,-121.99883270263672,38.368953704833984
9780511,2025,2025-03-19,4806,2025-02-18,1807,686,802,2,5,5,4806,0,0,0,,0,008,"MASON ST","CERNON ST",13.00,E,N,A,-,N,,,,,,,,,,N,4,0,1,2,A,-,05,21650,,N,D,G,A,A,H,-,C,A,0,,Y,,,Y,,L,04,0,0,1,0,0,0,1,0,0,"- ","- ",38.354911804199219,-121.99102020263672,SOLANO,VACAVILLE,-121.99095153808594,38.354911804199219
9780513,2025,2025-03-19,4806,2025-02-27,1800,756,911,4,5,5,4806,0,0,0,,0,009,"LEISURE TOWN RD","POPLAR RD",0.00,,Y,A,-,N,,,,,,,,,,N,3,0,4,3,A,-,08,22107,,N,D,C,A,A,H,-,B,D,0,,,,,Y,,A,01,0,1,3,0,0,0,0,0,0,"- ","- ",38.380451202392578,-121.93377685546875,SOLANO,VACAVILLE,-121.93379974365234,38.380390167236328
9780872,2025,2025-04-08,4806,2025-03-24,"657 ",827,602,1,5,5,4806,0,0,0,,0,006,"ALAMO DR","BEL AIR DR",0.00,,Y,A,-,N,,,,,,,,,,N,4,0,1,2,A,-,12,21453,A,N,D,C,A,A,H,-,A,A,0,,,,,Y,,D,22,0,0,1,0,0,0,0,0,0,"- ","- ",38.335350036621094,-121.95771026611328,SOLANO,VACAVILLE,-121.95766448974609,38.3353271484375
9782384,2025,2025-02-20,4801,2025-01-14,1424,4293,3,2,5,4,4801,0,0,0,,0,003,"HASTINGS DR","SONOMA BL",0.00,,Y,A,-,N,,,,,,,,,,N,3,0,3,2,A,-,09,21802,A,N,D,C,A,A,H,-,A,A,0,,,,,Y,,A,07,0,1,2,0,0,0,0,0,0,"- ","- ",38.070629119873047,-122.17813110351562,SOLANO,BENICIA,,