CASE_ID,ACCIDENT_YEAR,PROC_DATE,JURIS,COLLISION_DATE,COLLISION_TIME,OFFICER_ID,REPORTING_DISTRICT,DAY_OF_WEEK,CHP_SHIFT,POPULATION,CNTY_CITY_LOC,SPECIAL_COND,BEAT_TYPE,CHP_BEAT_TYPE,CITY_DIVISION_LAPD,CHP_BEAT_CLASS,BEAT_NUMBER,PRIMARY_RD,SECONDARY_RD,DISTANCE,DIRECTION,INTERSECTION,WEATHER_1,WEATHER_2,STATE_HWY_IND,CALTRANS_COUNTY,CALTRANS_DISTRICT,STATE_ROUTE,ROUTE_SUFFIX,POSTMILE_PREFIX,POSTMILE,LOCATION_TYPE,RAMP_INTERSECTION,SIDE_OF_HWY,TOW_AWAY,COLLISION_SEVERITY,NUMBER_KILLED,NUMBER_INJURED,PARTY_COUNT,PRIMARY_COLL_FACTOR,PCF_CODE_OF_VIOL,PCF_VIOL_CATEGORY,PCF_VIOLATION,PCF_VIOL_SUBSECTION,HIT_AND_RUN,TYPE_OF_COLLISION,MVIW,PED_ACTION,ROAD_SURFACE,ROAD_COND_1,ROAD_COND_2,LIGHTING,CONTROL_DEVICE,CHP_ROAD_TYPE,PEDESTRIAN_ACCIDENT,BICYCLE_ACCIDENT,MOTORCYCLE_ACCIDENT,TRUCK_ACCIDENT,NOT_PRIVATE_PROPERTY,ALCOHOL_INVOLVED,STWD_VEHTYPE_AT_FAULT,CHP_VEHTYPE_AT_FAULT,COUNT_SEVERE_INJ,COUNT_VISIBLE_INJ,COUNT_COMPLAINT_PAIN,COUNT_PED_KILLED,COUNT_PED_INJURED,COUNT_BICYCLIST_KILLED,COUNT_BICYCLIST_INJURED,COUNT_MC_KILLED,COUNT_MC_INJURED,PRIMARY_RAMP,SECONDARY_RAMP,LATITUDE,LONGITUDE,COUNTY,CITY,POINT_X,POINT_Y
9877391,2025,2025-09-30,4806,2025-09-08,1331,827,901,1,5,5,4806,0,0,0,,0,009,"BROWNS VALLEY PKWY","MONTE VISTA AV",0.00,,Y,A,-,N,,,,,,,,,,,3,0,1,2,A,-,05,21650,1,N,D,G,A,A,H,-,A,A,0,,Y,,,Y,,L,04,0,1,0,0,0,0,1,0,0,"- ","- ",38.363761901855469,-121.96710205078125,SOLANO,VACAVILLE,-121.96707153320312,38.363723754882812
9878985,2025,2025-10-28,4802,2025-08-20,1214,1314,4802,3,5,3,4802,0,0,0,,0,002,"MARKET LN","ARY LN",56.00,W,N,A,-,N,,,,,,,,,,Y,3,0,1,2,A,-,03,22350,,N,C,E,A,A,H,-,A,D,0,,,,Y,Y,,A,01,0,1,0,0,0,0,0,0,0,"- ","- ",38.455520629882812,-121.84365844726562,SOLANO,DIXON,-121.84368133544922,38.455471038818359
9878988,2025,2025-11-06,4802,2025-06-24,1308,1325,,2,5,3,4802,0,0,0,,0,,"WOODVALE DR","PETERSON LN",77.00,N,N,A,-,N,,,,,,,,,,N,4,0,1,2,A,-,03,22350,,N,B,C,A,A,H,-,A,D,0,,,,,Y,,D,22,0,0,1,0,0,0,0,0,0,"- ","- ",38.449718475341797,-121.83921813964844,SOLANO,DIXON,-121.83921813964844,38.449680328369141
9878989,2025,2025-11-21,4802,2025-03-06,1932,1329,,4,5,3,4802,0,0,0,,0,,"PITT SCHOOL RD","WESH H ST",0.00,,Y,A,-,N,,,,,,,,,,N,3,0,1,2,A,-,10,21950,A,N,G,B,B,A,H,-,C,D,0,Y,,,,Y,,D,22,0,1,0,0,1,0,0,0,0,"- ","- ",,,SOLANO,DIXON,-121.84107971191406,38.452968597412109
9879063,2025,2025-10-20,4802,2025-07-22,"326 ",1339,4802,2,5,3,4802,0,0,0,,0,003,"MORGAN LN","HARTH CT",70.00,E,N,A,-,N,,,,,,,,,,,3,0,1,2,A,-,08,22107,,N,B,E,A,A,H,-,C,D,0,,,,,Y,,A,01,0,1,0,0,0,0,0,0,0,"- ","- ",38.459758758544922,-121.82752990722656,SOLANO,DIXON,-121.82724761962891,38.459758758544922
9879068,2025,2025-10-24,4802,2025-06-08,1629,1325,,7,5,3,4802,0,0,0,,0,001,"DARTMOUTH CIR","RUTGERS WY",120.00,N,N,A,-,N,,,,,,,,,,,3,0,1,2,A,-,03,22350,,N,D,E,A,A,H,-,A,D,0,,,,,Y,,A,01,0,1,0,0,0,0,0,0,0,"- ","- ",,,SOLANO,DIXON,-121.82009887695312,38.432712554931641
9879522,2025,2025-11-24,4806,2025-10-17,1223,836,212,5,5,5,4806,0,0,0,,0,002,"BROWNS VALLEY RD","WHISPERING RIDGE DR",0.00,,Y,A,-,N,,,,,,,,,,Y,4,0,1,2,A,-,09,21802,A,N,D,C,A,A,H,-,A,A,0,,,,,Y,,A,01,0,0,1,0,0,0,0,0,0,"- ","- ",38.401290893554688,-121.97708129882812,SOLANO,VACAVILLE,-121.97705841064453,38.401264190673828
9879523,2025,2025-11-24,4806,2025-10-06,"912 ",827,802,1,5,5,4806,0,0,0,,0,008,"CERNON ST","KENDAL ST",0.00,,Y,A,-,N,,,,,,,,,,N,4,0,1,2,A,-,12,22450,A,N,D,C,A,A,H,-,A,A,0,,,,,Y,,A,01,0,0,1,0,0,0,0,0,0,"- ","- ",38.357540130615234,-121.99098205566406,SOLANO,VACAVILLE,-121.990966796875,38.357513427734375
9879524,2025,2025-11-24,4806,2025-10-07,1701,867,601,2,5,5,4806,0,0,0,,0,006,"PEABODY RD","CALIFORNIA DR EAST",173.00,N,N,A,-,N,,,,,,,,,,Y,4,0,1,3,A,-,03,22350,,N,C,C,A,A,H,-,A,D,0,,,,,Y,,A,01,0,0,1,0,0,0,0,0,0,"- ","- ",38.333221435546875,-121.97039794921875,SOLANO,VACAVILLE,-121.970458984375,38.333705902099609
9887210,2025,2025-12-01,4806,2025-10-30,1340,770,101,4,5,5,4806,0,0,0,,0,001,"MERCHANT ST","CAMELLIA WY",47.00,S,N,A,-,N,,,,,,,,,,Y,4,0,1,2,A,-,09,21801,A,N,A,C,A,A,H,-,A,A,0,,,,,Y,,A,07,0,0,1,0,0,0,0,0,0,"- ","- ",38.349220275878906,-121.99559783935547,SOLANO,VACAVILLE,-121.99569702148438,38.349132537841797
9887212,2025,2025-11-26,4806,2025-10-28,1347,674,802,2,5,5,4806,0,0,0,,0,008,"MAIN ST","DAVIS ST",2.00,W,N,A,-,N,,,,,,,,,,N,4,0,1,2,A,-,08,22107,,N,A,G,A,A,H,-,A,A,0,,Y,,,Y,Y,L,04,0,0,1,0,0,0,1,0,0,"- ","- ",38.356479644775391,-121.98641204833984,SOLANO,VACAVILLE,-121.98640441894531,38.356552124023438
9887213,2025,2025-11-26,4806,2025-10-23,2130,871,,4,5,5,4806,0,0,0,,0,,"NUT TREE RD","ELMIRA RD",0.00,,Y,A,-,N,,,,,,,,,,N,4,0,1,2,A,-,10,21950,A,N,G,B,B,A,H,-,C,A,0,Y,,,,Y,,A,01,0,0,1,0,1,0,0,0,0,"- ","- ",38.351741790771484,-121.95317840576172,SOLANO,VACAVILLE,-121.95323181152344,38.351680755615234
9887278,2025,2025-12-11,4806,2025-11-07,1841,871,611,5,5,5,4806,0,0,0,,0,006,"CALIFORNIA DR","QUAIL MEADOWS CIR",520.00,W,N,A,-,N,,,,,,,,,,N,3,0,1,2,A,-,09,21804,A,N,D,G,A,A,H,-,D,A,0,,Y,,,Y,,A,01,0,1,0,0,0,0,1,0,0,"- ","- ",38.333240509033203,-121.97283172607422,SOLANO,VACAVILLE,-121.97468566894531,38.333278656005859
9887550,2025,2025-12-15,4806,2025-11-13,2144,871,904,4,5,5,4806,0,0,0,,0,009,"NUT TREE PKWY","NUT TREE RD",0.00,,Y,B,-,N,,,,,,,,,,Y,3,0,3,2,A,-,12,21453,A,N,A,C,A,B,H,-,C,A,0,,,,,Y,,A,01,0,1,2,0,0,0,0,0,0,"- ","- ",38.368289947509766,-121.95619201660156,SOLANO,VACAVILLE,-121.95629119873047,38.368423461914062
9887555,2025,2025-12-15,4806,2025-11-04,"916 ",827,611,2,5,5,4806,0,0,0,,0,006,"PEABODY RD","CALIFORNIA DR",0.00,,Y,A,-,N,,,,,,,,,,Y,4,0,2,2,A,-,12,21453,A,N,D,C,A,A,H,-,A,A,0,,,,,Y,,A,07,0,0,2,0,0,0,0,0,0,"- ","- ",38.333271026611328,-121.97048187255859,SOLANO,VACAVILLE,-121.970458984375,38.333232879638672
9889161,2025,2025-12-15,4801,2025-11-18,"812 ",4293,4,2,5,4,4801,0,0,0,,0,004,"2ND ST","RESERVOIR RD",33.00,S,N,A,-,N,,,,,,,,,,Y,4,0,1,2,A,-,09,21802,A,N,B,C,A,A,H,-,A,A,0,,,,,Y,,A,01,0,0,1,0,0,0,0,0,0,"- ","- ",38.082180023193359,-122.13545227050781,SOLANO,BENICIA,-122.13433837890625,38.082046508789062
9889173,2025,2026-01-15,4806,2025-11-21,2136,891,905,5,5,5,4806,0,0,0,,0,009,"MONTE VISTA AV","COUNTY AIRPORT RD",377.00,E,N,A,-,N,,,,,,,,,,N,4,0,1,2,A,-,08,22107,,N,B,C,A,A,H,-,A,A,0,,,,,Y,,D,22,0,0,1,0,0,0,0,0,0,"- ","- ",38.373359680175781,-121.95626831054688,SOLANO,VACAVILLE,-121.95554351806641,38.374092102050781
9889228,2025,2025-12-11,4806,2025-11-15,2113,871,402,6,5,5,4806,0,0,0,,0,004,"NUT TREE RD","SUMMERFIELD DR",0.00,,Y,A,-,N,,,,,,,,,,Y,4,0,1,2,A,-,12,21453,A,N,D,C,A,A,H,-,C,A,0,,,,,Y,,A,01,0,0,1,0,0,0,0,0,0,"- ","- ",38.35504150390625,-121.95314788818359,SOLANO,VACAVILLE,-121.95320892333984,38.355110168457031
9889230,2025,2025-12-11,4806,2025-11-23,2108,769,406,7,5,5,4806,0,0,0,,0,004,"NUT TREE RD","ELMIRA RD",0.00,,Y,E,-,N,,,,,,,,,,Y,4,0,3,2,A,-,01,23152,A,N,C,C,A,A,H,-,C,A,0,,,,,Y,Y,A,01,0,0,3,0,0,0,0,0,0,"- ","- ",38.351741790771484,-121.95317840576172,SOLANO,VACAVILLE,-121.95323181152344,38.351680755615234
9889232,2025,2025-12-11,4806,2025-11-20,"834 ",609,510,4,5,5,4806,0,0,0,,0,005,"CHATEAU CIR","FALAISE DR",183.00,W,N,A,-,N,,,,,,,,,,Y,4,0,1,2,A,-,09,21804,A,N,D,C,A,A,H,-,A,D,0,,,,,Y,,A,07,0,0,1,0,0,0,0,0,0,"- ","- ",38.337360382080078,-121.93553161621094,SOLANO,VACAVILLE,-121.93611907958984,38.337188720703125
9889398,2025,2025-12-16,4806,2025-11-28,1156,609,601,5,5,5,4806,0,0,0,,0,006,"ALAMO DR","PEABODY RD",327.00,E,N,A,-,N,,,,,,,,,,Y,4,0,1,2,A,-,09,21804,A,N,D,C,A,A,H,-,A,A,0,,,,,Y,,A,01,0,0,1,0,0,0,0,0,0,"- ","- ",38.33544921875,-121.97048950195312,SOLANO,VACAVILLE,-121.96932220458984,38.335399627685547
9889415,2025,2025-12-16,4801,2025-10-10,2325,4730,2,5,5,4,4801,0,0,0,,0,002,"EAST 4TH ST","EAST N ST",59.00,S,N,A,-,N,,,,,,,,,,N,3,0,1,1,A,-,08,22107,,N,H,A,A,A,H,-,C,D,0,,,Y,,Y,,C,03,0,1,0,0,0,0,0,0,1,"- ","- ",38.052650451660156,-122.14830780029297,SOLANO,BENICIA,-122.14838409423828,38.052482604980469
9889558,2025,2025-12-30,4806,2025-12-03,1431,856,502,3,5,5,4806,0,0,0,,0,005,"NUT TREE RD","MARSHALL RD",0.00,,Y,A,-,N,,,,,,,,,,N,4,0,1,2,A,-,12,21453,A,N,G,B,B,A,H,-,A,A,0,Y,,,,Y,,N,60,0,0,1,0,1,0,0,0,0,"- ","- ",38.346199035644531,-121.95319366455078,SOLANO,VACAVILLE,-121.95322418212891,38.346271514892578
9889852,2025,2025-12-31,4806,2025-12-04,1451,836,504,4,5,5,4806,0,0,0,,0,005,"NUT TREE RD","ALAMO DR",210.00,N,N,A,-,N,,,,,,,,,,N,3,0,1,2,A,-,05,21650,,N,A,G,A,A,H,-,A,A,0,,Y,,,Y,,L,04,0,1,0,0,0,0,1,0,0,"- ","- ",38.335369110107422,-121.95330810546875,SOLANO,VACAVILLE,-121.95330047607422,38.335918426513672
9896491,2025,2025-12-31,4801,2025-11-17,1734,4633,2,1,5,4,4801,0,0,0,,0,002,"MILITARY EAST","3RD ST",0.00,,Y,A,-,N,,,,,,,,,,N,4,0,1,2,A,-,08,22100,A,N,A,C,A,A,H,-,C,D,0,,,,,Y,,A,01,0,0,1,0,0,0,0,0,0,"- ","- ",38.052761077880859,-122.15096282958984,SOLANO,BENICIA,-122.15091705322266,38.052719116210938
9896913,2025,2026-01-21,4806,2025-12-27,2058,768,703,6,5,5,4806,0,0,0,,0,007,"ALAMO DR","PEABODY RD",0.00,,Y,A,-,N,,,,,,,,,,N,4,0,1,2,A,-,09,21453,C,N,D,C,A,A,H,-,C,A,0,,,,,Y,,A,01,0,0,1,0,0,0,0,0,0,"- ","- ",38.334999084472656,-121.97049713134766,SOLANO,VACAVILLE,-121.970458984375,38.335391998291016
9896914,2025,2026-01-21,4806,2025-12-24,2254,909,,3,5,5,4806,0,0,0,,0,001,"ALAMO DR","MERCHANT ST",0.00,,Y,B,-,N,,,,,,,,,,Y,4,0,1,2,A,-,09,21453,C,N,D,C,A,B,H,-,C,A,0,,,,,Y,,A,01,0,0,1,0,0,0,0,0,0,"- ","- ",38.347000122070312,-121.99700164794922,SOLANO,VACAVILLE,-121.99770355224609,38.3475341796875
9905194,2025,2026-02-09,4806,2025-12-23,1757,715,202,2,5,5,4806,0,0,0,,0,002,"MARKHAM AV","MONTE VISTA AV",253.00,N,N,B,C,N,,,,,,,,,,N,4,0,1,2,A,-,11,21954,A,N,G,B,D,B,H,-,C,A,0,Y,,,,Y,,N,60,0,0,1,0,1,0,0,0,0,"- ","- ",38.358959197998047,-121.98188781738281,SOLANO,VACAVILLE,-121.98178100585938,38.359615325927734
6290225,2014,2014-04-02,9365,2014-01-31,0633,15810,,5,1,9,4800,0,1,1,,2,088,"RT 80","DIXON AV",6658.00,W,N,A,-,Y,SOL,4,80,-,-,34.290,H,-,W,Y,1,1,0,2,A,-,21,22106,,F,B,C,A,A,H,-,B,D,1,,,,,Y,,A,01,0,0,0,0,0,0,0,0,0,"- ","- ",38.431789999999999,-121.87735000000001,SOLANO,UNINCORPORATED,-121.87527935999999,38.43322182
6291111,2014,2014-08-14,9365,2014-04-27,0645,15810,,7,1,9,4800,0,2,4,,2,301,"PLEASANTS VALLEY RD","PUTAH CREEK RD",4752.00,S,N,B,C,N,,,,,,,,,,Y,1,1,0,1,A,-,01,23152,A,N,E,J,A,B,H,-,B,D,0,,,,,Y,Y,A,01,0,0,0,0,0,0,0,0,0,"- ","- ",38.491300000000003,-122.0085,SOLANO,UNINCORPORATED,-122.03260018,38.469641979999999
6291954,2014,2015-02-13,9365,2014-02-20,1845,19051,,4,2,9,4800,0,1,1,,2,081,"RT 80","REDWOOD ST",6864.00,E,N,A,-,Y,SOL,4,80,-,-,5.720,H,-,W,Y,1,1,0,2,A,-,01,23152,A,N,E,I,A,A,H,-,C,D,1,,,,Y,Y,Y,A,01,0,0,0,0,0,0,0,0,0,"- ","- ",38.13917,-122.22033,SOLANO,UNINCORPORATED,-122.21949511,38.140269119999999
6292097,2014,2015-04-16,9365,2014-12-21,0829,017233,,7,1,5,4803,0,1,1,,2,083,"RT 80","GREEN VALLEY RD",90.00,W,N,B,-,Y,SOL,4,80,-,-,12.720,H,-,W,Y,1,1,1,1,A,-,03,22350,,N,E,I,A,B,D,-,A,D,1,,,,,Y,,A,01,0,0,1,0,0,0,0,0,0,"- ","- ",38.125599999999999,-122.0821,SOLANO,FAIRFIELD,-122.13970989000001,38.215582040000001
6292177,2015,2015-05-21,4803,2015-03-02,0043,1242,,1,5,5,4803,0,0,0,,0,00E,"AIR BASE PKWY","CLAY BANK RD",1056.00,W,N,A,-,N,,,,,,,,,,Y,1,1,0,2,A,-,05,21202,A,N,H,G,A,-,H,-,D,A,0,,Y,,,Y,,L,04,0,0,0,0,0,1,0,0,0,"- ","- ",,,SOLANO,FAIRFIELD,-122.01025921,38.272614310000002
6292332,2015,2015-07-06,9365,2015-03-16,0105,19572,,1,3,5,4803,0,1,1,,2,681,"RT 680","RT 80",220.00,S,N,A,-,Y,SOL,4,80,-,-,12.920,R,2,E,Y,1,1,2,1,A,-,08,22107,,N,E,I,A,A,H,-,C,D,1,,,,,Y,,A,01,1,0,1,0,0,0,0,0,0,"- ","- ",38.216279999999998,-122.13733000000001,SOLANO,FAIRFIELD,-122.13661507,38.217418649999999
6292421,2015,2015-07-30,9365,2015-05-12,2250,18954,,2,3,9,4800,0,3,5,,2,020,"MCGARY RD","HIDDENBROOKE PKWY",1584.00,E,N,A,-,N,,,,,,,,,,N,1,1,0,2,A,-,11,21954,A,N,G,B,E,A,H,-,D,D,0,Y,,,,Y,,N,60,0,0,0,1,0,0,0,0,0,"- ","- ",38.172280000000001,-122.19521,SOLANO,UNINCORPORATED,-122.19556536,38.172042269999999
6292656,2015,2015-09-15,4803,2015-08-08,2049,1524,,6,5,5,4803,0,0,0,,0,,"EAST TABOR AV","NORTH TEXAS ST",225.00,E,N,A,G,N,,,,,,,,,,N,1,1,0,2,A,-,01,23152,A,N,G,B,D,A,H,-,C,A,0,Y,,,,Y,Y,A,07,0,0,0,1,0,0,0,0,0,"- ","- ",,,SOLANO,FAIRFIELD,-122.03340645,38.265552130000003
6292687,2015,2015-10-01,9365,2015-05-21,1737,15441,,4,2,9,4800,0,1,1,,2,086,"RT 80","BROWNS VALLEY PKWY",86.00,W,N,A,-,Y,SOL,4,80,-,R,27.300,R,2,W,Y,1,1,0,2,A,-,03,22350,,N,F,A,A,A,H,-,A,D,1,,,Y,Y,Y,,C,02,0,0,0,0,0,0,0,1,0,FR,"- ",38.363019999999999,-121.96732,SOLANO,UNINCORPORATED,-121.96758637000001,38.362724479999997
6292690,2015,2015-10-01,4807,2015-06-19,1524,599,4807,5,5,6,4807,0,0,0,,0,007,"SONOMA BL","REDWOOD PKWY",455.00,N,N,A,-,Y,SOL,4,29,-,-,3.800,H,-,N,Y,1,1,6,7,A,-,01,23152,A,N,G,B,F,A,H,-,A,D,0,Y,,,,Y,,-,,0,5,1,1,5,0,0,0,0,"- ","- ",,,SOLANO,VALLEJO,-122.25521784999999,38.124424859999998
6330906,2014,2016-02-12,9365,2014-01-03,1805,18074,,5,2,5,4806,0,1,1,,2,087,"RT 80","LEISURE TOWN RD",3168.00,W,N,A,-,Y,SOL,4,80,-,-,29.260,H,-,E,Y,4,0,1,3,B,-,22,,,N,C,C,A,A,H,-,C,D,1,,,,Y,Y,,J,48,0,0,1,0,0,0,0,0,0,"- ","- ",,,SOLANO,VACAVILLE,-121.9416372,38.382054400000001
6336515,2014,2014-06-05,4806,2014-01-13,0755,648,88,1,5,5,4806,0,0,0,,0,315,"CRESCENT DR","PARKSIDE DR",262.00,S,N,A,-,N,,,,,,,,,,Y,4,0,1,1,A,-,08,22107,,N,F,I,A,A,H,-,A,D,0,,,,,Y,,A,07,0,0,1,0,0,0,0,0,0,"- ","- ",,,SOLANO,VACAVILLE,-121.93677485000001,38.394163229999997
6336554,2014,2014-06-04,4806,2014-01-05,1218,326,605,7,5,5,4806,0,0,0,,0,006,"PEABODY RD","BEELARD DR",0.00,N,N,A,-,N,,,,,,,,,,Y,4,0,1,3,A,-,03,22350,,N,C,C,A,A,H,-,A,A,0,,,,,Y,,-,,0,0,1,0,0,0,0,0,0,"- ","- ",,,SOLANO,VACAVILLE,-121.97090998,38.34159992
6337561,2014,2016-03-03,9365,2014-01-05,1400,017233,,7,2,9,4800,0,1,3,,2,113,"RT 113","MIDWAY RD",0.00,,Y,A,-,Y,SOL,4,113,-,-,17.280,I,5,S,Y,4,0,1,2,A,-,12,22450,A,N,D,C,A,A,H,-,A,A,0,,,,,Y,,A,01,0,0,1,0,0,0,0,0,0,"- ","- ",38.258000000000003,-121.4923,SOLANO,UNINCORPORATED,-121.82271919999999,38.416538039999999
6342267,2014,2014-06-14,9365,2014-01-10,1615,017559,,5,2,5,4803,0,1,1,,2,083,"RT 80","SUISUN VALLEY RD",350.00,E,N,A,-,Y,,,80,,,,,,,Y,4,0,1,2,A,-,03,22350,,N,C,C,A,A,H,-,A,D,0,,,,,Y,,D,22,0,0,1,0,0,0,0,0,0,"- ","- ",38.22457,-122.1264,SOLANO,FAIRFIELD,-122.12641218,38.224589999999999
6342564,2014,2014-06-18,9365,2014-01-20,1735,010965,,1,2,9,4800,0,1,A,,2,030,"CANTELOW RD","SUNNYWOOD DR",0.00,,Y,A,-,N,,,,,,,,,,Y,3,0,1,2,A,-,05,21650,,N,D,C,A,A,H,-,D,D,0,,,Y,,Y,,C,02,0,1,0,0,0,0,0,0,1,"- ","- ",38.413939999999997,-121.90777,SOLANO,UNINCORPORATED,-121.98773325000001,38.416158420000002
6344037,2014,2016-02-24,9365,2014-01-14,1425,014782,,2,2,4,4801,0,1,1,,2,077,"RT 780","SOUTHHAMPTON RD",528.00,E,N,A,-,Y,SOL,4,780,-,-,3.710,H,-,E,Y,4,0,1,1,A,-,07,21658,A,N,E,I,A,A,H,-,A,D,1,,,,,Y,,A,01,0,0,1,0,0,0,0,0,0,"- ","- ",38.063659999999999,-122.16065999999999,SOLANO,BENICIA,-122.17798888,38.067445640000003
6346374,2014,2014-06-06,4807,2014-01-05,0003,623,,7,5,6,4807,0,0,0,,0,001,"OAKWOOD ST","MATTHEW CT",12.00,N,N,A,-,N,,,,,,,,,,Y,3,0,1,1,A,-,03,22350,,N,-,I,A,A,H,-,C,D,0,,,,,Y,Y,A,,0,1,0,0,0,0,0,0,0,"- ","- ",,,SOLANO,VALLEJO,-122.21088100999999,38.11802935
6352001,2014,2014-06-11,4806,2014-01-16,1407,648,402,4,5,5,4806,0,0,0,,0,,"ULATIS DR","HARBISON DR",576.00,E,N,A,-,N,,,,,,,,,,N,3,0,1,2,A,-,11,21955,,N,G,B,D,A,H,-,A,D,0,Y,,,,Y,,N,60,0,1,0,0,1,0,0,0,0,"- ","- ",,,SOLANO,VACAVILLE,-121.96046229,38.357492530000002
6356442,2014,2014-06-06,4806,2014-01-19,1504,377,315,7,5,5,4806,0,0,0,,0,003,"MONTICELLO CT","N STANTON DR",0.00,,Y,A,-,N,,,,,,,,,,N,2,0,2,4,A,-,10,21950,A,F,G,B,E,A,H,-,A,D,0,Y,,,,Y,Y,-,,2,0,0,0,2,0,0,0,0,"- ","- ",,,SOLANO,VACAVILLE,-121.93872035,38.397327400000002
6356446,2014,2014-06-06,4806,2014-01-24,1510,553,111,5,5,5,4806,0,0,0,,0,001,"W MONTE VISTA","ELDRIDGE AV",465.00,W,N,A,-,N,,,,,,,,,,N,4,0,1,2,A,-,11,21954,A,N,G,B,D,A,H,-,A,D,0,Y,,,,Y,,N,60,0,0,1,0,1,0,0,0,0,"- ","- ",,,SOLANO,VACAVILLE,-122.00317205,38.359240120000003
6357173,2014,2014-06-04,9365,2014-01-17,0156,19301,,5,3,5,4803,0,1,1,,2,083,"RT 80","SUISUN VALLEY RD",154.00,W,N,A,-,Y,,,,,,,,,,Y,4,0,1,1,A,-,03,22350,,N,E,I,A,A,H,-,C,D,0,,,,,Y,,A,01,0,0,1,0,0,0,0,0,0,TO,"- ",38.132260000000002,-122.07472,SOLANO,FAIRFIELD,-122.12943833999999,38.222665829999997
6358575,2014,2014-06-10,9365,2014-01-18,1850,019572,,6,2,9,4800,0,1,1,,2,082,"RT 80","AMERICAN CANYON RD",4110.00,E,N,A,-,Y,,,80,,,,,,,Y,4,0,2,1,A,-,08,22107,,N,E,I,A,A,H,-,D,D,0,,,,,Y,,A,01,0,0,2,0,0,0,0,0,0,"- ","- ",38.177720000000001,-122.19004,SOLANO,UNINCORPORATED,-122.19007166,38.177752560000002
6358579,2014,2014-06-10,9365,2014-01-17,2125,18783,,5,2,6,4807,0,1,1,,2,081,"RT 80","FAIRGROUNDS DR",5280.00,E,N,A,-,Y,,,80,,,,,,,Y,3,0,1,2,A,-,07,21658,A,M,B,C,A,A,H,-,C,D,0,,,,,Y,,A,01,0,1,0,0,0,0,0,0,0,TO,"- ",38.137900000000002,-122.22110000000001,SOLANO,VALLEJO,-122.22103193,38.137856890000002
6358603,2014,2014-06-10,9365,2014-01-20,1725,915549,,1,2,9,4800,0,1,1,,2,082,"RT 80","AMERICAN CANYON RD",4224.00,E,N,A,-,Y,,,80,,,,,,,Y,4,0,1,1,A,-,08,22107,,N,E,I,A,A,H,-,D,D,0,,,,,Y,,A,01,0,0,1,0,0,0,0,0,0,"- ","- ",38.185070000000003,-122.18156,SOLANO,UNINCORPORATED,-122.18149769999999,38.184974259999997
6358635,2014,2016-02-08,9365,2014-01-17,1540,017233,,5,2,9,4800,0,1,1,,2,089,"RT 80","OLD DAVIS RD",528.00,E,N,A,-,Y,SOL,4,80,-,R,43.640,H,-,E,Y,4,0,1,3,A,-,03,22350,,N,C,C,A,A,H,-,A,D,1,,,,,Y,,A,01,0,0,1,0,0,0,0,0,0,"- ","- ",38.321100000000001,-121.4421,SOLANO,UNINCORPORATED,-121.75474714000001,38.529271899999998
6359033,2014,2014-06-07,9365,2014-01-30,0850,17805,,4,1,6,4807,0,1,1,,2,080,"RT 80","MAGAZINE ST",20.00,W,N,B,-,Y,,,80,,,,,,,Y,3,0,2,2,A,-,08,22107,,N,B,C,A,B,H,-,A,D,0,,,,Y,Y,,A,08,0,2,0,0,0,0,0,0,0,FR,"- ",38.086219999999997,-122.23278000000001,SOLANO,VALLEJO,-122.23274401,38.086208040000002
6363733,2014,2014-06-17,4806,2014-01-28,0749,234,415,2,5,5,4806,0,0,0,,0,004,"NUT TREE RD","ULATIS DR",0.00,S,N,A,-,N,,,,,,,,,,N,4,0,1,2,A,-,03,22350,,N,D,C,A,A,H,-,A,A,0,,,,,Y,,-,,0,0,1,0,0,0,0,0,0,"- ","- ",38.390250000000002,-121.95305,SOLANO,VACAVILLE,-121.95315998,38.356780000000001
6365051,2014,2015-11-12,4803,2014-01-01,1939,1235,,3,5,5,4803,0,0,0,,0,00S,"RT 12","PENNSYLVANIA AV",18.00,W,N,A,-,Y,SOL,4,12,-,R,4.075,I,5,E,Y,2,0,1,1,A,-,03,22350,,N,E,I,A,A,H,-,C,A,0,,,,,Y,,J,48,1,0,0,0,0,0,0,0,0,"- ","- ",,,SOLANO,FAIRFIELD,-122.05052644,38.241184920000002
6374491,2014,2014-06-23,4806,2014-02-08,1411,533,,6,5,5,4806,0,0,0,,0,,"VANDEN RD","LEISURE TOWN RD",692.00,N,N,C,-,N,,,,,,,,,,N,3,0,2,3,A,-,03,22350,,N,C,C,A,B,F,-,A,D,0,,,,,Y,,A,01,0,1,1,0,0,0,0,0,0,"- ","- ",,,SOLANO,VACAVILLE,-121.9430608,38.318880679999999
6376502,2014,2014-07-09,4806,2014-02-06,1346,553,,4,5,5,4806,0,0,0,,0,006,"PEABODY RD","CLIFFSIDE DR",35.00,N,N,B,-,N,,,,,,,,,,Y,4,0,1,2,A,-,04,21703,,N,C,C,A,B,H,-,A,A,0,,,,,Y,,A,08,0,0,1,0,0,0,0,0,0,"- ","- ",,,SOLANO,VACAVILLE,-121.97611689999999,38.352256099999998
6378383,2014,2016-02-12,9365,2014-02-01,1320,017647,,6,1,5,4803,0,1,1,,2,083,"RT 80","SUISUN VALLEY RD",5808.00,E,N,A,-,Y,SOL,4,80,-,-,14.590,H,-,E,Y,4,0,2,2,A,-,08,22107,,N,E,I,A,A,H,-,A,D,1,,,,,Y,,A,01,0,0,2,0,0,0,0,0,0,"- ","- ",38.2224,-122.129,SOLANO,FAIRFIELD,-122.11148999,38.231432060000003