CASE_ID,ACCIDENT_YEAR,PROC_DATE,JURIS,COLLISION_DATE,COLLISION_TIME,OFFICER_ID,REPORTING_DISTRICT,DAY_OF_WEEK,CHP_SHIFT,POPULATION,CNTY_CITY_LOC,SPECIAL_COND,BEAT_TYPE,CHP_BEAT_TYPE,CITY_DIVISION_LAPD,CHP_BEAT_CLASS,BEAT_NUMBER,PRIMARY_RD,SECONDARY_RD,DISTANCE,DIRECTION,INTERSECTION,WEATHER_1,WEATHER_2,STATE_HWY_IND,CALTRANS_COUNTY,CALTRANS_DISTRICT,STATE_ROUTE,ROUTE_SUFFIX,POSTMILE_PREFIX,POSTMILE,LOCATION_TYPE,RAMP_INTERSECTION,SIDE_OF_HWY,TOW_AWAY,COLLISION_SEVERITY,NUMBER_KILLED,NUMBER_INJURED,PARTY_COUNT,PRIMARY_COLL_FACTOR,PCF_CODE_OF_VIOL,PCF_VIOL_CATEGORY,PCF_VIOLATION,PCF_VIOL_SUBSECTION,HIT_AND_RUN,TYPE_OF_COLLISION,MVIW,PED_ACTION,ROAD_SURFACE,ROAD_COND_1,ROAD_COND_2,LIGHTING,CONTROL_DEVICE,CHP_ROAD_TYPE,PEDESTRIAN_ACCIDENT,BICYCLE_ACCIDENT,MOTORCYCLE_ACCIDENT,TRUCK_ACCIDENT,NOT_PRIVATE_PROPERTY,ALCOHOL_INVOLVED,STWD_VEHTYPE_AT_FAULT,CHP_VEHTYPE_AT_FAULT,COUNT_SEVERE_INJ,COUNT_VISIBLE_INJ,COUNT_COMPLAINT_PAIN,COUNT_PED_KILLED,COUNT_PED_INJURED,COUNT_BICYCLIST_KILLED,COUNT_BICYCLIST_INJURED,COUNT_MC_KILLED,COUNT_MC_INJURED,PRIMARY_RAMP,SECONDARY_RAMP,LATITUDE,LONGITUDE,COUNTY,CITY,POINT_X,POINT_Y
6605022,2014,2014-09-12,4803,2014-08-05,0534,1339,,2,5,5,4803,0,0,0,,0,00E,"GRANDE CIR","EAST TABOR AV",175.00,S,N,A,-,N,,,,,,,,,,Y,3,0,1,3,A,-,08,22107,,F,C,E,A,A,H,-,C,D,0,,,,,Y,,D,22,0,1,0,0,0,0,0,0,0,"- ","- ",,,SOLANO,FAIRFIELD,-122.01091117,38.264729950000003
6605555,2014,2016-05-21,9365,2014-08-18,1130,017799,,1,1,6,4807,0,1,1,,2,080,"RT 80","SOLANO CO LINE",528.00,E,N,A,-,Y,SOL,4,80,-,-,0.095,H,-,E,Y,4,0,1,1,A,-,08,22107,,N,E,I,A,A,H,-,A,D,4,,,,,Y,,A,01,0,0,1,0,0,0,0,0,0,"- ","- ",38.063099999999999,-122.22539999999999,SOLANO,VALLEJO,-122.22531805,38.062377769999998
6606030,2014,2014-08-23,9365,2014-04-05,1920,17559,,6,2,9,4800,0,1,A,,2,030,"PLEASANTS VALLEY RD","CHESTER WY",528.00,S,N,A,-,N,,,,,,,,,,Y,1,2,3,1,A,-,01,23152,A,N,F,I,A,A,H,-,B,D,0,,,,,Y,Y,D,22,3,0,0,0,0,0,0,0,0,"- ","- ",38.399929999999998,-122.04080999999999,SOLANO,UNINCORPORATED,-122.04080483,38.399854599999998
6606195,2014,2014-10-02,9365,2014-06-02,0324,018799,,1,3,6,4807,0,1,1,,2,081,"RT 80","REDWOOD ST",100.00,W,N,B,-,Y,SOL,4,80,-,-,4.410,H,-,W,Y,1,1,1,1,A,-,08,22107,,N,E,I,A,A,H,-,C,D,1,,,,Y,Y,,F,26,0,1,0,0,0,0,0,0,0,"- ","- ",38.122540000000001,-122.23039,SOLANO,VALLEJO,-122.23016157000001,38.122785839999999
6607227,2014,2014-09-11,9365,2014-08-15,1400,014494,,5,2,5,4803,0,1,1,,2,084,"RT 80","ABERNATHY RD",1584.00,E,N,A,-,Y,,,,,,,,,,N,4,0,1,3,A,-,03,22350,,N,C,C,A,A,H,-,A,D,0,,,,,Y,,A,01,0,0,1,0,0,0,0,0,0,"- ","- ",38.143599999999999,-122.0448,SOLANO,FAIRFIELD,,
6607228,2014,2016-05-24,9365,2014-08-14,1245,014687,,4,1,9,4800,0,1,1,,2,089,"RT 80","OLD DAVIS RD",150.00,E,N,A,-,Y,SOL,4,80,-,R,43.570,H,-,E,Y,4,0,1,1,C,-,18,,,N,E,I,A,A,H,-,A,D,1,,,,,Y,,-,"- ",0,0,1,0,0,0,0,0,0,"- ","- ",38.528640000000003,-121.75573,SOLANO,UNINCORPORATED,-121.75591832000001,38.528976249999999
6608002,2014,2016-04-30,9365,2014-08-05,0156,018941,,2,3,9,4800,0,1,1,,2,081,"RT 80","LYNCH CANYON RD",2647.00,W,N,B,C,Y,SOL,4,80,-,-,9.150,H,-,W,Y,3,0,2,2,A,-,03,22350,,N,D,C,A,B,H,-,D,D,1,,,,,Y,Y,A,01,0,1,1,0,0,0,0,0,0,"- ","- ",37.177790000000002,-122.18798,SOLANO,UNINCORPORATED,-122.18704323,38.180574190000002
6608569,2014,2014-09-18,4807,2014-08-03,2027,019051,,7,5,6,4807,0,0,0,,0,,"SHERIDAN ST","WINCHESTER ST",210.00,S,N,A,-,N,,,,,,,,,,Y,2,0,1,6,A,-,08,22107,,N,B,E,A,A,H,-,C,D,0,,,,,Y,,A,01,1,0,0,0,0,0,0,0,0,"- ","- ",38.08764,-122.23945999999999,SOLANO,VALLEJO,-122.23926786,38.087449419999999
6609131,2014,2014-09-16,4806,2014-08-24,1436,519,,7,5,5,4806,0,0,0,,0,006,"PEABODY RD","ALAMO DR",36.00,S,N,A,-,N,,,,,,,,,,N,4,0,1,2,A,-,03,22350,,N,C,C,A,A,H,-,A,A,0,,,,,Y,,A,01,0,0,1,0,0,0,0,0,0,"- ","- ",,,SOLANO,VACAVILLE,-121.97046,38.335291120000001
6609374,2014,2016-05-17,9365,2014-08-16,0645,017963,,6,1,6,4807,0,1,1,,2,078,"RT 780","GLEN COVE PKWY",2640.00,E,N,B,-,Y,SOL,4,780,-,-,5.500,H,-,W,Y,4,0,1,2,A,-,03,22350,,F,C,C,A,A,H,-,A,D,1,,,,,Y,,A,01,0,0,1,0,0,0,0,0,0,"- ","- ",38.084150000000001,-122.19992000000001,SOLANO,VALLEJO,-122.20176606,38.084515289999999
6609382,2014,2016-05-24,9365,2014-08-09,2354,018634,,6,3,5,4806,0,1,1,,2,086,"RT 80","DAVIS ST",231.00,E,N,A,-,Y,SOL,4,80,-,R,26.050,H,-,W,Y,2,0,2,1,A,-,01,23152,A,N,F,A,A,A,H,-,D,D,1,,,,,Y,Y,A,07,1,1,0,0,0,0,0,0,0,"- ","- ",38.351599999999998,-121.98399999999999,SOLANO,VACAVILLE,-121.98520863,38.351146669999999
6609386,2014,2014-09-15,9365,2014-08-07,2349,018799,,4,3,9,4800,0,1,A,,2,030,"STEIGER HILL RD","SOARING EAGLE TRAIL",1090.00,S,N,A,-,N,,,,,,,,,,Y,3,0,2,1,A,-,08,22107,,N,E,H,A,A,H,-,D,D,0,,,,,Y,,A,01,0,2,0,0,0,0,0,0,0,"- ","- ",38.397280000000002,-122.00433,SOLANO,UNINCORPORATED,-122.00415074999999,38.397202360000001
6610577,2014,2016-05-14,9365,2014-08-24,1222,17647,,7,1,9,4800,0,1,1,,2,505,"RT 505","ALLENDALE RD",3168.00,N,N,A,-,Y,SOL,4,505,-,R,6.190,H,-,S,Y,2,0,2,4,A,-,08,22107,,N,D,C,A,A,H,-,A,D,1,,,,,Y,,A,01,1,1,0,0,0,0,0,0,0,"- ","- ",38.465000000000003,-121.9674,SOLANO,UNINCORPORATED,-121.94226953,38.462148130000003
6610625,2014,2014-09-25,4807,2014-08-12,1310,667,,2,5,6,4807,0,0,0,,0,002,"SPRINGS RD","HALABUK CT",0.00,,Y,A,-,N,,,,,,,,,,Y,3,0,1,2,A,-,09,21802,A,N,D,C,A,A,H,-,A,A,0,,,,,Y,,D,22,0,1,0,0,0,0,0,0,0,"- ","- ",,,SOLANO,VALLEJO,-122.22201991,38.106049970000001
6612017,2014,2014-09-15,4807,2014-07-30,1905,623,3A4,3,5,6,4807,0,0,0,,0,001,"GEORGIA ST","STEFFAN ST",25.00,W,N,A,-,N,,,,,,,,,,N,4,0,1,2,A,-,03,22350,,N,C,C,A,A,H,-,A,A,0,,,,,Y,Y,-,,0,0,1,0,0,0,0,0,0,"- ","- ",,,SOLANO,VALLEJO,-122.22857689999999,38.100769999999997
6612294,2014,2014-09-17,4807,2014-08-17,1815,651,4807,7,5,6,4807,0,0,0,,0,005,"SONOMA BL",ILLINOIS,0.00,,Y,A,-,N,,,,,,,,,,Y,4,0,1,2,A,-,09,21802,A,N,D,C,A,A,H,-,A,D,0,,,,,Y,,D,,0,0,1,0,0,0,0,0,0,"- ","- ",,,SOLANO,VALLEJO,-122.25469993999999,38.111959949999999
6612455,2014,2014-09-19,4803,2014-08-17,1545,1365,,7,5,5,4803,0,0,0,,0,00E,"AIR BASE PKWY","CLAY BANK RD",0.00,,Y,A,-,N,,,,,,,,,,N,4,0,1,2,A,-,03,22350,,N,C,C,A,A,H,-,A,A,0,,,,,Y,,A,01,0,0,1,0,0,0,0,0,0,"- ","- ",,,SOLANO,FAIRFIELD,-122.00657989,38.272599900000003
6612459,2014,2014-09-18,4803,2014-08-25,1507,883,,1,5,5,4803,0,0,0,,0,,"BRITTANY DR","LOPES RD",0.00,,Y,A,-,N,,,,,,,,,,N,4,0,1,2,A,-,10,21950,A,N,G,B,B,A,H,-,A,A,0,Y,,,,Y,,A,01,0,0,1,0,1,0,0,0,0,"- ","- ",,,SOLANO,FAIRFIELD,-122.13982987999999,38.195119920000003
6616464,2014,2014-09-30,9365,2014-09-05,0136,018015,,5,3,9,4800,0,1,A,,2,030,"CHERRY GLEN RD","PLEASANTS VALLEY RD",400.00,E,N,A,-,N,,,,,,,,,,Y,3,0,1,1,A,-,01,23152,A,N,E,I,A,A,H,-,D,D,0,,,,,Y,Y,D,22,0,1,0,0,0,0,0,0,0,"- ","- ",38.336300000000001,-122.02330000000001,SOLANO,UNINCORPORATED,-122.02333623,38.33621874
6618872,2014,2016-05-18,9365,2014-09-04,0408,017963,,4,3,9,4800,0,1,1,,2,681,"RT 680","MARSHVIEW RD",30.00,S,N,B,-,Y,SOL,4,680,-,R,7.310,H,-,S,Y,4,0,1,2,A,-,07,21658,A,N,B,C,A,A,H,-,D,D,1,,,,Y,Y,,G,25,0,0,1,0,0,0,0,0,0,"- ","- ",38.148580000000003,-122.11099,SOLANO,UNINCORPORATED,-122.11127715000001,38.148291319999998
6618876,2014,2016-05-24,9365,2014-09-01,1400,015796,,1,2,6,4807,0,1,3,,2,371,"RT 37","RT 80",5.00,W,N,A,-,Y,SOL,4,37,-,R,11.498,R,3,E,N,4,0,2,2,A,-,08,22107,,N,B,C,A,A,H,-,A,A,1,,,,,Y,,A,01,0,0,2,0,0,0,0,0,0,TO,"- ",38.139200000000002,-122.22046,SOLANO,VALLEJO,-122.22281296,38.141039960000001
6619883,2014,2014-09-23,4806,2014-07-07,1207,651,,1,5,5,4806,0,0,0,,0,,"WEST MONTE VISTA AV","DEPOT ST",61.00,N,N,A,-,N,,,,,,,,,,N,4,0,1,3,A,-,21,22106,,N,C,C,A,A,H,-,A,A,0,,,,,Y,,A,01,0,0,1,0,0,0,0,0,0,"- ","- ",,,SOLANO,VACAVILLE,-121.98177,38.358919999999998
6620460,2014,2014-09-23,9365,2014-08-29,1335,017747,,5,1,5,4803,0,1,1,,2,083,"RT 80","SUISUN PKWY",3168.00,W,N,A,-,Y,,,,,,,,,,Y,4,0,1,2,A,-,03,22350,,N,C,C,A,A,H,-,A,D,0,,,,,Y,,A,01,0,0,1,0,0,0,0,0,0,"- ","- ",38.236739999999998,-122.09887000000001,SOLANO,FAIRFIELD,,
6620464,2014,2014-09-23,9365,2014-08-31,1600,015549,,7,2,9,4800,0,3,5,,2,040,"HACKMAN RD","SIKES RD",2640.00,E,N,A,-,N,,,,,,,,,,Y,3,0,1,1,A,-,08,22107,,N,E,I,A,A,H,-,A,D,0,,,,,Y,,A,01,0,1,0,0,0,0,0,0,0,"- ","- ",38.452509999999997,-121.73998,SOLANO,UNINCORPORATED,-121.73978943,38.452470009999999
6620679,2014,2014-09-19,4806,2014-08-20,1214,234,101,3,5,5,4806,0,0,0,,0,001,"STEVENSON ST","ELIZABETH ST",0.00,,Y,A,-,N,,,,,,,,,,Y,3,0,2,2,A,-,09,21802,A,N,D,C,A,A,H,-,A,A,0,,,,,Y,,A,01,0,1,1,0,0,0,0,0,0,"- ","- ",,,SOLANO,VACAVILLE,-121.98759989,38.353899949999999
6621181,2014,2014-09-24,4803,2014-08-27,0728,1216,,3,5,5,4803,0,0,0,,0,00S,"BECK AV","DIAMOND WY",24.00,N,N,A,-,N,,,,,,,,,,Y,4,0,1,2,A,-,09,21802,A,N,D,C,A,A,H,-,A,A,0,,,Y,,Y,,A,01,0,0,1,0,0,0,0,0,1,"- ","- ",,,SOLANO,FAIRFIELD,-122.06634062000001,38.242355920000001
6621182,2014,2014-09-24,4803,2014-08-22,1540,1530,NSOLA,5,5,5,4803,0,0,0,,0,00E,"AIR BASE PKWY","CLAY BANK RD",2640.00,W,N,A,-,N,,,,,,,,,,Y,4,0,1,3,A,-,03,22350,,N,C,C,A,A,H,-,A,D,0,,,,,Y,,A,01,0,0,1,0,0,0,0,0,0,"- ","- ",,,SOLANO,FAIRFIELD,-122.01577797,38.272659580000003
6621212,2014,2014-10-08,4803,2014-09-05,2500,880,,5,5,5,4803,0,0,0,,0,,"WEST TEXAS ST","1ST ST",0.00,,Y,A,-,N,,,,,,,,,,N,4,0,1,2,A,-,05,21650,1,N,D,G,A,A,H,-,A,A,0,,Y,,,Y,,L,04,0,0,1,0,0,0,1,0,0,"- ","- ",,,SOLANO,FAIRFIELD,-122.05241999,38.249259909999999
6621678,2014,2014-09-30,4806,2014-09-01,1241,234,205,1,5,5,4806,0,0,0,,0,002,"EAST MONTE VISTA AV","ALLISON DR",430.00,W,N,A,-,N,,,,,,,,,,Y,3,0,2,2,A,-,05,21651,B,N,A,C,A,A,H,-,A,A,0,,,Y,,Y,,A,01,0,2,0,0,0,0,0,0,2,"- ","- ",,,SOLANO,VACAVILLE,-121.97154055999999,38.361936200000002
6621744,2014,2016-03-29,9365,2014-04-26,0038,019301,,6,3,4,4801,0,1,1,,2,077,"RT 780","E 5TH ST",2112.00,E,N,B,-,Y,SOL,4,780,-,-,0.660,H,-,W,Y,2,0,3,2,C,-,18,,,N,E,J,A,B,H,-,D,D,1,,,,,Y,,-,"- ",1,1,1,0,0,0,0,0,0,"- ","- ",38.05048,-122.13745,SOLANO,BENICIA,-122.13848747999999,38.050351749999997
6622320,2014,2016-05-25,9365,2014-08-20,1645,015441,,3,2,9,4800,0,3,5,,2,040,"RT 113","CURREY RD",0.00,,Y,A,-,Y,SOL,4,80,-,-,38.437,R,4,W,Y,3,0,1,2,A,-,09,21801,A,N,D,C,A,A,H,-,A,A,1,,,,,Y,,D,22,0,1,0,0,0,0,0,0,0,"- ","- ",38.417619999999999,-121.89533,SOLANO,UNINCORPORATED,-121.82082671000001,38.475475230000001
6622411,2014,2016-05-24,9365,2014-09-06,2100,019094,,6,2,5,4806,0,1,1,,2,087,"RT 80","MERIDIAN RD",2376.00,W,N,A,-,Y,SOL,4,80,-,-,30.860,H,-,W,Y,4,0,1,1,C,-,18,,,N,E,I,A,A,H,-,C,D,1,,,,,Y,,-,"- ",0,0,1,0,0,0,0,0,0,"- ","- ",38.399160000000002,-121.92003,SOLANO,VACAVILLE,-121.92070586,38.398624050000002
6622627,2014,2014-09-25,9365,2014-08-21,1410,015441,,4,2,9,4800,0,3,5,,2,040,"MIDWAY RD","PITT SCHOOL RD",40.00,E,N,A,-,N,,,,,,,,,,Y,3,0,2,2,A,-,08,22107,,N,D,C,A,A,H,-,A,D,0,,,,,Y,,A,07,0,1,1,0,0,0,0,0,0,"- ","- ",38.417090000000002,-121.84111,SOLANO,UNINCORPORATED,-121.84106036,38.416688980000004
6625122,2014,2014-10-01,4806,2014-09-14,1249,377,,7,5,5,4806,0,0,0,,0,,"MASON ST","DEPOT ST",0.00,,Y,A,-,N,,,,,,,,,,Y,4,0,1,2,A,-,12,21453,A,N,D,C,A,A,H,-,A,A,0,,,,,Y,,D,22,0,0,1,0,0,0,0,0,0,"- ","- ",,,SOLANO,VACAVILLE,-121.98148986,38.355109900000002
6625164,2014,2014-09-23,4803,2014-08-20,0649,880,,3,5,5,4803,0,0,0,,0,00E,"MANUEL CAMPOS PKWY","CEMENT HILL RD",0.00,,Y,A,-,N,,,,,,,,,,N,4,0,2,2,A,-,09,21801,A,N,A,C,A,A,H,-,A,D,0,,,,,Y,,A,01,0,0,2,0,0,0,0,0,0,"- ","- ",,,SOLANO,FAIRFIELD,-121.99719,38.285909949999997
6625165,2014,2014-09-29,4803,2014-08-21,2100,1538,,4,5,5,4803,0,0,0,,0,00E,"CEMENT HILL RD","PEPPERTREE DR",0.00,,Y,A,-,N,,,,,,,,,,N,4,0,1,2,A,-,"- ",,,N,G,B,B,A,H,-,C,A,0,Y,,,,Y,,N,60,0,0,1,0,1,0,0,0,0,"- ","- ",,,SOLANO,FAIRFIELD,-122.01598991,38.279809960000001
6629796,2014,2016-05-24,9365,2014-09-08,1705,018799,,1,2,9,4800,0,1,3,,2,371,"RT 37","SKAGGS ISLAND RD",7128.00,E,N,A,-,Y,SOL,4,37,-,-,3.040,H,-,E,Y,4,0,1,3,A,-,03,22350,,N,C,C,A,A,H,-,A,D,1,,,,,Y,,A,07,0,0,1,0,0,0,0,0,0,"- ","- ",38.139969999999998,-122.35845,SOLANO,UNINCORPORATED,-122.35851135999999,38.140042899999997
6629832,2014,2016-05-17,9365,2014-09-04,1220,014782,,4,1,4,4801,0,1,1,,2,077,"RT 780","SOUTHHAMPTON RD",528.00,E,N,A,-,Y,SOL,4,780,-,-,3.600,H,-,E,N,4,0,1,2,A,-,03,22350,,N,C,C,A,A,H,-,A,D,1,,,,,Y,,A,01,0,0,1,0,0,0,0,0,0,"- ","- ",38.066879999999998,-122.17552000000001,SOLANO,BENICIA,-122.17602517,38.067033039999998
6630665,2014,2016-05-17,9365,2014-09-18,0620,016217,,4,1,6,4807,0,1,1,,2,078,"RT 780","LAUREL ST",10.00,W,N,B,C,Y,SOL,4,780,-,-,7.060,H,-,E,Y,4,0,1,2,A,-,03,22350,,N,B,C,A,B,H,-,D,D,1,,,,,Y,,D,22,0,0,1,0,0,0,0,0,0,"- ","- ",38.152999999999999,-122.4014,SOLANO,VALLEJO,-122.22833242999999,38.090839850000002
6630787,2014,2014-10-07,4803,2014-08-28,1632,1530,NSOLA,4,5,5,4803,0,0,0,,0,COR,"CAMPUS CT","KAISER DR",0.00,,Y,A,-,N,,,,,,,,,,Y,4,0,1,2,A,-,12,22450,A,N,D,C,A,A,H,-,A,D,0,,,,,Y,,D,22,0,0,1,0,0,0,0,0,0,"- ","- ",,,SOLANO,FAIRFIELD,-122.12658989000001,38.229259980000002
6630795,2014,2014-10-13,4803,2014-09-12,1510,1530,"N SOL",5,5,5,4803,0,0,0,,0,00E,"AIR BASE PKWY","CLAY BANK RD",1320.00,E,N,A,-,N,,,,,,,,,,Y,4,0,1,2,A,-,03,22350,,N,C,C,A,A,H,-,A,D,0,,,,,Y,,A,01,0,0,1,0,0,0,0,0,0,"- ","- ",,,SOLANO,FAIRFIELD,-122.00198098,38.272570229999999
6630935,2014,2014-11-04,4803,2014-09-02,1506,612,NSOLA,2,5,5,4803,0,0,0,,0,00E,"DOBE LN","INDUSTRIAL DR",104.00,E,N,-,-,N,,,,,,,,,,Y,4,0,2,2,A,-,09,21801,A,N,D,C,A,A,-,-,A,D,0,,,,,Y,,A,01,0,0,2,0,0,0,0,0,0,"- ","- ",,,SOLANO,FAIRFIELD,-121.96322763000001,38.275930000000002
6631066,2014,2014-10-02,4803,2014-08-26,1055,1216,,2,5,5,4803,0,0,0,,0,00S,"WEST TEXAS ST","RT 80",0.00,,Y,A,-,Y,,,,,,,,,,Y,4,0,3,3,A,-,08,22107,,N,D,C,A,A,H,-,A,A,0,,,,,Y,,A,01,0,0,3,0,0,0,0,0,0,"- ",EF,,,SOLANO,FAIRFIELD,-122.06988998,38.24978995
6631163,2014,2014-10-02,4803,2014-08-24,1642,1469,4803,7,5,5,4803,0,0,0,,0,00E,"BRANDON WY","SUNSET AV",94.00,E,N,-,-,N,,,,,,,,,,Y,4,0,1,1,A,-,08,22107,,N,E,I,A,A,H,-,A,-,0,,,,,Y,,A,01,0,0,1,0,0,0,0,0,0,"- ","- ",,,SOLANO,FAIRFIELD,-122.01956319,38.261567419999999
6633106,2014,2014-09-26,4806,2014-09-16,1523,234,187,2,5,5,4806,0,0,0,,0,001,"S ORCHARD AV","WEST MONTE VISTA AV",370.00,S,N,A,-,N,,,,,,,,,,Y,4,0,1,2,A,-,03,22350,,N,C,C,A,A,H,-,A,A,0,,,,,Y,,A,07,0,0,1,0,0,0,0,0,0,"- ","- ",,,SOLANO,VACAVILLE,-122.00473899000001,38.358233900000002
6634022,2014,2016-05-11,9365,2014-09-13,1450,018205,,6,2,6,4807,0,1,1,,2,080,"RT 80","CONTRA COSTA CO LINE",528.00,E,N,A,-,Y,SOL,4,80,-,-,0.120,H,-,W,Y,3,0,3,2,A,-,07,21658,A,N,B,C,A,A,H,-,A,D,4,,,,,Y,,A,01,0,1,2,0,0,0,0,0,0,"- ","- ",38.06532,-122.22656000000001,SOLANO,VALLEJO,-122.22650591999999,38.062761739999999
6634069,2014,2014-11-10,4807,2014-09-20,1116,599,4807,6,5,6,4807,0,0,0,,0,006,"SACRAMENTO ST","VALLE VISTA AV",0.00,,Y,A,-,N,,,,,,,,,,Y,4,0,5,2,A,-,12,21453,A,N,D,C,A,A,H,-,A,A,0,,,,,Y,,-,,0,0,5,0,0,0,0,0,0,"- ","- ",,,SOLANO,VALLEJO,-122.26002990000001,38.119489950000002
6636930,2014,2014-10-30,4807,2014-09-03,1830,655,,3,5,6,4807,0,0,0,,0,002,"COLUMBUS PKWY","GEORGIA ST",42.00,N,N,A,-,N,,,,,,,,,,Y,4,0,2,3,A,-,01,23152,A,N,C,C,A,A,H,-,A,A,0,,,,,Y,Y,-,,0,0,2,0,0,0,0,0,0,"- ","- ",,,SOLANO,VALLEJO,-122.20055687999999,38.100552550000003
6640561,2014,2014-10-13,4806,2014-09-26,1058,553,,5,5,5,4806,0,0,0,,0,,"ORANGE DR","ORANGE TREE CIR",0.00,W,N,A,-,N,,,,,,,,,,Y,3,0,1,1,C,-,18,,,N,E,I,A,A,H,-,A,D,0,,,,,Y,,-,"- ",0,1,0,0,0,0,0,0,0,"- ","- ",,,SOLANO,VACAVILLE,-121.95076988,38.37430998
6643111,2014,2016-05-14,9365,2014-09-22,1640,018954,,1,2,5,4803,0,1,1,,2,083,"RT 80","SUISUN VALLEY RD",300.00,W,N,A,-,Y,SOL,4,80,-,-,13.430,H,-,E,Y,3,0,1,2,A,-,07,21658,A,N,B,C,A,A,H,-,A,D,1,,,,,Y,,A,01,0,1,0,0,0,0,0,0,0,"- ","- ",38.221760000000003,-122.13012000000001,SOLANO,FAIRFIELD,-122.12961303,38.222228700000002
6643270,2014,2014-10-07,9365,2014-08-29,1605,017747,,5,2,5,4803,0,3,5,,2,020,"ABERNATHY RD","MANKAS RD",5280.00,S,N,A,-,N,,,,,,,,,,Y,3,0,1,2,A,-,06,21750,,N,D,C,A,A,H,-,A,D,0,,,Y,,Y,,C,02,0,1,0,0,0,0,0,0,1,"- ","- ",38.263399999999997,-122.0925,SOLANO,FAIRFIELD,-122.09234207999999,38.257664030000001
6646008,2014,2014-10-13,9365,2014-09-22,1600,015549,,1,2,9,4800,0,1,A,,2,030,"PLEASANTS VALLEY RD","PUTAH CREEK RD",5280.00,S,N,A,-,N,,,,,,,,,,Y,3,0,1,1,C,-,18,,,N,E,H,A,A,H,-,A,D,0,,,Y,,Y,,-,"- ",0,1,0,0,0,0,0,0,1,"- ","- ",38.46996,-122.04042,SOLANO,UNINCORPORATED,-122.03443660000001,38.469775409999997
6646032,2014,2016-05-24,9365,2014-09-13,1930,019727,,6,2,3,4802,0,1,1,,2,088,"DIXON AV","RT 80",500.00,S,N,A,-,Y,SOL,4,80,-,-,35.551,R,2,E,Y,3,0,1,1,A,-,08,22107,,N,E,I,A,A,H,-,C,D,1,,,Y,,Y,Y,C,02,0,1,0,0,0,0,0,0,1,"- ","- ",38.444920000000003,-121.85915,SOLANO,DIXON,-121.85846166,38.445912870000001
6646039,2014,2014-10-13,9365,2014-09-25,0510,014948,,4,3,5,4803,0,1,1,,2,083,"RT 80","SUISUN VALLEY RD",2640.00,E,N,C,-,Y,,,80,,,,,,,Y,4,0,1,1,A,-,08,22107,,N,E,I,A,B,H,-,D,D,0,,,,,Y,,A,01,0,0,1,0,0,0,0,0,0,"- ","- ",38.224960000000003,-122.12499,SOLANO,FAIRFIELD,-122.12503943999999,38.22504833
6647605,2014,2014-11-14,9365,2014-10-01,1620,016919,,3,2,5,4803,0,1,1,,2,083,"RT 80","SUISUN VALLEY RD",6864.00,E,N,A,-,Y,,,80,,,,,,,Y,4,0,1,2,A,-,03,22350,,N,C,C,A,A,H,-,A,D,0,,,,,Y,,D,22,0,0,1,0,0,0,0,0,0,"- ","- ",38.232059999999997,-122.11031,SOLANO,FAIRFIELD,-122.11026459999999,38.231954899999998
6647613,2014,2016-06-18,9365,2014-10-01,0605,14948,,3,1,9,4800,0,1,3,,2,113,"RT 113","COOK LN",0.00,,Y,A,-,Y,SOL,4,113,-,-,8.040,I,5,S,Y,4,0,1,2,A,-,03,22350,,N,D,C,A,A,H,-,D,D,0,,,,Y,Y,,A,01,0,0,1,0,0,0,0,0,0,"- ","- ",38.285409999999999,-121.82368,SOLANO,UNINCORPORATED,-121.82375991000001,38.285666290000002
6647858,2014,2016-05-14,9365,2014-09-27,1410,19749,,6,2,9,4800,0,1,3,,2,121,"RT 12","RED TOP RD",2112.00,W,N,A,-,Y,SOL,4,12,-,-,2.030,H,-,E,Y,4,0,2,2,A,-,03,22350,,N,C,C,A,A,H,-,A,D,0,,,,,Y,,A,01,0,0,2,0,0,0,0,0,0,"- ","- ",38.224960000000003,-122.12499,SOLANO,UNINCORPORATED,-122.16459267,38.207678319999999
6648247,2014,2014-11-24,4806,2014-10-01,1835,426,,3,5,5,4806,0,0,0,,0,,"MARSHALL RD","ALAMO DR",63.00,W,N,A,-,N,,,,,,,,,,N,4,0,1,2,A,-,21,22106,,N,C,C,A,A,H,-,A,A,0,,,,,Y,Y,A,01,0,0,1,0,0,0,0,0,0,"- ","- ",,,SOLANO,VACAVILLE,-121.99422136,38.342174559999997
6651126,2014,2016-05-21,9365,2014-09-18,1725,019727,,4,2,6,4807,0,1,1,,2,081,"RT 80","REDWOOD ST",1000.00,E,N,A,-,Y,SOL,4,80,-,-,4.640,H,-,W,Y,3,0,2,3,A,-,03,22350,,N,C,C,A,A,H,-,A,D,1,,,,,Y,,A,01,0,1,1,0,0,0,0,0,0,"- ","- ",38.126899999999999,-122.2277,SOLANO,VALLEJO,-122.22858893,38.125995809999999
6658328,2014,2014-11-07,4803,2014-09-29,1455,1326,,1,5,5,4803,0,0,0,,0,,"CLAY BANK RD","HORIZON DR",145.00,S,N,A,-,N,,,,,,,,,,N,4,0,1,2,A,-,09,21804,A,N,D,C,A,A,H,-,A,D,0,,,,,Y,,D,22,0,0,1,0,0,0,0,0,0,"- ","- ",,,SOLANO,FAIRFIELD,-122.00655234,38.275701730000002
6658592,2014,2016-06-13,9365,2014-10-11,0625,17233,,6,1,9,4800,0,1,3,,2,122,"RT 12","MCCLOSKEY RD",470.00,E,N,A,-,Y,SOL,4,12,-,-,21.280,H,-,E,Y,4,0,1,2,A,-,09,21801,A,N,A,C,A,A,H,-,D,D,0,,,,,Y,,D,22,0,0,1,0,0,0,0,0,0,"- ","- ",38.109999999999999,-121.46299999999999,SOLANO,UNINCORPORATED,-121.76740863000001,38.183505029999999