CASE_ID,ACCIDENT_YEAR,PROC_DATE,JURIS,COLLISION_DATE,COLLISION_TIME,OFFICER_ID,REPORTING_DISTRICT,DAY_OF_WEEK,CHP_SHIFT,POPULATION,CNTY_CITY_LOC,SPECIAL_COND,BEAT_TYPE,CHP_BEAT_TYPE,CITY_DIVISION_LAPD,CHP_BEAT_CLASS,BEAT_NUMBER,PRIMARY_RD,SECONDARY_RD,DISTANCE,DIRECTION,INTERSECTION,WEATHER_1,WEATHER_2,STATE_HWY_IND,CALTRANS_COUNTY,CALTRANS_DISTRICT,STATE_ROUTE,ROUTE_SUFFIX,POSTMILE_PREFIX,POSTMILE,LOCATION_TYPE,RAMP_INTERSECTION,SIDE_OF_HWY,TOW_AWAY,COLLISION_SEVERITY,NUMBER_KILLED,NUMBER_INJURED,PARTY_COUNT,PRIMARY_COLL_FACTOR,PCF_CODE_OF_VIOL,PCF_VIOL_CATEGORY,PCF_VIOLATION,PCF_VIOL_SUBSECTION,HIT_AND_RUN,TYPE_OF_COLLISION,MVIW,PED_ACTION,ROAD_SURFACE,ROAD_COND_1,ROAD_COND_2,LIGHTING,CONTROL_DEVICE,CHP_ROAD_TYPE,PEDESTRIAN_ACCIDENT,BICYCLE_ACCIDENT,MOTORCYCLE_ACCIDENT,TRUCK_ACCIDENT,NOT_PRIVATE_PROPERTY,ALCOHOL_INVOLVED,STWD_VEHTYPE_AT_FAULT,CHP_VEHTYPE_AT_FAULT,COUNT_SEVERE_INJ,COUNT_VISIBLE_INJ,COUNT_COMPLAINT_PAIN,COUNT_PED_KILLED,COUNT_PED_INJURED,COUNT_BICYCLIST_KILLED,COUNT_BICYCLIST_INJURED,COUNT_MC_KILLED,COUNT_MC_INJURED,PRIMARY_RAMP,SECONDARY_RAMP,LATITUDE,LONGITUDE,COUNTY,CITY,POINT_X,POINT_Y
6820708,2015,2016-10-07,9365,2015-02-11,2304,018346,,3,3,6,4807,0,1,1,,2,080,"RT 80","MAGAZINE ST",528.00,W,N,A,-,Y,SOL,4,80,-,-,1.550,H,-,W,Y,4,0,1,1,A,-,01,23152,A,N,E,I,A,A,H,-,D,D,1,,,,,Y,Y,A,01,0,0,1,0,0,0,0,0,0,"- ","- ",38.079509999999999,-122.23339,SOLANO,VALLEJO,-122.23348722999999,38.082011020000003
6821049,2015,2016-09-06,9365,2015-02-06,1220,017799,,5,1,6,4807,0,1,3,,2,370,"RT 37","FAIRGROUNDS DR",190.00,W,N,C,-,Y,SOL,4,37,-,-,10.900,H,-,W,Y,4,0,1,1,A,-,08,22107,,N,E,I,A,B,H,-,A,D,1,,,,,Y,,D,22,0,0,1,0,0,0,0,0,0,"- ","- ",38.141500000000001,-122.2332,SOLANO,VALLEJO,-122.23388486,38.141453429999999
6821271,2015,2016-09-08,9365,2015-02-09,1924,019301,,1,2,9,4800,0,1,1,,2,681,"RT 680","MARSHVIEW RD",2112.00,S,N,A,-,Y,SOL,4,680,-,R,6.920,H,-,N,Y,4,0,1,1,A,-,08,22107,,N,E,J,A,A,H,-,C,D,1,,,,,Y,,D,22,0,0,1,0,0,0,0,0,0,"- ","- ",38.060580000000002,-122.15244,SOLANO,UNINCORPORATED,-122.10937169,38.142882399999998
6821275,2015,2016-10-17,9365,2015-02-08,2305,019572,,7,3,9,4800,0,1,A,,2,030,"RT 113","CASEY RD",1280.00,S,N,B,-,Y,SOL,4,113,-,-,15.300,H,-,N,Y,2,0,1,1,A,-,01,23152,A,N,F,A,A,B,F,-,D,D,0,,,,,Y,Y,D,22,1,0,0,0,0,0,0,0,0,"- ","- ",38.384129999999999,-121.82313000000001,SOLANO,UNINCORPORATED,-121.8228209,38.38779925
6821279,2015,2016-10-07,9365,2015-02-08,1250,018799,,7,1,6,4807,0,1,1,,2,081,"RT 80","REDWOOD ST",3696.00,W,N,B,C,Y,SOL,4,80,-,-,3.730,H,-,E,Y,4,0,1,2,A,-,03,22350,,N,C,C,A,B,H,-,A,D,1,,,,,Y,,D,22,0,0,1,0,0,0,0,0,0,"- ","- ",38.116349999999997,-122.22992000000001,SOLANO,VALLEJO,-122.22974784,38.11306664
6821392,2015,2016-10-17,9365,2015-02-10,0042,018874,,2,3,9,4800,0,1,3,,2,113,"RT 113","CASEY RD",300.00,S,N,A,-,Y,SOL,4,113,-,-,15.480,H,-,N,Y,4,0,1,1,A,-,01,23152,A,N,E,J,A,A,H,-,D,D,0,,,,,Y,Y,A,01,0,0,1,0,0,0,0,0,0,"- ","- ",38.389180000000003,-121.82283,SOLANO,UNINCORPORATED,-121.82282403000001,38.390403419999998
6825022,2015,2015-03-09,4806,2015-02-19,1224,553,,4,5,5,4806,0,0,0,,0,,"LEISURE TOWN RD","SEQUOIA DR",15.00,N,N,B,-,N,,,,,,,,,,N,4,0,1,2,A,-,03,22350,,N,C,C,A,A,H,-,A,A,0,,,Y,,Y,,A,01,0,0,1,0,0,0,0,0,1,"- ","- ",,,SOLANO,VACAVILLE,-121.93382,38.3742412
6825580,2015,2015-03-09,4807,2015-01-23,1805,672,4807,5,5,6,4807,0,0,0,,0,005,"SOLANO AV","CAROLINA ST",74.00,W,N,A,-,N,,,,,,,,,,N,3,0,1,2,A,-,11,21950,B,N,G,B,D,A,H,-,C,D,0,Y,,,,Y,Y,N,,0,1,0,0,1,0,0,0,0,"- ","- ",,,SOLANO,VALLEJO,-122.23531844999999,38.103530880000001
6827127,2015,2015-03-10,4806,2015-01-28,0624,564,,3,5,5,4806,0,0,0,,0,006,"PEABODY RD","MARSHALL RD",52.00,N,N,A,-,N,,,,,,,,,,N,4,0,1,2,A,-,11,21456,B,N,G,B,B,A,H,-,C,A,0,Y,,,,Y,,N,60,0,0,1,0,1,0,0,0,0,"- ","- ",,,SOLANO,VACAVILLE,-121.97429876,38.346414549999999
6827338,2015,2015-03-10,4807,2015-02-03,1217,537,SOLAN,2,5,6,4807,0,0,0,,0,005,"TUOLUMNE ST","CAPITOL ST",0.00,N,N,A,-,N,,,,,,,,,,N,4,0,1,2,A,-,09,21802,A,N,A,C,A,A,H,-,A,D,0,,,,,Y,,-,,0,0,1,0,0,0,0,0,0,"- ","- ",,,SOLANO,VALLEJO,-122.23822995,38.102849970000001
6829281,2014,2015-04-20,4802,2014-12-13,2130,1170,,6,5,3,4802,0,0,0,,0,008,"WEST A ST","N LINCOLN ST",0.00,,Y,B,-,N,,,,,,,,,,N,4,0,1,2,A,-,10,21950,A,N,G,B,B,B,H,-,C,A,0,Y,,,,Y,,E,22,0,0,1,0,1,0,0,0,0,"- ","- ",,,SOLANO,DIXON,-121.83639992000001,38.445689969999997
6831461,2015,2015-04-13,9365,2015-02-06,1545,016261,,5,2,9,4800,0,1,A,,2,030,"WINTERS RD","WOLFSKILL RD",528.00,N,N,B,C,N,,,,,,,,,,Y,2,0,1,1,A,-,08,22107,,N,E,I,A,B,H,-,A,D,0,,,,,Y,,D,22,1,0,0,0,0,0,0,0,0,"- ","- ",,,SOLANO,UNINCORPORATED,-121.95280087,38.496331220000002
6831655,2015,2016-10-25,9365,2015-02-23,1935,014948,,1,2,9,4800,0,1,1,,2,087,"RT 80","WEBER RD",200.00,W,N,A,-,Y,SOL,4,80,-,-,31.310,H,-,E,Y,3,0,1,1,A,-,08,22107,,N,E,I,A,A,H,-,D,D,1,,,,,Y,,A,01,0,1,0,0,0,0,0,0,0,"- ","- ",38.402299999999997,-121.91562,SOLANO,UNINCORPORATED,-121.91463693999999,38.403008370000002
6834973,2015,2015-03-20,4807,2015-02-08,0238,639,VALLE,7,5,6,4807,0,0,0,,0,005,"NORTH CAMINO ALTO","REDWOOD ST",486.00,S,N,A,-,N,,,,,,,,,,Y,4,0,1,2,A,-,01,23152,A,N,C,E,A,A,H,-,C,D,0,,,,,Y,Y,-,,0,0,1,0,0,0,0,0,0,"- ","- ",,,SOLANO,VALLEJO,-122.2453,38.121797190000002
6834979,2015,2015-03-20,4807,2015-02-01,1640,651,4807,7,5,6,4807,0,0,0,,0,006,"SONOMA BL","FLORIDA ST",33.00,N,N,A,-,N,,,,,,,,,,Y,4,0,1,2,A,-,03,22350,,N,A,C,A,A,H,-,A,A,0,,,,,Y,Y,D,,0,0,1,0,0,0,0,0,0,"- ","- ",,,SOLANO,VALLEJO,-122.25485645000001,38.105130610000003
6835192,2015,2015-03-24,4807,2015-02-18,2120,664,,3,5,6,4807,0,0,0,,0,005,"GEORGIA ST","AMADOR ST",30.00,E,N,A,-,N,,,,,,,,,,Y,4,0,1,3,A,-,01,23152,,N,C,C,A,A,H,-,C,A,0,,,,,Y,Y,-,,0,0,1,0,0,0,0,0,0,"- ","- ",,,SOLANO,VALLEJO,-122.24326576,38.100927579999997
6836066,2015,2016-10-07,9365,2015-02-18,1825,014948,,3,2,5,4806,0,1,1,,2,086,"RT 80","ALAMO DR",580.00,E,N,A,-,Y,SOL,4,80,-,R,25.420,H,-,E,Y,4,0,2,3,A,-,07,21658,A,F,B,C,A,A,H,-,D,D,1,,,,,Y,,-,99,0,0,2,0,0,0,0,0,0,"- ","- ",38.347250000000003,-121.99412,SOLANO,VACAVILLE,-121.99525444,38.3469622
6837533,2015,2015-03-17,4803,2015-02-18,1554,1530,NORTH,3,5,5,4803,0,0,0,,0,00S,"AUTO MALL PKWY","HAMILTON DR",88.00,W,N,A,-,N,,,,,,,,,,Y,3,0,3,2,A,-,08,22107,,N,D,C,A,A,H,-,A,D,0,,,,,Y,,A,01,0,1,2,0,0,0,0,0,0,"- ","- ",,,SOLANO,FAIRFIELD,-122.07320857000001,38.247158519999999
6837545,2015,2015-03-17,4803,2015-02-25,1644,504,,3,5,5,4803,0,0,0,,0,00E,"SUNSET AV","EAST TRAVIS BL",87.00,S,N,A,-,N,,,,,,,,,,N,3,0,1,2,A,-,21,22106,,N,G,B,F,A,H,-,A,D,0,Y,,,,Y,,A,01,0,1,0,0,1,0,0,0,0,"- ","- ",,,SOLANO,FAIRFIELD,-122.01997417,38.257871080000001
6837787,2015,2015-03-17,4803,2015-02-15,1235,450,,7,5,5,4803,0,0,0,,0,00S,"5TH ST","VERMONT ST",0.00,,Y,A,-,N,,,,,,,,,,N,4,0,1,2,A,-,09,21800,B,N,D,C,A,A,H,-,A,D,0,,,Y,,Y,,A,01,0,0,1,0,0,0,0,0,1,"- ","- ",,,SOLANO,FAIRFIELD,-122.06074993,38.252419940000003
6837921,2015,2016-10-26,4803,2015-01-15,0823,1360,NSOLA,4,5,5,4803,0,0,0,,0,00S,"RT 12","BECK AV",250.00,E,N,B,-,Y,SOL,4,12,-,R,3.260,H,-,W,Y,4,0,3,3,A,-,03,22350,,N,C,C,A,A,H,-,A,A,0,,,,,Y,,A,01,0,0,3,0,0,0,0,0,0,"- ","- ",,,SOLANO,FAIRFIELD,-122.06538320999999,38.240429429999999
6837974,2015,2015-03-12,4803,2015-01-20,0737,606,NORTH,2,5,5,4803,0,0,0,,0,0CO,"OAKBROOK DR","LOPES RD",9.00,W,N,A,-,N,,,,,,,,,,N,3,0,1,2,A,-,05,21202,A,N,H,G,A,-,H,-,A,A,0,,Y,,,Y,,L,04,0,1,0,0,0,0,1,0,0,"- ","- ",,,SOLANO,FAIRFIELD,-122.1384181,38.183380929999998
6837976,2015,2015-03-11,4803,2015-01-16,1506,1216,,5,5,5,4803,0,0,0,,0,00W,"OLIVER RD","TRAVIS BL",18.00,S,N,B,-,N,,,,,,,,,,Y,3,0,1,1,A,-,03,22350,,N,E,I,A,A,H,-,A,A,0,,,,,Y,,A,01,0,1,0,0,0,0,0,0,0,"- ","- ",,,SOLANO,FAIRFIELD,-122.06800115999999,38.258443460000002
6837978,2015,2015-03-12,4803,2015-01-22,1430,1360,NSOLA,4,5,5,4803,0,0,0,,0,0CE,"NORTH TEXAS ST","MANUEL CAMPOS PKWY",439.00,S,N,A,-,N,,,,,,,,,,Y,4,0,1,3,A,-,03,22350,,N,C,C,A,A,H,-,A,A,0,,,,,Y,,A,01,0,0,1,0,0,0,0,0,0,"- ","- ",,,SOLANO,FAIRFIELD,-122.03285658999999,38.292758890000002
6837997,2015,2015-03-12,4803,2015-01-20,0834,1524,,2,5,5,4803,0,0,0,,0,00E,"DOVER AV","NIGHTINGALE DR",0.00,,Y,A,-,N,,,,,,,,,,N,4,0,1,2,A,-,03,22350,,N,C,C,A,A,H,-,A,A,0,,,,,Y,,A,01,0,0,1,0,0,0,0,0,0,"- ","- ",,,SOLANO,FAIRFIELD,-122.02492995,38.269219980000003
6840016,2015,2015-03-19,4806,2015-02-28,1220,413,,6,5,5,4806,0,0,0,,0,,"EAST MONTE VISTA AV","BROWNS VALLEY RD",0.00,,Y,A,-,N,,,,,,,,,,N,4,0,1,2,A,-,03,22350,,N,C,C,A,A,H,-,A,A,0,,,,,Y,,A,01,0,0,1,0,0,0,0,0,0,"- ","- ",,,SOLANO,VACAVILLE,-121.96706989,38.3637199
6841767,2015,2015-03-24,4806,2015-03-12,1356,553,,4,5,5,4806,0,0,0,,0,,"NUT TREE RD","BURTON DR",0.00,,Y,A,-,N,,,,,,,,,,Y,4,0,1,2,A,-,09,21802,A,N,D,C,A,A,H,-,A,D,0,,,,,Y,,A,01,0,0,1,0,0,0,0,0,0,"- ","- ",,,SOLANO,VACAVILLE,-121.95381999999999,38.365249919999997
6844504,2015,2015-04-06,4806,2015-02-27,1414,533,208,5,5,5,4806,0,0,0,,0,002,"SUNRIDGE WY","SHANNON DR",261.00,W,N,A,-,N,,,,,,,,,,N,3,0,1,1,A,-,17,21712,B,N,G,B,A,A,H,-,A,D,0,,,,,Y,,D,22,0,1,0,0,0,0,0,0,0,"- ","- ",,,SOLANO,VACAVILLE,-121.97744683000001,38.378405800000003
6844668,2015,2015-03-17,4803,2015-02-09,2021,861,,1,5,5,4803,0,0,0,,0,00S,"5TH ST","VERMONT ST",9.00,E,N,A,-,N,,,,,,,,,,N,4,0,1,2,A,-,03,22350,,F,D,C,A,A,H,-,C,D,0,,,,,Y,Y,-,,0,0,1,0,0,0,0,0,0,"- ","- ",,,SOLANO,FAIRFIELD,-122.06075,38.252420000000001
6844672,2015,2015-03-16,4803,2015-02-03,1857,657,,2,5,5,4803,0,0,0,,0,00W,"OLIVER RD","ROCKVILLE RD",130.00,N,N,A,-,N,,,,,,,,,,N,3,0,3,2,A,-,05,21650,,N,A,C,A,A,H,-,C,D,0,,,,,Y,,A,01,0,1,2,0,0,0,0,0,0,"- ","- ",,,SOLANO,FAIRFIELD,-122.07022511,38.250113759999998
6844684,2015,2015-03-17,4803,2015-02-03,1027,1360,NSOLA,2,5,5,4803,0,0,0,,0,00E,"AIR BASE PKWY","PEABODY RD",0.00,,Y,A,-,N,,,,,,,,,,N,4,0,1,1,A,-,03,22350,,N,E,I,A,A,H,-,A,A,0,,,,,Y,,A,01,0,0,1,0,0,0,0,0,0,"- ","- ",,,SOLANO,FAIRFIELD,-121.96968986,38.272529990000002
6844818,2015,2015-03-17,4806,2015-02-21,1336,533,402,6,5,5,4806,0,0,0,,0,004,"TRAVIS WY","ALLISON DR",75.00,W,N,A,-,N,,,,,,,,,,N,3,0,1,2,A,-,08,22107,,N,A,C,A,A,H,-,A,A,0,,,,,Y,,A,01,0,1,0,0,0,0,0,0,0,"- ","- ",,,SOLANO,VACAVILLE,-121.96664461,38.35828162
6845534,2015,2016-10-25,9365,2015-02-18,1600,016505,,3,2,5,4803,0,1,1,,2,084,"RT 80","TRAVIS BL",100.00,W,N,A,-,Y,SOL,4,80,-,-,17.900,H,-,E,Y,4,0,1,2,A,-,03,22350,,N,C,C,A,A,H,-,A,D,1,,,,,Y,,A,01,0,0,1,0,0,0,0,0,0,"- ","- ",38.258270000000003,-122.06216999999999,SOLANO,FAIRFIELD,-122.06246828,38.258104609999997
6845812,2015,2015-03-16,4803,2015-02-02,1811,1573,NORTH,1,5,5,4803,0,0,0,,0,0CE,"DOVER AV","AIRBASE PKWY",300.00,N,N,A,-,N,,,,,,,,,,Y,4,0,1,2,A,-,01,23152,E,N,C,C,A,A,H,-,C,A,0,,,,,Y,,A,01,0,0,1,0,0,0,0,0,0,"- ","- ",,,SOLANO,FAIRFIELD,-122.02491999999999,38.273714030000001
6846258,2015,2015-03-17,9365,2015-02-28,1045,16217,,6,1,9,4800,0,3,5,,2,040,"SIEVERS RD","CURRIE RD",500.00,W,N,B,-,N,,,,,,,,,,N,4,0,1,1,A,-,06,21750,,N,E,A,A,A,H,-,A,D,0,,Y,,,Y,,L,04,0,0,1,0,0,0,1,0,0,"- ","- ",38.488999999999997,-121.8242,SOLANO,UNINCORPORATED,-121.82404339,38.489135310000002
6847130,2014,2015-03-18,4801,2014-12-29,1225,2785,4801,1,5,4,4801,0,0,0,,0,001,"1ST ST","K ST",0.00,,Y,A,-,N,,,,,,,,,,Y,4,0,1,2,A,-,09,21802,A,N,D,C,A,A,H,-,A,A,0,,,,,Y,,A,01,0,0,1,0,0,0,0,0,0,"- ","- ",,,SOLANO,BENICIA,-122.1562299,38.053009899999999
6848490,2015,2016-10-07,9365,2015-02-28,0343,018346,,6,3,5,4806,0,1,1,,2,086,"RT 80","LAGOON VALLEY",100.00,W,N,A,-,Y,SOL,4,80,-,R,23.110,H,-,E,Y,4,0,1,1,A,-,07,21658,A,N,E,I,A,A,H,-,D,D,1,,,,,Y,,A,01,0,0,1,0,0,0,0,0,0,"- ","- ",38.22363,-122.02460000000001,SOLANO,VACAVILLE,-122.02407719999999,38.32479635
6850002,2015,2016-09-06,9365,2015-03-09,2120,019687,,1,2,6,4807,0,1,3,,2,371,"RT 37","RT 80",1584.00,W,N,A,-,Y,SOL,4,37,-,R,11.430,H,-,E,Y,4,0,1,2,A,-,07,21658,A,F,B,C,A,A,H,-,D,D,1,,,,Y,Y,,F,26,0,0,1,0,0,0,0,0,0,"- ","- ",38.141190000000002,-122.21863,SOLANO,VALLEJO,-122.22400867,38.141289200000003
6850058,2015,2016-10-25,9365,2015-03-08,1829,018799,,7,2,5,4803,0,1,1,,2,084,"RT 80","AIR BASE PKWY",1584.00,W,N,A,-,Y,SOL,4,80,-,-,18.820,H,-,E,Y,3,0,5,5,A,-,03,22350,,N,C,C,A,A,H,-,A,D,1,,,,,Y,,A,01,0,1,4,0,0,0,0,0,0,"- ","- ",38.268999999999998,-122.05334999999999,SOLANO,FAIRFIELD,-122.0531544,38.26910728
6854134,2014,2016-01-14,4801,2014-11-28,2110,2737,4801,5,5,4,4801,0,0,0,,0,002,"E 5TH ST","VECINO ST",182.00,S,N,C,-,N,,,,,,,,,,Y,1,1,0,2,A,-,11,21954,A,N,G,B,D,B,H,-,C,D,0,Y,,,,Y,Y,N,60,0,0,0,1,0,0,0,0,0,"- ","- ",,,SOLANO,BENICIA,-122.14458815,38.053933460000003
6854365,2014,2016-01-08,4805,2014-09-27,1635,5L45,4805,6,5,4,4805,0,0,0,,0,001,"PINTAIL DR","DEER CREEK DR",0.00,,Y,A,-,N,,,,,,,,,,N,1,1,3,2,A,-,09,21801,A,N,A,-,A,A,H,-,A,D,0,,,Y,,Y,Y,A,01,0,0,3,0,0,0,0,1,0,"- ","- ",,,SOLANO,"SUISUN CITY",-122.02384995,38.249649980000001
6854627,2014,2015-12-29,4801,2014-12-12,2347,3685,4801,5,5,4,4801,0,0,0,,0,001,"HASTINGS DR","ROSE DR",0.00,,Y,E,-,N,,,,,,,,,,Y,1,1,0,1,A,-,03,22350,,N,E,J,A,A,H,-,C,D,0,,,,,Y,Y,A,01,0,0,0,0,0,0,0,0,0,"- ","- ",,,SOLANO,BENICIA,-122.16788991999999,38.084709920000002
6855375,2015,2015-03-24,4807,2015-02-22,1948,684,VPD,7,5,6,4807,0,0,0,,0,005,"ALAMEDA ST","VIRGINIA ST",0.00,,Y,A,-,N,,,,,,,,,,Y,4,0,2,2,A,-,09,21802,A,N,D,C,A,A,H,-,C,A,0,,,,,Y,Y,-,,0,0,2,0,0,0,0,0,0,"- ","- ",,,SOLANO,VALLEJO,-122.24823997,38.101979900000003
6855376,2015,2016-05-02,4807,2015-02-22,1535,684,VPD,7,5,6,4807,0,0,0,,0,004,"CURTOLA PKWY","SOLANO AV",528.00,E,N,A,-,N,,,,,,,,,,Y,4,0,1,1,A,-,01,23152,,N,E,I,A,A,H,-,A,D,0,,,,,Y,Y,A,,0,0,1,0,0,0,0,0,0,"- ","- ",,,SOLANO,VALLEJO,-122.24523838,38.096420180000003
6856358,2015,2015-06-03,4807,2015-03-13,0834,599,4807,5,5,6,4807,0,0,0,,0,004,"CURTOLA PKWY","SOLANO AV",1584.00,S,N,A,-,N,,,,,,,,,,Y,4,0,1,2,A,-,03,22350,,N,C,C,A,A,H,-,A,D,0,,,,,Y,,-,,0,0,1,0,0,0,0,0,0,"- ","- ",,,SOLANO,VALLEJO,-122.24688,38.096960000000003
6860535,2015,2015-04-03,4803,2015-03-01,0754,911,,7,5,5,4803,0,0,0,,0,00S,"BECK AV","WEST TEXAS ST",0.00,,Y,A,-,N,,,,,,,,,,Y,4,0,1,2,A,-,12,21453,A,N,D,C,A,A,H,-,A,A,0,,,,,Y,,A,01,0,0,1,0,0,0,0,0,0,"- ","- ",,,SOLANO,FAIRFIELD,-122.06622996,38.249279940000001
6860629,2015,2015-04-20,4806,2015-03-11,1358,533,506,3,5,5,4806,0,0,0,,0,005,"NUT TREE RD","ELMIRA RD",45.00,N,N,A,B,N,,,,,,,,,,Y,4,0,1,2,A,-,03,22350,,N,C,C,A,A,H,-,A,A,0,,,,Y,Y,,D,22,0,0,1,0,0,0,0,0,0,"- ","- ",,,SOLANO,VACAVILLE,-121.95323,38.351943599999998
6860804,2014,2015-03-26,4803,2014-10-31,1800,1276,,5,5,5,4803,0,0,0,,0,,"WATERMAN BL","AIR BASE PKWY",0.00,,Y,A,-,N,,,,,,,,,,N,4,0,1,2,A,-,03,22350,,F,C,C,A,A,H,-,C,A,0,,,,,Y,,A,01,0,0,1,0,0,0,0,0,0,"- ","- ",,,SOLANO,FAIRFIELD,-122.05005996,38.27334991
6862596,2015,2016-10-07,9365,2015-03-09,2200,018941,,1,3,6,4807,0,1,1,,2,080,"RT 80","SOLANO AV",150.00,W,N,A,-,Y,SOL,4,80,-,-,3.130,R,2,W,Y,3,0,1,2,A,-,03,22350,,N,D,C,A,A,H,-,C,D,1,,,,,Y,,A,01,0,1,0,0,0,0,0,0,0,"- ","- ",38.104709999999997,-122.23041000000001,SOLANO,VALLEJO,-122.22982918,38.104399090000001
6862651,2015,2016-10-07,9365,2015-03-17,1502,015549,,2,2,5,4806,0,1,1,,2,087,"RT 80","LEISURE TOWN RD",5280.00,E,N,A,-,Y,SOL,4,80,-,-,30.860,H,-,W,N,4,0,1,2,A,-,08,22107,,M,B,C,A,A,H,-,A,D,1,,,,,Y,,D,22,0,0,1,0,0,0,0,0,0,"- ","- ",38.392800000000001,-121.92813,SOLANO,VACAVILLE,-121.92070586,38.398624050000002
6862981,2015,2016-10-07,9365,2015-03-15,0208,19687,,7,3,9,4800,0,1,1,,2,089,"PEDRICK RD","RT 80",110.00,S,N,A,-,Y,SOL,4,80,-,-,39.755,R,4,W,Y,4,0,1,2,A,-,05,21460,A,F,A,C,A,A,H,-,C,D,1,,,,,Y,,A,01,0,0,1,0,0,0,0,0,0,"- ","- ",38.490189999999998,-121.80373,SOLANO,UNINCORPORATED,-121.80360395,38.489066080000001
6863701,2015,2016-09-08,9365,2015-03-18,1855,016449,,3,2,6,4807,0,1,1,,2,077,"RT 780","GLEN COVE RD",1800.00,W,N,A,-,Y,SOL,4,780,-,-,6.340,H,-,W,Y,3,0,1,1,A,-,08,22107,,N,F,J,A,A,H,-,A,D,1,,,,,Y,,A,07,0,1,0,0,0,0,0,0,0,"- ","- ",38.087350000000001,-122.21655,SOLANO,VALLEJO,-122.21602604,38.087090009999997
6863705,2015,2016-10-07,9365,2015-03-19,1315,014264,,4,1,6,4807,0,1,1,,2,081,"RT 80","COLUMBUS PKY",5280.00,E,N,A,-,Y,NAP,4,80,-,-,6.850,H,-,E,N,3,0,1,2,A,-,07,21658,A,N,C,C,A,B,H,-,A,D,1,,,,,Y,,A,07,0,1,0,0,0,0,0,0,0,"- ","- ",38.152639999999998,-122.21586000000001,SOLANO,VALLEJO,-122.21425474,38.15551482
6863709,2015,2016-09-08,9365,2015-03-18,1155,012196,,3,1,4,4801,0,1,1,,2,680,"RT 680","LAKE HERMAN RD",132.00,S,N,A,-,Y,SOL,4,680,-,R,2.661,R,3,S,Y,4,0,1,1,A,-,03,22350,,N,E,I,A,A,H,-,A,D,1,,,,,Y,,A,01,0,0,1,0,0,0,0,0,0,"- ","- ",38.08587,-122.11288999999999,SOLANO,BENICIA,-122.11366135999999,38.084043059999999
6864554,2015,2015-04-14,4807,2015-02-28,1701,622,,6,5,6,4807,0,0,0,,0,008,"BROADWAY ST","LEWIS BROWN RD",70.00,N,N,A,-,N,,,,,,,,,,Y,4,0,4,4,A,-,03,22350,,N,C,C,A,A,H,-,A,D,0,,,,,Y,,-,,0,0,4,0,0,0,0,0,0,"- ","- ",,,SOLANO,VALLEJO,-122.25229495000001,38.14122192
6864558,2015,2015-05-07,4807,2015-03-06,0617,637,,5,5,6,4807,0,0,0,,0,004,"CURTOLA PKWY","LEMON ST",0.00,,Y,A,-,N,,,,,,,,,,Y,3,0,1,2,A,-,03,22350,,N,C,C,A,A,D,-,B,D,0,,,,,Y,,A,,0,1,0,0,0,0,0,0,0,"- ","- ",,,SOLANO,VALLEJO,-122.23486998,38.092709890000002
6864603,2015,2015-04-07,4807,2015-03-17,1957,664,4807,2,5,6,4807,0,0,0,,0,007,"WILSON AV","LIGHTHOUSE DR",528.00,N,N,A,-,N,,,,,,,,,,Y,2,0,1,1,A,-,03,22350,,N,E,I,A,A,H,-,C,D,0,,,Y,,Y,,C,,1,0,0,0,0,0,0,0,1,"- ","- ",,,SOLANO,VALLEJO,-122.27530449,38.12033898
6864615,2015,2015-04-08,4807,2015-03-06,0704,602,,5,5,6,4807,0,0,0,,0,004,CURTOLA,ALAMEDA,14.00,N,N,A,-,N,,,,,,,,,,N,4,0,1,2,-,-,"- ",,,N,-,C,A,A,H,-,A,A,0,,,,,Y,,-,"- ",0,0,1,0,0,0,0,0,0,"- ","- ",,,SOLANO,VALLEJO,-122.24838,38.097079999999998
6871281,2015,2015-04-21,4806,2015-04-01,1553,596,410,3,5,5,4806,0,0,0,,0,,"LEISURE TOWN RD","MAPLE RD",754.00,N,N,A,-,N,,,,,,,,,,Y,3,0,2,3,A,-,03,22350,,F,C,C,A,A,H,-,A,D,0,,,,,Y,,A,01,0,1,1,0,0,0,0,0,0,"- ","- ",,,SOLANO,VACAVILLE,-121.93376833000001,38.377650549999998
6872076,2015,2015-04-17,4802,2015-01-10,1136,1215,4802,6,5,3,4802,0,0,0,,0,007,"STRATFORD AV","COMMERCIAL WY",0.00,,Y,A,-,N,,,,,,,,,,Y,3,0,1,2,A,-,09,21804,A,N,F,C,A,A,H,-,A,A,0,,,,,Y,,A,01,0,1,0,0,0,0,0,0,0,"- ","- ",,,SOLANO,DIXON,-121.83947996000001,38.458039990000003
6873901,2015,2015-04-10,4807,2015-02-26,2237,564,,4,5,6,4807,0,0,0,,0,007,"SERENO DR","NORTH CAMINO ALTO",0.00,,Y,A,-,N,,,,,,,,,,Y,4,0,2,2,A,-,12,21453,A,N,D,C,A,A,H,-,C,A,0,,,,,Y,,A,,0,0,2,0,0,0,0,0,0,"- ","- ",,,SOLANO,VALLEJO,-122.24490999,38.128879959999999
6875218,2015,2016-10-25,9365,2015-03-23,0530,17805,,1,3,5,4803,0,1,1,,2,084,"RT 80","WATERMAN BL",2200.00,E,N,A,-,Y,SOL,4,80,-,-,19.600,H,-,W,Y,4,0,1,1,A,-,08,22107,,N,E,I,A,B,H,-,C,D,1,,,,,Y,,A,01,0,0,1,0,0,0,0,0,0,"- ","- ",38.281730000000003,-122.04293,SOLANO,FAIRFIELD,-122.04558780000001,38.27846358
6876225,2015,2015-04-27,4803,2015-03-13,1042,1360,"N SOL",5,5,5,4803,0,0,0,,0,00S,"BECK AV","COURAGE DR",0.00,,Y,A,-,N,,,,,,,,,,N,3,0,1,2,A,-,09,21801,A,N,D,G,A,A,H,-,A,A,0,,Y,,,Y,,L,04,0,1,0,0,0,0,1,0,0,"- ","- ",,,SOLANO,FAIRFIELD,-122.06630991999999,38.237509969999998
6876740,2014,2015-04-23,4807,2014-10-05,1951,559,,7,5,6,4807,0,0,0,,0,005,"SPRINGS RD","CALEVERAS ST",0.00,,Y,A,-,N,,,,,,,,,,Y,4,0,2,2,A,-,12,22450,,F,D,C,A,A,H,-,C,A,0,,,,,Y,Y,-,,0,0,2,0,0,0,0,0,0,"- ","- ",,,SOLANO,VALLEJO,-122.23644991,38.106159959999999