CASE_ID,ACCIDENT_YEAR,PROC_DATE,JURIS,COLLISION_DATE,COLLISION_TIME,OFFICER_ID,REPORTING_DISTRICT,DAY_OF_WEEK,CHP_SHIFT,POPULATION,CNTY_CITY_LOC,SPECIAL_COND,BEAT_TYPE,CHP_BEAT_TYPE,CITY_DIVISION_LAPD,CHP_BEAT_CLASS,BEAT_NUMBER,PRIMARY_RD,SECONDARY_RD,DISTANCE,DIRECTION,INTERSECTION,WEATHER_1,WEATHER_2,STATE_HWY_IND,CALTRANS_COUNTY,CALTRANS_DISTRICT,STATE_ROUTE,ROUTE_SUFFIX,POSTMILE_PREFIX,POSTMILE,LOCATION_TYPE,RAMP_INTERSECTION,SIDE_OF_HWY,TOW_AWAY,COLLISION_SEVERITY,NUMBER_KILLED,NUMBER_INJURED,PARTY_COUNT,PRIMARY_COLL_FACTOR,PCF_CODE_OF_VIOL,PCF_VIOL_CATEGORY,PCF_VIOLATION,PCF_VIOL_SUBSECTION,HIT_AND_RUN,TYPE_OF_COLLISION,MVIW,PED_ACTION,ROAD_SURFACE,ROAD_COND_1,ROAD_COND_2,LIGHTING,CONTROL_DEVICE,CHP_ROAD_TYPE,PEDESTRIAN_ACCIDENT,BICYCLE_ACCIDENT,MOTORCYCLE_ACCIDENT,TRUCK_ACCIDENT,NOT_PRIVATE_PROPERTY,ALCOHOL_INVOLVED,STWD_VEHTYPE_AT_FAULT,CHP_VEHTYPE_AT_FAULT,COUNT_SEVERE_INJ,COUNT_VISIBLE_INJ,COUNT_COMPLAINT_PAIN,COUNT_PED_KILLED,COUNT_PED_INJURED,COUNT_BICYCLIST_KILLED,COUNT_BICYCLIST_INJURED,COUNT_MC_KILLED,COUNT_MC_INJURED,PRIMARY_RAMP,SECONDARY_RAMP,LATITUDE,LONGITUDE,COUNTY,CITY,POINT_X,POINT_Y
7183842,2016,2016-02-18,4803,2016-02-01,1647,504,,1,5,5,4803,0,0,0,,0,0CE,"SAN MARCO ST","KIDDER AV",329.00,E,N,B,-,N,,,,,,,,,,N,2,0,1,2,A,-,11,21954,A,F,G,B,D,-,H,-,A,D,0,Y,,,,Y,,N,60,1,0,0,0,1,0,0,0,0,"- ","- ",38.261850000000003,-122.03008,SOLANO,FAIRFIELD,-122.02899432,38.261854079999999
7183943,2016,2016-02-18,4807,2016-01-14,1900,625,SOLAN,4,5,6,4807,0,0,0,,0,007,SERENO,"RICHARDSON DR",72.00,E,N,C,-,N,,,,,,,,,,N,4,0,1,2,A,-,09,21453,,M,G,B,B,B,H,-,C,A,0,Y,,,,Y,,-,"- ",0,0,1,0,1,0,0,0,0,"- ","- ",,,SOLANO,VALLEJO,-122.24718491,38.128490429999999
7185138,2016,2016-02-24,4803,2016-02-01,1609,450,,1,5,5,4803,0,0,0,,0,0CE,"EAST TABOR AV","SAN SALVADOR ST",21.00,W,N,A,-,N,,,,,,,,,,N,4,0,2,2,A,-,04,21703,,N,C,C,A,A,H,-,A,D,0,,,,,Y,,D,22,0,0,2,0,0,0,0,0,0,"- ","- ",38.265450000000001,-122.02831999999999,SOLANO,FAIRFIELD,-122.02851314999999,38.265500840000001
7185653,2016,2016-02-17,4803,2016-01-23,2141,1524,,6,5,5,4803,0,0,0,,0,,"AIR BASE PKWY","CLAY BANK RD",0.00,,Y,A,-,N,,,,,,,,,,Y,2,0,1,2,A,-,12,21453,A,N,D,G,A,A,H,-,C,A,0,,Y,,,Y,,L,04,1,0,0,0,0,0,1,0,0,"- ","- ",38.272579999999998,-122.00639,SOLANO,FAIRFIELD,-122.00657989,38.272599900000003
7186377,2016,2016-02-22,4806,2016-01-27,1118,426,506,3,5,5,4806,0,0,0,,0,005,"NUT TREE RD","ELMIRA RD",51.00,N,N,A,-,N,,,,,,,,,,N,4,0,1,2,A,-,21,22106,,N,C,C,A,A,H,-,A,A,0,,,,,Y,,D,22,0,0,1,0,0,0,0,0,0,"- ","- ",,,SOLANO,VACAVILLE,-121.95323,38.351960079999998
7189996,2015,2016-02-23,4803,2015-11-03,1730,561,,2,5,5,4803,0,0,0,,0,00S,"TRAVIS BL","GATEWAY BL",70.00,E,N,A,-,N,,,,,,,,,,N,4,0,3,3,A,-,03,22350,,N,C,C,A,A,H,-,B,A,0,,,,,Y,,A,01,0,0,3,0,0,0,0,0,0,"- ","- ",38.258150000000001,-122.05678,SOLANO,FAIRFIELD,-122.05659617000001,38.258131489999997
7190000,2015,2016-02-23,4803,2015-11-14,1456,1215,SOLAN,6,5,5,4803,0,0,0,,0,EAST,"MEADOWLARK DR","WYLIE PL",0.00,,Y,A,-,N,,,,,,,,,,Y,4,0,2,2,A,-,09,21800,A,N,D,C,A,A,H,-,A,D,0,,,,,Y,,A,01,0,0,2,0,0,0,0,0,0,"- ","- ",38.268270000000001,-122.00261999999999,SOLANO,FAIRFIELD,-122.00274,38.268199930000002
7190271,2016,2016-07-28,4807,2016-04-29,0945,586,VALLJ,5,5,6,4807,0,0,0,,0,005,"COUCH ST","MICHIGAN ST",258.00,N,N,A,-,N,,,,,,,,,,Y,1,1,0,2,A,-,01,23152,A,N,E,I,A,A,H,-,A,D,0,,,Y,,Y,Y,C,02,0,0,0,0,0,0,0,1,0,"- ","- ",,,SOLANO,VALLEJO,-122.25250058,38.117598399999999
7190746,2015,2016-02-23,4803,2015-11-10,1730,1274,,2,5,5,4803,0,0,0,,0,00E,"CEMENT HILL RD","NOONAN LN",0.00,,Y,A,-,N,,,,,,,,,,N,4,0,1,2,A,-,09,21801,A,N,D,G,A,A,H,-,C,A,0,,Y,,,Y,,A,07,0,0,1,0,0,0,1,0,0,"- ","- ",38.29007,-121.97421,SOLANO,FAIRFIELD,-121.97409996,38.287029920000002
7191536,2016,2016-02-29,4807,2016-02-10,1300,628,4807,3,5,6,4807,0,0,0,,0,002,"OAKWOOD DR","GEORGIA ST",144.00,S,N,A,-,N,,,,,,,,,,N,4,0,1,2,A,-,21,22106,,N,G,B,E,A,H,-,A,D,0,Y,,,,Y,,-,,0,0,1,0,1,0,0,0,0,"- ","- ",,,SOLANO,VALLEJO,-122.21792064,38.099484449999999
7191628,2016,2016-03-01,4807,2016-01-15,1228,600,,5,5,6,4807,0,0,0,,0,002,"SPRINGS RD",LAIN,51.00,W,N,A,-,N,,,,,,,,,,Y,4,0,1,2,A,-,09,21804,A,N,D,C,A,A,H,-,A,D,0,,,,,Y,,A,01,0,0,1,0,0,0,0,0,0,"- ","- ",,,SOLANO,VALLEJO,-122.21536725999999,38.105992929999999
7192646,2015,2016-02-24,4801,2015-12-09,1510,1099,4801,3,5,4,4801,0,0,0,,0,0B2,"E 2ND ST","RT 780",259.00,N,N,C,-,N,,,,,,,,,,N,3,0,1,2,A,-,03,22350,,N,C,C,A,B,H,-,A,A,0,,,,,Y,,D,23,0,1,0,0,0,0,0,0,0,"- ","- ",,,SOLANO,BENICIA,-122.14972,38.058169999999997
7193379,2016,2016-03-10,4803,2016-02-19,1518,1530,"N SOL",5,5,5,4803,0,0,0,,0,00E,"AIR BASE PKWY","WALTERS RD",528.00,E,N,C,-,N,,,,,,,,,,Y,4,0,1,1,A,-,08,22107,,N,F,J,A,B,H,-,A,D,0,,,,,Y,,D,22,0,0,1,0,0,0,0,0,0,"- ","- ",38.271569999999997,-121.98795,SOLANO,FAIRFIELD,-121.9862368,38.271987799999998
7193480,2016,2016-03-04,4807,2016-02-08,1354,437,VALLE,1,5,6,4807,0,0,0,,0,006,"TENNESSEE ST","MARIN ST",0.00,,Y,A,-,N,,,,,,,,,,N,4,0,1,2,A,-,11,21954,A,N,G,B,D,A,H,-,A,A,0,Y,,,,Y,,N,60,0,0,1,0,1,0,0,0,0,"- ","- ",,,SOLANO,VALLEJO,-122.2563899,38.110019919999999
7194597,2016,2016-03-15,4803,2016-02-19,0538,1327,SOLAN,5,5,5,4803,0,0,0,,0,00W,"HILBORN RD","MARTIN RD S",0.00,,Y,A,-,N,,,,,,,,,,N,4,0,1,2,D,-,00,,,N,D,C,A,A,H,-,C,A,0,,,,Y,Y,,-,"- ",0,0,1,0,0,0,0,0,0,"- ","- ",38.274479999999997,-122.05262,SOLANO,FAIRFIELD,-122.05250988,38.274539959999998
7197211,2016,2016-03-02,4803,2016-02-24,0749,450,,3,5,5,4803,0,0,0,,0,00E,"WHITNEY AV","VIKING LN",0.00,,Y,A,-,N,,,,,,,,,,N,3,0,2,2,A,-,09,21801,A,N,D,C,A,A,H,-,A,D,0,,,Y,,Y,,A,01,0,2,0,0,0,0,0,0,2,"- ","- ",,,SOLANO,FAIRFIELD,-121.96595986,38.279509990000001
7198655,2016,2016-03-10,4806,2016-02-24,2107,457,,3,5,5,4806,0,0,0,,0,,"ELMIRA RD","PEABODY RD",0.00,,Y,A,-,N,,,,,,,,,,Y,3,0,1,2,A,-,09,21453,C,N,D,C,A,A,H,-,C,A,0,,,,,Y,,D,22,0,1,0,0,0,0,0,0,0,"- ","- ",,,SOLANO,VACAVILLE,-121.97607986,38.354029910000001
7199527,2015,2017-03-29,4807,2015-10-30,2124,628,4807,5,5,6,4807,0,0,0,,0,006,"SONOMA BL","CAPITOL ST",0.00,,Y,A,-,Y,SOL,4,29,-,-,2.340,I,5,S,Y,1,1,0,2,A,-,10,21950,A,N,H,B,B,A,H,-,C,D,0,Y,,,,Y,,-,,0,0,0,1,0,0,0,0,0,"- ","- ",,,SOLANO,VALLEJO,-122.25490567,38.103139349999999
7199993,2016,2017-04-07,4803,2016-12-21,0023,504,,3,5,5,4803,0,0,0,,0,00E,"PEABODY RD","CHUCK HAMMOND DR",1584.00,N,N,A,-,N,,,,,,,,,,Y,1,2,1,2,A,-,01,23152,A,N,A,C,A,A,H,-,C,D,0,,,,,Y,Y,A,07,0,1,0,0,0,0,0,0,0,"- ","- ",,,SOLANO,FAIRFIELD,-121.97057383000001,38.308379109999997
7204295,2016,2016-03-17,4806,2016-03-02,0932,596,405,3,5,5,4806,0,0,0,,0,,"ORANGE DR","GILLEY WY",0.00,,Y,A,-,N,,,,,,,,,,N,4,0,1,2,A,-,09,21802,A,N,D,C,A,A,H,-,A,A,0,,,,,Y,,A,01,0,0,1,0,0,0,0,0,0,"- ","- ",,,SOLANO,VACAVILLE,-121.93863988,38.382429989999999
7204712,2016,2016-03-11,4806,2016-02-26,0650,609,503,5,5,5,4806,0,0,0,,0,005,"FARMINGTON DR","NORTHAMPTON DR",137.00,S,N,A,-,N,,,,,,,,,,N,3,0,2,2,A,-,08,22102,,N,D,C,A,A,H,-,A,D,0,,,Y,,Y,,A,01,0,1,1,0,0,0,0,0,1,"- ","- ",,,SOLANO,VACAVILLE,-121.95825782,38.334046960000002
7206125,2016,2017-02-09,4806,2016-02-17,1353,603,,3,5,5,4806,0,0,0,,0,,"BROWNS VALLEY RD","EAST MONTE VISTA AV",0.00,,Y,A,-,Y,SOL,4,80,-,-,27.300,R,4,W,Y,4,0,2,2,A,-,12,21453,A,N,D,C,A,A,H,-,A,A,0,,,,,Y,,A,01,0,0,2,0,0,0,0,0,0,"- ","- ",,,SOLANO,VACAVILLE,-121.96732514,38.362880869999998
7207535,2016,2016-03-17,4806,2016-03-07,2300,575,,1,5,5,4806,0,0,0,,0,,"STONEGATE DR","COBBLESTONE DR",0.00,,Y,A,-,N,,,,,,,,,,N,4,0,1,2,A,-,08,22107,,N,C,E,A,A,H,-,C,D,0,,,,,Y,,A,01,0,0,1,0,0,0,0,0,0,"- ","- ",,,SOLANO,VACAVILLE,-121.93843989,38.358809890000003
7207930,2016,2016-03-21,4803,2016-02-22,0832,1595,,1,5,5,4803,0,0,0,,0,00E,"GRANDE CIR","EAST TABOR AV",0.00,,N,A,-,N,,,,,,,,,,N,2,0,1,3,A,-,08,22107,,N,E,E,A,A,H,-,A,D,0,,,Y,,Y,,-,,1,0,0,0,0,0,0,0,1,"- ","- ",38.265180000000001,-122.00906000000001,SOLANO,FAIRFIELD,-122.01087997,38.265209949999999
7207977,2016,2016-03-21,4803,2016-02-27,1246,1327,SOLAN,6,5,5,4803,0,0,0,,0,00E,"CEMENT HILL RD","PEABODY RD",2000.00,W,N,A,-,N,,,,,,,,,,Y,4,0,2,2,A,-,09,21801,A,N,D,C,A,A,H,-,A,D,0,,,,,Y,,A,01,0,0,2,0,0,0,0,0,0,"- ","- ",38.290080000000003,-121.9695,SOLANO,FAIRFIELD,-121.97654587,38.28704209
7210017,2016,2016-03-23,4807,2016-02-25,0940,628,4807,4,5,6,4807,0,0,0,,0,001,"REDWOOD ST","ADMIRAL CALLAGHAN LN",0.00,,Y,A,-,N,,,,,,,,,,N,4,0,1,2,A,-,10,21950,A,N,G,B,B,A,H,-,A,A,0,Y,,,,Y,,-,,0,0,1,0,1,0,0,0,0,"- ","- ",,,SOLANO,VALLEJO,-122.22790998000001,38.123549959999998
7210022,2016,2016-03-23,4807,2016-02-28,1404,633,VALLE,7,5,6,4807,0,0,0,,0,004,"CURTOLA PKWY","SOLANO AV",601.00,S,N,A,-,N,,,,,,,,,,Y,3,0,5,1,A,-,03,22350,,N,E,I,A,A,H,-,A,A,0,,,,,Y,,-,,0,2,3,0,0,0,0,0,0,"- ","- ",,,SOLANO,VALLEJO,-122.24688,38.096960000000003
7210033,2016,2016-03-23,4807,2016-02-18,1230,537,VALLE,4,5,6,4807,0,0,0,,0,005,"BROADWAY ST","BYRON ST",0.00,,Y,A,-,N,,,,,,,,,,N,4,0,2,2,A,-,00,21460,D,N,D,C,A,A,H,-,A,A,0,,,,,Y,,A,,0,0,2,0,0,0,0,0,0,"- ","- ",,,SOLANO,VALLEJO,-122.24856985,38.111199990000003
7210045,2016,2016-03-25,4807,2016-02-14,1540,682,VALLE,7,5,6,4807,0,0,0,,0,006,"TENNESSEE ST","SACRAMENTO ST",0.00,,Y,A,-,N,,,,,,,,,,N,4,0,2,3,A,-,12,21453,A,N,D,C,A,A,H,-,A,A,0,,,,,Y,,-,,0,0,2,0,0,0,0,0,0,"- ","- ",,,SOLANO,VALLEJO,-122.25807994,38.110039960000002
7210498,2016,2017-02-09,4807,2016-03-01,0650,591,VALLE,2,5,6,4807,0,0,0,,0,007,SONOMA,YOLANO,0.00,,Y,A,-,Y,SOL,4,29,-,-,4.360,I,5,N,Y,4,0,1,3,A,-,05,21460,,N,D,C,A,A,H,-,A,A,0,,,,,Y,,A,01,0,0,1,0,0,0,0,0,0,"- ","- ",,,SOLANO,VALLEJO,-122.25600691,38.133908069999997
7210547,2016,2016-04-05,4803,2016-03-09,1925,1574,4803,3,5,5,4803,0,0,0,,0,0CE,"HEATH DR","HEATH CT",0.00,,Y,B,-,N,,,,,,,,,,N,4,0,1,2,A,-,08,22107,,N,D,C,A,B,H,-,C,D,0,,,,,Y,,A,07,0,0,1,0,0,0,0,0,0,"- ","- ",38.26934,-122.04286999999999,SOLANO,FAIRFIELD,-122.04289998,38.269229899999999
7211354,2016,2016-03-28,4807,2016-02-26,2228,621,VALLE,5,5,6,4807,0,0,0,,0,005,"NEBRASKA ST",MARIPOSA,150.00,W,N,A,-,N,,,,,,,,,,Y,4,0,1,2,A,-,03,22350,,N,D,C,A,A,H,-,C,D,0,,,,,Y,,A,,0,0,1,0,0,0,0,0,0,"- ","- ",,,SOLANO,VALLEJO,-122.23213145,38.1132366
8000178,2016,2017-02-17,4803,2016-03-13,1445,561,,7,5,5,4803,0,0,0,,0,0CE,"AIRBASE PKWY","RT 80",200.00,E,N,B,C,Y,SOL,4,80,-,-,19.027,R,1,E,Y,4,0,1,2,A,-,03,22350,,N,C,C,A,B,H,-,A,A,0,,,,,Y,,A,01,0,0,1,0,0,0,0,0,0,"- ",EF,,,SOLANO,FAIRFIELD,-122.05106434,38.271580389999997
8000191,2016,2016-03-25,4803,2016-03-17,1142,450,,4,5,5,4803,0,0,0,,0,00E,"NORTH TEXAS ST","AIR BASE PKWY",0.00,,Y,A,-,N,,,,,,,,,,N,4,0,1,2,A,-,12,21453,A,N,D,C,A,A,H,-,A,A,0,,,,,Y,,A,01,0,0,1,0,0,0,0,0,0,"- ",WF,38.273690000000002,-122.03416,SOLANO,FAIRFIELD,-122.03422988,38.273059940000003
8000195,2016,2016-03-25,4803,2016-03-15,1529,450,,2,5,5,4803,0,0,0,,0,0CE,"NORTH TEXAS ST","EAST TABOR AV",460.00,N,N,B,-,N,,,,,,,,,,N,4,0,5,2,D,-,00,,,N,D,C,A,A,H,-,A,D,0,,,,,Y,,-,"- ",0,0,5,0,0,0,0,0,0,"- ","- ",38.265650000000001,-122.03418000000001,SOLANO,FAIRFIELD,-122.03418547,38.266833499999997
8000199,2016,2016-03-25,4803,2016-03-11,0808,1327,SOLAN,5,5,5,4803,0,0,0,,0,0CE,"ORCHID ST","DAHLIA ST",34.00,N,N,C,-,N,,,,,,,,,,Y,3,0,2,2,A,-,08,22107,,N,D,C,A,B,H,-,A,D,0,,,,,Y,,A,01,0,1,1,0,0,0,0,0,0,"- ","- ",38.27355,-122.03698,SOLANO,FAIRFIELD,-122.03726,38.273470000000003
8000203,2016,2016-03-25,4803,2016-03-07,0750,713,,1,5,5,4803,0,0,0,,0,00W,"FIELDCREST AV","HILBORN RD",17.00,W,N,B,-,N,,,,,,,,,,N,3,0,1,2,A,-,10,21950,A,F,G,B,B,A,H,-,A,A,0,Y,,,,Y,,A,01,0,1,0,0,1,0,0,0,0,"- ","- ",,,SOLANO,FAIRFIELD,-122.04753979,38.289046050000003
8000228,2016,2016-03-25,4803,2016-02-17,2007,1531,4803,3,5,5,4803,0,0,0,,0,"0 E","PEABODY RD","JOSEPH GEREVAS DR",121.00,N,N,C,-,N,,,,,,,,,,Y,3,0,1,1,A,-,08,22107,,N,E,I,A,B,H,-,C,A,0,,,,,Y,,A,07,0,1,0,0,0,0,0,0,0,"- ","- ",,,SOLANO,FAIRFIELD,-121.96945708,38.30019205
8005502,2016,2016-04-01,4803,2016-03-19,2245,1600,EAST,6,5,5,4803,0,0,0,,0,,"ANNANDALE CT","STEWART DR",0.00,,Y,A,-,N,,,,,,,,,,Y,3,0,1,2,A,-,01,23152,A,N,E,E,A,A,H,-,C,D,0,,,,,Y,Y,A,07,0,1,0,0,0,0,0,0,0,"- ","- ",38.303179999999998,-122.01943,SOLANO,FAIRFIELD,-122.01940996,38.303159950000001
8005580,2016,2016-03-30,4803,2016-02-27,0945,880,,6,5,5,4803,0,0,0,,0,SOUTH,"JACKSON ST","MISSOURI ST",0.00,,Y,A,-,N,,,,,,,,,,N,4,0,1,2,A,-,09,21804,A,N,B,C,A,A,H,-,A,D,0,,,,,Y,,A,01,0,0,1,0,0,0,0,0,0,"- ","- ",38.248159999999999,-122.04445,SOLANO,FAIRFIELD,-122.04455995000001,38.24812
8006887,2016,2016-04-12,4806,2016-03-24,1143,533,707,4,5,5,4806,0,0,0,,0,,"ALAMO DR","MARIPOSA AV",25.00,W,N,A,-,N,,,,,,,,,,Y,4,0,2,3,A,-,02,22400,A,N,C,C,A,A,H,-,A,A,0,,,,,Y,,A,01,0,0,2,0,0,0,0,0,0,"- ","- ",,,SOLANO,VACAVILLE,-121.98028718,38.335500000000003
8008609,2015,2016-05-23,4803,2015-06-24,0046,,,3,5,5,4803,0,0,0,,0,,"MANUEL CAMPOS PKWY","PARADISE VALLEY DR",145.00,W,N,A,-,N,,,,,,,,,,Y,3,0,1,1,A,-,03,22350,,N,E,I,A,A,H,-,C,D,0,,,Y,,Y,,C,02,0,1,0,0,0,0,0,0,1,"- ","- ",38.293109999999999,-122.0206,SOLANO,FAIRFIELD,-122.02507713,38.292588420000001
8009782,2015,2016-04-08,4807,2015-10-19,1947,676,VALLE,1,5,6,4807,0,0,0,,0,004,"GEORGIA ST","14TH ST",0.00,,Y,A,-,N,,,,,,,,,,N,3,0,1,2,A,-,10,21950,A,N,G,B,B,A,H,-,C,A,0,Y,,,,Y,,-,,0,1,0,0,1,0,0,0,0,"- ","- ",,,SOLANO,VALLEJO,-122.23109986,38.100769960000001
8011267,2016,2016-04-13,4803,2016-04-03,1553,561,,7,5,5,4803,0,0,0,,0,00S,"CHADBOURNE RD","BUSCH DR",54.00,S,N,A,-,N,,,,,,,,,,Y,4,0,4,2,A,-,03,22350,,F,C,C,A,A,H,-,A,A,0,,,,,Y,,A,07,0,0,4,0,0,0,0,0,0,"- ","- ",38.237749999999998,-122.08410000000001,SOLANO,FAIRFIELD,-122.08410655,38.237532049999999
8011414,2016,2016-04-11,4806,2016-03-30,0603,426,510,3,5,5,4806,0,0,0,,0,005,"ALAMO DR","BEDFORD WY",0.00,,Y,A,-,N,,,,,,,,,,N,4,0,1,2,A,-,09,21802,A,N,D,C,A,A,H,-,C,A,0,,,Y,,Y,,A,01,0,0,1,0,0,0,0,0,1,"- ","- ",,,SOLANO,VACAVILLE,-121.94931993,38.335329969999997
8011430,2016,2016-04-11,4806,2016-03-26,1240,533,402,6,5,5,4806,0,0,0,,0,,"ULATIS DR","HARBISON DR",0.00,,Y,A,-,N,,,,,,,,,,Y,3,0,3,2,A,-,12,21453,A,N,D,C,A,A,H,-,A,A,0,,,,,Y,,A,07,0,2,1,0,0,0,0,0,0,"- ","- ",,,SOLANO,VACAVILLE,-121.96245991000001,38.357339969999998
8011431,2016,2016-04-08,4807,2016-03-04,2010,676,VALLE,5,5,6,4807,0,0,0,,0,002,"SPRINGS RD","MOSSWOOD LN",138.00,E,N,B,-,N,,,,,,,,,,N,2,0,1,2,A,-,10,21950,A,N,G,B,D,B,H,-,C,D,0,Y,,,,Y,,N,60,1,0,0,0,1,0,0,0,0,"- ","- ",,,SOLANO,VALLEJO,-122.21390028,38.105986000000001
8011603,2016,2017-02-07,4803,2016-03-21,1009,1578,,1,5,5,4803,0,0,0,,0,,"CHADBOURNE RD","RT 12",38.00,W,N,B,-,Y,SOL,4,12,-,L,2.461,R,4,E,N,4,0,2,2,A,-,12,21453,A,N,B,C,A,A,H,-,A,A,0,,,,,Y,,-,"- ",0,0,2,0,0,0,0,0,0,"- ","- ",,,SOLANO,FAIRFIELD,-122.08018475999999,38.239821390000003
8011667,2016,2016-04-11,4803,2016-04-03,2115,861,,7,5,5,4803,0,0,0,,0,00S,"PENNSYLVANIA AV","TEXAS ST",0.00,,Y,A,-,N,,,,,,,,,,Y,4,0,1,2,A,-,12,21453,A,F,D,D,A,A,H,-,C,A,0,,,,,Y,,A,08,0,0,1,0,0,0,0,0,0,"- ","- ",38.249250000000004,-122.0498,SOLANO,FAIRFIELD,-122.04996992,38.249239979999999
8012775,2016,2016-04-11,4807,2016-01-24,1837,652,VPD,7,5,6,4807,0,0,0,,0,001,"REDWOOD PKWY","ADMIRAL CALLAGHAN",0.00,,Y,A,-,N,,,,,,,,,,N,3,0,1,2,A,-,12,21453,A,N,D,C,A,A,H,-,C,A,0,,,,,Y,,-,,0,1,0,0,0,0,0,0,0,"- ","- ",,,SOLANO,VALLEJO,-122.22790998000001,38.123549959999998
8014212,2016,2017-02-07,4803,2016-03-31,1221,450,,4,5,5,4803,0,0,0,,0,00S,"RT 12","PENNSYLVANIA AV",84.00,W,N,A,-,Y,SOL,4,12,-,R,4.050,H,-,E,N,4,0,1,2,A,-,21,22106,,N,C,C,A,A,H,-,A,A,0,,,,,Y,,A,01,0,0,1,0,0,0,0,0,0,"- ","- ",38.241399999999999,-122.0504,SOLANO,FAIRFIELD,-122.05097936999999,38.241129749999999
8014528,2016,2016-04-26,4803,2016-04-06,0941,880,,3,5,5,4803,0,0,0,,0,SOUTH,"OLIVER RD","WEST TEXAS ST",0.00,,Y,A,-,N,,,,,,,,,,N,4,0,1,2,A,-,03,22350,,F,C,C,A,A,H,-,A,A,0,,,,,Y,,A,01,0,0,1,0,0,0,0,0,0,"- ","- ",38.249839999999999,-122.07043,SOLANO,FAIRFIELD,-122.07049995,38.249829990000002
8014532,2016,2016-04-26,4803,2016-04-06,1746,861,,3,5,5,4803,0,0,0,,0,00S,"TRAVIS BL","SOLANO MALL",20.00,E,N,A,-,N,,,,,,,,,,N,4,0,1,2,A,-,04,21703,,N,C,C,A,A,H,-,A,A,0,,,,,Y,,J,41,0,0,1,0,0,0,0,0,0,"- ","- ",38.258150000000001,-122.05467,SOLANO,FAIRFIELD,-122.05337033000001,38.258180000000003
8015895,2015,2016-04-12,4802,2015-12-29,1308,1235,NORTH,2,5,3,4802,0,0,0,,0,,"JACKSON ST","WEST B ST",97.00,S,N,A,-,N,,,,,,,,,,N,4,0,1,2,A,-,21,22106,,N,C,C,A,A,H,-,A,D,0,,,,,Y,,A,01,0,0,1,0,0,0,0,0,0,"- ","- ",,,SOLANO,DIXON,-121.82377,38.446293580000003
8018355,2016,2016-04-26,4803,2016-04-12,0930,504,,2,5,5,4803,0,0,0,,0,0CE,"NORTH TEXAS ST","ACACIA ST",69.00,S,N,B,-,N,,,,,,,,,,Y,4,0,1,2,A,-,03,22350,,N,C,C,A,A,H,-,A,A,0,,,,,Y,,A,01,0,0,1,0,0,0,0,0,0,"- ","- ",38.264229999999998,-122.03408,SOLANO,FAIRFIELD,-122.03420249,38.264050480000002
8018382,2016,2016-04-26,4803,2016-03-05,1417,1352,SOLAN,6,5,5,4803,0,0,0,,0,SOUTH,"CORDELIA RD","CHADBOURNE RD",2640.00,W,N,A,-,N,,,,,,,,,,Y,3,0,1,1,A,-,03,22350,,N,E,I,A,A,H,-,A,D,0,,,,,Y,,A,01,0,1,0,0,0,0,0,0,0,"- ","- ",,,SOLANO,FAIRFIELD,-122.09291933999999,38.227817020000003
8019149,2014,2016-04-27,4805,2014-04-17,0819,5L76,4805,4,5,4,4805,0,0,0,,0,002,"RT 12","MARINA BL",0.00,,Y,A,-,Y,SOL,4,12,-,-,5.150,I,5,W,N,4,0,1,2,A,-,10,21950,A,N,G,B,B,A,H,-,A,A,0,Y,,,,Y,,A,01,0,0,1,0,1,0,0,0,0,"- ","- ",,,SOLANO,"SUISUN CITY",-122.03143485,38.244677279999998
8026510,2016,2016-04-28,4807,2016-03-19,1420,625,VALLE,6,5,6,4807,0,0,0,,0,007,BROADWAY,"SERENO DR",0.00,,Y,A,-,N,,,,,,,,,,Y,4,0,2,2,A,-,03,22350,,N,C,C,A,A,H,-,A,D,0,,,,,Y,,-,,0,0,2,0,0,0,0,0,0,"- ","- ",,,SOLANO,VALLEJO,-122.25154997,38.127769960000002
8026549,2016,2016-04-27,4803,2016-04-11,1507,1563,4803,1,5,5,4803,0,0,0,,0,0CE,"EAST TRAVIS BL","COOLIDGE ST",120.00,W,N,A,-,N,,,,,,,,,,Y,4,0,4,3,A,-,04,21703,,N,C,C,A,A,H,-,A,A,0,,,,,Y,,D,22,0,0,4,0,0,0,0,0,0,"- ","- ",38.258249999999997,-122.02703,SOLANO,FAIRFIELD,-122.02736793,38.258217080000001
8026553,2016,2016-04-27,4803,2016-04-09,1945,561,,6,5,5,4803,0,0,0,,0,0CE,"DOVER AV","EAST PACIFIC AV",0.00,,Y,A,-,N,,,,,,,,,,N,4,0,1,2,A,-,03,22350,,N,C,C,A,A,H,-,C,A,0,,,,,Y,,D,22,0,0,1,0,0,0,0,0,0,"- ","- ",,,SOLANO,FAIRFIELD,-122.02490985999999,38.27038993
8026567,2016,2016-04-26,4807,2016-04-05,0741,600,4807,2,5,6,4807,0,0,0,,0,001,"TENNESSEE ST","CURTIS DR",0.00,,Y,A,-,N,,,,,,,,,,Y,4,0,2,2,A,-,21,22106,,N,B,C,A,A,H,-,A,A,0,,,,,Y,,A,01,0,0,2,0,0,0,0,0,0,"- ","- ",,,SOLANO,VALLEJO,-122.21383994,38.109109979999999
8026568,2016,2016-04-26,4807,2016-03-29,2232,504,VALLE,2,5,6,4807,0,0,0,,0,001,"TENNESSEE ST","LASSEN ST",0.00,,Y,A,-,N,,,,,,,,,,N,4,0,1,2,A,-,10,21950,A,F,G,B,D,A,H,-,C,D,0,Y,,,,Y,,-,,0,0,1,0,1,0,0,0,0,"- ","- ",,,SOLANO,VALLEJO,-122.22647995,38.109609910000003
8026571,2016,2016-04-26,4807,2016-04-06,0621,504,VPD,3,5,6,4807,0,0,0,,0,001,"VERVAIS AV","TENNESSEE ST",20.00,N,N,A,-,N,,,,,,,,,,Y,4,0,1,1,A,-,08,22107,,N,E,I,A,A,H,-,B,A,0,,,,,Y,,-,,0,0,1,0,0,0,0,0,0,"- ","- ",,,SOLANO,VALLEJO,-122.22457246,38.109724900000003
8026572,2016,2016-04-26,4807,2016-03-20,1650,669,VALLE,7,5,6,4807,0,0,0,,0,001,"CADLONI LN","REDWOOD PKWY",21.00,S,N,B,C,N,,,,,,,,,,Y,4,0,2,2,A,-,09,21802,A,N,D,C,A,B,H,-,A,A,0,,,,,Y,,-,,0,0,2,0,0,0,0,0,0,"- ","- ",,,SOLANO,VALLEJO,-122.22436,38.122660000000003
8026587,2016,2016-04-26,4807,2016-04-13,1227,600,4807,3,5,6,4807,0,0,0,,0,005,"TUOLUMNE ST","SLEEPY HOLLOW",30.00,N,N,A,-,N,,,,,,,,,,Y,4,0,1,2,A,-,08,22107,,N,C,E,A,A,H,-,A,D,0,,,,,Y,,A,01,0,0,1,0,0,0,0,0,0,"- ","- ",,,SOLANO,VALLEJO,-122.23815,38.114192410000001