CASE_ID,ACCIDENT_YEAR,PROC_DATE,JURIS,COLLISION_DATE,COLLISION_TIME,OFFICER_ID,REPORTING_DISTRICT,DAY_OF_WEEK,CHP_SHIFT,POPULATION,CNTY_CITY_LOC,SPECIAL_COND,BEAT_TYPE,CHP_BEAT_TYPE,CITY_DIVISION_LAPD,CHP_BEAT_CLASS,BEAT_NUMBER,PRIMARY_RD,SECONDARY_RD,DISTANCE,DIRECTION,INTERSECTION,WEATHER_1,WEATHER_2,STATE_HWY_IND,CALTRANS_COUNTY,CALTRANS_DISTRICT,STATE_ROUTE,ROUTE_SUFFIX,POSTMILE_PREFIX,POSTMILE,LOCATION_TYPE,RAMP_INTERSECTION,SIDE_OF_HWY,TOW_AWAY,COLLISION_SEVERITY,NUMBER_KILLED,NUMBER_INJURED,PARTY_COUNT,PRIMARY_COLL_FACTOR,PCF_CODE_OF_VIOL,PCF_VIOL_CATEGORY,PCF_VIOLATION,PCF_VIOL_SUBSECTION,HIT_AND_RUN,TYPE_OF_COLLISION,MVIW,PED_ACTION,ROAD_SURFACE,ROAD_COND_1,ROAD_COND_2,LIGHTING,CONTROL_DEVICE,CHP_ROAD_TYPE,PEDESTRIAN_ACCIDENT,BICYCLE_ACCIDENT,MOTORCYCLE_ACCIDENT,TRUCK_ACCIDENT,NOT_PRIVATE_PROPERTY,ALCOHOL_INVOLVED,STWD_VEHTYPE_AT_FAULT,CHP_VEHTYPE_AT_FAULT,COUNT_SEVERE_INJ,COUNT_VISIBLE_INJ,COUNT_COMPLAINT_PAIN,COUNT_PED_KILLED,COUNT_PED_INJURED,COUNT_BICYCLIST_KILLED,COUNT_BICYCLIST_INJURED,COUNT_MC_KILLED,COUNT_MC_INJURED,PRIMARY_RAMP,SECONDARY_RAMP,LATITUDE,LONGITUDE,COUNTY,CITY,POINT_X,POINT_Y
81569262,2021,2021-09-14,4803,2021-09-04,1259,1594,,6,5,5,4803,0,0,0,,0,00W,"TRAVIS BOULEVARD","HOLIDAY LANE",550.00,W,N,A,-,N,,,,,,,,,,N,4,0,1,2,A,-,03,22350,,N,C,C,A,A,H,-,A,D,0,,,,,Y,,A,01,0,0,1,0,0,0,0,0,0,"- ","- ",38.258369445800781,-122.06507110595703,SOLANO,FAIRFIELD,-122.06696319580078,38.258296966552734
81572835,2021,2021-09-17,4807,2021-08-11,1402,744,VALLE,3,5,6,4807,0,0,0,,0,006,"TENNESSEE ST","SANTA CLARA ST",0.00,,Y,A,-,N,,,,,,,,,,N,4,0,1,2,A,-,09,21801,A,N,D,C,A,A,H,-,A,D,0,,,Y,,Y,,A,01,0,0,1,0,0,0,0,0,1,"- ","- ",38.110080718994141,-122.25978851318359,SOLANO,VALLEJO,-122.25972747802734,38.110076904296875
8157348,2016,2016-11-03,4803,2016-10-14,0406,976,,5,5,5,4803,0,0,0,,0,0CO,"LOPES RD","SILVER CREEK RD",250.00,S,N,A,-,N,,,,,,,,,,Y,4,0,1,1,A,-,08,22107,,N,E,I,A,A,H,-,C,A,0,,,,,Y,,D,22,0,0,1,0,0,0,0,0,0,"- ","- ",38.19021,-122.1383,SOLANO,FAIRFIELD,-122.13808707,38.189520180000002
81573664,2021,2021-09-20,4807,2021-07-14,2137,#733,VALLE,3,5,6,4807,0,0,0,,0,007,"SONOMA BL","LEWIS BROWN DR",30.00,N,N,A,-,N,,,29,,,,,,,N,3,0,1,1,A,-,01,23152,A,N,A,I,A,A,H,-,C,A,0,,,,,Y,Y,D,22,0,1,0,0,0,0,0,0,0,"- ","- ",38.137371063232422,-122.25611877441406,SOLANO,VALLEJO,-122.25605773925781,38.137371063232422
8157385,2016,2016-11-02,4803,2016-10-18,0920,561,,2,5,5,4803,0,0,0,,0,00E,"MYSTIC DR","CLAY BANK RD",0.00,,Y,A,-,N,,,,,,,,,,Y,4,0,1,2,A,-,09,21802,A,N,D,C,A,A,H,-,A,A,0,,,,,Y,,A,01,0,0,1,0,0,0,0,0,0,"- ","- ",38.293259999999997,-122.01362,SOLANO,FAIRFIELD,-122.01405988,38.29320989
81577300,2021,2021-09-23,4803,2021-09-15,1803,1724,,3,5,5,4803,0,0,0,,0,,"RT 12","PENNSYLVANIA AVENUE",1188.00,W,N,A,-,Y,,,12,,,,,,,Y,3,0,2,2,A,-,04,21703,,N,C,C,A,A,H,-,A,D,0,,,,,Y,,A,01,0,1,1,0,0,0,0,0,0,"- ","- ",38.241249084472656,-122.05042266845703,SOLANO,FAIRFIELD,-122.0504150390625,38.241199493408203
81577306,2021,2021-09-23,4803,2021-09-18,1700,1536,4803,6,5,5,4803,0,0,0,,0,0CE,"EISENHOWER STREET","EAST TRAVIS BOULEVARD",15.00,S,N,A,-,N,,,,,,,,,,N,4,0,1,2,A,-,01,23152,A,M,B,C,A,A,H,-,A,A,0,,,,,Y,Y,A,01,0,0,1,0,0,0,0,0,0,"- ","- ",38.258110046386719,-122.02913665771484,SOLANO,FAIRFIELD,-122.02912902832031,38.2581787109375
81577309,2021,2021-09-23,4803,2021-09-20,0740,1751,4803,1,5,5,4803,0,0,0,,0,00E,"PEABODY ROAD","CEMENT HILL ROAD",1800.00,N,N,A,-,N,,,,,,,,,,N,4,0,1,3,A,-,03,22350,,N,C,C,A,A,H,-,A,D,0,,,,,Y,,A,01,0,0,1,0,0,0,0,0,0,"- ","- ",38.289741516113281,-121.96965789794922,SOLANO,FAIRFIELD,-121.96949005126953,38.291801452636719
81579543,2021,2021-09-27,4807,2021-08-17,2036,#731,VALLE,2,5,6,4807,0,0,0,,0,007,"BROADWAY ST","COUCH ST",0.00,,Y,A,-,N,,,,,,,,,,Y,2,0,1,2,A,-,12,22450,A,N,D,C,A,A,H,-,C,A,0,,,Y,,Y,,C,06,1,0,0,0,0,0,0,0,1,"- ","- ",38.127361297607422,-122.25140380859375,SOLANO,VALLEJO,-122.25148773193359,38.127475738525391
81579696,2021,2021-09-27,4807,2021-07-28,1718,#750,VALLE,3,5,6,4807,0,0,0,,0,002,"HUMBOLDT ST","TENNESSEE ST",145.00,S,N,A,-,N,,,,,,,,,,Y,3,0,3,3,A,-,09,21804,A,N,D,C,A,A,H,-,A,D,0,,,,,Y,,A,07,0,1,2,0,0,0,0,0,0,"- ","- ",38.109630584716797,-122.22834777832031,SOLANO,VALLEJO,-122.228271484375,38.1092529296875
81582110,2021,2021-09-29,4803,2021-09-17,1846,1752,,5,5,5,4803,0,0,0,,0,,"CLAY BANK ROAD","CEMENT HILL ROAD",0.00,,Y,A,-,N,,,,,,,,,,Y,3,0,2,2,A,-,12,21457,A,N,B,C,A,A,H,-,B,A,0,,,,,Y,,A,01,0,1,1,0,0,0,0,0,0,"- ","- ",38.279289245605469,-122.00560760498047,SOLANO,FAIRFIELD,-122.00576782226562,38.279376983642578
81582111,2021,2021-09-29,4803,2021-09-18,1424,1752,,6,5,5,4803,0,0,0,,0,,"AIR BASE PARKWAY","DOVER AVENUE",506.00,W,N,A,-,N,,,,,,,,,,Y,4,0,1,2,A,-,03,22350,,N,C,C,A,A,H,-,A,A,0,,,,,Y,,A,01,0,0,1,0,0,0,0,0,0,"- ","- ",38.272830963134766,-122.02507781982422,SOLANO,FAIRFIELD,-122.02667999267578,38.272739410400391
81582113,2021,2021-09-29,4803,2021-09-20,0757,1694,,1,5,5,4803,0,0,0,,0,00S,"WEST TEXAS STREET","BECK AVENUE",492.00,W,N,A,-,N,,,,,,,,,,Y,3,0,2,3,A,-,03,22350,,N,C,C,A,A,D,-,A,D,0,,,,,Y,,A,01,0,1,1,0,0,0,0,0,0,"- ","- ",38.249320983886719,-122.06620788574219,SOLANO,FAIRFIELD,-122.06791687011719,38.249496459960938
81582116,2021,2021-09-29,4803,2021-09-21,1226,1694,,2,5,5,4803,0,0,0,,0,00S,"TRAVIS BOULEVARD","SOLANO MALL ENTRANCE",288.00,W,N,A,-,N,,,,,,,,,,Y,4,0,2,2,A,-,07,21658,A,N,B,C,A,A,H,-,A,D,0,,,,,Y,,A,01,0,0,2,0,0,0,0,0,0,"- ","- ",38.258148193359375,-122.05467224121094,SOLANO,FAIRFIELD,-122.054443359375,38.257980346679688
81582118,2021,2021-09-29,4803,2021-09-22,1450,1752,,3,5,5,4803,0,0,0,,0,,"TRAVIS BOULEVARD","WILSON STREET",0.00,,Y,A,-,N,,,,,,,,,,Y,4,0,2,2,A,-,09,21802,A,N,B,C,A,A,H,-,A,A,0,,,,,Y,,A,01,0,0,2,0,0,0,0,0,0,"- ","- ",38.258079528808594,-122.03540802001953,SOLANO,FAIRFIELD,-122.03535461425781,38.258262634277344
81582126,2021,2021-09-29,4803,2021-09-24,1625,1752,,5,5,5,4803,0,0,0,,0,,"DYNASTY DRIVE","MOSAIC CT",0.00,,Y,A,-,N,,,,,,,,,,Y,3,0,2,2,A,-,09,21801,A,N,D,C,A,A,H,-,A,D,0,,,,,Y,,A,01,0,1,1,0,0,0,0,0,0,"- ","- ",,,SOLANO,FAIRFIELD,-122.15248107910156,38.218860626220703
81589956,2021,2021-10-07,4803,2021-09-30,1357,1751,4803,4,5,5,4803,0,0,0,,0,0CE,"TRAVIS BOULEVARD","UNION AVENUE",155.00,E,N,A,-,N,,,,,,,,,,Y,4,0,3,2,A,-,04,21703,,N,C,C,A,A,H,-,A,A,0,,,,,Y,,A,01,0,0,3,0,0,0,0,0,0,"- ","- ",38.258251190185547,-122.04041290283203,SOLANO,FAIRFIELD,-122.03987121582031,38.258262634277344
81589957,2021,2021-10-07,4803,2021-09-30,1720,1752,,4,5,5,4803,0,0,0,,0,,"NORTH TEXAS STREET","SUNDIAL COURT",0.00,,Y,A,-,N,,,,,,,,,,N,3,0,2,2,A,-,09,21804,A,N,D,C,A,A,H,-,A,D,0,,,,,Y,,A,01,0,1,1,0,0,0,0,0,0,"- ","- ",38.284191131591797,-122.03427886962891,SOLANO,FAIRFIELD,-122.0341796875,38.282768249511719
81589958,2021,2021-10-07,4803,2021-09-30,2230,1697,,4,5,5,4803,0,0,0,,0,0CO,"GREEN VALLEY ROAD","BUSINESS CENTER DRIVE",253.00,W,N,A,-,N,,,,,,,,,,N,3,0,1,1,A,-,08,22107,,N,E,I,A,A,H,-,C,D,0,,,,,Y,,A,01,0,1,0,0,0,0,0,0,0,"- ","- ",38.218379974365234,-122.14115905761719,SOLANO,FAIRFIELD,-122.14208221435547,38.218765258789062
81590158,2021,2021-10-07,4807,2021-08-19,1212,#729,VALLE,4,5,6,4807,0,0,0,,0,007,"SONOMA BL","YOLANO DR",24.00,N,N,A,-,Y,,,29,,,,,,,Y,4,0,1,2,A,-,12,21453,A,N,D,C,A,A,H,-,A,A,0,,,,,Y,,A,07,0,0,1,0,0,0,0,0,0,"- ","- ",38.132419586181641,-122.25614929199219,SOLANO,VALLEJO,-122.25612640380859,38.132419586181641
81590177,2021,2021-10-07,4807,2021-08-30,1517,#741,VALLE,1,5,6,4807,0,0,0,,0,004,"MAINE ST","SUTTER ST",0.00,,Y,A,-,N,,,,,,,,,,Y,4,0,1,5,A,-,12,22450,A,F,D,E,A,A,H,-,A,D,0,,,,,Y,,A,01,0,0,1,0,0,0,0,0,0,"- ","- ",38.099040985107422,-122.25337982177734,SOLANO,VALLEJO,-122.25331115722656,38.099086761474609
81592257,2021,2021-10-11,4807,2021-07-13,2119,#635,VALLE,2,5,6,4807,0,0,0,,0,001,"ADMIRAL CALLAGHAN LN","FLEMING AV E",157.00,S,N,A,-,N,,,,,,,,,,Y,2,0,1,2,A,-,11,21954,A,N,G,B,D,A,H,-,C,D,0,Y,,,,Y,,N,60,1,0,0,0,1,0,0,0,0,"- ","- ",38.117198944091797,-122.22949981689453,SOLANO,VALLEJO,-122.22947692871094,38.116859436035156
81597078,2021,2021-10-15,4803,2021-10-06,2329,1311,,3,5,5,4803,0,0,0,,0,00E,"CLAY BANK ROAD","EAST TABOR AVENUE",320.00,N,N,A,-,N,,,,,,,,,,Y,4,0,1,2,A,-,01,23152,A,N,C,D,A,A,H,-,C,A,0,,,,,Y,Y,A,01,0,0,1,0,0,0,0,0,0,"- ","- ",38.265148162841797,-122.00700378417969,SOLANO,FAIRFIELD,-122.00722503662109,38.266067504882812
81597087,2021,2021-10-15,4803,2021-10-13,1423,476,,3,5,5,4803,0,0,0,,0,0CE,"NORTH TEXAS STREET","EAST TRAVIS BOULEVARD",495.00,N,N,B,-,N,,,,,,,,,,N,2,0,1,2,A,-,10,21954,B,F,G,B,D,A,H,-,A,D,0,Y,,,,Y,,D,23,1,0,0,0,1,0,0,0,0,"- ","- ",38.25823974609375,-122.03411865234375,SOLANO,FAIRFIELD,-122.03419494628906,38.259609222412109
81604743,2021,2021-10-25,4807,2021-09-22,1418,#635,VALLE,3,5,6,4807,0,0,0,,0,005,"SONOMA BL","NEBRASKA ST",144.00,S,N,A,-,Y,,,29,,,,,,,N,4,0,1,2,A,-,03,22350,,F,C,C,A,A,H,-,A,A,0,,,,,Y,,A,01,0,0,1,0,0,0,0,0,0,"- ","- ",38.1138916015625,-122.254638671875,SOLANO,VALLEJO,-122.25464630126953,38.1138916015625
81605994,2021,2021-10-26,4803,2021-10-15,1518,1724,,5,5,5,4803,0,0,0,,0,,"MANUEL CAMPOS PARKWAY","PARADISE VALLEY DRIVE (W)",103.00,W,N,A,-,N,,,,,,,,,,Y,3,0,1,1,A,-,08,22107,,N,E,I,A,A,H,-,A,D,0,,,,,Y,,A,01,0,1,0,0,0,0,0,0,0,"- ","- ",38.292671203613281,-122.02455139160156,SOLANO,FAIRFIELD,-122.02493286132812,38.292610168457031
81606003,2021,2021-10-26,4803,2021-10-21,1512,1724,,4,5,5,4803,0,0,0,,0,,"CLAY BANK ROAD","MEADOWLARK DRIVE",0.00,,Y,B,C,N,,,,,,,,,,Y,3,0,3,2,A,-,09,21801,A,N,D,C,A,B,H,-,A,D,0,,,,,Y,,A,08,0,1,2,0,0,0,0,0,0,"- ","- ",38.267131805419922,-122.00708770751953,SOLANO,FAIRFIELD,-122.00724029541016,38.267063140869141
81608349,2021,2021-10-28,4807,2021-09-24,1234,#653,VALLE,5,5,6,4807,0,0,0,,0,005,"SONOMA BL","VALLE VISTA AV",52.00,S,N,A,-,Y,,,29,,,,,,,Y,4,0,1,4,A,-,01,23152,A,F,B,C,A,A,H,-,A,A,0,,,,,Y,Y,A,01,0,0,1,0,0,0,0,0,0,"- ","- ",38.119861602783203,-122.255126953125,SOLANO,VALLEJO,-122.255126953125,38.119861602783203
81611716,2021,2021-11-01,4807,2021-09-28,1037,G153,VALLE,2,5,6,4807,0,0,0,,0,007,"REDWOOD ST","FAIRGROUNDS DR",215.00,E,N,A,-,N,,,,,,,,,,N,4,0,1,3,A,-,03,22350,,N,C,C,A,A,H,-,A,A,0,,,,,Y,,A,01,0,0,1,0,0,0,0,0,0,"- ","- ",38.122848510742188,-122.23095703125,SOLANO,VALLEJO,-122.23062896728516,38.123420715332031
81611718,2021,2021-11-01,4807,2021-09-30,1118,G153,VALLE,4,5,6,4807,0,0,0,,0,002,"SPRINGS RD","OAKWOOD AV",18.00,W,N,A,-,Y,,,,,,,,,,N,4,0,1,2,A,-,01,23152,A,M,C,C,A,A,H,-,A,A,0,,,,,Y,Y,A,01,0,0,1,0,0,0,0,0,0,"- ","- ",38.106021881103516,-122.21774291992188,SOLANO,VALLEJO,-122.21780395507812,38.105998992919922
8161349,2016,2016-11-10,4803,2016-11-01,0742,1524,,2,5,5,4803,0,0,0,,0,EAST,"DOVER AV","EAST PACIFIC AV",99.00,N,N,A,-,N,,,,,,,,,,Y,4,0,1,3,A,-,03,22350,,N,C,C,A,B,H,-,A,A,0,,,,,Y,,A,01,0,0,1,0,0,0,0,0,0,"- ","- ",38.270359999999997,-122.02477,SOLANO,FAIRFIELD,-122.02491688000001,38.270661879999999
81615388,2021,2021-11-04,4803,2021-10-18,0836,476,,1,5,5,4803,0,0,0,,0,0CO,"WESTAMERICA DRIVE","SANDSTONE STREET",0.00,,Y,F,-,N,,,,,,,,,,N,3,0,1,2,A,-,10,21950,A,N,G,B,B,A,H,-,A,A,0,Y,,,,Y,,A,01,0,1,0,0,1,0,0,0,0,"- ","- ",38.229839324951172,-122.13317108154297,SOLANO,FAIRFIELD,-122.13307189941406,38.229766845703125
81617015,2021,2021-11-05,4807,2021-10-03,1646,#653,VALLE,7,5,6,4807,0,0,0,,0,005,"TENNESSEE ST","MARIPOSA ST",0.00,,Y,A,-,N,,,,,,,,,,Y,4,0,1,2,A,-,12,21453,A,F,D,C,A,A,H,-,A,A,0,,,,,Y,,A,01,0,0,1,0,0,0,0,0,0,"- ","- ",38.109668731689453,-122.23139190673828,SOLANO,VALLEJO,-122.23136901855469,38.109672546386719
81619501,2021,2021-11-09,4803,2021-10-25,1756,1584,SOLAN,1,5,5,4803,0,0,0,,0,00E,"VANDEN ROAD","CANON ROAD",0.00,,Y,A,-,N,,,,,,,,,,N,2,0,1,1,A,-,03,22350,,N,F,A,A,D,G,-,A,D,0,,,Y,,Y,,C,02,1,0,0,0,0,0,0,0,1,"- ","- ",38.305011749267578,-121.94930267333984,SOLANO,FAIRFIELD,-121.94924926757812,38.302028656005859
81619561,2021,2021-11-09,4803,2021-11-05,2041,1724,,5,5,5,4803,0,0,0,,0,,"AIR BASE PARKWAY","CLAY BANK ROAD",0.00,,Y,A,-,N,,,,,,,,,,Y,4,0,2,2,A,-,09,21453,C,N,D,C,A,A,H,-,C,A,0,,,,,Y,,A,01,0,0,2,0,0,0,0,0,0,"- ","- ",38.272579193115234,-122.00639343261719,SOLANO,FAIRFIELD,-122.006591796875,38.271816253662109
81622313,2021,2021-11-11,4807,2021-10-05,1053,#671,VALLE,2,5,6,4807,0,0,0,,0,001,"ADMIRAL CALLAGHAN LN","REDWOOD PKWY",0.00,,Y,A,-,N,,,,,,,,,,Y,4,0,1,1,A,-,03,22350,,N,E,I,A,A,H,-,A,A,0,,,,,Y,,A,01,0,0,1,0,0,0,0,0,0,"- ","- ",38.123531341552734,-122.22782897949219,SOLANO,VALLEJO,-122.22791290283203,38.123550415039062
81622316,2021,2021-11-11,4807,2021-10-07,0054,#735,VALLE,4,5,6,4807,0,0,0,,0,005,"TUOLUMNE ST","TENNESSEE ST",360.00,N,N,A,-,N,,,,,,,,,,Y,3,0,1,3,A,-,01,23152,A,N,C,E,A,A,H,-,C,D,0,,,,Y,Y,Y,A,01,0,1,0,0,0,0,0,0,0,"- ","- ",38.109668731689453,-122.23816680908203,SOLANO,VALLEJO,-122.2381591796875,38.110748291015625
81623739,2021,2021-11-15,4807,2021-09-22,1650,#729,VALLE,3,5,6,4807,0,0,0,,0,007,"COUCH ST","SERENO DR",820.00,S,N,A,-,N,,,,,,,,,,Y,4,0,1,4,A,-,08,22107,,N,C,E,A,A,H,-,A,D,0,,,,,Y,,A,01,0,0,1,0,0,0,0,0,0,"- ","- ",38.127429962158203,-122.25145721435547,SOLANO,VALLEJO,-122.25204467773438,38.125431060791016
81623744,2021,2021-11-15,4807,2021-08-19,2352,#742,VALLE,4,5,6,4807,0,0,0,,0,003,"GLEN COVE PKWY","ROBLES WAY",37.00,W,N,A,-,N,,,,,,,,,,Y,3,0,1,3,-,-,"- ",,,N,A,C,A,A,H,-,C,A,0,,,,Y,Y,,-,"- ",0,1,0,0,0,0,0,0,0,"- ","- ",,,SOLANO,VALLEJO,-122.21216583251953,38.083850860595703
81623909,2021,2021-11-15,4807,2021-10-05,0928,G156,VALLE,2,5,6,4807,0,0,0,,0,005,"TENNESSEE ST","HALLIDAY ST",0.00,,Y,B,-,N,,,,,,,,,,Y,4,0,1,2,A,-,09,21801,A,N,D,C,A,A,H,-,A,D,0,,,,,Y,,D,22,0,0,1,0,0,0,0,0,0,"- ","- ",38.109718322753906,-122.24076080322266,SOLANO,VALLEJO,-122.24073791503906,38.109790802001953
81625314,2021,2021-11-16,4803,2021-10-27,1844,1501,,3,5,5,4803,0,0,0,,0,00E,"VANDEN ROAD","CANON ROAD",1335.00,N,N,A,-,N,,,,,,,,,,N,3,0,3,1,A,-,08,22107,,N,E,I,A,A,H,-,D,D,0,,,,,Y,,A,01,0,3,0,0,0,0,0,0,0,"- ","- ",38.305011749267578,-121.94930267333984,SOLANO,FAIRFIELD,-121.94725036621094,38.305339813232422
81625315,2021,2021-11-16,4803,2021-10-28,1310,1694,,4,5,5,4803,0,0,0,,0,00W,"WEST TEXAS STREET","OLIVER ROAD",58.00,E,N,A,-,Y,,,,,,,,,,Y,4,0,3,4,A,-,03,22350,,N,C,C,A,A,D,-,A,D,0,,,,,Y,,A,01,0,0,3,0,0,0,0,0,0,"- ","- ",38.249839782714844,-122.07042694091797,SOLANO,FAIRFIELD,-122.07029724121094,38.249820709228516
81629928,2021,2021-11-19,4803,2021-11-08,1606,1584,SOLAN,1,5,5,4803,0,0,0,,0,00E,"PEPPERTREE DRIVE","CHALICE COURT",33.00,S,N,A,-,N,,,,,,,,,,Y,2,0,1,1,A,-,03,22350,,N,E,I,A,A,H,-,A,D,0,,,,,Y,,A,01,1,0,0,0,0,0,0,0,0,"- ","- ",38.277729034423828,-122.01570892333984,SOLANO,FAIRFIELD,-122.01579284667969,38.277790069580078
81629929,2021,2021-11-19,4803,2021-11-10,1713,1753,SOLAN,3,5,5,4803,0,0,0,,0,00W,"OLIVER ROAD","ROCKVILLE ROAD",383.00,N,N,A,-,N,,,,,,,,,,N,4,0,1,2,A,-,05,21650,1,N,D,G,A,A,H,-,C,D,0,,Y,,,Y,,L,04,0,0,1,0,0,0,1,0,0,"- ","- ",38.249839782714844,-122.07042694091797,SOLANO,FAIRFIELD,-122.0697021484375,38.250675201416016
81629933,2021,2021-11-19,4803,2021-11-16,1143,1742,,2,5,5,4803,0,0,0,,0,0CO,"MANGELS BOULEVARD","GREEN VALLEY ROAD",0.00,,Y,A,-,N,,,,,,,,,,Y,4,0,2,2,A,-,08,22107,,N,D,C,A,A,H,-,A,A,0,,,,,Y,,D,22,0,0,2,0,0,0,0,0,0,"- ","- ",38.222629547119141,-122.14457702636719,SOLANO,FAIRFIELD,-122.14486694335938,38.222675323486328
81629936,2021,2021-11-19,4803,2021-11-16,1426,1753,SOLAN,2,5,5,4803,0,0,0,,0,00E,"EAST TABOR AVENUE","SAN SALVADOR STREET",73.00,S,N,A,-,N,,,,,,,,,,Y,3,0,2,5,A,-,03,22350,,N,C,C,A,A,H,-,A,D,0,,,,,Y,Y,A,01,0,1,1,0,0,0,0,0,0,"- ","- ",38.265449523925781,-122.0283203125,SOLANO,FAIRFIELD,-122.0284423828125,38.265499114990234
81631017,2021,2021-11-22,4807,2021-10-08,1305,#741,VALLE,5,5,6,4807,0,0,0,,0,001,"ADMIRAL CALLAGHAN LN","MAHER CT",608.00,S,N,A,-,N,,,,,,,,,,N,4,0,1,2,A,-,08,22107,,F,B,C,A,A,H,-,A,D,0,,,,,Y,,A,01,0,0,1,0,0,0,0,0,0,"- ","- ",38.1162109375,-122.22952270507812,SOLANO,VALLEJO,-122.22956085205078,38.114566802978516
81631022,2021,2021-11-22,4807,2021-10-15,1534,#752,VALLE,5,5,6,4807,0,0,0,,0,002,"HUMBOLDT ST","LINCOLN RD E",101.00,N,N,A,-,N,,,,,,,,,,Y,4,0,1,3,A,-,09,21804,A,F,D,C,A,A,H,-,A,A,0,,,,,Y,,A,01,0,0,1,0,0,0,0,0,0,"- ","- ",38.108829498291016,-122.22824096679688,SOLANO,VALLEJO,-122.228271484375,38.109077453613281
81631030,2021,2021-11-22,4807,2021-10-19,0046,#748,VALLE,2,5,6,4807,0,0,0,,0,005,"TENNESSEE ST","SUTTER ST",106.00,E,N,A,-,N,,,,,,,,,,N,2,0,1,2,A,-,11,21955,,N,G,B,D,A,H,-,C,D,0,Y,,,,Y,,N,60,1,0,0,0,1,0,0,0,0,"- ","- ",38.109958648681641,-122.25305938720703,SOLANO,VALLEJO,-122.25270080566406,38.109958648681641
81632701,2021,2021-11-23,4803,2021-11-17,1211,1749,,3,5,5,4803,0,0,0,,0,,"NORTH TEXAS STREET","ATLANTIC AVENUE",153.00,N,N,A,-,N,,,,,,,,,,N,4,0,1,3,A,-,04,21703,,N,C,C,A,A,H,-,A,A,0,,,,,Y,,I,11,0,0,1,0,0,0,0,0,0,"- ","- ",38.276111602783203,-122.0340576171875,SOLANO,FAIRFIELD,-122.03420257568359,38.276741027832031
81632703,2021,2021-11-23,4803,2021-11-19,0803,1749,,5,5,5,4803,0,0,0,,0,00E,"EAST TABOR AVENUE","OLIVE AVENUE",132.00,E,N,A,-,N,,,,,,,,,,Y,3,0,3,2,A,-,04,21703,,N,C,C,A,A,H,-,A,D,0,,,,,Y,,A,01,0,1,2,0,0,0,0,0,0,"- ","- ",38.264968872070312,-122.00302886962891,SOLANO,FAIRFIELD,-122.00276947021484,38.265018463134766
81633907,2021,2021-11-24,4807,2021-09-23,0945,744,VALLE,4,5,6,4807,0,0,0,,0,006,"REDWOOD ST","SACRAMENTO ST",775.00,E,N,A,-,N,,,,,,,,,,Y,4,0,1,2,A,-,09,21804,A,N,D,C,A,A,H,-,A,A,0,,,,,Y,,A,01,0,0,1,0,0,0,0,0,0,"- ","- ",38.12213134765625,-122.26213073730469,SOLANO,VALLEJO,-122.25991058349609,38.122825622558594
81635456,2021,2021-11-26,4807,2021-10-21,2120,#747,VALLE,4,5,6,4807,0,0,0,,0,004,"5TH ST","WINCHESTER ST",0.00,,Y,A,-,N,,,,,,,,,,Y,4,0,1,4,A,-,12,22450,A,N,D,C,A,B,H,-,C,D,0,,,,,Y,Y,A,01,0,0,1,0,0,0,0,0,0,"- ","- ",38.087440490722656,-122.24060821533203,SOLANO,VALLEJO,-122.24053192138672,38.087425231933594
8163636,2016,2016-11-17,4803,2016-11-03,1640,1506,,4,5,5,4803,0,0,0,,0,,"PENNSYLVANIA AV","CANTERBURY DR",107.00,N,N,A,-,N,,,,,,,,,,Y,3,0,3,2,A,-,09,21804,A,N,D,C,A,A,H,-,A,D,0,,,,,Y,,A,01,0,1,2,0,0,0,0,0,0,"- ","- ",38.266559999999998,-122.04983,SOLANO,FAIRFIELD,-122.04994438999999,38.26692388
8163664,2016,2016-11-17,4803,2016-11-08,1951,1625,,2,5,5,4803,0,0,0,,0,,"DICKSON HILL RD","EVERGREEN DR",0.00,,Y,A,-,N,,,,,,,,,,Y,4,0,1,2,A,-,01,23152,A,N,C,C,A,A,H,-,C,D,0,,,,,Y,Y,A,01,0,0,1,0,0,0,0,0,0,"- ","- ",38.288820000000001,-122.01672000000001,SOLANO,FAIRFIELD,-122.01677991,38.288699919999999
8163672,2016,2016-11-17,4803,2016-11-07,1907,1584,SOLAN,1,5,5,4803,0,0,0,,0,00E,"AIR BASE PKWY","PEABODY RD",200.00,W,N,A,-,N,,,,,,,,,,Y,4,0,1,1,A,-,08,22107,,N,F,J,A,A,H,-,D,D,0,,,,,Y,,A,01,0,0,1,0,0,0,0,0,0,"- ","- ",38.272530000000003,-121.96959,SOLANO,FAIRFIELD,-121.97038676,38.272538500000003
81637640,2021,2021-11-30,4803,2021-11-28,1431,1742,,7,5,5,4803,0,0,0,,0,00E,"EAST TABOR AVENUE","WALTERS ROAD",25.00,W,N,A,-,N,,,,,,,,,,N,4,0,1,2,A,-,06,21750,,F,B,C,A,A,H,-,A,A,0,,,,,Y,,A,01,0,0,1,0,0,0,0,0,0,"- ","- ",38.264720916748047,-121.98786163330078,SOLANO,FAIRFIELD,-121.98822784423828,38.264888763427734