CASE_ID,ACCIDENT_YEAR,PROC_DATE,JURIS,COLLISION_DATE,COLLISION_TIME,OFFICER_ID,REPORTING_DISTRICT,DAY_OF_WEEK,CHP_SHIFT,POPULATION,CNTY_CITY_LOC,SPECIAL_COND,BEAT_TYPE,CHP_BEAT_TYPE,CITY_DIVISION_LAPD,CHP_BEAT_CLASS,BEAT_NUMBER,PRIMARY_RD,SECONDARY_RD,DISTANCE,DIRECTION,INTERSECTION,WEATHER_1,WEATHER_2,STATE_HWY_IND,CALTRANS_COUNTY,CALTRANS_DISTRICT,STATE_ROUTE,ROUTE_SUFFIX,POSTMILE_PREFIX,POSTMILE,LOCATION_TYPE,RAMP_INTERSECTION,SIDE_OF_HWY,TOW_AWAY,COLLISION_SEVERITY,NUMBER_KILLED,NUMBER_INJURED,PARTY_COUNT,PRIMARY_COLL_FACTOR,PCF_CODE_OF_VIOL,PCF_VIOL_CATEGORY,PCF_VIOLATION,PCF_VIOL_SUBSECTION,HIT_AND_RUN,TYPE_OF_COLLISION,MVIW,PED_ACTION,ROAD_SURFACE,ROAD_COND_1,ROAD_COND_2,LIGHTING,CONTROL_DEVICE,CHP_ROAD_TYPE,PEDESTRIAN_ACCIDENT,BICYCLE_ACCIDENT,MOTORCYCLE_ACCIDENT,TRUCK_ACCIDENT,NOT_PRIVATE_PROPERTY,ALCOHOL_INVOLVED,STWD_VEHTYPE_AT_FAULT,CHP_VEHTYPE_AT_FAULT,COUNT_SEVERE_INJ,COUNT_VISIBLE_INJ,COUNT_COMPLAINT_PAIN,COUNT_PED_KILLED,COUNT_PED_INJURED,COUNT_BICYCLIST_KILLED,COUNT_BICYCLIST_INJURED,COUNT_MC_KILLED,COUNT_MC_INJURED,PRIMARY_RAMP,SECONDARY_RAMP,LATITUDE,LONGITUDE,COUNTY,CITY,POINT_X,POINT_Y
81841951,2022,2022-08-17,4803,2022-08-12,0835,1772,,5,5,5,4803,0,0,0,,0,005,"AIR BASE PARKWAY","NORTH TEXAS STREET",767.00,W,N,A,-,N,,,,,,,,,,N,4,0,1,3,A,-,04,21703,,N,C,C,A,A,H,-,A,A,0,,,,,Y,,A,01,0,0,1,0,0,0,0,0,0,"- ","- ",38.272930145263672,-122.03417205810547,SOLANO,FAIRFIELD,-122.03466033935547,38.273044586181641
81841954,2022,2022-08-17,4803,2022-08-12,2039,1730,4803,5,5,5,4803,0,0,0,,0,006,"TRAVIS BOULEVARD","NORTH TEXAS STREET",217.00,W,N,-,-,N,,,,,,,,,,N,4,0,2,3,A,-,01,23152,A,N,C,C,A,A,H,-,C,A,0,,,,,Y,Y,A,01,0,0,2,0,0,0,0,0,0,"- ","- ",38.258121490478516,-122.03420257568359,SOLANO,FAIRFIELD,-122.03492736816406,38.258258819580078
81844807,2022,2022-08-22,4807,2022-06-29,0250,#760,VALLE,3,5,6,4807,0,0,0,,0,007,"SERENO DR","BROADWAY ST",590.00,E,N,A,-,N,,,,,,,,,,N,2,0,1,2,A,-,11,21954,A,F,G,B,D,A,H,-,C,A,0,Y,,,,Y,,N,60,1,0,0,0,1,0,0,0,0,"- ","- ",38.127689361572266,-122.25151824951172,SOLANO,VALLEJO,-122.24953460693359,38.128086090087891
81844811,2022,2022-08-22,4807,2022-07-16,1907,#635,VALLE,6,5,6,4807,0,0,0,,0,003,"GLEN COVE RD","ROBLES WY",0.00,,Y,A,-,N,,,,,,,,,,Y,3,0,2,2,A,-,12,21453,A,N,D,C,A,A,H,-,A,A,0,,,,,Y,,-,"- ",0,1,1,0,0,0,0,0,0,"- ","- ",38.083950042724609,-122.21222686767578,SOLANO,VALLEJO,-122.21215057373047,38.083950042724609
81844951,2022,2022-08-22,4807,2022-04-28,0331,#748,VALLE,4,5,6,4807,0,0,0,,0,006,"MARIN ST","CAROLINA ST",41.00,N,N,A,-,N,,,,,,,,,,N,3,0,1,1,A,-,03,22350,,N,E,J,A,A,C,-,C,D,0,,,Y,,Y,,C,02,0,1,0,0,0,0,0,0,1,"- ","- ",38.104091644287109,-122.25660705566406,SOLANO,VALLEJO,-122.25653839111328,38.104190826416016
81846100,2022,2022-08-23,4803,2022-08-13,0750,1772,,6,5,5,4803,0,0,0,,0,002,"RT 12","BECK AVENUE",0.00,,Y,A,-,N,,,,,,,,,,N,4,0,3,2,A,-,12,21453,A,N,D,C,A,A,H,-,A,A,0,,,,,Y,,A,07,0,0,3,0,0,0,0,0,0,"- ","- ",38.240341186523438,-122.06636047363281,SOLANO,FAIRFIELD,-122.06631469726562,38.240440368652344
81847322,2022,2022-08-24,4807,2022-04-24,2248,#635,VALLE,7,5,6,4807,0,0,0,,0,007,"SONOMA BL","YOLANO DR",15.00,N,N,A,-,Y,SOL,,29,,,4.365,H,,R,Y,1,1,0,2,A,-,11,21456,B,N,G,B,D,A,H,-,C,A,0,Y,,,,Y,,N,60,0,0,0,1,0,0,0,0,0,"- ","- ",38.132419586181641,-122.25614929199219,SOLANO,VALLEJO,-122.25591278076172,38.132434844970703
81850259,2022,2022-08-26,4803,2022-08-17,0822,1742,,3,5,5,4803,0,0,0,,0,006,"EAST TRAVIS BOULEVARD","KIDDER AVENUE",43.00,E,N,A,-,N,,,,,,,,,,N,3,0,4,3,A,-,03,22350,,N,C,C,A,A,H,-,A,D,0,,,,,Y,,A,01,0,1,3,0,0,0,0,0,0,"- ","- ",38.258098602294922,-122.03014373779297,SOLANO,FAIRFIELD,-122.03003692626953,38.258220672607422
81850272,2022,2022-08-26,4803,2022-08-25,0152,1649,,4,5,5,4803,0,0,0,,0,006,"EAST TRAVIS BOULEVARD","PHOENIX DRIVE",210.00,W,N,A,-,N,,,,,,,,,,Y,4,0,1,2,A,-,01,23152,A,F,C,E,A,A,D,-,C,D,0,,,,Y,Y,Y,A,01,0,0,1,0,0,0,0,0,0,"- ","- ",38.258220672607422,-122.02313995361328,SOLANO,FAIRFIELD,-122.02370452880859,38.258182525634766
81851075,2022,2022-08-29,4807,2022-06-23,1346,#755,VALLE,4,5,6,4807,0,0,0,,0,005,"TUOLUMNE ST","CASSADY ST",0.00,,Y,A,-,N,,,,,,,,,,Y,4,0,1,3,A,-,08,22107,,F,A,E,A,A,H,-,A,D,0,,,,,Y,,A,07,0,0,1,0,0,0,0,0,0,"- ","- ",38.107429504394531,-122.23822021484375,SOLANO,VALLEJO,-122.23818206787109,38.107376098632812
8185258,2016,2016-12-30,4803,2016-12-05,1945,1563,4802,1,5,5,4803,0,0,0,,0,0CE,"EAST TRAVIS BL","SAN BRUNO ST",100.00,W,N,A,-,N,,,,,,,,,,Y,4,0,1,2,A,-,03,22350,,N,C,C,A,A,H,-,C,A,0,,,,,Y,,A,01,0,0,1,0,0,0,0,0,0,"- ","- ",,,SOLANO,FAIRFIELD,-122.02754,38.258369999999999
81852610,2022,2022-08-30,4803,2022-08-26,1450,652,,5,5,5,4803,0,0,0,,0,,"FAIRFIELD AVENUE","CHURCHILL DRIVE",9.00,S,N,A,-,Y,,,,,,,,,,Y,4,0,1,2,A,-,03,22350,,N,C,C,A,A,H,-,A,D,0,,,,,Y,,A,01,0,0,1,0,0,0,0,0,0,"- ","- ",38.263931274414062,-122.04515838623047,SOLANO,FAIRFIELD,-122.04521179199219,38.26397705078125
81852615,2022,2022-08-30,4803,2022-08-13,2010,1751,4803,6,5,5,4803,0,0,0,,0,002,"RT 12","PENNSYLVANIA AVENUE",0.00,,Y,A,-,Y,SOL,,12,,R,4.075,H,,R,N,4,0,3,3,A,-,12,21453,A,N,D,C,A,A,H,-,B,A,0,,,,,Y,,A,01,0,0,3,0,0,0,0,0,0,"- ","- ",38.241249084472656,-122.05042266845703,SOLANO,FAIRFIELD,-122.05040740966797,38.241199493408203
81852618,2022,2022-08-30,4803,2022-08-25,1447,1694,,4,5,5,4803,0,0,0,,0,005,"PEACH TREE DRIVE","HEATH DRIVE",248.00,E,N,A,-,N,,,,,,,,,,Y,4,0,1,2,A,-,08,22107,,N,A,E,A,A,H,-,A,D,0,,,,,Y,,A,01,0,0,1,0,0,0,0,0,0,"- ","- ",38.271980285644531,-122.04280090332031,SOLANO,FAIRFIELD,-122.04195404052734,38.271739959716797
81852633,2022,2022-08-30,4803,2022-08-28,0559,1632,,7,5,5,4803,0,0,0,,0,002,"RALEIGH DRIVE","AUTO MALL PARKWAY",35.00,S,N,A,-,N,,,,,,,,,,Y,3,0,1,1,A,-,08,22107,,N,E,I,A,A,H,-,B,D,0,,,,,Y,,A,01,0,1,0,0,0,0,0,0,0,"- ","- ",38.2452392578125,-122.07894897460938,SOLANO,FAIRFIELD,-122.078857421875,38.245273590087891
8185383,2016,2016-12-15,4807,2016-12-05,0952,599,4807,1,5,6,4807,0,0,0,,0,008,"WHITNEY AV",OLYMPIC,91.00,W,N,A,-,N,,,,,,,,,,Y,4,0,1,1,A,-,08,22107,,N,E,I,A,A,H,-,A,D,0,,,,,Y,,A,01,0,0,1,0,0,0,0,0,0,"- ","- ",,,SOLANO,VALLEJO,-122.24317120000001,38.146406859999999
8185477,2016,2016-12-15,4803,2016-11-23,1634,1578,,3,5,5,4803,0,0,0,,0,00S,"COURAGE DR","N WATNEY WY",0.00,,Y,A,-,N,,,,,,,,,,N,4,0,1,3,A,-,09,21802,A,N,D,C,A,A,H,-,A,A,0,,,,,Y,,A,01,0,0,1,0,0,0,0,0,0,"- ","- ",38.234319999999997,-122.07894,SOLANO,FAIRFIELD,-122.07900998,38.234259989999998
81854843,2022,2022-09-01,4803,2022-08-30,2047,1760,,2,5,5,4803,0,0,0,,0,008,"VANDEN ROAD","LAKE TRAIL",0.00,,Y,A,-,N,,,,,,,,,,Y,4,0,1,2,A,-,08,22107,,F,B,C,A,A,H,-,C,D,0,,,Y,,Y,Y,C,03,0,0,1,0,0,0,0,0,0,"- ","- ",38.297710418701172,-121.95195770263672,SOLANO,FAIRFIELD,-121.951959,38.297710000000002
81856555,2022,2022-09-05,4803,2022-08-24,0851,1749,,3,5,5,4803,0,0,0,,0,002,"BECK AVENUE","WOOLNER AVENUE",375.00,N,N,A,-,N,,,,,,,,,,N,3,0,1,2,A,-,08,22107,,N,B,G,A,A,H,-,A,D,0,,Y,,,Y,,L,04,0,1,0,0,0,0,1,0,0,"- ","- ",38.245128631591797,-122.06625366210938,SOLANO,FAIRFIELD,-122.06623840332031,38.246238708496094
8185682,2016,2017-03-03,4807,2016-11-19,1648,651,VALLE,6,5,6,4807,0,0,0,,0,008,"SONOMA BL","MEADOWS DR",300.00,N,N,C,-,Y,SOL,4,29,-,-,5.430,H,-,N,Y,4,0,2,3,A,-,03,22350,,N,C,C,A,B,H,-,B,D,0,,,,,Y,,A,,0,0,2,0,0,0,0,0,0,"- ","- ",,,SOLANO,VALLEJO,-122.25456789,38.148750679999999
81856908,2022,2022-09-05,4807,2022-07-15,1203,G154,VALLE,5,5,6,4807,0,0,0,,0,001,"ADMIRAL CALLAGHAN LN","SUNSHINE COURT",356.00,N,N,A,-,N,,,,,,,,,,N,4,0,1,2,A,-,05,21460,A,N,A,C,A,A,H,-,A,D,0,,,,,Y,,A,01,0,0,1,0,0,0,0,0,0,"- ","- ",,,SOLANO,VALLEJO,,
81856911,2022,2022-09-05,4807,2022-07-20,1650,#762,VALLE,3,5,6,4807,0,0,0,,0,004,"SONOMA BL","CHERRY ST",0.00,,Y,A,-,Y,SOL,,29,,,0.781,H,,R,N,4,0,1,2,A,-,12,22450,A,F,D,C,A,A,H,-,A,A,0,,,,,Y,,A,01,0,0,1,0,0,0,0,0,0,"- ","- ",38.085140228271484,-122.24108123779297,SOLANO,VALLEJO,-122.24105834960938,38.085155487060547
81859384,2022,2022-09-08,4803,2022-09-03,1414,1742,,6,5,5,4803,0,0,0,,0,005,"NORTH TEXAS STREET","PACIFIC AVENUE",511.00,S,N,A,-,N,,,,,,,,,,N,4,0,1,2,A,-,03,22350,,F,C,C,A,A,H,-,A,D,0,,,,,Y,,A,01,0,0,1,0,0,0,0,0,0,"- ","- ",38.268928527832031,-122.03414916992188,SOLANO,FAIRFIELD,-122.0341796875,38.267444610595703
81860401,2022,2022-09-09,4803,2022-08-18,0400,1765,,4,5,4,4805,0,0,0,,0,001,"MAIN STREET","CORDELIA STREET",30.00,N,N,A,-,N,,,,,,,,,,Y,4,0,1,2,A,-,03,22350,,M,C,E,A,A,H,-,C,D,0,,,,,Y,,A,01,0,0,1,0,0,0,0,0,0,"- ","- ",38.235881805419922,-122.04055786132812,SOLANO,"SUISUN CITY",-122.04061126708984,38.2359619140625
81860548,2022,2022-09-09,4807,2022-08-02,1553,#766,VALLE,2,5,6,4807,0,0,0,,0,005,"BROADWAY ST","TENNESSEE ST",65.00,S,N,A,-,N,,,,,,,,,,N,4,0,1,2,A,-,03,22350,,F,C,C,A,A,H,-,A,A,0,,,,,Y,,A,07,0,0,1,0,0,0,0,0,0,"- ","- ",38.109859466552734,-122.24861907958984,SOLANO,VALLEJO,-122.24859619140625,38.109722137451172
81861242,2022,2022-09-12,4803,2022-08-28,1833,1724,,7,5,5,4803,0,0,0,,0,007,"CLAY BANK ROAD","GULF DRIVE",0.00,,Y,A,-,N,,,,,,,,,,N,4,0,1,2,A,-,06,21755,A,N,D,C,A,A,H,-,A,A,0,,,,,Y,,A,07,0,0,1,0,0,0,0,0,0,"- ","- ",38.284290313720703,-122.00502777099609,SOLANO,FAIRFIELD,-122.00374603271484,38.284381866455078
81861246,2022,2022-09-12,4803,2022-09-07,2210,1594,,3,5,5,4803,0,0,0,,0,007,"EAST ATLANTIC AVENUE","CEMENT HILL ROAD",194.00,S,N,A,-,N,,,,,,,,,,Y,3,0,1,1,A,-,01,23152,F,N,E,I,A,A,H,-,C,D,0,,,,,Y,,A,07,0,1,0,0,0,0,0,0,0,"- ","- ",38.276561737060547,-122.03098297119141,SOLANO,FAIRFIELD,-122.03059387207031,38.276386260986328
81864800,2022,2022-09-15,4803,2022-09-08,1235,1742,,4,5,5,4803,0,0,0,,0,005,"DOVER AVENUE","AIR BASE PARKWAY",175.00,S,N,A,-,N,,,,,,,,,,Y,4,0,1,2,A,-,21,22106,,N,C,C,A,A,H,-,A,A,0,,,,,Y,,D,22,0,0,1,0,0,0,0,0,0,"- ","- ",38.272830963134766,-122.02507781982422,SOLANO,FAIRFIELD,-122.02491760253906,38.272239685058594
81868417,2022,2022-09-20,4803,2022-09-14,1146,1771,,3,5,5,4803,0,0,0,,0,005,"NORTH TEXAS STREET","EAST TABOR AVENUE",0.00,,Y,A,-,N,,,,,,,,,,N,3,0,1,2,A,-,05,21202,A,N,A,G,A,A,H,-,A,A,0,,Y,,,Y,,L,04,0,1,0,0,0,0,1,0,0,"- ","- ",38.265651702880859,-122.0341796875,SOLANO,FAIRFIELD,-122.03418731689453,38.265571594238281
81871749,2022,2022-09-23,4807,2022-01-01,2123,#705,VALLE,6,5,6,4807,0,0,0,,0,005,"SHASTA ST","NEBRASKA ST",148.00,N,N,A,-,N,,,,,,,,,,Y,1,2,0,3,A,-,08,22107,,N,E,I,A,A,H,-,C,D,0,,,,,Y,,A,01,0,0,0,0,0,0,0,0,0,"- ","- ",38.113288879394531,-122.23467254638672,SOLANO,VALLEJO,-122.23467254638672,38.113685607910156
81872606,2022,2022-09-26,4807,2022-07-21,1116,#755,VALLE,4,5,6,4807,0,0,0,,0,007,"BROADWAY ST","COUCH ST",0.00,E,Y,A,-,N,,,,,,,,,,N,4,0,2,2,A,-,09,21802,A,N,D,C,A,A,H,-,A,A,0,,,,,Y,,A,01,0,0,2,0,0,0,0,0,0,"- ","- ",38.127429962158203,-122.25145721435547,SOLANO,VALLEJO,-122.25148773193359,38.127475738525391
81872609,2022,2022-09-26,4807,2022-08-05,1607,G154,VALLE,5,5,6,4807,0,0,0,,0,007,"TUOLUMNE ST","PEACH ST",0.00,,Y,A,-,N,,,,,,,,,,Y,4,0,2,2,A,-,08,22100,B,N,D,C,A,A,H,-,A,D,0,,,,,Y,,A,01,0,0,2,0,0,0,0,0,0,"- ","- ",38.136638641357422,-122.24758148193359,SOLANO,VALLEJO,-122.24748992919922,38.136634826660156
81873919,2022,2022-09-27,4803,2022-09-24,1340,1697,,6,5,5,4803,0,0,0,,0,,"WATERMAN BOULEVARD","I80 EB ON RAMP",0.00,,Y,A,-,N,,,,,,,,,,N,4,0,1,2,A,-,12,21453,A,N,D,C,A,A,H,-,A,A,0,,,,,Y,,A,01,0,0,1,0,0,0,0,0,0,"- ","- ",38.273151397705078,-122.05245208740234,SOLANO,FAIRFIELD,-122.04979705810547,38.27337646484375
81878327,2022,2022-09-30,4803,2022-09-22,0706,1742,,4,5,5,4803,0,0,0,,0,002,"RT 12","BECK AVENUE",0.00,,Y,A,-,N,,,,,,,,,,Y,4,0,1,2,A,-,09,21804,A,N,D,C,A,A,H,-,A,A,0,,,,,Y,,A,01,0,0,1,0,0,0,0,0,0,"- ","- ",38.240341186523438,-122.06636047363281,SOLANO,FAIRFIELD,-122.06631469726562,38.240440368652344
81878334,2022,2022-09-30,4803,2022-09-27,2213,1762,SOLAN,2,5,5,4803,0,0,0,,0,001,"PITTMAN ROAD","LINK ROAD",25.00,W,N,A,-,N,,,,,,,,,,Y,3,0,1,1,A,-,03,22350,,N,E,I,A,A,H,-,D,D,0,,,,,Y,,A,07,0,1,0,0,0,0,0,0,0,"- ","- ",38.21826171875,-122.12950134277344,SOLANO,FAIRFIELD,-122.12952423095703,38.218242645263672
8188258,2016,2016-12-13,4803,2016-11-04,1457,1524,,5,5,5,4803,0,0,0,,0,00S,"TEXAS ST","MADISON ST",33.00,E,N,A,-,N,,,,,,,,,,Y,4,0,1,3,A,-,03,22350,,N,C,C,A,A,H,-,A,A,0,,,,,Y,,A,01,0,0,1,0,0,0,0,0,0,"- ","- ",38.24924,-122.04568999999999,SOLANO,FAIRFIELD,-122.04582506,38.24924
81883669,2022,2022-10-06,4807,2022-08-06,2009,#747,VALLE,6,5,6,4807,0,0,0,,0,004,"CURTOLA PKWY","EL DORADO ST",0.00,,Y,A,-,N,,,,,,,,,,Y,4,0,5,3,A,-,12,22450,A,N,D,C,A,A,H,-,A,D,0,,,,,Y,,A,01,0,0,5,0,0,0,0,0,0,"- ","- ",38.096931457519531,-122.25006866455078,SOLANO,VALLEJO,-122.25000762939453,38.097007751464844
81884534,2022,2022-10-07,4803,2022-09-18,1554,1628,,7,5,5,4803,0,0,0,,0,004,"TRAVIS BOULEVARD","PENNSYLVANIA AVENUE",850.00,W,N,A,-,N,,,,,,,,,,Y,3,0,5,3,A,-,08,22107,,F,C,C,A,A,H,-,A,D,0,,,,,Y,,A,01,0,1,4,0,0,0,0,0,0,"- ","- ",38.258129119873047,-122.04988098144531,SOLANO,FAIRFIELD,-122.05297088623047,38.258182525634766
81886802,2022,2022-10-11,4803,2022-09-18,1010,1728,,7,5,5,4803,0,0,0,,0,001,"NEITZEL ROAD","BUSINESS CENTER DRIVE",633.00,S,N,C,-,N,,,,,,,,,,Y,4,0,1,1,A,-,03,22350,,N,E,I,A,B,H,-,A,D,0,,,,,Y,,A,01,0,0,1,0,0,0,0,0,0,"- ","- ",38.219070434570312,-122.14026641845703,SOLANO,FAIRFIELD,-122.13853454589844,38.218307495117188
81886806,2022,2022-10-11,4803,2022-09-19,1552,1749,,1,5,5,4803,0,0,0,,0,008,"MARKELEY LANE","SAMO LANE",104.00,W,N,A,-,N,,,,,,,,,,N,4,0,2,2,A,-,09,21801,A,N,D,C,A,A,H,-,A,D,0,,,,,Y,,A,01,0,0,2,0,0,0,0,0,0,"- ","- ",38.283199310302734,-121.96280670166016,SOLANO,FAIRFIELD,-121.96424102783203,38.283180236816406
81886815,2022,2022-10-11,4803,2022-09-28,2023,1678,4803,3,5,5,4803,0,0,0,,0,001,"MANGELS BOULEVARD","GREEN VALLEY ROAD",150.00,W,N,A,-,N,,,,,,,,,,Y,3,0,1,1,D,-,00,,,N,F,A,A,A,H,-,C,A,0,,,Y,,Y,Y,-,"- ",0,1,0,0,0,0,0,0,1,"- ","- ",38.222629547119141,-122.14467620849609,SOLANO,FAIRFIELD,-122.14536285400391,38.222537994384766
81886816,2022,2022-10-11,4803,2022-09-30,0645,1663,,5,5,5,4803,0,0,0,,0,002,"AUTO MALL PARKWAY","FAIRFIELD  AUTO MALL CHADBOURNE ROAD",436.00,E,N,A,-,N,,,,,,,,,,N,3,0,1,2,A,-,08,22100,B,N,D,C,A,A,H,-,B,D,0,,,Y,,Y,,A,01,0,1,0,0,0,0,0,0,1,"- ","- ",38.241069793701172,-122.08468627929688,SOLANO,FAIRFIELD,-122.08349609375,38.241756439208984
81886821,2022,2022-10-11,4803,2022-10-04,1208,1771,,2,5,5,4803,0,0,0,,0,,"PEABODY ROAD","WATER WORKS LANE",1519.00,S,N,A,-,N,,,,,,,,,,N,4,0,1,2,A,-,04,21703,,N,C,C,A,A,H,-,A,D,0,,,,,Y,,A,07,0,0,1,0,0,0,0,0,0,"- ","- ",38.295978546142578,-121.96932220458984,SOLANO,FAIRFIELD,-121.969482421875,38.291938781738281
81887907,2022,2022-10-12,4803,2022-10-05,1736,1772,,3,5,5,4803,0,0,0,,0,006,"EAST TRAVIS BOULEVARD","SAN BRUNO STREET",46.00,E,N,A,-,N,,,,,,,,,,N,4,0,1,2,A,-,04,21703,,N,C,C,A,A,H,-,A,A,0,,,,,Y,,A,01,0,0,1,0,0,0,0,0,0,"- ","- ",38.258251190185547,-122.02760314941406,SOLANO,FAIRFIELD,-122.02738189697266,38.258216857910156
81887910,2022,2022-10-12,4803,2022-10-07,0825,1786,,5,5,5,4803,0,0,0,,0,007,"DOVER AVENUE","EAST ATLANTIC AVENUE",5.00,S,N,A,-,N,,,,,,,,,,N,4,0,1,2,A,-,05,21650,1,N,H,G,A,A,H,-,A,A,0,,Y,,,Y,,L,04,0,0,1,0,0,0,1,0,0,"- ","- ",38.276229858398438,-122.02503967285156,SOLANO,FAIRFIELD,-122.02490997314453,38.276226043701172
81890835,2022,2022-10-17,4803,2022-10-03,0801,1749,,1,5,5,4803,0,0,0,,0,008,"EAST TABOR AVENUE","KALIS STREET",0.00,,Y,A,-,N,,,,,,,,,,N,3,0,1,2,A,-,05,21650,1,N,D,G,A,A,A,-,A,A,0,,Y,,,Y,,L,04,0,1,0,0,0,0,1,0,0,"- ","- ",38.264759063720703,-121.99066162109375,SOLANO,FAIRFIELD,-121.99071502685547,38.264923095703125
81890837,2022,2022-10-17,4803,2022-10-03,1905,1771,,1,5,5,4803,0,0,0,,0,003,"TRAVIS BOULEVARD","HOLIDAY LANE",0.00,,Y,A,-,N,,,,,,,,,,N,4,0,1,2,D,-,00,,,F,B,C,A,A,H,-,A,A,0,,,,,Y,,-,"- ",0,0,1,0,0,0,0,0,0,"- ","- ",38.258369445800781,-122.06507110595703,SOLANO,FAIRFIELD,-122.06504821777344,38.258224487304688
81893426,2022,2022-10-19,4803,2022-08-21,1600,1563,,7,5,5,4803,0,0,0,,0,,"UNION AVENUE","PACIFIC AVENUE",194.00,N,N,A,-,N,,,,,,,,,,N,3,0,1,2,A,-,11,21955,,N,G,B,D,A,H,-,A,D,0,Y,,,,Y,,N,60,0,1,0,0,1,0,0,0,0,"- ","- ",38.268791198730469,-122.04055023193359,SOLANO,FAIRFIELD,-122.04050445556641,38.269233703613281
81894917,2022,2022-10-20,4807,2022-09-02,1139,#761,VALLE,5,5,6,4807,0,0,0,,0,005,"FLORIDA ST","TUOLUMNE ST",17.00,N,N,A,-,N,,,,,,,,,,N,4,0,1,2,A,-,10,21950,A,N,G,B,B,A,H,-,A,A,0,Y,,,,Y,,A,01,0,0,1,0,1,0,0,0,0,"- ","- ",38.104831695556641,-122.23825836181641,SOLANO,VALLEJO,-122.23821258544922,38.104808807373047
81894926,2022,2022-10-20,4807,2022-09-06,1909,#764,VALLE,2,5,6,4807,0,0,0,,0,005,"ALABAMA ST","MONTEREY ST",125.00,W,N,A,-,N,,,,,,,,,,N,3,0,1,4,A,-,03,22350,,N,C,E,E,A,H,-,B,A,0,Y,,Y,,Y,,A,01,0,1,0,0,1,0,0,0,0,"- ","- ",38.108921051025391,-122.24649810791016,SOLANO,VALLEJO,-122.24683380126953,38.108875274658203
81894933,2022,2022-10-20,4807,2022-09-09,0831,G154,VALLE,5,5,6,4807,0,0,0,,0,001,"REDWOOD PKWY","EAGLE RIDGE DR",0.00,,Y,A,-,N,,,,,,,,,,N,4,0,2,2,A,-,09,21801,A,N,D,C,A,A,H,-,A,D,0,,,,,Y,,A,01,0,0,2,0,0,0,0,0,0,"- ","- ",38.126758575439453,-122.20371246337891,SOLANO,VALLEJO,-122.20379638671875,38.126953125
81894948,2022,2022-10-20,4807,2022-09-16,1635,#752,VALLE,5,5,6,4807,0,0,0,,0,005,"ALAMEDA ST","SPRINGS RD",25.00,N,N,A,-,N,,,,,,,,,,Y,3,0,1,1,A,-,05,21460,A,N,E,I,A,A,H,-,A,D,0,,,Y,,Y,,C,02,0,1,0,0,0,0,0,0,1,"- ","- ",38.106288909912109,-122.24822998046875,SOLANO,VALLEJO,-122.24822998046875,38.106353759765625
8189504,2016,2017-01-12,4805,2016-10-25,1420,5L68,4806,2,5,4,4805,0,0,0,,0,002,"CANVASBACK DR","CANVASBACK DR 323",0.00,,Y,A,-,N,,,,,,,,,,Y,2,0,2,2,A,-,08,22107,,N,D,C,A,B,H,-,A,D,0,,,,,Y,,A,01,1,0,1,0,0,0,0,0,0,"- ","- ",,,SOLANO,"SUISUN CITY",-122.01738238,38.252792309999997
8189527,2016,2016-12-19,4805,2016-09-18,1855,5L84,4805,7,5,4,4805,0,0,0,,0,002,"HONKER LN","SNOW DR",452.00,E,N,A,-,N,,,,,,,,,,N,3,0,1,2,A,-,11,21950,B,N,G,B,D,A,H,-,B,D,0,Y,,,,Y,,N,60,0,1,0,0,1,0,0,0,0,"- ","- ",38.244120000000002,-122.01488000000001,SOLANO,"SUISUN CITY",-122.0132761,38.24407326
8189531,2016,2016-12-19,4805,2016-09-25,1832,5L86,4805,7,5,4,4805,0,0,0,,0,003,"PINTAIL DR","WHITNEY AV",48.00,S,N,A,-,N,,,,,,,,,,Y,4,0,2,4,A,-,09,21801,A,N,A,C,A,A,H,-,A,-,0,,,,,Y,,A,01,0,0,2,0,0,0,0,0,0,"- ","- ",38.248919999999998,-121.98971,SOLANO,"SUISUN CITY",-121.9897,38.248919999999998
8189539,2016,2016-12-19,4805,2016-09-10,0609,5L82,4805,6,5,4,4805,0,0,0,,0,003,"WALTERS RD","PETERSEN RD",0.00,,Y,A,-,N,,,,,,,,,,Y,4,0,1,2,A,-,08,22107,,N,D,C,A,A,H,-,A,A,0,,,,,Y,,A,01,0,0,1,0,0,0,0,0,0,"- ","- ",38.243479999999998,-121.98815,SOLANO,"SUISUN CITY",-121.98825988999999,38.243469990000001
81897236,2022,2022-10-24,4807,2022-09-19,1746,#764,VALLE,1,5,6,4807,0,0,0,,0,004,"CURTOLA PKWY","SOLANO AV",160.00,E,N,A,-,N,,,,,,,,,,Y,4,0,1,1,A,-,08,22107,,N,E,I,A,A,H,-,A,A,0,,,,,Y,,D,22,0,0,1,0,0,0,0,0,0,"- ","- ",38.096969604492188,-122.24687957763672,SOLANO,VALLEJO,-122.24633026123047,38.096923828125
81899329,2022,2022-10-26,4803,2022-10-11,0843,1749,,2,5,5,4803,0,0,0,,0,,"HILBORN ROAD","WATERMAN BOULEVARD",48.00,N,N,A,-,N,,,,,,,,,,Y,3,0,6,5,A,-,01,23153,F,N,E,I,A,A,H,-,A,A,0,,,,,Y,,D,22,0,1,5,0,0,0,0,0,0,"- ","- ",38.273399353027344,-122.05252075195312,SOLANO,FAIRFIELD,-122.05252838134766,38.2734375