CASE_ID,ACCIDENT_YEAR,PROC_DATE,JURIS,COLLISION_DATE,COLLISION_TIME,OFFICER_ID,REPORTING_DISTRICT,DAY_OF_WEEK,CHP_SHIFT,POPULATION,CNTY_CITY_LOC,SPECIAL_COND,BEAT_TYPE,CHP_BEAT_TYPE,CITY_DIVISION_LAPD,CHP_BEAT_CLASS,BEAT_NUMBER,PRIMARY_RD,SECONDARY_RD,DISTANCE,DIRECTION,INTERSECTION,WEATHER_1,WEATHER_2,STATE_HWY_IND,CALTRANS_COUNTY,CALTRANS_DISTRICT,STATE_ROUTE,ROUTE_SUFFIX,POSTMILE_PREFIX,POSTMILE,LOCATION_TYPE,RAMP_INTERSECTION,SIDE_OF_HWY,TOW_AWAY,COLLISION_SEVERITY,NUMBER_KILLED,NUMBER_INJURED,PARTY_COUNT,PRIMARY_COLL_FACTOR,PCF_CODE_OF_VIOL,PCF_VIOL_CATEGORY,PCF_VIOLATION,PCF_VIOL_SUBSECTION,HIT_AND_RUN,TYPE_OF_COLLISION,MVIW,PED_ACTION,ROAD_SURFACE,ROAD_COND_1,ROAD_COND_2,LIGHTING,CONTROL_DEVICE,CHP_ROAD_TYPE,PEDESTRIAN_ACCIDENT,BICYCLE_ACCIDENT,MOTORCYCLE_ACCIDENT,TRUCK_ACCIDENT,NOT_PRIVATE_PROPERTY,ALCOHOL_INVOLVED,STWD_VEHTYPE_AT_FAULT,CHP_VEHTYPE_AT_FAULT,COUNT_SEVERE_INJ,COUNT_VISIBLE_INJ,COUNT_COMPLAINT_PAIN,COUNT_PED_KILLED,COUNT_PED_INJURED,COUNT_BICYCLIST_KILLED,COUNT_BICYCLIST_INJURED,COUNT_MC_KILLED,COUNT_MC_INJURED,PRIMARY_RAMP,SECONDARY_RAMP,LATITUDE,LONGITUDE,COUNTY,CITY,POINT_X,POINT_Y
81936651,2022,2022-12-07,4805,2022-05-14,0214,DEM02,5,6,5,4,4805,0,0,0,,0,002,"HWY 12","EMPEROR DR",0.00,,Y,A,-,Y,SOL,,12,,,6.574,H,,R,N,1,1,0,2,A,-,12,21453,A,F,G,B,B,A,H,-,C,A,0,Y,,,,Y,,A,01,0,0,0,1,0,0,0,0,0,"- ","- ",38.243381500244141,-122.00534820556641,SOLANO,"SUISUN CITY",-122.00534820556641,38.243156433105469
81936657,2022,2022-12-07,4805,2022-05-31,1630,VER01,9,2,5,4,4805,0,0,0,,0,003,"WALTERS RD","MONTEBELLO DR",455.00,S,-,A,-,N,,,,,,,,,,N,3,0,1,2,A,-,09,21801,A,N,D,C,A,A,H,-,A,D,0,,,,,Y,Y,-,31,0,1,0,0,0,0,0,0,0,"- ","- ",38.244319915771484,-121.98734283447266,SOLANO,"SUISUN CITY",-121.98810577392578,38.245121002197266
81936659,2022,2022-12-07,4805,2022-06-01,1553,CAM03,1,3,5,4,4805,0,0,0,,0,001,"STATE ROUTE 12","POST PARKER",350.00,E,-,A,-,Y,,,,,,,,,,N,3,0,1,3,A,-,03,22350,,N,C,C,A,A,H,-,A,D,0,,,,,Y,,A,08,0,1,0,0,0,0,0,0,0,"- ","- ",38.238330841064453,-122.03717803955078,SOLANO,"SUISUN CITY",,
81936810,2022,2022-12-08,4803,2022-10-31,1917,1678,4803,1,5,5,4803,0,0,0,,0,006,"EAST TRAVIS BOULEVARD","PHOENIX DRIVE",91.00,E,N,A,-,N,,,,,,,,,,N,3,0,1,2,A,-,03,22350,,F,G,B,D,A,H,-,C,D,0,Y,,,,Y,Y,-,99,0,1,0,0,1,0,0,0,0,"- ","- ",38.258220672607422,-122.02313995361328,SOLANO,FAIRFIELD,-122.02265167236328,38.258163452148438
8193844,2016,2017-02-01,4803,2016-12-14,0831,1565,SOLAN,3,5,5,4803,0,0,0,,0,0CE,"AIR BASE PKWY","NORTH TEXAS ST",750.00,W,N,B,-,N,,,,,,,,,,N,4,0,1,2,A,-,04,21703,,N,C,C,A,B,H,-,A,A,0,,,,Y,Y,,F,25,0,0,1,0,0,0,0,0,0,"- ","- ",38.272930000000002,-122.03417,SOLANO,FAIRFIELD,-122.03683122,38.272862910000001
81938979,2022,2022-12-12,4807,2022-10-31,1309,#755,VALLE,1,5,6,4807,0,0,0,,0,007,"COUCH ST","REDWOOD ST",32.00,N,N,A,-,N,,,,,,,,,,N,4,0,1,2,A,-,11,21954,A,N,G,B,D,A,H,-,A,A,0,Y,,,,Y,,N,60,0,0,1,0,1,0,0,0,0,"- ","- ",38.122360229492188,-122.25193023681641,SOLANO,VALLEJO,-122.25193023681641,38.122398376464844
8194027,2016,2017-01-10,4806,2016-12-02,2040,457,,5,5,5,4806,0,0,0,,0,,"ORANGE DR","LAWRENCE DR",225.00,W,N,A,-,N,,,,,,,,,,N,4,0,1,2,A,-,03,22350,,N,C,C,A,A,H,-,C,A,0,,,,,Y,,J,48,0,0,1,0,0,0,0,0,0,"- ","- ",,,SOLANO,VACAVILLE,-121.95331704,38.371627539999999
81941950,2021,2022-12-14,4805,2021-12-10,1451,CON01,7,5,5,4,4805,0,0,0,,0,002,"HWY 12","EMPEROR DR",100.00,E,-,A,-,N,,,,,,,,,,N,4,0,1,2,A,-,01,23152,A,N,C,C,A,A,H,-,A,A,0,,,,,Y,Y,A,01,0,0,1,0,0,0,0,0,0,"- ","- ",38.244579315185547,-122.00537872314453,SOLANO,"SUISUN CITY",-122.00501251220703,38.243373870849609
81942703,2022,2022-12-15,4803,2022-11-29,0215,1678,4803,2,5,5,4803,0,0,0,,0,001,"MADDALENA WAY","PALLADIO WAY",60.00,E,N,A,-,N,,,,,,,,,,N,3,0,1,2,A,-,03,22350,,N,C,E,A,D,H,-,C,D,0,,,Y,,Y,,C,02,0,1,0,0,0,0,0,0,1,"- ","- ",38.220508575439453,-122.14990234375,SOLANO,FAIRFIELD,-122.14971160888672,38.220497131347656
81946423,2022,2022-12-20,4803,2022-12-15,0656,1788,SOLAN,4,5,5,4803,0,0,0,,0,003,"TRAVIS BOULEVARD","HOLIDAY LANE",0.00,,Y,A,-,N,,,,,,,,,,N,3,0,1,2,A,-,05,21650,,N,D,G,A,A,H,-,B,A,0,,Y,,,Y,,L,04,0,1,0,0,0,0,1,0,0,"- ","- ",38.258369445800781,-122.06507110595703,SOLANO,FAIRFIELD,-122.06504821777344,38.258224487304688
81947247,2022,2022-12-20,4805,2022-12-18,1105,VER01,9,7,5,4,4805,0,0,0,,0,003,"PETERSEN RD","WALTERS RD",0.00,,Y,A,-,N,,,,,,,,,,Y,4,0,1,2,A,-,09,21801,,N,A,C,A,A,H,-,A,A,0,,,,,Y,,D,22,0,0,1,0,0,0,0,0,0,"- ","- ",38.243499755859375,-121.98828125,SOLANO,"SUISUN CITY",-121.98825836181641,38.243465423583984
81947259,2022,2023-02-02,4805,2022-12-05,0805,KHA01,2,1,5,4,4805,0,0,0,,0,001,"RAILROAD AVE","SUNSET AVE",0.00,,Y,A,-,N,,,,,,,,,,N,3,0,1,2,A,-,03,22350,,M,H,G,A,A,H,-,A,A,0,,Y,,,Y,,-,99,0,1,0,0,0,0,1,0,0,"- ","- ",38.253780364990234,-122.01995086669922,SOLANO,"SUISUN CITY",-122.01985168457031,38.256237030029297
81947620,2022,2022-12-21,4803,2022-11-24,1407,1749,,4,5,5,4803,0,0,0,,0,003,"NELSON ROAD","MANUEL CAMPOS PARKWAY",101.00,N,N,A,-,N,,,,,,,,,,Y,3,0,1,1,A,-,08,22107,,N,E,I,A,A,H,-,A,A,0,,,,,Y,,A,01,0,1,0,0,0,0,0,0,0,"- ","- ",38.293769836425781,-122.03179168701172,SOLANO,FAIRFIELD,-122.031494140625,38.293960571289062
81947622,2022,2022-12-21,4803,2022-12-14,1731,1762,SOLAN,3,5,5,4803,0,0,0,,0,005,"NORTH TEXAS STREET","PACIFIC AVENUE",102.00,N,N,A,-,N,,,,,,,,,,N,4,0,1,2,A,-,08,22107,,F,D,G,A,A,H,-,B,A,0,,Y,,,Y,,A,07,0,0,1,0,0,0,1,0,0,"- ","- ",,,SOLANO,FAIRFIELD,-122.03417205810547,38.269130706787109
81947624,2022,2022-12-21,4803,2022-12-15,2012,1697,,4,5,5,4803,0,0,0,,0,006,"NORTH TEXAS STREET","ACACIA STREET",67.00,S,N,A,-,N,,,,,,,,,,N,4,0,1,2,A,-,09,21801,A,N,D,C,A,A,H,-,C,A,0,,,Y,,Y,,A,01,0,0,1,0,0,0,0,0,1,"- ","- ",38.264228820800781,-122.03408050537109,SOLANO,FAIRFIELD,-122.03420257568359,38.264057159423828
81950779,2022,2022-12-23,4803,2022-12-18,1359,1786,,7,5,5,4803,0,0,0,,0,005,"UNION AVENUE","TABOR AVENUE",0.00,,Y,A,-,N,,,,,,,,,,N,4,0,1,2,A,-,12,22450,A,N,D,C,A,A,H,-,A,A,0,,,,,Y,,A,01,0,0,1,0,0,0,0,0,0,"- ","- ",38.265560150146484,-122.04058074951172,SOLANO,FAIRFIELD,-122.04046630859375,38.265480041503906
81950782,2022,2022-12-23,4803,2022-12-19,0744,1728,,1,5,5,4803,0,0,0,,0,005,"FAIRFIELD AVENUE","BRETON DRIVE",314.00,N,N,E,-,N,,,,,,,,,,N,2,0,1,2,A,-,09,21804,A,F,A,C,A,A,H,-,A,D,0,,,,,Y,,A,01,1,0,0,0,0,0,0,0,0,"- ","- ",38.270450592041016,-122.04515838623047,SOLANO,FAIRFIELD,-122.04523468017578,38.271430969238281
81951907,2022,2022-12-26,4807,2022-10-20,1310,#762,VALLE,4,5,6,4807,0,0,0,,0,006,"REDWOOD ST","SONOMA BL",773.00,W,N,A,-,N,,,,,,,,,,N,4,0,1,2,A,-,10,21952,,N,G,B,D,A,H,-,A,D,0,Y,,,,Y,,A,01,0,0,1,0,1,0,0,0,0,"- ","- ",38.123008728027344,-122.25537109375,SOLANO,VALLEJO,-122.25775909423828,38.123325347900391
81951909,2022,2022-12-26,4807,2022-10-28,1642,#747,VALLE,5,5,6,4807,0,0,0,,0,006,"SONOMA BL","ALABAMA ST",0.00,,Y,A,-,Y,SOL,,29,,,2.748,H,,R,N,4,0,1,2,A,-,12,22450,A,F,D,C,A,A,H,-,A,D,0,,,,,Y,,A,07,0,0,1,0,0,0,0,0,0,"- ","- ",38.108989715576172,-122.25479888916016,SOLANO,VALLEJO,-122.25479888916016,38.108989715576172
81951910,2022,2022-12-26,4807,2022-11-15,1225,#741,VALLE,2,5,6,4807,0,0,0,,0,006,"SANTA CLARA ST","GEORGIA ST",250.00,N,N,A,-,N,,,,,,,,,,Y,4,0,1,1,A,-,03,22350,,N,E,I,A,A,H,-,A,D,0,,,,,Y,,A,01,0,0,1,0,0,0,0,0,0,"- ","- ",38.101169586181641,-122.260009765625,SOLANO,VALLEJO,-122.25994873046875,38.101825714111328
81951912,2022,2022-12-26,4807,2022-11-21,1555,#767,VALLE,1,5,6,4807,0,0,0,,0,004,"GLEN COVE PKWY","ROBLES WAY",0.00,,Y,A,-,N,,,,,,,,,,N,3,0,1,1,A,-,08,22107,,N,E,I,A,A,H,-,A,A,0,,Y,,,Y,,L,04,0,1,0,0,0,0,1,0,0,"- ","- ",,,SOLANO,VALLEJO,-122.21215057373047,38.083950042724609
81951969,2022,2022-12-26,4803,2022-12-22,2130,1536,,4,5,5,4803,0,0,0,,0,,"PENNSYLVANIA AVENUE","TEXAS STREET",23.00,S,N,A,-,N,,,,,,,,,,Y,4,0,1,2,A,-,01,23152,A,M,C,C,A,A,H,-,C,A,0,,,,,Y,Y,A,07,0,0,1,0,0,0,0,0,0,"- ","- ",38.249130249023438,-122.04988098144531,SOLANO,FAIRFIELD,-122.04997253417969,38.249176025390625
81952056,2022,2022-12-26,4807,2022-10-23,0110,#763,VALLE,7,5,6,4807,0,0,0,,0,006,"FLORIDA ST","MARIN ST",11.00,S,N,A,-,N,,,,,,,,,,Y,4,0,2,2,A,-,12,21453,A,F,D,C,A,A,H,-,C,A,0,,,,,Y,,A,01,0,0,2,0,0,0,0,0,0,"- ","- ",38.105060577392578,-122.256591796875,SOLANO,VALLEJO,-122.25652313232422,38.105068206787109
81952063,2022,2022-12-26,4807,2022-11-06,1638,#742,VALLE,7,5,6,4807,0,0,0,,0,007,"NORTH CAMINO ALTO","SERENO DR",0.00,,Y,A,-,N,,,,,,,,,,Y,4,0,2,2,A,-,09,21801,A,N,D,C,A,A,H,-,B,A,0,,,,,Y,,A,01,0,0,2,0,0,0,0,0,0,"- ","- ",38.128921508789062,-122.24500274658203,SOLANO,VALLEJO,-122.24491119384766,38.128879547119141
81954860,2022,2022-12-29,4803,2022-12-18,2201,1759,,7,5,5,4803,0,0,0,,0,005,"AIR BASE PARKWAY","HEATH DRIVE",0.00,,Y,A,-,N,,,,,,,,,,Y,4,0,1,3,A,-,12,21453,A,F,B,C,A,A,H,-,C,A,0,,,,,Y,,A,01,0,0,1,0,0,0,0,0,0,"- ","- ",38.272869110107422,-122.04277038574219,SOLANO,FAIRFIELD,-122.04277801513672,38.272571563720703
81955072,2022,2022-12-29,4807,2022-11-11,0948,#762,VALLE,5,5,6,4807,0,0,0,,0,006,"RAILROAD AV","K ST",0.00,,Y,A,-,N,,,,,,,,,,N,4,0,1,2,A,-,03,22350,,N,C,C,A,A,H,-,A,D,0,,,,Y,Y,,A,01,0,0,1,0,0,0,0,0,0,"- ","- ",38.112701416015625,-122.28354644775391,SOLANO,VALLEJO,-122.28354644775391,38.112686157226562
81955083,2022,2022-12-29,4807,2022-11-17,2000,#760,VALLE,4,5,6,4807,0,0,0,,0,006,"ALABAMA ST","MARIN ST",0.00,W,Y,A,-,N,,,,,,,,,,N,4,0,1,2,A,-,10,21950,A,F,G,B,B,A,H,-,C,A,0,Y,,,,Y,,-,99,0,0,1,0,1,0,0,0,0,"- ","- ",38.109031677246094,-122.25649261474609,SOLANO,VALLEJO,-122.25641632080078,38.109031677246094
81956173,2022,2022-12-30,4807,2022-11-21,1845,#767,VALLE,1,5,6,4807,0,0,0,,0,004,"14TH ST","GEORGIA ST",0.00,,Y,A,-,N,,,,,,,,,,Y,4,0,1,2,A,-,12,21453,A,N,D,C,A,A,H,-,C,A,0,,,,,Y,,-,"- ",0,0,1,0,0,0,0,0,0,"- ","- ",38.100841522216797,-122.23110961914062,SOLANO,VALLEJO,-122.23110198974609,38.100772857666016
81956890,2022,2023-01-02,4803,2022-12-22,1708,1697,,4,5,5,4803,0,0,0,,0,,"JACKSON STREET","OHIO STREET",0.00,,Y,A,-,N,,,,,,,,,,N,4,0,1,2,A,-,09,21802,A,N,D,C,A,A,H,-,C,A,0,,,,,Y,,A,01,0,0,1,0,0,0,0,0,0,"- ","- ",38.244640350341797,-122.04456329345703,SOLANO,FAIRFIELD,-122.04457855224609,38.244743347167969
81956892,2022,2023-01-02,4803,2022-12-23,1810,1697,,5,5,5,4803,0,0,0,,0,005,"AIR BASE PARKWAY","NORTH TEXAS STREET",1361.00,E,N,A,-,N,,,,,,,,,,N,4,0,2,4,A,-,03,22350,,F,C,C,A,A,H,-,C,A,0,,,,,Y,,-,99,0,0,2,0,0,0,0,0,0,"- ","- ",38.272670745849609,-122.03410339355469,SOLANO,FAIRFIELD,-122.03199768066406,38.272869110107422
81956901,2022,2023-01-02,4803,2022-12-30,0125,1725,,5,5,5,4803,0,0,0,,0,007,"CEMENT HILL ROAD","PEPPERTREE DRIVE (E)",0.00,,Y,C,-,N,,,,,,,,,,Y,3,0,1,2,A,-,09,21802,A,F,D,C,A,B,H,-,C,D,0,,,,,Y,,-,"- ",0,1,0,0,0,0,0,0,0,"- ","- ",38.279830932617188,-122.01300811767578,SOLANO,FAIRFIELD,-122.0159912109375,38.279808044433594
81958143,2022,2023-01-03,4807,2022-11-25,1254,#762,VALLE,5,5,6,4807,0,0,0,,0,004,"CURTOLA PKWY","SOLANO AV",0.00,,Y,A,-,N,,,,,,,,,,Y,2,0,3,4,A,-,12,21453,A,N,D,C,A,A,H,-,A,A,0,,,,,Y,,A,01,2,0,1,0,0,0,0,0,0,"- ","- ",38.096889495849609,-122.24693298339844,SOLANO,VALLEJO,-122.24687957763672,38.096965789794922
81958144,2022,2023-01-03,4807,2022-11-28,1454,#741,VALLE,1,5,6,4807,0,0,0,,0,005,"TENNESSEE ST","SONOMA BL",0.00,,Y,A,-,N,,,,,,,,,,N,4,0,3,3,A,-,12,21453,A,N,D,C,A,A,H,-,A,A,0,,,,,Y,,A,01,0,0,3,0,0,0,0,0,0,"- ","- ",38.109981536865234,-122.25476837158203,SOLANO,VALLEJO,-122.25473022460938,38.1099853515625
8195904,2016,2017-01-13,4806,2016-12-08,1052,596,404,4,5,5,4806,0,0,0,,0,,"ORANGE DR","ORANGE TREE CIR",175.00,W,N,B,C,N,,,,,,,,,,Y,4,0,1,3,A,-,03,22350,,N,C,C,A,B,H,-,A,A,0,,,,,Y,,A,01,0,0,1,0,0,0,0,0,0,"- ","- ",,,SOLANO,VACAVILLE,-121.95116557,38.373943840000003
81959303,2022,2023-01-04,4807,2022-11-14,1702,#762,VALLE,1,5,6,4807,0,0,0,,0,007,"NORTH CAMINO ALTO","DE ANZA DR",66.00,S,N,A,-,N,,,,,,,,,,Y,4,0,1,3,C,-,18,,,N,B,E,A,A,H,-,A,D,0,,,,,Y,,-,"- ",0,0,1,0,0,0,0,0,0,"- ","- ",38.127658843994141,-122.24504852294922,SOLANO,VALLEJO,-122.24512481689453,38.127548217773438
81959322,2022,2023-01-04,4807,2022-09-21,1721,#748,VALLE,3,5,6,4807,0,0,0,,0,007,"SONOMA BL","IFLAND WY",0.00,,Y,A,-,Y,SOL,,29,,,4.600,H,,R,Y,4,0,1,2,A,-,09,21804,A,N,D,C,A,A,H,-,A,D,0,,,,,Y,,A,08,0,0,1,0,0,0,0,0,0,"- ","- ",38.135711669921875,-122.25630187988281,SOLANO,VALLEJO,-122.25608825683594,38.135711669921875
81961372,2022,2023-01-06,4803,2022-11-21,2000,1742,,1,5,5,4803,0,0,0,,0,008,"VANDEN ROAD","ONE LAKE DRIVE",0.00,,Y,F,-,N,,,,,,,,,,N,4,0,1,2,D,-,00,,,N,G,B,E,A,H,-,C,D,0,Y,,,,Y,,-,"- ",0,0,1,0,1,0,0,0,0,"- ","- ",38.291660308837891,-121.95764923095703,SOLANO,FAIRFIELD,-121.95757399999999,38.291671000000001
8196150,2016,2017-01-05,4807,2016-12-14,1253,462,,3,5,6,4807,0,0,0,,0,001,"ADMIRAL CALLAGHAN",TENNESSEE,10.00,N,N,B,-,N,,,,,,,,,,N,4,0,1,2,A,-,03,22350,,N,C,C,A,B,H,-,A,D,0,,,,,Y,,-,,0,0,1,0,0,0,0,0,0,"- ","- ",,,SOLANO,VALLEJO,-122.22827839,38.109677439999999
81961520,2022,2023-01-06,4807,2022-10-18,1947,#739,VALLE,2,5,6,4807,0,0,0,,0,007,"SONOMA BL","LEWIS BROWN DR",176.00,S,N,A,-,N,,,,,,,,,,Y,4,0,1,2,A,-,08,22107,,N,D,C,A,A,H,-,C,D,0,,,Y,,Y,,A,01,0,0,1,0,0,0,0,0,0,"- ","- ",38.137428283691406,-122.25627136230469,SOLANO,VALLEJO,-122.25621032714844,38.137428283691406
81962208,2022,2023-01-09,4803,2022-12-13,0752,1749,,2,5,5,4803,0,0,0,,0,003,"WATERMAN BOULEVARD","CAPITOLA WAY",26.00,E,N,A,-,N,,,,,,,,,,N,3,0,1,2,A,-,10,21950,A,N,G,B,B,A,H,-,A,A,0,Y,,,,Y,,A,01,0,1,0,0,1,0,0,0,0,"- ","- ",38.269340515136719,-122.06635284423828,SOLANO,FAIRFIELD,-122.06630706787109,38.269508361816406
81962211,2022,2023-01-09,4803,2022-12-19,0950,1749,,1,5,5,4803,0,0,0,,0,002,"RT 12","BECK AVENUE",22.00,W,N,A,-,N,,,,,,,,,,N,4,0,1,2,A,-,21,22106,,N,C,C,A,A,H,-,A,A,0,,,,,Y,,A,07,0,0,1,0,0,0,0,0,0,"- ","- ",38.240478515625,-122.06632232666016,SOLANO,FAIRFIELD,-122.06632232666016,38.24041748046875
81962223,2022,2023-01-09,4803,2022-12-30,0016,1649,,5,5,5,4803,0,0,0,,0,004,"TRAVIS BOULEVARD","PENNSYLVANIA AVENUE",0.00,,Y,C,-,N,,,,,,,,,,Y,4,0,1,2,A,-,12,21453,A,F,D,C,A,B,H,-,C,A,0,,,,,Y,,A,01,0,0,1,0,0,0,0,0,0,"- ","- ",38.258010864257812,-122.04995727539062,SOLANO,FAIRFIELD,-122.05001068115234,38.258224487304688
81962226,2022,2023-01-09,4803,2022-12-31,1926,1594,,6,5,5,4803,0,0,0,,0,005,"AIR BASE PARKWAY","DOVER AVENUE",1010.00,E,N,B,G,N,,,,,,,,,,Y,4,0,1,2,C,-,18,,,N,E,J,A,A,C,-,D,D,0,,,,,Y,,-,"- ",0,0,1,0,0,0,0,0,0,"- ","- ",38.272830963134766,-122.02507781982422,SOLANO,FAIRFIELD,-122.02472686767578,38.272319793701172
81962227,2022,2023-01-09,4803,2022-12-31,2046,1747,FAIRF,6,5,5,4803,0,0,0,,0,006,"UTAH STREET","PENNSYLVANIA AVENUE",0.00,,Y,A,-,N,,,,,,,,,,Y,4,0,1,2,A,-,08,22107,,F,D,C,A,B,H,-,C,A,0,,,,,Y,,D,22,0,0,1,0,0,0,0,0,0,"- ","- ",38.254478454589844,-122.04976654052734,SOLANO,FAIRFIELD,-122.04998779296875,38.2545166015625
81962877,2023,2023-01-09,4803,2023-01-07,1758,1697,,6,5,5,4803,0,0,0,,0,002,"PENNSYLVANIA AVENUE","EMPIRE STREET",0.00,,Y,C,-,N,,,,,,,,,,N,3,0,1,2,A,-,12,22450,,N,D,C,A,B,H,-,C,A,0,,,,,Y,,A,01,0,1,0,0,0,0,0,0,0,"- ","- ",38.250320434570312,-122.04976654052734,SOLANO,FAIRFIELD,-122.04997253417969,38.250343322753906
81962993,2022,2023-01-09,4807,2022-11-20,2207,#735,VALLE,7,5,6,4807,0,0,0,,0,001,"COLUMBUS PKWY","TENNESSEE ST",607.00,N,N,A,-,N,,,,,,,,,,Y,4,0,1,1,A,-,08,22107,,N,E,I,A,A,H,-,C,D,0,,,,,Y,,A,01,0,0,1,0,0,0,0,0,0,"- ","- ",38.108730316162109,-122.20323181152344,SOLANO,VALLEJO,-122.20303344726562,38.110378265380859
81968368,2022,2023-01-16,4803,2022-10-28,1809,1751,4803,5,5,5,4803,0,0,0,,0,003,"OLIVER ROAD","HARTFORD AVENUE",0.00,,Y,A,-,N,,,,,,,,,,Y,4,0,1,2,A,-,08,22107,,N,A,C,A,A,H,-,B,A,0,,,,,Y,,A,01,0,0,1,0,0,0,0,0,0,"- ","- ",38.25469970703125,-122.06707763671875,SOLANO,FAIRFIELD,-122.06707763671875,38.254688262939453
81968371,2023,2023-01-16,4803,2023-01-08,1600,1735,3,7,5,5,4803,0,0,0,,0,003,"AIR BASE PARKWAY","HEATH DRIVE",70.00,E,N,A,-,N,,,,,,,,,,N,4,0,1,2,A,-,03,22350,,M,C,C,A,A,H,-,A,D,0,,,,,Y,,A,01,0,0,1,0,0,0,0,0,0,"- ","- ",38.273128509521484,-122.04283905029297,SOLANO,FAIRFIELD,-122.04267120361328,38.272743225097656
81968373,2023,2023-01-16,4803,2023-01-10,1101,1742,,2,5,5,4803,0,0,0,,0,004,"WEST TEXAS STREET","FIRST STREET",221.00,W,N,B,C,N,,,,,,,,,,Y,3,0,2,2,A,-,09,21804,A,N,D,C,A,B,H,-,A,D,0,,,,,Y,,A,07,0,1,1,0,0,0,0,0,0,"- ","- ",38.249290466308594,-122.05230712890625,SOLANO,FAIRFIELD,-122.05319213867188,38.249259948730469
81970423,2022,2023-01-18,4807,2022-11-26,0004,#759,VALLE,6,5,6,4807,0,0,0,,0,007,"BROADWAY ST","IFLAND WY",18.00,S,N,A,-,N,,,,,,,,,,Y,4,0,1,2,A,-,12,22450,A,N,D,C,A,A,H,-,C,D,0,,,,,Y,,A,01,0,0,1,0,0,0,0,0,0,"- ","- ",38.135669708251953,-122.25237274169922,SOLANO,VALLEJO,-122.25234985351562,38.135608673095703
81970425,2022,2023-01-18,4807,2022-12-03,0526,#759,VALLE,6,5,6,4807,0,0,0,,0,007,"BROADWAY ST","REDWOOD ST",0.00,,Y,A,-,N,,,,,,,,,,Y,3,0,2,2,A,-,12,21453,A,N,A,C,A,B,H,-,C,A,0,,,,Y,Y,,A,01,0,1,1,0,0,0,0,0,0,"- ","- ",38.122428894042969,-122.2493896484375,SOLANO,VALLEJO,-122.24933624267578,38.122451782226562
81970427,2022,2023-01-18,4807,2022-12-11,1306,#764,VALLE,7,5,6,4807,0,0,0,,0,001,"REDWOOD PKWY","TOPLEY DR.",0.00,,Y,C,-,N,,,,,,,,,,Y,3,0,1,2,A,-,09,21802,A,N,D,C,A,B,H,-,A,A,0,,,,,Y,,A,01,0,1,0,0,0,0,0,0,0,"- ","- ",,,SOLANO,VALLEJO,-122.21269989013672,38.120887756347656
81972392,2023,2023-01-20,4803,2023-01-04,"836 ",1638,,3,5,5,4803,0,0,0,,0,008,"VANDEN ROAD","ONE LAKE DRIVE",641.00,N,N,B,-,N,,,,,,,,,,Y,1,1,0,1,A,-,03,22350,,N,E,I,A,B,F,-,A,D,0,,,,,Y,,A,01,0,0,0,0,0,0,0,0,0,"- ","- ",38.294788360595703,-121.95778656005859,SOLANO,FAIRFIELD,,
81972396,2023,2023-01-20,4803,2023-01-09,1246,1540,CENTR,1,5,5,4803,0,0,0,,0,005,"E PACIFIC AVE","SANTA ANA DR",210.00,W,N,A,-,N,,,,,,,,,,Y,4,0,1,2,A,-,09,21804,A,N,D,C,A,A,H,-,A,A,0,,,,,Y,,A,01,0,0,1,0,0,0,0,0,0,"- ","- ",,,SOLANO,FAIRFIELD,-122.03297424316406,38.268863677978516
81972401,2023,2023-01-20,4803,2023-01-12,1820,1697,,4,5,5,4803,0,0,0,,0,002,"BECK AVENUE","DIAMOND WAY",57.00,S,N,B,-,N,,,,,,,,,,N,4,0,1,2,A,-,03,22350,,N,C,C,A,B,H,-,A,A,0,,,Y,,Y,,C,02,0,0,1,0,0,0,0,0,1,"- ","- ",38.242351531982422,-122.06632232666016,SOLANO,FAIRFIELD,-122.06634521484375,38.242134094238281
81973561,2022,2023-01-23,4807,2022-12-02,0534,#760,VALLE,5,5,6,4807,0,0,0,,0,005,"GEORGIA ST","SUTTER ST",0.00,W,Y,A,-,N,,,,,,,,,,Y,4,0,1,3,A,-,09,21802,A,N,D,C,A,A,H,-,C,A,0,,,,,Y,,A,01,0,0,1,0,0,0,0,0,0,"- ","- ",38.101070404052734,-122.25331115722656,SOLANO,VALLEJO,-122.25328063964844,38.101058959960938
81973567,2022,2023-01-23,4807,2022-12-05,1738,#710,VALLE,1,5,6,4807,0,0,0,,0,004,"SONOMA BL","MC LANE ST",218.00,N,N,A,-,Y,SOL,,29,,,1.118,H,,R,N,4,0,1,2,A,-,08,22107,,N,C,E,A,A,H,-,C,D,0,,,,,Y,,A,07,0,0,1,0,0,0,0,0,0,"- ","- ",38.089069366455078,-122.24482727050781,SOLANO,VALLEJO,-122.24472045898438,38.089130401611328
81973589,2022,2023-01-23,4807,2022-12-18,1346,#764,VALLE,7,5,6,4807,0,0,0,,0,003,"GLEN COVE PKWY","BERMUDA LN",137.00,S,N,A,-,N,,,,,,,,,,Y,3,0,1,1,A,-,08,22107,,N,E,I,A,A,H,-,A,D,0,,,Y,,Y,,C,02,0,1,0,0,0,0,0,0,1,"- ","- ",38.077419281005859,-122.21076965332031,SOLANO,VALLEJO,-122.21046447753906,38.077144622802734