CASE_ID,ACCIDENT_YEAR,PROC_DATE,JURIS,COLLISION_DATE,COLLISION_TIME,OFFICER_ID,REPORTING_DISTRICT,DAY_OF_WEEK,CHP_SHIFT,POPULATION,CNTY_CITY_LOC,SPECIAL_COND,BEAT_TYPE,CHP_BEAT_TYPE,CITY_DIVISION_LAPD,CHP_BEAT_CLASS,BEAT_NUMBER,PRIMARY_RD,SECONDARY_RD,DISTANCE,DIRECTION,INTERSECTION,WEATHER_1,WEATHER_2,STATE_HWY_IND,CALTRANS_COUNTY,CALTRANS_DISTRICT,STATE_ROUTE,ROUTE_SUFFIX,POSTMILE_PREFIX,POSTMILE,LOCATION_TYPE,RAMP_INTERSECTION,SIDE_OF_HWY,TOW_AWAY,COLLISION_SEVERITY,NUMBER_KILLED,NUMBER_INJURED,PARTY_COUNT,PRIMARY_COLL_FACTOR,PCF_CODE_OF_VIOL,PCF_VIOL_CATEGORY,PCF_VIOLATION,PCF_VIOL_SUBSECTION,HIT_AND_RUN,TYPE_OF_COLLISION,MVIW,PED_ACTION,ROAD_SURFACE,ROAD_COND_1,ROAD_COND_2,LIGHTING,CONTROL_DEVICE,CHP_ROAD_TYPE,PEDESTRIAN_ACCIDENT,BICYCLE_ACCIDENT,MOTORCYCLE_ACCIDENT,TRUCK_ACCIDENT,NOT_PRIVATE_PROPERTY,ALCOHOL_INVOLVED,STWD_VEHTYPE_AT_FAULT,CHP_VEHTYPE_AT_FAULT,COUNT_SEVERE_INJ,COUNT_VISIBLE_INJ,COUNT_COMPLAINT_PAIN,COUNT_PED_KILLED,COUNT_PED_INJURED,COUNT_BICYCLIST_KILLED,COUNT_BICYCLIST_INJURED,COUNT_MC_KILLED,COUNT_MC_INJURED,PRIMARY_RAMP,SECONDARY_RAMP,LATITUDE,LONGITUDE,COUNTY,CITY,POINT_X,POINT_Y
8302024,2017,2017-02-15,4803,2017-01-23,1132,476,,1,5,5,4803,0,0,0,,0,00S,"WEST TEXAS ST","5TH ST",710.00,W,N,B,-,N,,,,,,,,,,Y,2,0,1,2,A,-,03,22350,,N,B,C,A,A,H,-,A,D,0,,,Y,,Y,,C,02,1,0,0,0,0,0,0,0,1,"- ","- ",38.24935,-122.06054,SOLANO,FAIRFIELD,-122.06319305,38.249270000000003
8302824,2017,2017-08-04,4805,2017-01-13,1603,5L87,4805,5,5,4,4805,0,0,0,,0,001,"RT 12","CIVIC CENTER BL",250.00,W,N,A,-,Y,SOL,4,12,-,R,4.645,R,2,E,N,4,0,1,2,A,-,03,22350,,N,C,C,A,A,H,-,A,A,0,,,,,Y,,A,01,0,0,1,0,0,0,0,0,0,"- ","- ",,,SOLANO,"SUISUN CITY",-122.04046133,38.243844410000001
8302868,2016,2017-03-06,4805,2016-12-02,2100,5L85,4805,5,5,4,4805,0,0,0,,0,001,"RT 12","MARINA BL",70.00,W,N,A,-,Y,SOL,4,12,-,R,5.140,H,-,E,Y,4,0,1,2,A,-,08,22107,,N,B,C,A,A,H,-,C,A,0,,,,,Y,,A,07,0,0,1,0,0,0,0,0,0,"- ","- ",38.244190000000003,-122.0313,SOLANO,"SUISUN CITY",-122.0316578,38.24449327
8302959,2016,2017-02-15,4805,2016-12-08,0800,5L84,4805,4,5,4,4805,0,0,0,,0,002,"SUNSET AV","PINTAIL DR",25.00,S,N,C,-,N,,,,,,,,,,N,4,0,1,3,A,-,21,22106,,N,G,B,F,B,H,-,A,D,0,Y,,,,Y,,A,01,0,0,1,0,1,0,0,0,0,"- ","- ",38.249339999999997,-122.02038,SOLANO,"SUISUN CITY",-122.02051908,38.24925133
8302960,2016,2017-02-06,4805,2016-12-30,2030,5L84,4805,5,5,4,4805,0,0,0,,0,001,"SUNSET AV","MERGANSER DR",0.00,,Y,A,-,N,,,,,,,,,,N,3,0,1,2,A,-,08,22107,,N,G,B,B,A,H,-,C,A,0,Y,,,,Y,,A,01,0,1,0,0,1,0,0,0,0,"- ","- ",38.246650000000002,-122.02034,SOLANO,"SUISUN CITY",-122.02048000000001,38.246619979999998
8304360,2017,2017-02-15,4803,2017-02-01,0700,504,,3,5,5,4803,0,0,0,,0,00E,"VANDEN RD","CANON RD",45.00,N,N,B,-,N,,,,,,,,,,Y,4,0,1,2,A,-,01,23152,A,N,D,C,A,A,H,-,A,A,0,,,,,Y,Y,A,01,0,0,1,0,0,0,0,0,0,"- ","- ",,,SOLANO,FAIRFIELD,-121.94921191,38.302151350000003
8304578,2017,2017-02-17,4803,2017-01-21,2045,1506,,6,5,5,4803,0,0,0,,0,,"CEMENT HILL RD","CAMROSE AV",0.00,,Y,A,-,N,,,,,,,,,,Y,4,0,1,2,A,-,08,22107,,N,D,C,A,A,H,-,A,B,0,,,,,Y,,A,01,0,0,1,0,0,0,0,0,0,"- ","- ",38.278190000000002,-122.02919,SOLANO,FAIRFIELD,-122.02908988,38.278209910000001
8304586,2017,2017-02-17,4803,2017-01-26,1440,1506,,4,5,5,4803,0,0,0,,0,0CE,"TABOR AV","TEXAS ST",278.00,E,N,A,-,N,,,,,,,,,,Y,4,0,2,2,A,-,09,21804,A,N,D,C,A,A,H,-,A,D,0,,,,,Y,,A,08,0,0,2,0,0,0,0,0,0,"- ","- ",38.265650000000001,-122.03418000000001,SOLANO,FAIRFIELD,-122.03322184,38.265549999999998
8304598,2017,2017-02-17,4803,2017-01-12,1729,1524,,4,5,5,4803,0,0,0,,0,0CE,"ALASKA AV","UNION AV",715.00,W,N,A,-,N,,,,,,,,,,N,3,0,1,2,A,-,03,22350,,M,C,G,A,B,H,-,D,A,0,,Y,,,Y,,A,01,0,1,0,0,0,0,1,0,0,"- ","- ",38.272660000000002,-122.04055,SOLANO,FAIRFIELD,-122.04051,38.2727
8304921,2017,2017-05-31,4807,2017-01-15,1944,678,VPD,7,5,6,4807,0,0,0,,0,005,"GEORGIA ST","GLENN ST",0.00,,Y,A,-,N,,,,,,,,,,Y,4,0,1,3,A,-,00,21352,A,N,B,E,A,A,H,-,C,A,0,,,,,Y,Y,A,,0,0,1,0,0,0,0,0,0,"- ","- ",,,SOLANO,VALLEJO,-122.24250988,38.100909940000001
8305864,2016,2017-03-06,4807,2016-12-20,1623,683,4807,2,5,6,4807,0,0,0,,0,006,"SACRAMENTO ST","FRISBE ST",0.00,,Y,A,-,N,,,,,,,,,,Y,4,0,1,2,A,-,09,21801,A,N,D,C,A,A,H,-,A,D,0,,,,,Y,,-,,0,0,1,0,0,0,0,0,0,"- ","- ",,,SOLANO,VALLEJO,-122.25807988,38.117159909999998
8308648,2017,2017-02-17,4803,2017-02-05,1520,1469,NSOLA,7,5,5,4803,0,0,0,,0,00E,"WR GLUSEN DR","JOSEPH GEREVAS DR",29.00,S,N,B,-,N,,,,,,,,,,N,2,0,1,1,A,-,03,22350,,N,F,A,A,A,H,-,A,A,0,,,,,Y,,A,42,1,0,0,0,0,0,0,0,0,"- ","- ",38.29889,-121.97514,SOLANO,FAIRFIELD,-121.97624746,38.298531949999997
8312310,2017,2017-03-03,4807,2017-01-30,1842,585,VALLE,1,5,6,4807,0,0,0,,0,006,"REDWOOD ST","SONOMA AV",895.00,W,N,A,-,N,,,,,,,,,,N,3,0,1,2,A,-,11,21950,B,N,G,B,D,A,H,-,C,D,0,Y,,,,Y,,N,60,0,1,0,0,1,0,0,0,0,"- ","- ",,,SOLANO,VALLEJO,-122.25842706,38.123325020000003
8312343,2017,2017-06-27,4803,2017-02-09,1645,1492,,4,5,5,4803,0,0,0,,0,00S,"RT 12","PENNSYLVANIA AV",200.00,E,N,B,-,Y,SOL,4,12,-,R,4.110,H,-,W,N,4,0,1,2,A,-,03,22350,,N,C,C,A,B,H,-,A,A,0,,,,,Y,,D,22,0,0,1,0,0,0,0,0,0,"- ","- ",38.241399999999999,-122.0504,SOLANO,FAIRFIELD,-122.04989352,38.241390260000003
8312513,2017,2017-02-24,4803,2017-02-07,1408,1524,,2,5,5,4803,0,0,0,,0,SOUTH,"BECK AV","CADENASSO DR",264.00,S,N,B,-,N,,,,,,,,,,Y,4,0,1,4,A,-,09,21804,A,N,D,C,A,A,H,-,A,A,0,,,,,Y,,A,01,0,0,1,0,0,0,0,0,0,"- ","- ",38.247540000000001,-122.06621,SOLANO,FAIRFIELD,-122.06623999999999,38.246784849999997
8316398,2016,2017-02-27,4803,2016-11-11,2130,1610,1803,5,5,5,4803,0,0,0,,0,0CE,"NORTH TEXAS ST","ACACIA ST",0.00,,Y,A,-,N,,,,,,,,,,N,4,0,1,1,A,-,03,22350,,N,H,A,A,A,H,-,A,A,0,,,Y,,Y,,C,02,0,0,1,0,0,0,0,0,1,"- ","- ",38.264229999999998,-122.03408,SOLANO,FAIRFIELD,-122.03419993,38.264239949999997
8316899,2017,2017-03-02,4803,2017-02-06,1055,1274,,1,5,5,4803,0,0,0,,0,00S,"PENNSYLVANIA AV","TRAVIS BL",100.00,S,N,B,-,N,,,,,,,,,,N,4,0,1,2,A,-,04,21703,,F,C,C,A,B,H,-,A,A,0,,,,,Y,Y,A,01,0,0,1,0,0,0,0,0,0,"- ","- ",38.258130000000001,-122.04988,SOLANO,FAIRFIELD,-122.04999826,38.257955510000002
8317565,2017,2017-03-10,4807,2017-01-08,1821,639,VALLE,7,5,6,4807,0,0,0,,0,004,"14TH ST","STARR AV",242.00,N,N,C,-,N,,,,,,,,,,N,3,0,1,2,A,-,11,21954,A,N,G,B,D,B,H,-,C,D,0,Y,,,,Y,,N,60,0,1,0,0,1,0,0,0,0,"- ","- ",,,SOLANO,VALLEJO,-122.23101667,38.09892413
8317617,2017,2017-03-08,4803,2017-02-09,1629,504,,4,5,5,4803,0,0,0,,0,00E,"CLAY BANK RD","AIR BASE PKWY",683.00,N,N,B,-,N,,,,,,,,,,N,4,0,1,2,A,-,11,21954,A,N,G,B,D,A,H,-,A,D,0,Y,,,,Y,,N,60,0,0,1,0,1,0,0,0,0,"- ","- ",38.272579999999998,-122.00639,SOLANO,FAIRFIELD,-122.00655956,38.27447549
8317819,2017,2017-03-07,4807,2017-02-14,1522,600,4807,2,5,6,4807,0,0,0,,0,001,"ADMIRAL CALLAGHAN LN","AUTO CLUB WY",68.00,E,N,A,-,N,,,,,,,,,,N,3,0,2,2,A,-,03,22350,,N,C,C,A,A,H,-,A,A,0,,,,,Y,,A,01,0,1,1,0,0,0,0,0,0,"- ","- ",,,SOLANO,VALLEJO,-122.21541366,38.135486749999998
8317831,2017,2017-03-07,4807,2017-02-21,1027,600,4807,2,5,6,4807,0,0,0,,0,005,"FLORIDA ST","CALAVERAS ST",0.00,,Y,B,-,N,,,,,,,,,,N,4,0,1,3,A,-,09,21802,A,N,D,D,A,A,A,-,A,A,0,,,,,Y,,A,01,0,0,1,0,0,0,0,0,0,"- ","- ",,,SOLANO,VALLEJO,-122.23648989,38.10477994
8320667,2017,2017-03-10,4803,2017-02-24,1345,1524,,5,5,5,4803,0,0,0,,0,SOUTH,"TRAVIS BL","2ND ST",728.00,W,N,A,-,N,,,,,,,,,,N,4,0,1,3,A,-,21,22106,,N,C,C,A,A,H,-,A,A,0,,,,,Y,,A,01,0,0,1,0,0,0,0,0,0,"- ","- ",38.258150000000001,-122.05678,SOLANO,FAIRFIELD,-122.05931017,38.25801336
8321370,2017,2017-03-15,4803,2017-01-27,1831,1625,,5,5,5,4803,0,0,0,,0,,"NORTH TEXAS ST","OAK ST",0.00,,Y,A,-,N,,,,,,,,,,N,2,0,1,2,A,-,09,21804,A,N,H,G,A,A,H,-,C,A,0,,Y,,,Y,,L,04,1,0,0,0,0,0,1,0,0,"- ","- ",38.261920000000003,-122.03412,SOLANO,FAIRFIELD,-122.03422997,38.26195998
8321546,2017,2017-04-04,4807,2017-02-28,1405,600,4807,2,5,6,4807,0,0,0,,0,007,"REDWOOD ST","FAIRGROUNDS DR",0.00,,Y,A,-,N,,,,,,,,,,Y,4,0,2,2,A,-,12,21453,A,N,D,D,A,A,B,-,A,A,0,,,,,Y,,-,"- ",0,0,2,0,0,0,0,0,0,"- ","- ",,,SOLANO,VALLEJO,-122.23104985000001,38.122939969999997
8322275,2016,2017-03-17,4807,2016-09-11,2330,638,VALLE,7,5,6,4807,0,0,0,,0,006,"MAINE ST","MARE ISLAND WY",0.00,,Y,A,-,N,,,,,,,,,,Y,4,0,1,2,A,-,09,21453,C,F,D,C,A,A,H,-,C,A,0,,,,,Y,,-,,0,0,1,0,0,0,0,0,0,"- ","- ",,,SOLANO,VALLEJO,-122.2613899,38.098719989999999
8322693,2016,2017-03-14,4806,2016-08-19,1054,533,,5,5,5,4806,0,0,0,,0,,"ORANGE DR","GILLEY WY",135.00,W,N,A,-,N,,,,,,,,,,Y,3,0,1,1,A,-,03,22350,,N,E,I,A,A,H,-,A,D,0,,,,,Y,,D,22,0,1,0,0,0,0,0,0,0,"- ","- ",,,SOLANO,VACAVILLE,-121.93897828,38.38217195
8322720,2016,2017-05-22,4807,2016-09-12,1523,586,VALLE,1,5,6,4807,0,0,0,,0,006,"SONOMA BL","GEORGIA ST",0.00,,Y,A,-,Y,SOL,4,29,-,-,2.200,I,5,S,N,2,0,1,2,A,-,11,21453,D,N,G,B,D,A,H,-,A,A,0,Y,,,,Y,,N,60,1,0,0,0,1,0,0,0,0,"- ","- ",,,SOLANO,VALLEJO,-122.25495438999999,38.101139910000001
8322790,2017,2017-03-14,4806,2017-02-15,1354,564,,3,5,5,4806,0,0,0,,0,006,"PEABODY RD","BEELARD DR",349.00,N,N,A,-,N,,,,,,,,,,N,4,0,1,3,A,-,03,22350,,M,C,C,A,A,H,-,A,A,0,,,,,Y,Y,D,22,0,0,1,0,0,0,0,0,0,"- ","- ",,,SOLANO,VACAVILLE,-121.97141719,38.342464139999997
8323467,2017,2017-03-16,4806,2017-02-06,1843,575,,1,5,5,4806,0,0,0,,0,,"BROWN ST","HAZEL ST",0.00,,Y,C,-,N,,,,,,,,,,N,4,0,1,2,A,-,00,21884,A,N,D,C,A,B,H,-,C,D,0,,,,,Y,,A,07,0,0,1,0,0,0,0,0,0,"- ","- ",,,SOLANO,VACAVILLE,-121.97801991,38.363649979999998
8323475,2017,2017-03-15,4806,2017-02-07,1235,603,,2,5,5,4806,0,0,0,,0,,"LEISURE TOWN RD","PURPLE MARTIN DR",0.00,,Y,B,-,N,,,,,,,,,,Y,4,0,1,1,A,-,01,23152,A,N,E,I,A,A,H,-,A,D,0,,,,,Y,Y,A,01,0,0,1,0,0,0,0,0,0,"- ","- ",,,SOLANO,VACAVILLE,-121.93383987,38.330429969999997
8323487,2017,2017-03-16,4806,2017-02-28,1305,426,,2,5,5,4806,0,0,0,,0,,"MARKHAM AV","VINEYARD VALLEY WY",392.00,N,N,A,-,N,,,,,,,,,,N,4,0,1,2,A,-,09,21804,A,N,D,C,A,A,H,-,A,D,0,,,,,Y,,A,01,0,0,1,0,0,0,0,0,0,"- ","- ",,,SOLANO,VACAVILLE,-121.98103902,38.361356839999999
8326242,2017,2017-04-04,4803,2017-02-21,1437,1578,,2,5,5,4803,0,0,0,,0,,"MANUEL CAMPOS PKWY","NORTH TEXAS ST",626.00,W,N,B,-,N,,,,,,,,,,N,4,0,2,2,A,-,12,21453,A,N,D,C,A,B,H,-,A,A,0,,,,,Y,,A,01,0,0,2,0,0,0,0,0,0,"- ","- ",,,SOLANO,FAIRFIELD,-122.03340012,38.294861500000003
8326294,2017,2017-03-27,4807,2017-02-20,2046,462,VALLE,1,5,6,4807,0,0,0,,0,001,"REDWOOD PKWY",OAKWOOD,309.00,E,N,C,-,N,,,,,,,,,,Y,3,0,1,1,A,-,03,22350,,N,E,I,A,B,H,-,C,D,0,,,,,Y,,A,,0,1,0,0,0,0,0,0,0,"- ","- ",,,SOLANO,VALLEJO,-122.20964608,38.120799339999998
8326318,2017,2017-04-05,4807,2017-02-23,1619,663,VALLE,4,5,6,4807,0,0,0,,0,007,"TUOLUMNE ST","DEL MAR AV",0.00,,Y,A,-,N,,,,,,,,,,Y,4,0,2,2,A,-,09,21801,A,N,D,C,A,A,H,-,A,A,0,,,,,Y,,-,,0,0,2,0,0,0,0,0,0,"- ","- ",,,SOLANO,VALLEJO,-122.23834991,38.125829969999998
8327447,2017,2017-07-28,4807,2017-01-30,1815,651,VPD,1,5,6,4807,0,0,0,,0,007,"SONOMA BL","SERENO DR",24.00,N,N,A,-,Y,SOL,4,29,-,-,4.030,I,5,N,N,3,0,1,2,A,-,11,21950,B,N,G,B,B,A,H,-,C,A,0,Y,,,,Y,,N,60,0,1,0,0,1,0,0,0,0,"- ","- ",,,SOLANO,VALLEJO,-122.25555663,38.128318270000001
83280635,2024,2024-08-02,4803,2024-07-12,"700 ",1771,,5,5,5,4803,0,0,0,,0,00S,"RT 12","PENNSYLVANIA AVENUE",11.00,W,N,A,-,Y,SOL,,12," ",R,4.078,H,,R,Y,3,0,1,2,A,-,03,22350,,N,C,C,A,A,H,-,A,A,0,,,,,Y,,A,01,0,1,0,0,0,0,0,0,0,"- ","- ",38.241401672363281,-122.05039978027344,SOLANO,FAIRFIELD,-122.05036163330078,38.241203308105469
8335925,2017,2017-05-31,4803,2017-03-20,1802,1507,FAIRF,1,5,5,4803,0,0,0,,0,0CE,"NORTH TEXAS ST","OAK ST",0.00,,Y,C,-,N,,,,,,,,,,N,4,0,1,2,A,-,09,21802,A,N,D,C,A,B,H,-,A,D,0,,,,,Y,,A,01,0,0,1,0,0,0,0,0,0,"- ","- ",38.261920000000003,-122.03412,SOLANO,FAIRFIELD,-122.03422997,38.26195998
8336002,2017,2018-02-22,4802,2017-01-26,1045,1170,,4,5,3,4802,0,0,0,,0,007,"NORTH 1ST ST","NORTH LINCOLN ST",0.00,,Y,A,-,Y,SOL,4,113,-,-,20.800,I,5,S,Y,4,0,2,2,A,-,12,21453,A,N,D,D,A,A,H,-,A,A,0,,,,,Y,,A,01,0,0,2,0,0,0,0,0,0,"- ","- ",,,SOLANO,DIXON,-121.82235224999999,38.467281280000002
8339480,2017,2017-04-03,4807,2017-03-07,1558,628,VALLE,2,5,6,4807,0,0,0,,0,007,"HOLLY ST","AMBER AV",28.00,W,N,B,-,N,,,,,,,,,,Y,4,0,2,2,A,-,09,21802,A,F,B,C,A,A,H,-,A,A,0,,,,,Y,,A,01,0,0,2,0,0,0,0,0,0,"- ","- ",,,SOLANO,VALLEJO,-122.24734721999999,38.134775580000003
8339492,2017,2017-04-03,4807,2017-03-05,1909,639,VALLE,7,5,6,4807,0,0,0,,0,001,"COLUMBUS PKWY","REDWOOD PKWY",56.00,W,N,A,-,N,,,,,,,,,,N,4,0,1,3,A,-,03,22350,,N,C,C,A,A,H,-,C,A,0,,,,,Y,,-,,0,0,1,0,0,0,0,0,0,"- ","- ",,,SOLANO,VALLEJO,-122.19914313,38.133655050000002
8340203,2017,2017-04-07,4803,2017-03-08,1956,1565,SOLAN,3,5,5,4803,0,0,0,,0,COR,"BUSINESS CENTER DR","GREEN VALLEY RD",43.00,S,N,A,-,N,,,,,,,,,,Y,3,0,1,2,A,-,03,22350,,N,C,C,A,A,H,-,C,A,0,,,,,Y,,A,07,0,1,0,0,0,0,0,0,0,"- ","- ",38.21846,-122.14149999999999,SOLANO,FAIRFIELD,-122.14155268,38.218184039999997
8340211,2017,2017-06-22,4803,2017-03-06,1502,1642,,1,5,5,4803,0,0,0,,0,00W,"AIR BASE PKWY","RT 80",0.00,,Y,A,-,Y,SOL,4,80,-,-,19.141,R,4,W,Y,4,0,1,2,A,-,04,21703,,N,C,C,A,A,H,-,A,A,0,,,,,Y,,A,01,0,0,1,0,0,0,0,0,0,"- ",WF,38.272689999999997,-122.023,SOLANO,FAIRFIELD,-122.05023001000001,38.27298055
8340420,2017,2017-04-10,4806,2017-03-08,2101,575,,3,5,5,4806,0,0,0,,0,,"MARSHALL RD","PEABODY RD",0.00,,Y,A,-,N,,,,,,,,,,N,4,0,1,2,A,-,11,21954,A,N,G,B,D,A,H,-,C,D,0,Y,,,,Y,,N,60,0,0,1,0,1,0,0,0,0,"- ","- ",,,SOLANO,VACAVILLE,-121.97420988,38.346289910000003
8340842,2017,2017-06-21,4807,2017-03-20,0854,628,VALLE,1,5,6,4807,0,0,0,,0,007,"SONOMA BL","MEADOWS DR",0.00,,Y,B,-,Y,SOL,4,29,-,-,5.370,I,5,S,Y,4,0,2,2,A,-,12,21453,A,N,D,C,A,A,H,-,A,A,0,,,,,Y,,-,"- ",0,0,2,0,0,0,0,0,0,"- ","- ",,,SOLANO,VALLEJO,-122.25489322999999,38.147904990000001
8341131,2017,2017-04-13,4807,2017-03-24,1712,686,VALLE,5,5,6,4807,0,0,0,,0,005,"GEORGIA ST","SUTTER ST",0.00,,Y,A,-,N,,,,,,,,,,Y,4,0,1,4,A,-,09,21802,A,N,D,C,A,A,H,-,A,A,0,,,Y,,Y,,A,01,0,0,1,0,0,0,0,0,0,"- ","- ",,,SOLANO,VALLEJO,-122.25327996,38.10105995
8341139,2017,2017-04-13,4807,2017-03-22,1832,655,VALL,3,5,6,4807,0,0,0,,0,008,"MINI DR","ELLIOTT DR",0.00,,Y,A,-,N,,,,,,,,,,Y,4,0,1,2,A,-,12,22450,A,N,D,C,A,A,H,-,A,A,0,,,,,Y,,A,01,0,0,1,0,0,0,0,0,0,"- ","- ",,,SOLANO,VALLEJO,-122.25794998000001,38.152619950000002
8341143,2017,2017-04-13,4807,2017-03-20,1706,564,VALLE,1,5,6,4807,0,0,0,,0,007,SERENO,"SONOMA BL",69.00,W,N,C,-,N,,,,,,,,,,N,4,0,1,2,A,-,08,22107,,N,D,G,A,B,H,-,A,A,0,,Y,,,Y,,L,,0,0,1,0,0,0,1,0,0,"- ","- ",,,SOLANO,VALLEJO,-122.25596924,38.127565500000003
8341164,2017,2017-04-12,4807,2017-03-15,0523,592,VALLE,3,5,6,4807,0,0,0,,0,007,"FLORIDA ST","ALAMEDA ST",0.00,,Y,A,-,N,,,,,,,,,,Y,4,0,2,2,A,-,12,21453,A,N,D,C,A,A,H,-,C,A,0,,,,,Y,,A,01,0,0,2,0,0,0,0,0,0,"- ","- ",,,SOLANO,VALLEJO,-122.24816996,38.104939960000003
8341188,2017,2017-04-12,4807,2017-03-25,0030,693,VPD,6,5,6,4807,0,0,0,,0,008,"TAPER AV","JANICE ST",0.00,,Y,C,-,N,,,,,,,,,,Y,4,0,3,2,A,-,03,22350,,F,D,C,A,B,H,-,C,A,0,,,,,Y,,A,01,0,0,3,0,0,0,0,0,0,"- ","- ",,,SOLANO,VALLEJO,-122.23339989999999,38.147799910000003
8341196,2017,2017-04-12,4807,2017-03-27,0717,462,,1,5,6,4807,0,0,0,,0,001,"ASCOT PKY","BIRKDALE CT",0.00,,Y,A,-,N,,,,,,,,,,Y,4,0,2,2,A,-,09,21802,A,N,D,C,A,A,H,-,A,D,0,,,,,Y,,A,,0,0,2,0,0,0,0,0,0,"- ","- ",,,SOLANO,VALLEJO,-122.19944992000001,38.113509890000003
8342660,2017,2017-04-14,4806,2017-03-18,0937,564,,6,5,5,4806,0,0,0,,0,004,"NUT TREE RD","NUT TREE PKY",0.00,,Y,A,-,N,,,,,,,,,,Y,4,0,2,3,A,-,00,21543,A,N,D,C,A,A,H,-,A,A,0,,,,,Y,,A,07,0,0,2,0,0,0,0,0,0,"- ","- ",,,SOLANO,VACAVILLE,-121.9562899,38.368419899999999
8345720,2017,2017-04-17,4803,2017-04-09,0019,1625,,7,5,5,4803,0,0,0,,0,00E,"PALOMINO CIR","PALOMINO CT",0.00,,Y,A,-,N,,,,,,,,,,N,4,0,1,3,A,-,01,23152,A,N,F,E,A,A,H,-,C,D,0,,,,,Y,Y,A,07,0,0,1,0,0,0,0,0,0,"- ","- ",38.29036,-122.02294999999999,SOLANO,FAIRFIELD,-122.02278989,38.290339889999998
8346424,2017,2017-04-27,4807,2017-02-01,1935,627,VALLE,3,5,6,4807,0,0,0,,0,002,"WESTERN AV","CONCORD ST",274.00,N,N,A,-,N,,,,,,,,,,Y,4,0,1,4,A,-,08,22107,,N,D,E,A,A,H,-,C,D,0,,,,,Y,,D,,0,0,1,0,0,0,0,0,0,"- ","- ",,,SOLANO,VALLEJO,-122.22192716000001,38.103222649999999
8346787,2017,2017-04-14,4803,2017-03-31,2120,1565,SOLAN,5,5,5,4803,0,0,0,,0,0CE,"NORTH TEXAS ST","PACIFIC AV",0.00,,Y,A,-,N,,,,,,,,,,N,4,0,1,2,A,-,03,22350,,N,C,C,A,A,H,-,C,A,0,,,,,Y,,A,01,0,0,1,0,0,0,0,0,0,"- ","- ",38.268929999999997,-122.03415,SOLANO,FAIRFIELD,-122.03416989999999,38.268849979999999
8346823,2017,2017-04-14,4803,2017-04-04,0750,476,,2,5,5,4803,0,0,0,,0,00S,"TRAVIS BL","MARYLAND ST",144.00,E,N,B,-,N,,,,,,,,,,N,4,0,1,4,A,-,03,22350,,N,C,C,A,A,H,-,A,D,0,,,,,Y,,A,07,0,0,1,0,0,0,0,0,0,"- ","- ",38.358229999999999,-122.04629,SOLANO,FAIRFIELD,-122.0459886,38.25821208
8346827,2017,2017-04-14,4803,2017-04-03,1658,476,,1,5,5,4803,0,0,0,,0,00E,"AIR BASE PKWY","WILEY LN",457.00,E,N,B,-,N,,,,,,,,,,N,3,0,1,1,A,-,03,22350,,N,F,A,A,A,H,-,A,D,0,,,Y,,Y,,C,02,0,1,0,0,0,0,0,0,1,"- ","- ",38.272419999999997,-121.97866999999999,SOLANO,FAIRFIELD,-121.97709772,38.272405849999998
8347308,2017,2017-04-19,4807,2017-04-05,1052,586,VALLE,3,5,6,4807,0,0,0,,0,006,"MARIN ST","LOUISIANA ST",0.00,,Y,A,-,N,,,,,,,,,,N,4,0,1,3,A,-,09,21802,A,N,D,C,A,A,H,-,A,A,0,,,,,Y,,A,01,0,0,1,0,0,0,0,0,0,"- ","- ",,,SOLANO,VALLEJO,-122.25643994000001,38.108019890000001
8349562,2017,2017-04-27,4803,2017-04-03,1854,1578,,1,5,5,4803,0,0,0,,0,00E,"EAST TABOR AV","GRANDE CIR E",18.00,E,N,A,-,N,,,,,,,,,,N,3,0,2,3,A,-,10,21950,A,N,G,B,B,A,H,-,A,D,0,Y,,,,Y,,A,01,0,2,0,0,2,0,0,0,0,"- ","- ",38.265180000000001,-122.00906000000001,SOLANO,FAIRFIELD,-122.0108173,38.265209230000004
8350955,2017,2017-05-01,4803,2017-04-16,1334,1641,,7,5,5,4803,0,0,0,,0,,"EAST TABOR AV","CARDINAL WY",0.00,,Y,C,-,N,,,,,,,,,,Y,4,0,1,2,A,-,08,22107,,N,D,C,A,B,H,-,A,D,0,,,,,Y,,D,22,0,0,1,0,0,0,0,0,0,"- ","- ",38.265340000000002,-122.0214,SOLANO,FAIRFIELD,-122.02146,38.265389910000003
8351286,2017,2017-06-02,4803,2017-04-12,0822,1506,,3,5,5,4803,0,0,0,,0,00S,"WEST TEXAS ST","W TEXAS ST 1955",181.00,E,N,C,-,N,,,,,,,,,,N,4,0,1,2,A,-,09,21801,A,N,D,C,A,B,H,-,A,D,0,,,,,Y,,A,01,0,0,1,0,0,0,0,0,0,"- ","- ",,,SOLANO,FAIRFIELD,,
8352173,2017,2017-06-13,4803,2017-04-09,1451,1578,,7,5,5,4803,0,0,0,,0,0CE,"TRAVIS BL","WASHINGTON ST",0.00,,Y,A,-,N,,,,,,,,,,N,4,0,3,2,A,-,09,21801,A,N,A,C,A,A,H,-,A,A,0,,,,,Y,,A,01,0,0,3,0,0,0,0,0,0,"- ","- ",38.258240000000001,-122.03903,SOLANO,FAIRFIELD,-122.03906997,38.258259950000003
8352809,2017,2017-04-27,4803,2017-04-12,0803,450,,3,5,5,4803,0,0,0,,0,00E,"AIR BASE PKWY","WALTERS RD",121.00,W,N,C,-,N,,,,,,,,,,N,3,0,1,1,A,-,03,22350,,N,E,I,A,B,H,-,A,A,0,,,,,Y,,D,22,0,1,0,0,0,0,0,0,0,"- ","- ",38.271569999999997,-121.98795,SOLANO,FAIRFIELD,-121.98836668,38.271392409999997
8352880,2017,2017-04-27,4803,2017-04-12,1918,1565,SOLAN,3,5,5,4803,0,0,0,,0,00E,"DOVER AV","AIR BASE PKWY",166.00,N,N,A,-,N,,,,,,,,,,Y,4,0,2,2,A,-,03,22350,,N,C,C,A,A,H,-,B,A,0,,,,,Y,,A,01,0,0,2,0,0,0,0,0,0,"- ","- ",38.272860000000001,-122.02491999999999,SOLANO,FAIRFIELD,-122.02491999999999,38.27334596
8353249,2017,2017-04-27,4803,2017-04-10,1721,1367,4803,1,5,5,4803,0,0,0,,0,0CE,"TRAVIS BL","JEFFERSON ST",0.00,,Y,A,-,N,,,,,,,,,,Y,3,0,2,2,A,-,03,22350,,N,C,C,A,A,H,-,A,A,0,,,,,Y,,A,07,0,1,1,0,0,0,0,0,0,"- ","- ",38.258209999999998,-122.04207,SOLANO,FAIRFIELD,-122.04219997,38.258249980000002