CASE_ID,ACCIDENT_YEAR,PROC_DATE,JURIS,COLLISION_DATE,COLLISION_TIME,OFFICER_ID,REPORTING_DISTRICT,DAY_OF_WEEK,CHP_SHIFT,POPULATION,CNTY_CITY_LOC,SPECIAL_COND,BEAT_TYPE,CHP_BEAT_TYPE,CITY_DIVISION_LAPD,CHP_BEAT_CLASS,BEAT_NUMBER,PRIMARY_RD,SECONDARY_RD,DISTANCE,DIRECTION,INTERSECTION,WEATHER_1,WEATHER_2,STATE_HWY_IND,CALTRANS_COUNTY,CALTRANS_DISTRICT,STATE_ROUTE,ROUTE_SUFFIX,POSTMILE_PREFIX,POSTMILE,LOCATION_TYPE,RAMP_INTERSECTION,SIDE_OF_HWY,TOW_AWAY,COLLISION_SEVERITY,NUMBER_KILLED,NUMBER_INJURED,PARTY_COUNT,PRIMARY_COLL_FACTOR,PCF_CODE_OF_VIOL,PCF_VIOL_CATEGORY,PCF_VIOLATION,PCF_VIOL_SUBSECTION,HIT_AND_RUN,TYPE_OF_COLLISION,MVIW,PED_ACTION,ROAD_SURFACE,ROAD_COND_1,ROAD_COND_2,LIGHTING,CONTROL_DEVICE,CHP_ROAD_TYPE,PEDESTRIAN_ACCIDENT,BICYCLE_ACCIDENT,MOTORCYCLE_ACCIDENT,TRUCK_ACCIDENT,NOT_PRIVATE_PROPERTY,ALCOHOL_INVOLVED,STWD_VEHTYPE_AT_FAULT,CHP_VEHTYPE_AT_FAULT,COUNT_SEVERE_INJ,COUNT_VISIBLE_INJ,COUNT_COMPLAINT_PAIN,COUNT_PED_KILLED,COUNT_PED_INJURED,COUNT_BICYCLIST_KILLED,COUNT_BICYCLIST_INJURED,COUNT_MC_KILLED,COUNT_MC_INJURED,PRIMARY_RAMP,SECONDARY_RAMP,LATITUDE,LONGITUDE,COUNTY,CITY,POINT_X,POINT_Y
84771347,2025,2025-07-22,4803,2025-05-22,"813 ",1697,,4,5,5,4803,0,0,0,,0,00S,"WEST TEXAS STREET","BECK AVENUE",0.00,,Y,B,-,N,,,,,,,,,,N,4,0,2,2,A,-,12,21453,A,N,D,C,A,A,H,-,A,A,0,,,,,Y,,-,"- ",0,0,2,0,0,0,0,0,0,"- ","- ",38.249320983886719,-122.06620788574219,SOLANO,FAIRFIELD,-122.06623077392578,38.249279022216797
84771360,2025,2025-07-22,4803,2025-05-24,1500,1839,,6,5,5,4803,0,0,0,,0,00W,"GATEWAY BOULEVARD","GATEWAY COURT",0.00,,Y,A,-,N,,,,,,,,,,N,2,0,1,2,A,-,12,21453,A,N,D,G,A,A,H,-,A,A,0,,Y,,,Y,,L,04,1,0,0,0,0,0,1,0,0,"- ","- ",38.259349822998047,-122.05711364746094,SOLANO,FAIRFIELD,-122.05719757080078,38.259334564208984
84771362,2025,2025-07-22,4803,2025-05-24,2141,1728,,6,5,5,4803,0,0,0,,0,00C,"AIR BASE PARKWAY","HEATH DRIVE",1063.00,E,N,A,-,N,,,,,,,,,,N,3,0,1,2,A,-,11,21954,A,N,G,B,E,A,H,-,D,D,0,Y,,,,Y,,N,60,0,1,0,0,1,0,0,0,0,"- ","- ",38.273128509521484,-122.04283905029297,SOLANO,FAIRFIELD,-122.045654296875,38.27294921875
84771371,2025,2025-07-22,4803,2025-05-28,1400,1780,,3,5,5,4803,0,0,0,,0,00C,"WEST TEXAS STREET","GREGORY STREET",30.00,N,N,A,-,N,,,,,,,,,,N,3,0,2,2,A,-,04,21703,,N,C,C,A,A,H,-,A,A,0,,,,,Y,,A,07,0,2,0,0,0,0,0,0,0,"- ","- ",38.249309539794922,-122.05610656738281,SOLANO,FAIRFIELD,-122.05606842041016,38.249271392822266
84771375,2025,2025-07-28,4803,2025-05-30,"825 ",1653,,5,5,5,4803,0,0,0,,0,00S,"BROADWAY STREET","JEFFERSON STREET",0.00,,Y,A,-,Y,,,,,,,,,,Y,3,0,1,2,A,-,08,22107,,N,A,C,A,A,H,-,A,D,0,,,,,Y,,A,01,0,1,0,0,0,0,0,0,0,"- ","- ",38.245899200439453,-122.04177856445312,SOLANO,FAIRFIELD,-122.04187774658203,38.245876312255859
84771405,2025,2025-07-22,4803,2025-06-08,"742 ",1780,,7,5,5,4803,0,0,0,,0,00S,"BUSINESS CENTER DRIVE","HEALTHCARE DRIVE (N)",387.00,W,N,A,-,N,,,,,,,,,,Y,3,0,1,1,A,-,07,21658,A,N,E,I,A,A,H,-,A,D,0,,,,,Y,,A,01,0,1,0,0,0,0,0,0,0,"- ","- ",38.217311859130859,-122.1448974609375,SOLANO,FAIRFIELD,,
84771427,2025,2025-07-22,4803,2025-06-14,"926 ",1797,,6,5,5,4803,0,0,0,,0,00C,"EAST TRAVIS BOULEVARD","EISENHOWER STREET",0.00,,Y,A,-,N,,,,,,,,,,Y,3,0,4,2,A,-,09,21801,A,N,D,C,A,A,H,-,A,A,0,,,,,Y,,A,01,0,2,2,0,0,0,0,0,0,"- ","- ",38.258110046386719,-122.02913665771484,SOLANO,FAIRFIELD,-122.02912902832031,38.258216857910156
84771438,2025,2025-07-22,4803,2025-06-18,1620,1835,,3,5,5,4803,0,0,0,,0,00W,"WEST TEXAS STREET","PENNSYLVANIA AVENUE",286.00,W,N,A,-,N,,,,,,,,,,N,4,0,1,2,A,-,09,21804,A,N,D,C,A,A,H,-,A,D,0,,,,,Y,,A,07,0,0,1,0,0,0,0,0,0,"- ","- ",38.249248504638672,-122.04979705810547,SOLANO,FAIRFIELD,-122.05096435546875,38.249248504638672
84771457,2025,2025-07-22,4803,2025-06-27,"256 ",1694,,5,5,5,4803,0,0,0,,0,00E,"CLAY BANK ROAD","CANAL STREET",186.00,S,N,A,-,N,,,,,,,,,,Y,3,0,3,1,A,-,08,22107,,N,E,I,A,A,H,-,C,A,0,,,,,Y,,A,08,0,3,0,0,0,0,0,0,0,"- ","- ",38.278278350830078,-122.00627136230469,SOLANO,FAIRFIELD,-122.00656127929688,38.277873992919922
84771460,2025,2025-07-22,4803,2025-06-27,2112,1839,,5,5,5,4803,0,0,0,,0,00S,"DIAMOND WAY","BECK AVENUE",13.00,W,N,A,-,Y,,,,,,,,,,Y,2,0,2,1,A,-,03,22350,,N,E,I,A,A,H,-,C,D,0,,,,,Y,,A,01,2,0,0,0,0,0,0,0,0,"- ","- ",38.242351531982422,-122.06632232666016,SOLANO,FAIRFIELD,-122.06638336181641,38.242290496826172
84771463,2025,2025-07-22,4803,2025-06-28,"756 ",1683,,6,5,5,4803,0,0,0,,0,00C,"AIR BASE PARKWAY","DOVER AVENUE",0.00,,Y,A,-,N,,,,,,,,,,Y,3,0,2,2,A,-,09,21453,C,N,A,C,A,A,H,-,A,A,0,,,,,Y,,A,01,0,2,0,0,0,0,0,0,0,"- ","- ",38.272598266601562,-122.02484893798828,SOLANO,FAIRFIELD,-122.02491760253906,38.272716522216797
84771465,2025,2025-07-23,4803,2025-06-28,1723,1728,,6,5,5,4803,0,0,0,,0,00E,"EAST TABOR AVENUE","WALTERS ROAD",0.00,,Y,A,-,N,,,,,,,,,,N,3,0,1,2,A,-,11,21950,B,N,G,B,B,A,H,-,A,A,0,Y,,,,Y,Y,N,60,0,1,0,0,1,0,0,0,0,"- ","- ",38.264759063720703,-121.98806762695312,SOLANO,FAIRFIELD,-121.98814392089844,38.264884948730469
84771490,2025,2025-07-23,4803,2025-07-04,1433,1769,,5,5,5,4803,0,0,0,,0,00C,"SAN RAFAEL STREET","SAN ANSELMO STREET",0.00,,Y,A,-,N,,,,,,,,,,N,2,0,2,2,A,-,12,22450,A,N,B,C,A,A,H,-,A,D,0,,,,,Y,,A,01,1,0,1,0,0,0,0,0,0,"- ","- ",38.264701843261719,-122.02908325195312,SOLANO,FAIRFIELD,-122.02922058105469,38.264778137207031
84771505,2025,2025-07-22,4803,2025-07-10,"649 ",1821,,4,5,5,4803,0,0,0,,0,00W,"MANUEL CAMPOS PARKWAY","DICKSON HILL ROAD",65.00,E,N,A,-,N,,,,,,,,,,Y,3,0,1,2,A,-,08,22107,,N,B,C,A,A,H,-,A,A,0,,,,,Y,,A,01,0,1,0,0,0,0,0,0,0,"- ","- ",38.287769317626953,-122.01100921630859,SOLANO,FAIRFIELD,-122.00957489013672,38.287731170654297
84771512,2025,2025-07-22,4803,2025-07-16,1709,1835,,3,5,5,4803,0,0,0,,0,00W,"TRAVIS BOULEVARD","SECOND STREET",55.00,W,N,A,-,N,,,,,,,,,,N,4,0,2,2,B,-,22,,,N,C,C,A,A,H,-,A,A,0,,,,,Y,,D,22,0,0,2,0,0,0,0,0,0,"- ","- ",38.258029937744141,-122.05686187744141,SOLANO,FAIRFIELD,-122.05696868896484,38.2579345703125
84773189,2025,2025-07-23,4803,2025-07-21,1225,1821,,1,5,5,4803,0,0,0,,0,00E,"PEABODY ROAD","AIR BASE PARKWAY",5.00,S,N,A,-,N,,,,,,,,,,N,3,0,1,2,A,-,03,22350,,N,C,C,A,A,H,-,A,D,0,,,,,Y,,A,01,0,1,0,0,0,0,0,0,0,"- ","- ",38.272529602050781,-121.96958923339844,SOLANO,FAIRFIELD,-121.9697265625,38.273677825927734
84775196,2025,2025-07-24,4807,2025-06-19,1052,#797,,4,5,6,4807,0,0,0,,0,006,"FLORIDA ST","MONTEREY ST",12.00,E,N,A,-,N,,,,,,,,,,Y,3,0,2,2,A,-,12,22450,A,N,D,C,A,A,H,-,A,A,0,,,,,Y,,A,07,0,2,0,0,0,0,0,0,0,"- ","- ",38.104869842529297,-122.24658203125,SOLANO,VALLEJO,-122.24644470214844,38.10491943359375
84781931,2025,2025-07-30,4803,2025-07-24,2106,1714,,4,5,5,4803,0,0,0,,0,00S,"GREGORY STREET","HENRY STREET",40.00,S,N,A,-,N,,,,,,,,,,Y,3,0,1,4,A,-,03,22350,,F,B,E,A,A,H,-,C,D,0,,,,,Y,,A,01,0,1,0,0,0,0,0,0,0,"- ","- ",38.243450164794922,-122.054443359375,SOLANO,FAIRFIELD,-122.054443359375,38.243270874023438
84783562,2025,2025-07-31,4803,2025-07-27,"130 ",1827,,7,5,5,4803,0,0,0,,0,,"NORTH TEXAS STREET","ACACIA STREET",164.00,N,N,A,-,N,,,,,,,,,,N,4,0,1,2,A,-,11,21950,B,N,D,G,A,A,H,-,C,A,0,,Y,,,Y,,L,04,0,0,1,0,0,0,1,0,0,"- ","- ",38.264110565185547,-122.03414154052734,SOLANO,FAIRFIELD,-122.03420257568359,38.264690399169922
84786943,2025,2025-08-04,4807,2025-04-02,1804,#2281,,3,5,6,4807,0,0,0,,0,002,"BENICIA RD","COLUMBUS PKWY",120.00,S,N,A,-,N,,,,,,,,,,N,4,0,1,3,A,-,03,22350,,N,C,C,A,A,H,-,A,A,0,,,,Y,Y,,A,07,0,0,1,0,0,0,0,0,0,"- ","- ",38.083839416503906,-122.19394683837891,SOLANO,VALLEJO,-122.19390106201172,38.08380126953125
84789154,2025,2025-08-05,4803,2025-07-25,2242,1742,,5,5,5,4803,0,0,0,,0,00E,"BLOSSOM AVENUE","FROST PLACE",0.00,,Y,A,-,N,,,,,,,,,,N,3,0,2,2,A,-,09,21801,A,N,D,C,A,A,H,-,C,D,0,,,,,Y,,A,01,0,1,1,0,0,0,0,0,0,"- ","- ",38.262821197509766,-122.01468658447266,SOLANO,FAIRFIELD,-122.01480865478516,38.262790679931641
8479931,2017,2018-06-14,4803,2017-10-04,0745,1506,,3,5,5,4803,0,0,0,,0,00S,"RT 12","PENNSYLVANIA AV",595.00,W,N,A,-,Y,SOL,4,12,-,R,3.960,H,-,W,Y,4,0,1,1,A,-,03,22350,,N,H,J,A,D,C,-,A,D,0,,,Y,,Y,,C,03,0,0,1,0,0,0,0,0,1,"- ","- ",38.241399999999999,-122.0504,SOLANO,FAIRFIELD,-122.05260620999999,38.241093829999997
8479948,2017,2017-11-01,4807,2017-10-06,1610,537,VALLE,5,5,6,4807,0,0,0,,0,005,"VALLE VISTA ST","COUCH ST",105.00,E,N,A,-,N,,,,,,,,,,N,4,0,1,2,A,-,09,21801,A,N,A,C,A,A,H,-,A,D,0,,,,,Y,,A,,0,0,1,0,0,0,0,0,0,"- ","- ",,,SOLANO,VALLEJO,-122.25142494000001,38.119794059999997
84800097,2025,2025-08-13,4803,2025-07-31,2019,1632,,4,5,5,4803,0,0,0,,0,00E,"CEMENT HILL ROAD","PEPPERTREE DRIVE (E)",9.00,W,N,A,-,N,,,,,,,,,,N,4,0,1,2,A,-,12,22450,A,F,G,B,B,A,H,-,A,A,0,Y,,,,Y,,A,01,0,0,1,0,1,0,0,0,0,"- ","- ",38.279720306396484,-122.01161193847656,SOLANO,FAIRFIELD,-122.01602172851562,38.279811859130859
8480031,2017,2017-11-02,4807,2017-09-21,2129,705,,4,5,6,4807,0,0,0,,0,003,"MAGAZINE ST","LAUREL ST",0.00,,Y,A,-,N,,,,,,,,,,Y,4,0,1,2,A,-,01,23153,A,N,A,C,A,A,H,-,C,D,0,,,,,Y,Y,A,01,0,0,1,0,0,0,0,0,0,"- ","- ",,,SOLANO,VALLEJO,-122.22848992999999,38.085819979999997
84800431,2025,2025-08-13,4807,2025-07-11,1155,#791,,5,5,6,4807,0,0,0,,0,007,"LIMESTONE DR","QUARTZ LN",30.00,W,N,A,-,N,,,,,,,,,,N,4,0,1,2,A,-,08,22107,,F,D,E,A,A,H,-,A,D,0,,,,,Y,,A,01,0,0,1,0,0,0,0,0,0,"- ","- ",38.142009735107422,-122.23883056640625,SOLANO,VALLEJO,-122.23893737792969,38.142101287841797
84809679,2025,2025-08-20,4803,2025-08-01,1719,1835,,5,5,5,4803,0,0,0,,0,00W,"FIRST STREET","WEST TEXAS STREET",212.00,N,N,A,-,N,,,,,,,,,,Y,2,0,3,2,A,-,09,21804,A,N,D,C,A,A,H,-,A,D,0,,,,,Y,,A,01,1,0,2,0,0,0,0,0,0,"- ","- ",38.249141693115234,-122.05235290527344,SOLANO,FAIRFIELD,-122.05242156982422,38.249843597412109
84813225,2025,2025-08-22,4803,2025-08-11,"726 ",1835,,1,5,5,4803,0,0,0,,0,00E,"VANDEN ROAD","CANON ROAD",3290.00,N,N,A,-,N,,,,,,,,,,Y,2,0,2,2,A,-,03,22350,,N,C,C,A,A,H,-,A,D,0,,,,,Y,,A,01,1,1,0,0,0,0,0,0,0,"- ","- ",38.305011749267578,-121.94930267333984,SOLANO,FAIRFIELD,-121.94437408447266,38.310207366943359
84814677,2025,2025-08-25,4803,2025-08-21,"821 ",1301,,4,5,5,4803,0,0,0,,0,00S,"RT 12","PENNSYLVANIA AVENUE",2640.00,W,N,A,-,Y,SOL,,12," ",R,4.075,H,,R,Y,4,0,1,5,A,-,03,22350,,N,B,C,A,A,H,-,A,A,0,,,,Y,Y,,F,26,0,0,1,0,0,0,0,0,0,"- ","- ",38.241249084472656,-122.05042266845703,SOLANO,FAIRFIELD,-122.05040740966797,38.241199493408203
84815438,2025,2025-08-25,4807,2025-06-24,1220,#797,,2,5,6,4807,0,0,0,,0,002,"STEFFAN ST","JENNINGS AV (S)",70.00,S,N,A,-,N,,,,,,,,,,Y,4,0,1,2,A,-,08,22107,,N,D,E,A,A,H,-,A,A,0,,,,,Y,,A,01,0,0,1,0,0,0,0,0,0,"- ","- ",38.095260620117188,-122.22795867919922,SOLANO,VALLEJO,-122.228515625,38.099079132080078
84815446,2025,2025-08-25,4807,2025-06-28,1453,#2305,,6,5,6,4807,0,0,0,,0,006,"REDWOOD ST","SONOMA BL",0.00,,Y,A,-,N,,,,,,,,,,N,3,0,1,2,A,-,12,21453,A,N,D,G,A,A,H,-,A,A,0,,Y,,,Y,,L,04,0,1,0,0,0,0,1,0,0,"- ","- ",38.122940063476562,-122.25531768798828,SOLANO,VALLEJO,-122.25513458251953,38.122901916503906
84815453,2025,2025-08-25,4807,2025-07-05,1455,#2305,,6,5,6,4807,0,0,0,,0,001,"ASCOT PKWY","REDWOOD PKWY",0.00,,Y,A,-,N,,,,,,,,,,N,4,0,1,2,A,-,03,22350,,N,C,C,A,A,H,-,A,A,0,,,,,Y,,A,01,0,0,1,0,0,0,0,0,0,"- ","- ",38.121841430664062,-122.20793914794922,SOLANO,VALLEJO,-122.20790100097656,38.121776580810547
84819137,2025,2025-08-27,4803,2025-08-16,1116,1846,,6,5,5,4803,0,0,0,,0,00E,"AIR BASE PARKWAY","PEABODY ROAD",0.00,,Y,A,-,N,,,,,,,,,,Y,3,0,2,2,A,-,12,21453,A,N,D,C,A,A,H,-,A,A,0,,,,,Y,,A,01,0,2,0,0,0,0,0,0,0,"- ","- ",38.272350311279297,-121.96933746337891,SOLANO,FAIRFIELD,-121.9697265625,38.273689270019531
84819143,2025,2025-08-27,4803,2025-08-25,"830 ",1492,,1,5,5,4803,0,0,0,,0,,"I 80 EB OFFRAMP","GREEN VALLEY ROAD",15.00,W,N,A,-,N,,,,,,,,,,N,3,0,1,2,D,-,00,,,N,C,C,A,A,H,-,A,A,0,,,,,Y,,-,"- ",0,1,0,0,0,0,0,0,0,"- ","- ",,,SOLANO,FAIRFIELD,-122.13865661621094,38.216022491455078
8481915,2017,2017-11-06,4807,2017-06-04,1940,683,4807,7,5,6,4807,0,0,0,,0,005,"REDWOOD ST","COUCH ST",0.00,,Y,A,-,N,,,,,,,,,,Y,4,0,1,2,A,-,09,21801,A,N,D,C,A,A,H,-,A,A,0,,,,,Y,,A,01,0,0,1,0,0,0,0,0,0,"- ","- ",,,SOLANO,VALLEJO,-122.2519099,38.122309989999998
84819569,2025,2025-08-27,4807,2025-07-15,1929,#797,,2,5,6,4807,0,0,0,,0,007,"FAIRGROUNDS DR","SAGE ST",320.00,S,N,A,-,N,,,,,,,,,,N,4,0,1,2,A,-,07,21658,A,N,B,C,A,A,H,-,B,A,0,,,,,Y,,A,01,0,0,1,0,0,0,0,0,0,"- ","- ",38.140140533447266,-122.23166656494141,SOLANO,VALLEJO,-122.23094940185547,38.139377593994141
84819576,2025,2025-08-27,4807,2025-07-26,2332,#768,,6,5,6,4807,0,0,0,,0,008,"SONOMA BL","SR 37 ON RAMP",19.00,E,N,A,-,Y,,,,,,,,,,Y,4,0,3,2,A,-,03,22350,,N,D,C,A,A,H,-,C,A,0,,,,,Y,,A,01,0,0,3,0,0,0,0,0,0,"- ","- ",,,SOLANO,VALLEJO,-122.25599670410156,38.139972686767578
84827385,2025,2025-09-03,4803,2025-09-01,1354,1594,,1,5,5,4803,0,0,0,,0,00C,"NORTH TEXAS STREET","ACACIA STREET",0.00,,Y,A,-,N,,,,,,,,,,N,3,0,1,2,A,-,10,21950,A,N,G,B,B,A,H,-,A,A,0,Y,,,,Y,Y,D,22,0,1,0,0,1,0,0,0,0,"- ","- ",38.264110565185547,-122.03414154052734,SOLANO,FAIRFIELD,-122.03420257568359,38.264236450195312
84829066,2025,2025-09-26,4803,2025-08-06,1551,1835,,3,5,5,4803,0,0,0,,0,00C,"AIR BASE PARKWAY","DOVER AVENUE",300.00,W,N,A,-,N,,,,,,,,,,Y,4,0,1,3,A,-,04,21703,,F,C,C,A,A,H,-,A,A,0,,,,,Y,,A,01,0,0,1,0,0,0,0,0,0,"- ","- ",38.272830963134766,-122.02507781982422,SOLANO,FAIRFIELD,-122.02596282958984,38.272731781005859
84830879,2025,2025-09-05,4803,2025-08-29,1743,1835,,5,5,5,4803,0,0,0,,0,00S,"TEXAS STREET","JACKSON STREET",30.00,N,N,A,-,N,,,,,,,,,,N,3,0,1,2,A,-,10,21950,A,N,G,B,B,A,H,-,A,A,0,Y,,,,Y,,A,01,0,1,0,0,1,0,0,0,0,"- ","- ",38.249229431152344,-122.04445648193359,SOLANO,FAIRFIELD,-122.04454803466797,38.249240875244141
84832414,2025,2025-09-25,4803,2025-08-04,1230,1845,,1,5,5,4803,0,0,0,,0,00S,"SUISUN VALLEY ROAD","SOLANO COMMUNTY COLLEGE (N)",17.00,W,N,A,-,N,,,,,,,,,,N,4,0,2,2,A,-,09,21804,A,N,D,C,A,A,H,-,A,D,0,,,,,Y,,A,01,0,0,2,0,0,0,0,0,0,"- ","- ",38.237419128417969,-122.12497711181641,SOLANO,FAIRFIELD,,
84841598,2025,2025-09-15,4803,2025-08-23,1006,1628,,6,5,5,4803,0,0,0,,0,00C,"NORTH TEXAS STREET","ACACIA STREET",175.00,N,N,A,-,N,,,,,,,,,,Y,4,0,1,2,A,-,03,22350,,N,C,C,A,A,H,-,A,A,0,,,,,Y,,A,07,0,0,1,0,0,0,0,0,0,"- ","- ",38.264110565185547,-122.03414154052734,SOLANO,FAIRFIELD,-122.03420257568359,38.264720916748047
84841599,2025,2025-09-15,4803,2025-08-28,"627 ",1632,,4,5,5,4803,0,0,0,,0,00C,"NORTH TEXAS STREET","TRAVIS BOULEVARD",9.00,N,N,A,-,N,,,,,,,,,,N,2,0,1,2,A,-,09,21453,B,N,G,B,B,A,H,-,A,A,0,Y,,,,Y,,D,22,1,0,0,0,1,0,0,0,0,"- ","- ",38.25823974609375,-122.03411865234375,SOLANO,FAIRFIELD,-122.03417205810547,38.258274078369141
84843220,2025,2025-09-15,4803,2025-09-06,1029,1846,,6,5,5,4803,0,0,0,,0,00W,"FIRST STREET","EMPIRE STREET",0.00,,Y,A,-,N,,,,,,,,,,Y,3,0,1,2,A,-,09,21802,A,N,D,C,A,A,H,-,A,A,0,,,,,Y,,D,22,0,1,0,0,0,0,0,0,0,"- ","- ",38.250389099121094,-122.05230712890625,SOLANO,FAIRFIELD,-122.05242156982422,38.250343322753906
84843226,2025,2025-09-15,4803,2025-09-07,2250,1784,,7,5,5,4803,0,0,0,,0,00E,"PEPPERTREE DRIVE","WILLOW LANE",30.00,W,N,A,-,N,,,,,,,,,,N,3,0,1,2,A,-,17,21663,,F,G,B,F,A,H,-,C,D,0,Y,,,,Y,,A,01,0,1,0,0,1,0,0,0,0,"- ","- ",38.282451629638672,-122.01351165771484,SOLANO,FAIRFIELD,-122.01238250732422,38.282535552978516
84843230,2025,2025-09-15,4803,2025-09-08,1250,1492,,1,5,5,4803,0,0,0,,0,,"COURAGE DRIVE","SOUTH WATNEY WAY (W)",0.00,,Y,-,-,N,,,,,,,,,,Y,3,0,1,2,A,-,09,21802,A,N,D,C,A,A,H,-,A,A,0,,,,,Y,,A,07,0,1,0,0,0,0,0,0,0,"- ","- ",38.234321594238281,-122.07894897460938,SOLANO,FAIRFIELD,-122.07898712158203,38.234149932861328
84845463,2025,2025-09-16,4803,2025-09-02,"827 ",1833,,2,5,5,4803,0,0,0,,0,00C,"NORTH TEXAS STREET","EAST BELL AVENUE",0.00,N,Y,B,-,N,,,,,,,,,,N,3,0,1,2,A,-,10,21950,A,N,G,B,B,A,H,-,A,A,0,Y,,,,Y,,A,01,0,1,0,0,1,0,0,0,0,"- ","- ",38.254798889160156,-122.03426361083984,SOLANO,FAIRFIELD,-122.03423309326172,38.254924774169922
84845468,2025,2025-09-16,4803,2025-09-12,2235,1714,,5,5,5,4803,0,0,0,,0,00S,"PENNSYLVANIA AVENUE","WOOLNER AVENUE",0.00,,Y,A,-,N,,,,,,,,,,Y,4,0,2,2,A,-,12,21453,A,N,D,C,A,A,H,-,C,A,0,,,,,Y,,A,01,0,0,2,0,0,0,0,0,0,"- ","- ",38.245079040527344,-122.04974365234375,SOLANO,FAIRFIELD,-122.05001068115234,38.245105743408203
84850598,2025,2025-09-19,4803,2025-09-16,2310,1739,,2,5,5,4803,0,0,0,,0,00W,"RT 80","AIR BASE PARKWAY",4600.00,N,N,A,-,Y,SOL,,80," "," ",19.186,H,,R,Y,2,0,2,2,A,-,00,23153,F,F,C,C,A,A,H,-,C,D,0,,,,,Y,,A,07,1,1,0,0,0,0,0,0,0,"- ","- ",38.273460388183594,-122.0494384765625,SOLANO,FAIRFIELD,-122.04946899414062,38.273475646972656
84850925,2025,2025-09-19,4807,2025-07-29,1834,#755,,2,5,6,4807,0,0,0,,0,004,"CURTOLA PKWY","SOLANO AV",40.00,S,N,A,-,N,,,,,,,,,,Y,3,0,2,2,A,-,03,22350,,N,C,C,A,A,H,-,A,A,0,,,,,Y,,A,07,0,1,1,0,0,0,0,0,0,"- ","- ",38.096889495849609,-122.24693298339844,SOLANO,VALLEJO,-122.24687957763672,38.096958160400391
84850926,2025,2025-09-19,4807,2025-07-29,1949,#755,,2,5,6,4807,0,0,0,,0,002,"ANNETTE AV","BUSS AV",0.00,,Y,A,-,N,,,,,,,,,,Y,3,0,2,2,A,-,09,21802,A,N,A,C,A,A,H,-,B,A,0,,,,,Y,,A,01,0,2,0,0,0,0,0,0,0,"- ","- ",38.097309112548828,-122.22325897216797,SOLANO,VALLEJO,-122.22325134277344,38.097286224365234
84855673,2025,2025-09-23,4807,2025-07-05,"813 ",#799,,6,5,6,4807,0,0,0,,0,005,"CURTOLA PKWY","SOLANO AV",0.00,,Y,A,-,N,,,,,,,,,,Y,3,0,3,3,A,-,03,22350,,N,C,C,A,A,H,-,A,A,0,,,,,Y,,A,01,0,1,2,0,0,0,0,0,0,"- ","- ",38.096969604492188,-122.24687957763672,SOLANO,VALLEJO,-122.24687957763672,38.096965789794922
84857179,2025,2025-09-29,4803,2025-09-18,1158,1797,,4,5,5,4803,0,0,0,,0,00W,"NANTUCKET DRIVE","NANTUCKET PLACE",0.00,,Y,A,-,N,,,,,,,,,,Y,4,0,1,2,A,-,09,21800,A,N,D,C,A,A,H,-,A,D,0,,,,,Y,,A,01,0,0,1,0,0,0,0,0,0,"- ","- ",38.262931823730469,-122.07441711425781,SOLANO,FAIRFIELD,-122.07441711425781,38.262870788574219
84857485,2025,2025-09-24,4807,2025-08-01,1400,#794,,5,5,6,4807,0,0,0,,0,007,"TUOLUMNE ST","DEL MAR AV",21.00,S,N,A,-,N,,,,,,,,,,N,2,0,1,2,A,-,10,21950,A,N,G,B,B,A,H,-,A,A,0,Y,,,,Y,,A,01,1,0,0,0,1,0,0,0,0,"- ","- ",38.125850677490234,-122.23844909667969,SOLANO,VALLEJO,-122.23833465576172,38.125774383544922
84857505,2025,2025-09-24,4807,2025-08-09,1611,#728,,6,5,6,4807,0,0,0,,0,008,"SONOMA BL","MINI DR",0.00,,Y,A,-,Y,SOL,,29," "," ",5.849,H,,R,Y,4,0,1,2,A,-,09,21453,C,N,A,C,A,A,H,-,A,A,0,,,,,Y,,A,01,0,0,1,0,0,0,0,0,0,"- ","- ",38.153831481933594,-122.25388336181641,SOLANO,VALLEJO,-122.25379943847656,38.153823852539062
84859292,2025,2025-09-25,4807,2025-08-18,1927,#755,,1,5,6,4807,0,0,0,,0,005,"SONOMA BL","LOUISIANA ST",0.00,,Y,A,-,Y,SOL,,29," "," ",2.667,H,,R,Y,4,0,2,2,A,-,03,22350,,F,D,C,A,A,H,-,A,A,0,,,,,Y,,A,01,0,0,2,0,0,0,0,0,0,"- ","- ",38.107978820800781,-122.25479125976562,SOLANO,VALLEJO,-122.25482177734375,38.107978820800781
84860641,2025,2025-09-26,4805,2025-09-16,1700,VER01,,2,5,4,4805,0,0,0,,0,003,"RAILROAD AVE","WORLEY RD",32.00,E,-,A,-,N,,,,,,,,,,Y,3,0,4,2,A,-,03,22350,,N,C,C,A,A,H,-,A,A,0,,,,,Y,,A,07,0,2,2,0,0,0,0,0,0,"- ","- ",38.262111663818359,-122.00923919677734,SOLANO,"SUISUN CITY",-122.00965881347656,38.262298583984375
84860649,2025,2025-09-26,4805,2025-08-07,1546,LET01,,4,5,4,4805,0,0,0,,0,001,"STATE ROUTE 12","SCL OF STATE ROUTE 12",21.00,N,-,A,-,Y,SOL,,12," ",R,4.517,H,,R,N,3,0,2,2,-,-,"- ",,,N,C,C,A,A,H,-,A,D,0,,,,,Y,,-,"- ",0,2,0,0,0,0,0,0,0,"- ","- ",38.243209838867188,-122.04271697998047,SOLANO,"SUISUN CITY",-122.04273223876953,38.243228912353516