CASE_ID,ACCIDENT_YEAR,PROC_DATE,JURIS,COLLISION_DATE,COLLISION_TIME,OFFICER_ID,REPORTING_DISTRICT,DAY_OF_WEEK,CHP_SHIFT,POPULATION,CNTY_CITY_LOC,SPECIAL_COND,BEAT_TYPE,CHP_BEAT_TYPE,CITY_DIVISION_LAPD,CHP_BEAT_CLASS,BEAT_NUMBER,PRIMARY_RD,SECONDARY_RD,DISTANCE,DIRECTION,INTERSECTION,WEATHER_1,WEATHER_2,STATE_HWY_IND,CALTRANS_COUNTY,CALTRANS_DISTRICT,STATE_ROUTE,ROUTE_SUFFIX,POSTMILE_PREFIX,POSTMILE,LOCATION_TYPE,RAMP_INTERSECTION,SIDE_OF_HWY,TOW_AWAY,COLLISION_SEVERITY,NUMBER_KILLED,NUMBER_INJURED,PARTY_COUNT,PRIMARY_COLL_FACTOR,PCF_CODE_OF_VIOL,PCF_VIOL_CATEGORY,PCF_VIOLATION,PCF_VIOL_SUBSECTION,HIT_AND_RUN,TYPE_OF_COLLISION,MVIW,PED_ACTION,ROAD_SURFACE,ROAD_COND_1,ROAD_COND_2,LIGHTING,CONTROL_DEVICE,CHP_ROAD_TYPE,PEDESTRIAN_ACCIDENT,BICYCLE_ACCIDENT,MOTORCYCLE_ACCIDENT,TRUCK_ACCIDENT,NOT_PRIVATE_PROPERTY,ALCOHOL_INVOLVED,STWD_VEHTYPE_AT_FAULT,CHP_VEHTYPE_AT_FAULT,COUNT_SEVERE_INJ,COUNT_VISIBLE_INJ,COUNT_COMPLAINT_PAIN,COUNT_PED_KILLED,COUNT_PED_INJURED,COUNT_BICYCLIST_KILLED,COUNT_BICYCLIST_INJURED,COUNT_MC_KILLED,COUNT_MC_INJURED,PRIMARY_RAMP,SECONDARY_RAMP,LATITUDE,LONGITUDE,COUNTY,CITY,POINT_X,POINT_Y
85046349,2025,2026-02-09,4807,2025-12-04,1715,#755,,4,5,6,4807,0,0,0,,0,002,"COLUMBUS PKWY","GREENMONT DR",72.00,S,N,A,-,N,,,,,,,,,,N,4,0,2,2,A,-,03,22350,,N,C,C,A,A,H,-,C,A,0,,,,,Y,,A,01,0,0,2,0,0,0,0,0,0,"- ","- ",38.089080810546875,-122.19606781005859,SOLANO,VALLEJO,-122.19602966308594,38.088943481445312
85046350,2025,2026-02-09,4807,2025-12-06,"235 ",#764,,6,5,6,4807,0,0,0,,0,005,"AMADOR ST","FLORIDA ST",270.00,S,N,A,-,N,,,,,,,,,,Y,3,0,1,2,A,-,01,23152,A,N,C,E,A,A,H,-,C,A,0,,,,,Y,Y,A,01,0,1,0,0,0,0,0,0,0,"- ","- ",38.104808807373047,-122.2435302734375,SOLANO,VALLEJO,-122.24349212646484,38.104137420654297
8505578,2017,2017-12-05,4801,2017-10-14,1301,2322,4801,6,5,4,4801,0,0,0,,0,001,"SOUTHHAMPTON RD","CHELSEA HILLS",0.00,,Y,A,-,N,,,,,,,,,,Y,3,0,3,3,A,-,05,21460,A,N,A,C,A,A,H,-,A,A,0,,,,,Y,,A,01,0,1,2,0,0,0,0,0,0,"- ","- ",,,SOLANO,BENICIA,-122.164299,38.066355000000001
85066156,2025,2026-02-23,4807,2025-12-19,1733,#2317,,5,5,6,4807,0,0,0,,0,002,"TENNESSEE ST","OAKWOOD AV",0.00,,Y,C,-,N,,,,,,,,,,N,4,0,1,2,A,-,09,21800,D,N,D,C,A,B,H,-,C,B,0,,,,,Y,,-,"- ",0,0,1,0,0,0,0,0,0,"- ","- ",38.109500885009766,-122.21762084960938,SOLANO,VALLEJO,-122.2176513671875,38.109653472900391
85066161,2025,2026-02-23,4807,2025-12-31,1945,#693,,3,5,6,4807,0,0,0,,0,007,"SONOMA BL","YOLANO DR",15.00,S,N,C,-,Y,SOL,,29," "," ",4.365,H,,R,N,3,0,1,2,A,-,03,22350,,N,C,E,A,B,H,-,C,A,0,,,,,Y,,A,07,0,1,0,0,0,0,0,0,0,"- ","- ",38.132419586181641,-122.25614929199219,SOLANO,VALLEJO,-122.25591278076172,38.132434844970703
85066564,2025,2026-02-23,4807,2025-12-21,1741,#760,,7,5,6,4807,0,0,0,,0,008,"FAIRGROUNDS DR","GATEWAY DR",155.00,S,N,C,-,N,,,,,,,,,,N,4,0,1,4,A,-,03,22350,,N,C,C,A,B,H,-,C,A,0,,,,,Y,,A,01,0,0,1,0,0,0,0,0,0,"- ","- ",38.144660949707031,-122.23500061035156,SOLANO,VALLEJO,-122.23474884033203,38.14422607421875
8507142,2017,2017-12-08,4803,2017-09-09,1258,1327,,6,5,5,4803,0,0,0,,0,00E,"AIR BASE PKWY","WALTERS RD",1500.00,W,N,A,-,N,,,,,,,,,,Y,4,0,1,2,A,-,03,22350,,N,C,C,A,A,H,-,A,D,0,,,,,Y,,A,01,0,0,1,0,0,0,0,0,0,"- ","- ",38.271569999999997,-121.98795,SOLANO,FAIRFIELD,-121.99308465999999,38.271306099999997
8507146,2017,2017-12-12,4803,2017-11-26,1540,1584,SOLAN,7,5,5,4803,0,0,0,,0,0CE,"FAIRFIELD AV","PACIFIC AV",122.00,S,N,C,-,N,,,,,,,,,,Y,4,0,1,4,A,-,01,23152,A,N,B,E,A,B,H,-,A,A,0,,,,,Y,Y,A,01,0,0,1,0,0,0,0,0,0,"- ","- ",38.268709999999999,-122.05421,SOLANO,FAIRFIELD,-122.04523,38.268224889999999
8507163,2017,2017-12-13,4803,2017-10-25,1047,561,,3,5,5,4803,0,0,0,,0,00S,"WEST TEXAS ST","2ND ST",0.00,,Y,A,-,N,,,,,,,,,,Y,4,0,2,2,A,-,09,21802,A,N,D,C,A,A,H,-,A,A,0,,,,,Y,,A,01,0,0,2,0,0,0,0,0,0,"- ","- ",,,SOLANO,FAIRFIELD,-122.05514995999999,38.249259930000001
8507166,2017,2017-12-12,4803,2017-11-17,0924,1327,,5,5,5,4803,0,0,0,,0,0CO,"SUISUN VALLEY RD","NEITZEL RD",15.00,E,N,A,-,N,,,,,,,,,,N,4,0,1,2,A,-,03,22350,,N,C,C,A,A,H,-,A,A,0,,,,,Y,,A,07,0,0,1,0,0,0,0,0,0,"- ","- ",38.226370000000003,-122.12971,SOLANO,FAIRFIELD,-122.12983,38.225250000000003
8507171,2017,2017-12-18,4803,2017-11-09,1450,1327,,4,5,5,4803,0,0,0,,0,0CE,"NORTH TEXAS ST","ATLANTIC AV",5.00,S,N,A,-,N,,,,,,,,,,N,3,0,1,2,A,-,11,21950,B,N,G,B,B,A,H,-,A,A,0,Y,,,,Y,,N,60,0,1,0,0,1,0,0,0,0,"- ","- ",38.276359999999997,-122.03413,SOLANO,FAIRFIELD,-122.0342,38.276306269999999
85075024,2025,2026-02-27,4807,2025-12-25,1553,#799,,4,5,6,4807,0,0,0,,0,005,"FLORIDA ST","MONTEREY ST",0.00,,Y,A,-,N,,,,,,,,,,Y,4,0,1,2,A,-,12,22450,A,N,B,C,A,A,H,-,A,D,0,,,,,Y,,A,01,0,0,1,0,0,0,0,0,0,"- ","- ",38.104949951171875,-122.24652862548828,SOLANO,VALLEJO,-122.24649047851562,38.10491943359375
85075025,2025,2026-02-27,4807,2025-12-30,"725 ",#799,,2,5,6,4807,0,0,0,,0,005,"COUCH ST","HAMPSHIRE STREET",0.00,,Y,A,-,N,,,,,,,,,,Y,3,0,1,2,A,-,09,21802,A,N,D,C,A,A,H,-,A,A,0,,,,,Y,,A,01,0,1,0,0,0,0,0,0,0,"- ","- ",,,SOLANO,VALLEJO,-122.25318908691406,38.116313934326172
8507670,2017,2017-12-14,4803,2017-11-08,0919,1327,,3,5,5,4803,0,0,0,,0,00S,"5TH ST","VIRGINIA ST",69.00,N,N,A,-,N,,,,,,,,,,Y,4,0,1,2,A,-,08,22107,,N,D,C,A,A,H,-,A,D,0,,,,,Y,,A,01,0,0,1,0,0,0,0,0,0,"- ","- ",38.251550000000002,-122.06056,SOLANO,FAIRFIELD,-122.06074298,38.251729449999999
8507675,2017,2017-12-13,4803,2017-10-14,1226,1327,,6,5,5,4803,0,0,0,,0,0CE,"NORTH TEXAS ST","AIR BASE PKWY",70.00,N,N,A,-,N,,,,,,,,,,Y,3,0,1,2,A,-,03,22350,,N,C,C,A,A,H,-,A,D,0,,,Y,,Y,,C,02,0,1,0,0,0,0,0,0,1,"- ","- ",38.272930000000002,-122.03417,SOLANO,FAIRFIELD,-122.03422,38.273179999999996
8507679,2017,2017-12-13,4803,2017-10-14,1119,1327,,6,5,5,4803,0,0,0,,0,00W,"WATERMAN BL","HILBORN RD",0.00,,Y,A,-,N,,,,,,,,,,N,3,0,1,2,A,-,12,21453,A,N,D,C,A,A,H,-,A,A,0,,,,,Y,,A,07,0,1,0,0,0,0,0,0,0,"- ","- ",38.273400000000002,-122.05252,SOLANO,FAIRFIELD,-122.05248994999999,38.273309900000001
8508102,2017,2018-06-08,4803,2017-11-13,1710,1218,NORTH,1,5,5,4803,0,0,0,,0,CORDEL,"SUISUN VALLEY RD","CAMPUS LN",125.00,N,N,A,-,N,,,,,,,,,,Y,4,0,1,1,A,-,08,22107,,N,E,I,A,A,H,-,C,A,0,,,,,Y,,D,22,0,0,1,0,0,0,0,0,0,"- ","- ",38.230980000000002,-122.12811000000001,SOLANO,FAIRFIELD,-122.12776619,38.231391199999997
85083153,2025,2026-03-05,4807,2025-11-05,1209,#2281,,3,5,6,4807,0,0,0,,0,001,"LEGEND CIR","DONCASTER DR",500.00,W,N,A,-,N,,,,,,,,,,N,3,0,2,2,A,-,03,22350,,N,C,C,A,A,H,-,A,D,0,,,,,Y,,D,22,0,1,1,0,0,0,0,0,0,"- ","- ",38.127849578857422,-122.21356964111328,SOLANO,VALLEJO,-122.21519470214844,38.128589630126953
8509190,2017,2017-12-14,4803,2017-11-16,1635,976,,4,5,5,4803,0,0,0,,0,,"EAST TABOR AV","BLOSSOM AV",0.00,,Y,B,-,N,,,,,,,,,,N,4,0,1,2,A,-,05,21650,1,N,D,G,A,B,H,-,B,D,0,,Y,,,Y,,L,04,0,0,1,0,0,0,1,0,0,"- ","- ",38.265250000000002,-122.01466000000001,SOLANO,FAIRFIELD,-122.01481993,38.26525994
8510188,2017,2018-01-02,4803,2017-12-03,1744,1506,,7,5,5,4803,0,0,0,,0,,"EAST TABOR AV","VILLA CT",0.00,,Y,A,-,N,,,,,,,,,,Y,4,0,2,3,A,-,08,22107,,N,D,C,A,A,H,-,C,D,0,,,,,Y,,A,07,0,0,2,0,0,0,0,0,0,"- ","- ",38.2652,-122.00819,SOLANO,FAIRFIELD,-122.00827995,38.265179930000002
8515317,2017,2017-12-26,4807,2017-12-06,1130,600,4807,3,5,6,4807,0,0,0,,0,005,"BROADWAY ST","MICHIGAN ST",0.00,,Y,A,-,N,,,,,,,,,,Y,4,0,1,4,A,-,08,22107,,N,B,E,A,A,H,-,A,D,0,,,,,Y,,A,01,0,0,1,0,0,0,0,0,0,"- ","- ",,,SOLANO,VALLEJO,-122.24845989000001,38.116829920000001
8515479,2017,2017-12-20,4807,2017-11-25,1626,703,4807,6,5,6,4807,0,0,0,,0,002,"CEDAR ST","WOODROW AV",0.00,,Y,A,-,N,,,,,,,,,,N,3,0,1,2,A,-,12,22450,A,N,D,G,A,A,H,-,A,A,0,,Y,,,Y,,L,04,0,1,0,0,0,0,1,0,0,"- ","- ",,,SOLANO,VALLEJO,-122.22582985,38.091879919999997
8515487,2017,2018-01-19,4807,2017-11-05,1347,681,4807,7,5,6,4807,0,0,0,,0,002,"SPRINGS RD","MAPLE ST",0.00,,Y,A,-,N,,,,,,,,,,N,4,0,2,2,A,-,12,21453,A,N,D,C,A,A,H,-,A,A,0,,,,,Y,,-,"- ",0,0,2,0,0,0,0,0,0,"- ","- ",,,SOLANO,VALLEJO,-122.22059985999999,38.106019969999998
8515503,2017,2017-12-20,4807,2017-11-17,1507,683,VPD,5,5,6,4807,0,0,0,,0,005,"NEBRASKA ST",AMADOR,530.00,W,N,A,-,N,,,,,,,,,,N,4,0,1,3,A,-,09,21804,A,N,G,G,A,A,H,-,A,D,0,,Y,,,Y,,L,04,0,0,1,0,0,0,1,0,0,"- ","- ",,,SOLANO,VALLEJO,-122.24506237999999,38.113614929999997
8515804,2017,2017-12-22,4807,2017-12-12,1051,600,4807,2,5,6,4807,0,0,0,,0,008,"BROADWAY ST","MINI DR",250.00,S,N,A,-,N,,,,,,,,,,Y,4,0,1,2,A,-,04,21703,,N,C,C,A,A,H,-,A,D,0,,,,,Y,,A,01,0,0,1,0,0,0,0,0,0,"- ","- ",,,SOLANO,VALLEJO,-122.2528427,38.153196749999999
8516010,2017,2018-07-06,4807,2017-11-18,0216,637,4807,6,5,6,4807,0,0,0,,0,006,"SONOMA BL","GEORGIA ST",0.00,,N,A,-,Y,SOL,4,29,-,-,2.200,I,5,S,N,4,0,1,2,A,-,11,21950,B,F,G,B,B,A,H,-,C,A,0,Y,,,,Y,Y,N,60,0,0,1,0,1,0,0,0,0,"- ","- ",,,SOLANO,VALLEJO,-122.25495438999999,38.101139910000001
8516020,2017,2017-12-26,4807,2017-11-17,1257,682,VALLE,5,5,6,4807,0,0,0,,0,007,"NORTH CAMINO ALTO","POWER DR",100.00,W,N,A,-,N,,,,,,,,,,Y,4,0,1,2,B,-,22,,,M,D,E,A,A,H,-,A,D,0,,,,,Y,,-,,0,0,1,0,0,0,0,0,0,"- ","- ",,,SOLANO,VALLEJO,-122.24326295,38.131133300000002
8516190,2017,2018-06-29,4804,2017-12-03,1147,RV116,273,7,5,2,4804,0,0,0,,0,001,"RT 12","VIRGINIA DR",68.00,E,N,A,-,Y,SOL,4,12,-,-,26.160,H,-,W,Y,4,0,2,2,A,-,03,22350,,N,C,C,A,A,H,-,A,A,0,,,,Y,Y,,A,01,0,0,2,0,0,0,0,0,0,"- ","- ",,,SOLANO,"RIO VISTA",-121.68934693999999,38.160822809999999
8516399,2017,2018-01-05,4807,2017-12-16,2001,693,VPD,6,5,6,4807,0,0,0,,0,007,"DEL MAR AV","TUOLUMNE ST",100.00,E,N,A,-,N,,,,,,,,,,Y,3,0,1,2,A,-,01,23152,,N,A,E,A,A,H,-,C,A,0,,,,,Y,Y,D,22,0,1,0,0,0,0,0,0,0,"- ","- ",,,SOLANO,VALLEJO,-122.23801057,38.12588968
8516416,2017,2018-01-08,4807,2017-12-15,1147,675,VALLE,5,5,6,4807,0,0,0,,0,004,"BENICIA RD","RICE ST",0.00,,Y,A,-,N,,,,,,,,,,Y,4,0,1,1,A,-,08,22107,,N,E,I,A,A,H,-,A,D,0,,,,,Y,,-,,0,0,1,0,0,0,0,0,0,"- ","- ",,,SOLANO,VALLEJO,-122.24233989,38.097829939999997
8516432,2017,2018-01-04,4807,2017-12-02,1958,684,4807,6,5,6,4807,0,0,0,,0,002,"TENNESSEE ST","ROLLINGWOOD DR",0.00,,Y,B,-,N,,,,,,,,,,N,4,0,1,2,A,-,09,21802,B,N,A,C,A,A,H,-,C,A,0,,,,,Y,,A,01,0,0,1,0,0,0,0,0,0,"- ","- ",,,SOLANO,VALLEJO,-122.20899992,38.109089900000001
8519028,2017,2018-07-06,4804,2017-12-14,1101,RV105,273,4,5,2,4804,0,0,0,,0,002,"RT 12","CHURCH RD",12.00,W,N,A,-,Y,SOL,4,12,-,-,24.820,I,5,E,Y,4,0,3,2,A,-,03,22350,,N,C,C,A,A,H,-,A,D,0,,,,,Y,,D,22,0,0,3,0,0,0,0,0,0,"- ","- ",,,SOLANO,"RIO VISTA",-121.70915515,38.170460030000001
8519283,2017,2018-01-12,4803,2017-12-12,1031,1327,,2,5,5,4803,0,0,0,,0,00S,"ROCKVILLE RD","OLIVER RD",225.00,W,N,A,-,N,,,,,,,,,,Y,4,0,1,2,A,-,08,22107,,N,D,C,A,A,H,-,A,D,0,,,,,Y,,I,11,0,0,1,0,0,0,0,0,0,"- ","- ",38.249839999999999,-122.07043,SOLANO,FAIRFIELD,-122.07128109999999,38.249880060000002
8519724,2017,2018-02-20,4803,2017-11-25,1503,1654,,6,5,5,4803,0,0,0,,0,00E,"EAST TRAVIS BL","EISENHOWER ST",33.00,W,N,A,-,N,,,,,,,,,,N,4,0,1,3,A,-,06,21755,,F,B,C,A,A,H,-,A,A,0,,,Y,,Y,,C,02,0,0,1,0,0,0,0,0,0,"- ","- ",,,SOLANO,FAIRFIELD,-122.02924496,38.258220000000001
8519764,2017,2018-01-05,4807,2017-12-09,1133,703,,6,5,6,4807,0,0,0,,0,005,"REDWOOD ST","TUOLUMNE ST",0.00,,Y,A,-,N,,,,,,,,,,Y,4,0,2,3,A,-,01,23152,A,F,A,C,A,A,H,-,A,A,0,,,,,Y,Y,A,01,0,0,2,0,0,0,0,0,0,"- ","- ",,,SOLANO,VALLEJO,-122.23776986,38.122319949999998
8519772,2017,2018-01-05,4807,2017-12-01,1841,650,4807,5,5,6,4807,0,0,0,,0,002,"GEORGIA ST","OAKWOOD AV",25.00,E,N,A,-,N,,,,,,,,,,Y,4,0,1,2,A,-,09,21453,C,N,D,C,A,A,H,-,C,A,0,,,,,Y,,A,07,0,0,1,0,0,0,0,0,0,"- ","- ",,,SOLANO,VALLEJO,-122.21783689,38.099900060000003
8519824,2017,2018-01-04,4803,2017-12-08,1134,1327,,5,5,5,4803,0,0,0,,0,00S,"JEFFERSON ST","OHIO ST",75.00,N,N,A,-,N,,,,,,,,,,N,3,0,1,1,A,-,03,22350,,N,H,A,A,A,H,-,A,D,0,,,Y,,Y,,C,03,0,1,0,0,0,0,0,0,1,"- ","- ",38.244790000000002,-122.04192,SOLANO,FAIRFIELD,-122.04188000000001,38.244936010000004
8519828,2017,2018-01-04,4803,2017-12-14,0900,1584,SOLAN,4,5,5,4803,0,0,0,,0,EAST,"WALTERS RD","GRANADA DR",30.00,S,N,A,-,N,,,,,,,,,,N,4,0,1,3,A,-,04,21703,,N,C,C,A,A,H,-,A,D,0,,,,,Y,,A,01,0,0,1,0,0,0,0,0,0,"- ","- ",38.267110000000002,-121.98802999999999,SOLANO,FAIRFIELD,-121.98804758,38.267107619999997
8519911,2017,2018-01-05,4803,2017-12-09,1355,1654,,6,5,5,4803,0,0,0,,0,0CE,"UNION AV","ACACIA ST",0.00,,Y,A,-,N,,,,,,,,,,N,4,0,1,2,A,-,03,22350,,F,C,C,A,A,H,-,A,D,0,,,,,Y,,A,08,0,0,1,0,0,0,0,0,0,"- ","- ",38.262430000000002,-122.04040000000001,SOLANO,FAIRFIELD,-122.04044989,38.262449949999997
8520881,2017,2018-01-06,4803,2017-10-19,1110,1327,,4,5,5,4803,0,0,0,,0,00S,"WEST TEXAS ST","5TH ST",30.00,E,N,A,-,N,,,,,,,,,,N,4,0,2,2,A,-,08,22100,B,N,B,C,A,A,H,-,A,D,0,,,,Y,Y,,A,01,0,0,2,0,0,0,0,0,0,"- ","- ",38.24935,-122.06054,SOLANO,FAIRFIELD,-122.06061551000001,38.249270000000003
8521143,2017,2018-01-03,4803,2017-11-24,2330,1638,,5,5,5,4803,0,0,0,,0,,"PENNSYLVANIA AV","TRAVIS BL",0.00,S,N,A,-,N,,,,,,,,,,N,3,0,1,2,A,-,08,22107,,F,B,G,A,A,H,-,C,D,0,,Y,,,Y,,-,,0,1,0,0,0,0,1,0,0,"- ","- ",38.258130000000001,-122.04988,SOLANO,FAIRFIELD,-122.05000999000001,38.25822994
8522095,2017,2018-01-04,4803,2017-12-06,1353,1327,,3,5,5,4803,0,0,0,,0,00S,"WEBSTER ST","DELAWARE ST",0.00,,Y,A,-,N,,,,,,,,,,Y,4,0,1,2,A,-,09,21802,A,N,D,C,A,A,H,-,A,A,0,,,,,Y,,A,01,0,0,1,0,0,0,0,0,0,"- ","- ",38.247039999999998,-122.04317,SOLANO,FAIRFIELD,-122.04322987,38.247009929999997
8522373,2017,2018-01-03,4807,2017-12-08,0014,664,VPD48,5,5,6,4807,0,0,0,,0,008,"MINI DR","ROLEEN DR",0.00,,Y,A,-,N,,,,,,,,,,Y,4,0,1,2,A,-,12,22450,A,F,D,C,A,A,H,-,D,-,0,,,,,Y,,A,01,0,0,1,0,0,0,0,0,0,"- ","- ",,,SOLANO,VALLEJO,-122.26029997000001,38.151879940000001
8524637,2017,2018-01-16,4801,2017-09-28,1607,2092,4801,4,5,4,4801,0,0,0,,0,004,"EAST INDUSTRIAL WAY","CHANNEL RD",319.00,E,N,A,-,N,,,,,,,,,,Y,4,0,1,2,A,-,09,21804,A,N,D,C,A,A,H,-,A,D,0,,,,Y,Y,,G,25,0,0,1,0,0,0,0,0,0,"- ","- ",,,SOLANO,BENICIA,-122.13406001,38.07752704
8525426,2017,2018-01-10,4801,2017-11-27,1000,3895,BENIC,1,5,4,4801,0,0,0,,0,002,"E 5TH ST","MILITARY EAST",104.00,S,N,A,-,N,,,,,,,,,,N,4,0,1,1,A,-,08,22102,,N,E,I,A,A,H,-,A,D,0,,Y,,,Y,,L,04,0,0,1,0,0,0,1,0,0,"- ","- ",,,SOLANO,BENICIA,-122.14702348,38.050629409999999
8525430,2017,2018-01-10,4801,2017-11-29,1555,3895,BENIC,3,5,4,4801,0,0,0,,0,001,"SOUTHHAMPTON RD","SOUTHHAMPTON RD 820",224.00,W,N,A,-,N,,,,,,,,,,N,3,0,1,2,B,-,22,,,N,G,B,D,A,H,-,A,D,0,Y,,,,Y,,A,01,0,1,0,0,1,0,0,0,0,"- ","- ",,,SOLANO,BENICIA,,
8526843,2017,2018-01-10,4803,2017-12-08,1651,1565,SOLAN,5,5,5,4803,0,0,0,,0,00E,"WALTERS RD","EAST TABOR AV",2.00,N,N,A,-,N,,,,,,,,,,N,3,0,1,2,A,-,08,22107,,N,D,G,A,A,H,-,A,A,0,,Y,,,Y,,A,01,0,1,0,0,0,0,1,0,0,"- ","- ",38.264760000000003,-121.98806999999999,SOLANO,FAIRFIELD,-121.98813978,38.264895490000001
8527191,2017,2018-01-11,4807,2017-12-19,1242,700,VALLE,2,5,6,4807,0,0,0,,0,005,"TUOLUMNE ST","SPRINGS RD",0.00,,Y,A,-,N,,,,,,,,,,Y,4,0,1,2,A,-,09,21802,A,N,D,C,A,A,H,-,A,A,0,,,,,Y,,-,,0,0,1,0,0,0,0,0,0,"- ","- ",,,SOLANO,VALLEJO,-122.23818989999999,38.106179910000002
8527404,2017,2018-02-02,4807,2017-12-22,1945,651,VALLE,5,5,6,4807,0,0,0,,0,007,"REDWOOD ST","FAIRGROUNDS DR",100.00,W,N,-,-,N,,,,,,,,,,Y,4,0,2,2,A,-,21,22106,,N,C,-,A,A,H,-,C,D,0,,,,,Y,,-,,0,0,2,0,0,0,0,0,0,"- ","- ",,,SOLANO,VALLEJO,-122.23139739,38.122951980000003
8529249,2017,2018-01-10,4803,2017-12-25,1032,1474,,1,5,5,4803,0,0,0,,0,,"NORTH TEXAS ST","AIR BASE PKWY",20.00,S,N,A,-,N,,,,,,,,,,N,4,0,1,2,A,-,03,22350,,N,C,C,A,A,H,-,A,A,0,,,,,Y,,A,08,0,0,1,0,0,0,0,0,0,"- ","- ",38.272930000000002,-122.03417,SOLANO,FAIRFIELD,-122.03423177000001,38.273005079999997
8529253,2017,2018-01-10,4803,2017-12-22,1039,1327,,5,5,5,4803,0,0,0,,0,00S,"BECK AV","CADENASSO DR",375.00,S,N,A,-,N,,,,,,,,,,Y,4,0,2,2,A,-,09,21804,,N,A,C,A,A,H,-,A,D,0,,,,,Y,,A,01,0,0,2,0,0,0,0,0,0,"- ","- ",38.247540000000001,-122.06621,SOLANO,FAIRFIELD,-122.06623999999999,38.246479950000001
8529922,2017,2018-01-17,4803,2017-12-28,1834,1565,SOLAN,4,5,5,4803,0,0,0,,0,0CE,"EAST TRAVIS BL","DOVER AV",60.00,W,N,A,-,N,,,,,,,,,,N,3,0,1,2,A,-,09,21804,A,N,F,A,A,A,H,-,C,A,0,,,Y,,Y,,A,01,0,1,0,0,0,0,0,0,1,"- ","- ",38.25826,-122.02491000000001,SOLANO,FAIRFIELD,-122.02518901000001,38.258209999999998
8529977,2017,2018-01-16,4803,2017-12-27,1050,903,4803,3,5,5,4803,0,0,0,,0,0CE,"DANA DR","B GALE WILSON BL",70.00,S,N,A,-,N,,,,,,,,,,N,3,0,2,2,A,-,08,22107,,F,B,C,A,A,H,-,A,A,0,,,,,Y,,A,01,0,1,1,0,0,0,0,0,0,"- ","- ",38.261060000000001,-122.04657,SOLANO,FAIRFIELD,-122.04672476,38.260878079999998
8534075,2018,2018-01-25,4803,2018-01-08,2206,1283,"N SOL",1,5,5,4803,0,0,0,,0,WEST,"RANCHO SOLANO PKWY","ST ANDREWS RD",0.00,,Y,B,-,N,,,,,,,,,,Y,2,0,1,1,A,-,01,23152,A,N,E,I,A,B,H,-,C,D,0,,,,,Y,Y,A,01,1,0,0,0,0,0,0,0,0,"- ","- ",38.29254150390625,-122.06752014160156,SOLANO,FAIRFIELD,-122.07810211181641,38.276309967041016
8535442,2018,2018-08-10,4804,2018-01-08,1805,RV100,273,1,5,2,4804,0,0,0,,0,003,"RT 12","SUMMERSET DR",0.00,,Y,C,-,Y,SOL,4,12,-,R,23.720,H,-,W,Y,4,0,1,2,A,-,01,23152,A,N,C,C,A,B,-,-,C,A,0,,,,,Y,Y,A,01,0,0,1,0,0,0,0,0,0,"- ","- ",,,SOLANO,"RIO VISTA",-121.72398376464844,38.182136535644531
8536827,2017,2018-01-26,4807,2017-12-22,0917,682,VALLE,5,5,6,4807,0,0,0,,0,005,"TUOLUMNE ST","FLORIDA ST",100.00,S,N,A,-,N,,,,,,,,,,Y,4,0,1,2,A,-,08,22100,B,N,D,C,A,A,H,-,A,D,0,,,,,Y,,-,,0,0,1,0,0,0,0,0,0,"- ","- ",,,SOLANO,VALLEJO,-122.23821275,38.104535319999997
8538237,2018,2018-01-29,4803,2018-01-02,1459,504,,2,5,5,4803,0,0,0,,0,00S,"PENNSYLVANIA AV","WEST TEXAS ST",79.00,N,N,B,-,N,,,,,,,,,,Y,4,0,1,3,A,-,03,22350,,N,C,C,A,A,H,-,A,A,0,,,,,Y,,I,09,0,0,1,0,0,0,0,0,0,"- ","- ",38.249248504638672,-122.04979705810547,SOLANO,FAIRFIELD,-122.04997253417969,38.249458312988281
8539684,2018,2018-02-02,4803,2018-01-09,2309,1607,,2,5,5,4803,0,0,0,,0,0CE,"ALASKA AV","FAIRFIELD AV",150.00,E,N,C,-,N,,,,,,,,,,N,4,0,1,2,A,-,03,22350,,N,A,C,A,B,H,-,C,D,0,,,,,Y,,A,01,0,0,1,0,0,0,0,0,0,"- ","- ",38.272541046142578,-122.04525756835938,SOLANO,FAIRFIELD,-122.04473114013672,38.272678375244141
8539755,2018,2018-02-02,4803,2018-01-11,0720,1524,,4,5,5,4803,0,0,0,,0,EAST,"PEABODY RD","MARKELEY LN",404.00,N,N,B,-,N,,,,,,,,,,Y,4,0,1,3,A,-,04,21703,,N,C,C,A,A,H,-,A,A,0,,,,,Y,,A,01,0,0,1,0,0,0,0,0,0,"- ","- ",38.283271789550781,-121.96968841552734,SOLANO,FAIRFIELD,-121.96955871582031,38.284305572509766
8540262,2018,2018-03-28,4803,2018-03-05,1600,1593,,1,5,5,4803,0,0,0,,0,00S,"EMPIRE ST","PENNSYLVANIA AV",176.00,W,N,A,-,N,,,,,,,,,,N,3,0,1,2,A,-,05,21650,,F,B,G,A,A,H,-,A,D,0,,Y,,,Y,,D,22,0,1,0,0,0,0,1,0,0,"- ","- ",38.250320434570312,-122.04975891113281,SOLANO,FAIRFIELD,-122.05058288574219,38.250339508056641
8543720,2018,2018-08-10,4803,2018-01-11,1938,1565,,4,5,5,4803,0,0,0,,0,00S,"RT 12","PENNSYLVANIA AV",400.00,W,N,A,-,Y,SOL,4,12,-,R,3.990,H,-,E,Y,4,0,2,3,A,-,03,22350,,N,C,C,A,A,H,-,D,A,0,,,,,Y,,A,01,0,0,2,0,0,0,0,0,0,"- ","- ",38.241401672363281,-122.05039978027344,SOLANO,FAIRFIELD,-122.05207061767578,38.240997314453125
8543897,2018,2018-08-08,4803,2018-02-02,0944,1384,,5,5,5,4803,0,0,0,,0,SOUTH,"PENNSYLVANIA AV","RT 12",50.00,N,N,A,-,Y,SOL,4,12,-,R,4.072,I,6,W,Y,4,0,2,2,A,-,08,22107,,N,A,C,A,A,H,-,A,A,0,,,,,Y,,A,01,0,0,2,0,0,0,0,0,0,"- ","- ",,,SOLANO,FAIRFIELD,-122.05058288574219,38.241302490234375