CASE_ID,ACCIDENT_YEAR,PROC_DATE,JURIS,COLLISION_DATE,COLLISION_TIME,OFFICER_ID,REPORTING_DISTRICT,DAY_OF_WEEK,CHP_SHIFT,POPULATION,CNTY_CITY_LOC,SPECIAL_COND,BEAT_TYPE,CHP_BEAT_TYPE,CITY_DIVISION_LAPD,CHP_BEAT_CLASS,BEAT_NUMBER,PRIMARY_RD,SECONDARY_RD,DISTANCE,DIRECTION,INTERSECTION,WEATHER_1,WEATHER_2,STATE_HWY_IND,CALTRANS_COUNTY,CALTRANS_DISTRICT,STATE_ROUTE,ROUTE_SUFFIX,POSTMILE_PREFIX,POSTMILE,LOCATION_TYPE,RAMP_INTERSECTION,SIDE_OF_HWY,TOW_AWAY,COLLISION_SEVERITY,NUMBER_KILLED,NUMBER_INJURED,PARTY_COUNT,PRIMARY_COLL_FACTOR,PCF_CODE_OF_VIOL,PCF_VIOL_CATEGORY,PCF_VIOLATION,PCF_VIOL_SUBSECTION,HIT_AND_RUN,TYPE_OF_COLLISION,MVIW,PED_ACTION,ROAD_SURFACE,ROAD_COND_1,ROAD_COND_2,LIGHTING,CONTROL_DEVICE,CHP_ROAD_TYPE,PEDESTRIAN_ACCIDENT,BICYCLE_ACCIDENT,MOTORCYCLE_ACCIDENT,TRUCK_ACCIDENT,NOT_PRIVATE_PROPERTY,ALCOHOL_INVOLVED,STWD_VEHTYPE_AT_FAULT,CHP_VEHTYPE_AT_FAULT,COUNT_SEVERE_INJ,COUNT_VISIBLE_INJ,COUNT_COMPLAINT_PAIN,COUNT_PED_KILLED,COUNT_PED_INJURED,COUNT_BICYCLIST_KILLED,COUNT_BICYCLIST_INJURED,COUNT_MC_KILLED,COUNT_MC_INJURED,PRIMARY_RAMP,SECONDARY_RAMP,LATITUDE,LONGITUDE,COUNTY,CITY,POINT_X,POINT_Y
8795887,2019,2019-04-25,4803,2019-01-27,2138,1602,,7,5,5,4803,0,0,0,,0,,"TRAVIS BL","RT 80",0.00,,Y,A,-,Y,SOL,4,80,-,-,18.078,R,4,E,N,4,0,5,2,A,-,08,22107,,N,B,C,A,A,H,-,C,A,0,,,,,Y,,A,01,0,0,5,0,0,0,0,0,0,"- ",EO,,,SOLANO,FAIRFIELD,-122.06064605712891,38.260242462158203
8800343,2019,2019-05-09,4807,2019-01-25,0803,658,VPD,5,5,6,4807,0,0,0,,0,003,"DENTON CT","LAUREL ST",200.00,W,N,A,-,N,,,,,,,,,,N,4,0,1,2,A,-,05,21650,,N,A,C,A,A,H,-,A,D,0,,,,,Y,,A,01,0,0,1,0,0,0,0,0,0,"- ","- ",38.087188720703125,-122.22850799560547,SOLANO,VALLEJO,-122.22913360595703,38.087390899658203
8804175,2019,2019-03-04,4807,2019-02-14,1056,718,VALLE,4,5,6,4807,0,0,0,,0,004,"14TH ST","GEORGIA ST",10.00,N,N,B,C,N,,,,,,,,,,Y,4,0,2,2,A,-,08,22107,,N,A,C,A,B,H,-,A,A,0,,,,,Y,,A,01,0,0,2,0,0,0,0,0,0,"- ","- ",38.100841522216797,-122.23110961914062,SOLANO,VALLEJO,-122.23110198974609,38.100795745849609
8806641,2019,2019-03-11,4803,2019-01-13,0954,1677,,7,5,5,4803,0,0,0,,0,0CE,"DOVER AV","MARIGOLD DR",0.00,,Y,A,-,N,,,,,,,,,,,4,0,1,2,A,-,08,22107,A,N,G,B,D,A,H,-,A,A,0,Y,,,Y,Y,,F,26,0,0,1,0,1,0,0,0,0,"- ","- ",,,SOLANO,FAIRFIELD,-122.02488708496094,38.282890319824219
8806779,2019,2019-03-07,4803,2019-01-26,2210,1664,,6,5,5,4803,0,0,0,,0,,"WOOLNER AV","PENNSYLVANIA AV",210.00,W,N,A,-,N,,,,,,,,,,,4,0,1,2,A,-,09,21804,A,N,D,C,A,A,H,-,C,D,0,,,,,Y,,A,07,0,0,1,0,0,0,0,0,0,"- ","- ",,,SOLANO,FAIRFIELD,-122.05074310302734,38.245109558105469
8808136,2019,2019-05-10,4803,2019-01-10,0637,1568,,4,5,5,4803,0,0,0,,0,0CE,"EAST TRAVIS BL","KIDDER AV",241.00,W,N,E,-,N,,,,,,,,,,N,1,1,0,2,A,-,11,21956,,N,G,B,E,B,H,-,C,D,0,Y,,,Y,Y,,N,60,0,0,0,1,0,0,0,0,0,"- ","- ",,,SOLANO,FAIRFIELD,-122.03102874755859,38.258228302001953
8808160,2019,2020-03-09,4803,2019-04-28,0307,476,,7,5,5,4803,0,0,0,,0,00S,"RT 12","BECK AV",0.00,,Y,B,-,Y,SOL,4,12,-,R,3.206,I,5,W,Y,1,1,2,2,A,-,01,23152,F,N,D,C,A,A,H,-,C,A,0,,,,,Y,,A,01,2,0,0,0,0,0,0,0,0,"- ","- ",38.240478515625,-122.06632232666016,SOLANO,FAIRFIELD,-122.06636810302734,38.24041748046875
8811066,2019,2019-03-13,4801,2019-01-06,0427,4172,,7,5,4,4801,0,0,0,,0,002,"LAKE HERMAN RD","LAKE HERMAN RD 2000",296.00,W,N,B,C,N,,,,,,,,,,Y,4,0,1,1,A,-,03,22350,,N,F,A,A,B,H,-,D,D,0,,,,,Y,,A,01,0,0,1,0,0,0,0,0,0,"- ","- ",,,SOLANO,BENICIA,,
8811190,2019,2019-03-18,4801,2019-02-16,1233,2914,P28,6,5,4,4801,0,0,0,,0,002,"EAST 5TH ST","EAST O ST",0.00,,Y,B,-,N,,,,,,,,,,Y,4,0,1,2,A,-,09,21802,A,N,D,C,A,A,H,-,A,D,0,,,,,Y,,D,22,0,0,1,0,0,0,0,0,0,"- ","- ",,,SOLANO,BENICIA,-122.14568328857422,38.052478790283203
8814627,2019,2019-03-06,4803,2019-01-10,0722,1660,4803,4,5,5,4803,0,0,0,,0,00E,"PEABODY RD","HUNTINGTON DR",150.00,S,N,C,-,N,,,,,,,,,,Y,4,0,1,2,A,-,03,22350,,N,C,C,A,B,H,-,A,D,0,,,,,Y,,A,01,0,0,1,0,0,0,0,0,0,"- ","- ",,,SOLANO,FAIRFIELD,-121.96968841552734,38.279209136962891
8817610,2019,2019-04-18,4803,2019-02-21,1411,504,,4,5,5,4803,0,0,0,,0,,"AIR BASE PKWY","WILEY LN",218.00,E,N,A,-,N,,,,,,,,,,N,3,0,1,2,A,-,07,21658,A,N,B,C,A,A,H,-,A,D,0,,,,Y,Y,,A,01,0,1,0,0,0,0,0,0,0,"- ","- ",,,SOLANO,FAIRFIELD,-121.97792816162109,38.272407531738281
8818485,2018,2019-04-03,4806,2018-04-23,1510,603,,1,5,5,4806,0,0,0,,0,,"ACACIA ST","ELDRIDGE AV",15.00,E,N,A,-,N,,,,,,,,,,Y,3,0,1,3,A,-,01,23152,A,N,B,E,A,A,H,-,A,D,0,,,,,Y,Y,A,01,0,1,0,0,0,0,0,0,0,"- ","- ",38.359909057617188,-122.0015869140625,SOLANO,VACAVILLE,-122.00151062011719,38.359870910644531
8818521,2018,2019-04-03,4806,2018-04-20,1612,605,102,5,5,5,4806,0,0,0,,0,001,"ALAMO DR","MEADOWVIEW CT",220.00,N,N,A,-,N,,,,,,,,,,Y,4,0,1,2,A,-,08,22107,,N,C,E,A,A,H,-,A,A,0,,,,,Y,,A,01,0,0,1,0,0,0,0,0,0,"- ","- ",38.350860595703125,-122.00502014160156,SOLANO,VACAVILLE,-122.00554656982422,38.351299285888672
8818529,2018,2019-04-03,4806,2018-04-14,0907,605,908,6,5,5,4806,0,0,0,,0,009,"YELLOWSTONE DR","BRYCE WY",81.00,E,N,A,-,N,,,,,,,,,,Y,4,0,2,2,A,-,08,22107,,N,C,C,A,A,G,-,A,A,0,,,,,Y,,D,22,0,0,2,0,0,0,0,0,0,"- ","- ",38.371669769287109,-121.93846130371094,SOLANO,VACAVILLE,-121.93833923339844,38.371791839599609
8818545,2018,2019-04-03,4806,2018-04-07,1844,457,703,6,5,5,4806,0,0,0,,0,007,"ALAMO DR","ROSEWOOD DR",305.00,W,N,A,-,N,,,,,,,,,,Y,4,0,1,2,A,-,01,23152,A,F,C,C,A,A,H,-,A,D,0,,,,,Y,Y,A,01,0,0,1,0,0,0,0,0,0,"- ","- ",38.33538818359375,-121.97569274902344,SOLANO,VACAVILLE,-121.97679138183594,38.335456848144531
8818559,2018,2019-03-29,4806,2018-06-10,0600,702,408,7,5,5,4806,0,0,0,,0,004,"TULARE DR","BROOKDALE DR",0.00,,Y,A,-,N,,,,,,,,,,Y,3,0,1,3,A,-,01,23152,A,N,A,E,A,A,H,-,A,D,0,,,,,Y,Y,A,01,0,1,0,0,0,0,0,0,0,"- ","- ",38.339820861816406,-121.96459197998047,SOLANO,VACAVILLE,-121.96517181396484,38.342498779296875
8818576,2018,2019-04-02,4806,2018-03-28,0739,426,104,3,5,5,4806,0,0,0,,0,001,"MONTE VISTA AV","CERNON ST",16.00,W,N,A,-,N,,,,,,,,,,Y,4,0,3,3,A,-,03,22350,,N,C,C,A,A,H,-,A,D,0,,,,,Y,,A,07,0,0,3,0,0,0,0,0,0,"- ","- ",38.359081268310547,-121.99099731445312,SOLANO,VACAVILLE,-121.99101257324219,38.359058380126953
8818580,2018,2019-04-02,4806,2018-03-29,0958,605,511,4,5,5,4806,0,0,0,,0,005,"ELMIRA RD","EDWIN DR",156.00,W,N,A,-,N,,,,,,,,,,Y,3,0,1,2,A,-,08,22107,,N,D,C,A,A,H,-,A,A,0,,,,,Y,,A,01,0,1,0,0,0,0,0,0,0,"- ","- ",,,SOLANO,VACAVILLE,-121.94325256347656,38.351524353027344
8818584,2018,2019-04-02,4806,2018-03-28,1838,721,,3,5,5,4806,0,0,0,,0,003,"NUT TREE PKWY","EAST MONTE VISTA AV",0.00,,Y,A,-,N,,,,,,,,,,N,2,0,1,2,A,-,05,21650,1,N,H,G,A,A,H,-,A,A,0,,Y,,Y,Y,,L,04,1,0,0,0,0,0,1,0,0,"- ","- ",,,SOLANO,VACAVILLE,-121.95909118652344,38.370601654052734
8818600,2018,2019-04-02,4806,2018-03-21,1326,596,906,3,5,5,4806,0,0,0,,0,009,"NUT TREE PKWY","NUT TREE RD",200.00,W,N,B,-,N,,,,,,,,,,N,4,0,1,2,A,-,03,22350,,N,C,C,A,A,H,-,A,A,0,,,,,Y,,D,22,0,0,1,0,0,0,0,0,0,"- ","- ",38.368381500244141,-121.95629119873047,SOLANO,VACAVILLE,-121.95669555664062,38.367973327636719
8818616,2018,2019-04-02,4806,2018-03-14,0938,426,,3,5,5,4806,0,0,0,,0,,"NUT TREE RD","ULATIS DR",0.00,,Y,B,-,N,,,,,,,,,,Y,4,0,3,2,A,-,12,21453,A,N,D,C,A,B,H,-,A,A,0,,,,,Y,,A,07,0,0,3,0,0,0,0,0,0,"- ","- ",38.3568115234375,-121.95308685302734,SOLANO,VACAVILLE,-121.95316314697266,38.356781005859375
8818624,2018,2019-04-09,4806,2018-03-12,2041,575,,1,5,5,4806,0,0,0,,0,005,"ALAMO DR","BEL AIR DR",0.00,,Y,B,C,N,,,,,,,,,,Y,4,0,2,2,A,-,12,21453,,N,D,C,A,B,H,-,C,A,0,,,,,Y,,-,"- ",0,0,2,0,0,0,0,0,0,"- ","- ",38.335380554199219,-121.95767974853516,SOLANO,VACAVILLE,-121.95767211914062,38.335330963134766
8818642,2018,2019-03-29,4806,2018-06-22,1507,605,404,5,5,5,4806,0,0,0,,0,004,"MARSHALL RD","SHASTA DR",0.00,,Y,A,-,N,,,,,,,,,,Y,2,0,2,2,A,-,09,21801,A,N,A,C,A,A,H,-,A,A,0,,,,,Y,,A,01,2,0,0,0,0,0,0,0,0,"- ","- ",38.346431732177734,-121.9722900390625,SOLANO,VACAVILLE,-121.97225189208984,38.346408843994141
8818647,2018,2019-03-29,4806,2018-03-14,1549,564,201B,3,5,5,4806,0,0,0,,0,002,"MONTE VISTA AV","CALLEN ST E",0.00,,Y,B,-,N,,,,,,,,,,Y,4,0,1,1,A,-,08,22107,,N,E,I,A,B,H,-,A,D,0,,,,,Y,,A,01,0,0,1,0,0,0,0,0,0,"- ","- ",38.36083984375,-121.97469329833984,SOLANO,VACAVILLE,-121.97998809814453,38.358959197998047
8818648,2018,2019-03-28,4806,2018-01-14,0929,379,202,7,5,5,4806,0,0,0,,0,002,"EAST MONTE VISTA AV","MCCLELLAN ST",359.00,W,N,A,-,N,,,,,,,,,,Y,4,0,1,1,A,-,08,22107,,N,E,-,A,A,H,-,A,D,0,,,,,Y,,A,01,0,0,1,0,0,0,0,0,0,"- ","- ",,,SOLANO,VACAVILLE,-121.98443603515625,38.35894775390625
8818655,2018,2019-03-29,4806,2018-03-13,1350,410,505,2,5,5,4806,0,0,0,,0,005,"NUT TREE RD","ULATIS DR",0.00,,Y,B,-,N,,,,,,,,,,Y,4,0,1,2,A,-,12,21453,A,N,D,C,A,A,H,-,A,A,0,,,,,Y,,A,01,0,0,1,0,0,0,0,0,0,"- ","- ",38.3568115234375,-121.95308685302734,SOLANO,VACAVILLE,-121.95316314697266,38.356781005859375
8818666,2018,2019-03-29,4806,2018-06-09,0353,457,703,6,5,5,4806,0,0,0,,0,007,"ALAMO DR","WILDWOOD LN",350.00,W,N,A,-,N,,,,,,,,,,Y,4,0,2,1,A,-,08,22107,,N,E,I,A,A,H,-,C,D,0,,,,,Y,Y,A,01,0,0,2,0,0,0,0,0,0,"- ","- ",38.335361480712891,-121.97258758544922,SOLANO,VACAVILLE,-121.97386169433594,38.335414886474609
8818670,2018,2019-03-29,4806,2018-06-17,2210,575,,7,5,5,4806,0,0,0,,0,002,"BROWNS VALLEY PKWY","WRENTHAM DR",0.00,,Y,A,-,N,,,,,,,,,,Y,4,0,1,2,A,-,09,21453,C,N,D,C,A,A,H,-,C,A,0,,,,,Y,,A,01,0,0,1,0,0,0,0,0,0,"- ","- ",,,SOLANO,VACAVILLE,-121.97802734375,38.377578735351562
8818676,2018,2019-04-10,4806,2018-01-07,1128,673,906,7,5,5,4806,0,0,0,,0,009,"NUT TREE RD","NUT TREE PKWY",0.00,,Y,A,-,N,,,,,,,,,,N,4,0,5,4,A,-,03,22350,,N,C,C,A,A,H,-,A,A,0,,,,,Y,,A,01,0,0,5,0,0,0,0,0,0,"- ","- ",38.368289947509766,-121.95619201660156,SOLANO,VACAVILLE,-121.95629119873047,38.368419647216797
8818686,2018,2019-03-29,4806,2018-06-10,2010,575,,7,5,5,4806,0,0,0,,0,,"LEISURE TOWN RD","VANDEN RD N",650.00,E,N,A,-,N,,,,,,,,,,Y,3,0,1,2,A,-,03,22350,,N,C,C,A,A,H,-,B,D,0,,,Y,,Y,,A,01,0,1,0,0,0,0,0,0,1,"- ","- ",38.317020416259766,-121.94304656982422,SOLANO,VACAVILLE,-121.94084167480469,38.317344665527344
8818695,2018,2019-03-29,4806,2018-04-21,1833,457,903,6,5,5,4806,0,0,0,,0,009,"MONTE VISTA AV","NUT TREE RD",475.00,W,N,A,-,N,,,,,,,,,,Y,4,0,1,2,A,-,09,21804,A,N,D,C,A,A,H,-,A,D,0,,,Y,,Y,,A,01,0,0,1,0,0,0,0,0,1,"- ","- ",38.370628356933594,-121.95912170410156,SOLANO,VACAVILLE,-121.96011352539062,38.369583129882812
8818696,2018,2019-03-28,4806,2018-01-03,1630,722,,3,5,5,4806,0,0,0,,0,,"MARSHALL RD","PEABODY RD",0.00,,Y,B,-,N,,,,,,,,,,N,3,0,1,2,A,-,12,21453,A,F,G,B,B,A,H,-,A,A,0,Y,,,,Y,,-,99,0,1,0,0,1,0,0,0,0,"- ","- ",38.346248626708984,-121.97429656982422,SOLANO,VACAVILLE,-121.97421264648438,38.346290588378906
8818700,2018,2019-03-28,4806,2018-01-01,1652,575,,1,5,5,4806,0,0,0,,0,002,"BROWNS VALLEY PKWY","WRENTHAM DR",0.00,,Y,A,-,N,,,,,,,,,,N,4,0,1,2,A,-,12,21453,A,N,D,C,A,A,H,-,A,A,0,,,,,Y,,A,01,0,0,1,0,0,0,0,0,0,"- ","- ",,,SOLANO,VACAVILLE,-121.97802734375,38.377578735351562
8818707,2018,2019-03-29,4806,2018-04-01,1330,700,410,7,5,5,4806,0,0,0,,0,004,"NUT TREE RD","ULATIS DR",0.00,,Y,A,-,N,,,,,,,,,,Y,4,0,1,2,A,-,12,21453,A,N,D,C,A,A,H,-,A,A,0,,,,,Y,,A,01,0,0,1,0,0,0,0,0,0,"- ","- ",38.3568115234375,-121.95308685302734,SOLANO,VACAVILLE,-121.95316314697266,38.356781005859375
8818716,2018,2019-03-28,4806,2018-03-17,2315,564,101,6,5,5,4806,0,0,0,,0,001,"BUCK AV","CHESTNUT ST",0.00,,Y,A,-,N,,,,,,,,,,Y,3,0,4,2,A,-,01,23152,A,N,D,C,A,A,H,-,C,A,0,,,,,Y,Y,A,01,0,1,3,0,0,0,0,0,0,"- ","- ",38.35675048828125,-121.99768829345703,SOLANO,VACAVILLE,-121.99765777587891,38.356739044189453
8818720,2018,2019-03-28,4806,2018-03-16,1833,457,601,5,5,5,4806,0,0,0,,0,006,"PEABODY RD","CALIFORNIA DR E",0.00,,Y,B,-,N,,,,,,,,,,Y,4,0,2,2,A,-,12,21453,A,N,D,C,A,A,H,-,A,A,0,,,,,Y,,A,01,0,0,2,0,0,0,0,0,0,"- ","- ",38.333221435546875,-121.97039794921875,SOLANO,VACAVILLE,-121.970458984375,38.333229064941406
8818754,2018,2019-03-26,4806,2018-03-05,0738,410,404,1,5,5,4806,0,0,0,,0,004,"PEABODY RD","HUME WY",12.00,S,N,B,-,N,,,,,,,,,,N,3,0,1,2,A,-,11,21956,,N,G,-,E,A,H,-,A,D,0,Y,,,,Y,,N,60,0,1,0,0,1,0,0,0,0,"- ","- ",38.348979949951172,-121.97614288330078,SOLANO,VACAVILLE,-121.97600555419922,38.348888397216797
8821264,2018,2019-04-02,4806,2018-08-02,1238,596,205,4,5,5,4806,0,0,0,,0,002,"MONTE VISTA AV","ALLISON DR",415.00,W,N,A,-,N,,,,,,,,,,N,4,0,2,2,A,-,09,21801,A,N,D,C,A,A,H,-,A,A,0,,,,,Y,,D,22,0,0,2,0,0,0,0,0,0,"- ","- ",38.362510681152344,-121.97022247314453,SOLANO,VACAVILLE,-121.97149658203125,38.361953735351562
8821716,2018,2019-04-02,4806,2018-08-30,2034,457,501,4,5,5,4806,0,0,0,,0,005,"BEELARD DR","MARSHALL RD",21.00,N,N,A,-,N,,,,,,,,,,N,4,0,1,1,A,-,03,22350,,N,H,G,A,A,H,-,C,A,0,,Y,,,Y,,L,04,0,0,1,0,0,0,1,0,0,"- ","- ",38.346260070800781,-121.95834350585938,SOLANO,VACAVILLE,-121.95839691162109,38.346366882324219
8821718,2019,2019-03-25,4803,2019-03-02,1252,1641,,6,5,5,4803,0,0,0,,0,,"TRAVIS BL","HOLIDAY LN",0.00,,Y,B,-,N,,,,,,,,,,N,4,0,1,2,A,-,21,22106,,N,C,C,A,B,H,-,A,A,0,,,,,Y,,A,01,0,0,1,0,0,0,0,0,0,"- ","- ",,,SOLANO,FAIRFIELD,-122.06504821777344,38.258228302001953
8821760,2018,2019-04-02,4806,2018-08-07,1338,733,902,2,5,5,4806,0,0,0,,0,,"NUT TREE PKWY","HELEN POWER DR",85.00,W,N,A,-,N,,,,,,,,,,N,4,0,1,2,A,-,03,22350,,N,C,C,A,A,H,-,A,A,0,,,,,Y,,A,01,0,0,1,0,0,0,0,0,0,"- ","- ",38.365871429443359,-121.96183776855469,SOLANO,VACAVILLE,-121.96212005615234,38.365756988525391
8821954,2018,2019-03-28,4806,2018-08-03,0937,733,304,5,5,5,4806,0,0,0,,0,,"VACA VALLEY PKWY","CRESCENT DR",36.00,W,N,A,-,N,,,,,,,,,,N,4,0,2,2,A,-,09,21453,B,N,D,C,A,A,H,-,A,A,0,,,,,Y,,A,01,0,0,2,0,0,0,0,0,0,"- ","- ",38.391059875488281,-121.93679809570312,SOLANO,VACAVILLE,-121.93681335449219,38.39019775390625
8821962,2018,2019-04-11,4806,2018-08-06,1109,410,507,1,5,5,4806,0,0,0,,0,005,"EDWIN DR","ELMIRA RD E",22.00,S,N,A,-,N,,,,,,,,,,N,4,0,1,2,A,-,08,22107,,N,A,C,A,A,H,-,A,D,0,,,,,Y,,-,,0,0,1,0,0,0,0,0,0,"- ","- ",38.35137939453125,-121.93756103515625,SOLANO,VACAVILLE,-121.94271087646484,38.351448059082031
8822150,2019,2019-04-11,4803,2019-03-11,1458,1697,,1,5,5,4803,0,0,0,,0,0CE,"EAST TRAVIS BL","NORTH TEXAS ST",0.00,,Y,A,-,N,,,,,,,,,,,3,0,3,4,A,-,03,22350,,N,C,C,A,A,H,-,A,A,0,,,,,Y,,A,01,0,2,1,0,0,0,0,0,0,"- ","- ",,,SOLANO,FAIRFIELD,-122.03417205810547,38.258251190185547
8822597,2018,2019-04-02,4806,2018-10-12,1527,564,906,5,5,5,4806,0,0,0,,0,009,"ORANGE DR","LAWRENCE DR",576.00,W,N,A,-,N,,,,,,,,,,Y,4,0,1,1,A,-,08,22107,,N,E,I,A,A,H,-,A,D,0,,,,,Y,,A,01,0,0,1,0,0,0,0,0,0,"- ","- ",38.372169494628906,-121.95276641845703,SOLANO,VACAVILLE,-121.95402526855469,38.370841979980469
8822601,2018,2019-04-02,4806,2018-10-13,1229,533,907,6,5,5,4806,0,0,0,,0,009,"YELLOWSTONE DR","BRYCE WY",0.00,,Y,A,-,N,,,,,,,,,,Y,4,0,1,2,A,-,09,21801,A,N,D,C,A,A,H,-,A,D,0,,,,,Y,,A,07,0,0,1,0,0,0,0,0,0,"- ","- ",38.371669769287109,-121.93846130371094,SOLANO,VACAVILLE,-121.93849945068359,38.371608734130859
8822617,2018,2019-04-09,4806,2018-10-02,1550,277,,2,5,5,4806,0,0,0,,0,,"MONTE VISTA AV","ORCHARD AV",0.00,,Y,A,-,N,,,,,,,,,,N,4,0,1,2,A,-,10,21950,,N,G,B,B,A,H,-,A,A,0,Y,,,,Y,,-,"- ",0,0,1,0,1,0,0,0,0,"- ","- ",38.359260559082031,-122.00479888916016,SOLANO,VACAVILLE,-122.0047607421875,38.359249114990234
8822621,2018,2019-04-02,4806,2018-10-02,1500,575,,2,5,5,4806,0,0,0,,0,,"ALAMO DR","DAVIS ST",0.00,,Y,A,-,N,,,,,,,,,,Y,4,0,1,3,A,-,03,22350,,N,C,C,A,A,H,-,A,A,0,,,,,Y,,A,01,0,0,1,0,0,0,0,0,0,"- ","- ",38.336830139160156,-121.98695373535156,SOLANO,VACAVILLE,-121.98686218261719,38.336841583251953
8822633,2018,2019-04-02,4806,2018-10-06,1932,609,706,6,5,5,4806,0,0,0,,0,007,"ALAMO DR","DAVIS ST",17.00,S,N,A,-,N,,,,,,,,,,Y,2,0,2,1,A,-,01,23152,F,N,E,I,A,A,H,-,A,A,0,,,,,Y,,A,01,2,0,0,0,0,0,0,0,0,"- ","- ",38.336830139160156,-121.98695373535156,SOLANO,VACAVILLE,-121.98682403564453,38.336803436279297
8822644,2018,2019-03-29,4806,2018-12-28,1124,596,612,5,5,5,4806,0,0,0,,0,006,"PEABODY RD","FOXBORO PKWY",30.00,S,N,A,-,N,,,,,,,,,,N,4,0,1,2,A,-,21,22106,,N,C,C,A,A,H,-,A,A,0,,,,,Y,,A,01,0,0,1,0,0,0,0,0,0,"- ","- ",38.3236083984375,-121.97045135498047,SOLANO,VACAVILLE,-121.97045135498047,38.323387145996094
8822652,2018,2019-03-29,4806,2018-12-27,1749,457,404,4,5,5,4806,0,0,0,,0,004,"ELMIRA RD","SANTANA DR",130.00,W,N,A,-,N,,,,,,,,,,N,4,0,2,3,A,-,03,22350,,N,C,C,A,A,H,-,C,A,0,,,,,Y,,A,07,0,0,2,0,0,0,0,0,0,"- ","- ",38.352508544921875,-121.96610260009766,SOLANO,VACAVILLE,-121.96649169921875,38.352527618408203
8822660,2018,2019-03-29,4806,2018-12-28,1713,457,203,5,5,5,4806,0,0,0,,0,002,"MONTE VISTA AV","BROWN ST",125.00,E,N,A,-,N,,,,,,,,,,N,4,0,2,2,A,-,03,22350,,N,C,C,A,A,H,-,B,A,0,,,,,Y,,A,01,0,0,2,0,0,0,0,0,0,"- ","- ",38.359970092773438,-121.97727203369141,SOLANO,VACAVILLE,-121.97686767578125,38.360057830810547
8822672,2018,2019-03-29,4806,2018-12-14,1857,457,802,5,5,5,4806,0,0,0,,0,008,"DAVIS ST","HUME WY",260.00,N,N,C,-,N,,,,,,,,,,Y,4,0,1,1,A,-,03,22350,,N,E,I,A,B,H,-,C,D,0,,,,,Y,,A,01,0,0,1,0,0,0,0,0,0,"- ","- ",38.350181579589844,-121.98541259765625,SOLANO,VACAVILLE,-121.9854736328125,38.350883483886719
8822688,2018,2019-03-29,4806,2018-12-15,1951,609,502,6,5,5,4806,0,0,0,,0,005,"NUT TREE RD","KEITH WY",865.00,S,N,A,-,N,,,,,,,,,,Y,4,0,1,1,A,-,01,23152,C,N,E,I,A,A,H,-,C,A,0,,,,,Y,,A,01,0,0,1,0,0,0,0,0,0,"- ","- ",38.35015869140625,-121.95319366455078,SOLANO,VACAVILLE,-121.95327758789062,38.347866058349609
8822692,2018,2019-04-09,4806,2018-12-17,0635,426,,1,5,5,4806,0,0,0,,0,,"CESSNA DR","AVIATOR DR",1920.00,S,N,A,-,N,,,,,,,,,,Y,4,0,1,2,A,-,08,21460,5,N,D,C,A,B,H,-,C,D,0,,,Y,,Y,,-,"- ",0,0,1,0,0,0,0,0,1,"- ","- ",38.392509460449219,-121.95961761474609,SOLANO,VACAVILLE,-121.96168518066406,38.387454986572266
8822696,2018,2019-03-29,4806,2018-12-18,1713,575,,2,5,5,4806,0,0,0,,0,,"LEISURE TOWN RD","MAPLE RD",354.00,N,N,A,-,N,,,,,,,,,,Y,4,0,1,2,A,-,03,22350,,N,C,C,A,A,H,-,C,D,0,,,,,Y,,A,01,0,0,1,0,0,0,0,0,0,"- ","- ",38.375640869140625,-121.93373107910156,SOLANO,VACAVILLE,-121.93379211425781,38.376552581787109
8823293,2018,2019-04-02,4806,2018-12-05,0828,596,502,3,5,5,4806,0,0,0,,0,005,"NUT TREE RD","DRAKE WY",407.00,N,N,B,-,N,,,,,,,,,,N,4,0,1,2,A,-,03,22350,,N,C,C,A,B,H,-,A,A,0,,,,,Y,,A,01,0,0,1,0,0,0,0,0,0,"- ","- ",38.347370147705078,-121.95316314697266,SOLANO,VACAVILLE,-121.95314788818359,38.348545074462891
8823297,2018,2019-04-18,4806,2018-12-07,1757,609,909,5,5,5,4806,0,0,0,,0,009,"LEISURE TOWN RD","MAPLE RD",479.00,N,N,A,-,N,,,,,,,,,,Y,4,0,3,3,A,-,03,22350,,N,C,C,A,A,H,-,C,A,0,,,,,Y,,A,01,0,0,3,0,0,0,0,0,0,"- ","- ",38.375640869140625,-121.93373107910156,SOLANO,VACAVILLE,-121.93378448486328,38.376895904541016
8823305,2018,2019-04-02,4806,2018-12-15,2003,319,603,6,5,5,4806,0,0,0,,0,006,"ELMIRA RD","BEELARD DR",0.00,,Y,A,-,N,,,,,,,,,,Y,4,0,2,2,A,-,09,21453,C,N,A,C,A,A,H,-,C,A,0,,,,,Y,,D,22,0,0,2,0,0,0,0,0,0,"- ","- ",38.351829528808594,-121.96028137207031,SOLANO,VACAVILLE,-121.96034240722656,38.351840972900391
8823318,2018,2019-04-02,4806,2018-12-20,2103,457,104,4,5,5,4806,0,0,0,,0,001,"WEST ST","DEODARA ST",550.00,N,N,C,-,N,,,,,,,,,,Y,3,0,1,2,A,-,08,22107,,N,C,E,A,B,H,-,C,D,0,,,,,Y,,A,01,0,1,0,0,0,0,0,0,0,"- ","- ",38.362018585205078,-121.99205017089844,SOLANO,VACAVILLE,-121.99229431152344,38.363475799560547