CASE_ID,ACCIDENT_YEAR,PROC_DATE,JURIS,COLLISION_DATE,COLLISION_TIME,OFFICER_ID,REPORTING_DISTRICT,DAY_OF_WEEK,CHP_SHIFT,POPULATION,CNTY_CITY_LOC,SPECIAL_COND,BEAT_TYPE,CHP_BEAT_TYPE,CITY_DIVISION_LAPD,CHP_BEAT_CLASS,BEAT_NUMBER,PRIMARY_RD,SECONDARY_RD,DISTANCE,DIRECTION,INTERSECTION,WEATHER_1,WEATHER_2,STATE_HWY_IND,CALTRANS_COUNTY,CALTRANS_DISTRICT,STATE_ROUTE,ROUTE_SUFFIX,POSTMILE_PREFIX,POSTMILE,LOCATION_TYPE,RAMP_INTERSECTION,SIDE_OF_HWY,TOW_AWAY,COLLISION_SEVERITY,NUMBER_KILLED,NUMBER_INJURED,PARTY_COUNT,PRIMARY_COLL_FACTOR,PCF_CODE_OF_VIOL,PCF_VIOL_CATEGORY,PCF_VIOLATION,PCF_VIOL_SUBSECTION,HIT_AND_RUN,TYPE_OF_COLLISION,MVIW,PED_ACTION,ROAD_SURFACE,ROAD_COND_1,ROAD_COND_2,LIGHTING,CONTROL_DEVICE,CHP_ROAD_TYPE,PEDESTRIAN_ACCIDENT,BICYCLE_ACCIDENT,MOTORCYCLE_ACCIDENT,TRUCK_ACCIDENT,NOT_PRIVATE_PROPERTY,ALCOHOL_INVOLVED,STWD_VEHTYPE_AT_FAULT,CHP_VEHTYPE_AT_FAULT,COUNT_SEVERE_INJ,COUNT_VISIBLE_INJ,COUNT_COMPLAINT_PAIN,COUNT_PED_KILLED,COUNT_PED_INJURED,COUNT_BICYCLIST_KILLED,COUNT_BICYCLIST_INJURED,COUNT_MC_KILLED,COUNT_MC_INJURED,PRIMARY_RAMP,SECONDARY_RAMP,LATITUDE,LONGITUDE,COUNTY,CITY,POINT_X,POINT_Y
8833142,2019,2019-04-10,4807,2019-02-27,1456,537,VALLE,3,5,6,4807,0,0,0,,0,006,"VALLE VISTA AV","SACRAMENTO ST",17.00,E,N,A,-,N,,,,,,,,,,Y,4,0,1,2,A,-,11,21954,A,N,G,B,D,A,H,-,A,A,0,Y,,,,Y,Y,N,60,0,0,1,0,1,0,0,0,0,"- ","- ",38.119400024414062,-122.260009765625,SOLANO,VALLEJO,-122.25997924804688,38.119514465332031
8833227,2019,2019-04-09,4803,2019-01-19,1748,1678,,6,5,5,4803,0,0,0,,0,00W,"MANKAS CORNER RD","RANCHO SOLANO PKY",290.00,W,N,A,-,N,,,,,,,,,,Y,4,0,1,1,A,-,01,23152,A,N,A,I,A,A,H,-,C,D,0,,,,,Y,Y,A,01,0,0,1,0,0,0,0,0,0,"- ","- ",,,SOLANO,FAIRFIELD,-122.08101654052734,38.270103454589844
8833852,2019,2019-04-12,4803,2019-03-17,1655,1630,,7,5,5,4803,0,0,0,,0,,"BROADWAY ST","GREAT JONES ST",0.00,,Y,A,-,N,,,,,,,,,,N,3,0,1,2,A,-,09,21800,A,N,D,C,A,A,H,-,A,A,0,,,,,Y,,A,01,0,1,0,0,0,0,0,0,0,"- ","- ",,,SOLANO,FAIRFIELD,-122.04856872558594,38.245891571044922
8833856,2019,2019-04-12,4803,2019-03-10,0445,1682,,7,5,5,4803,0,0,0,,0,00E,"EAST TABOR AV","MANOR PL",0.00,,Y,C,-,N,,,,,,,,,,N,4,0,2,2,A,-,03,22350,,M,C,C,A,B,H,-,C,D,0,,,,,Y,,A,01,0,0,2,0,0,0,0,0,0,"- ","- ",,,SOLANO,FAIRFIELD,-122.01312255859375,38.265228271484375
8833860,2019,2019-04-12,4803,2019-03-08,1519,1696,,5,5,5,4803,0,0,0,,0,,"PEABODY RD","DOBE LN",40.00,N,N,A,-,N,,,,,,,,,,N,3,0,1,4,A,-,03,22350,,N,C,D,A,A,H,-,A,A,0,,,,,Y,,D,22,0,1,0,0,0,0,0,0,0,"- ","- ",,,SOLANO,FAIRFIELD,-121.96969604492188,38.276111602783203
8835830,2019,2019-04-17,4807,2019-03-02,2200,713,4807,6,5,6,4807,0,0,0,,0,002,"STEFFAN ST","BUSS AV",282.00,S,N,A,-,N,,,,,,,,,,Y,2,0,2,3,A,-,08,22107,,N,A,C,A,A,H,-,C,D,0,,,,,Y,,A,01,1,0,1,0,0,0,0,0,0,"- ","- ",38.097679138183594,-122.22857666015625,SOLANO,VALLEJO,-122.22855377197266,38.096843719482422
8835898,2019,2019-04-10,4807,2019-03-23,1739,658,VALLE,6,5,6,4807,0,0,0,,0,001,"OAKWOOD AV","MATTHEW CT",48.00,N,N,A,-,N,,,,,,,,,,N,3,0,1,1,A,-,08,22107,,N,E,I,A,A,H,-,A,D,0,,,Y,,Y,,C,02,0,1,0,0,0,0,0,0,1,"- ","- ",38.118080139160156,-122.21096038818359,SOLANO,VALLEJO,-122.21082305908203,38.118118286132812
8837395,2019,2019-05-20,4806,2019-03-01,0233,457,707,5,5,5,4806,0,0,0,,0,007,"BUTCHER RD","PORTOFINO AV",1584.00,S,N,B,-,N,,,,,,,,,,Y,3,0,1,1,A,-,03,22350,,M,E,I,A,A,H,-,C,D,0,,,,,Y,,A,01,0,1,0,0,0,0,0,0,0,"- ","- ",38.343299865722656,-121.99723052978516,SOLANO,VACAVILLE,-121.99571228027344,38.343559265136719
8838208,2019,2019-04-24,4807,2019-03-10,0542,702,SOLAN,7,5,6,4807,0,0,0,,0,006,"MARE ISLAND WY","MAINE ST",400.00,N,N,A,-,N,,,,,,,,,,N,3,0,1,2,A,-,11,21456,B,N,G,B,B,A,H,-,C,A,0,Y,,,,Y,,N,60,0,1,0,0,1,0,0,0,0,"- ","- ",,,SOLANO,VALLEJO,-122.26194763183594,38.099723815917969
8838216,2019,2019-04-24,4807,2019-03-07,1459,643,4807,4,5,6,4807,0,0,0,,0,005,"TENNESSEE ST","AMADOR ST",0.00,,Y,B,-,N,,,,,,,,,,N,3,0,1,2,A,-,10,21950,,F,G,B,B,A,H,-,A,A,0,Y,,,,Y,,A,01,0,1,0,0,1,0,0,0,0,"- ","- ",,,SOLANO,VALLEJO,-122.24330902099609,38.109828948974609
8841774,2019,2019-04-23,4806,2019-03-28,1823,457,805,4,5,5,4806,0,0,0,,0,008,"ALAMO DR","MERCHANT ST",418.00,W,N,B,-,N,,,,,,,,,,Y,4,0,1,2,A,-,03,22350,,N,D,C,A,B,H,-,A,D,0,,,,,Y,,D,22,0,0,1,0,0,0,0,0,0,"- ","- ",38.347511291503906,-121.99777221679688,SOLANO,VACAVILLE,-121.99874114990234,38.348331451416016
8841821,2019,2019-04-23,4806,2019-03-02,2359,457,404,6,5,5,4806,0,0,0,,0,004,"ELMIRA RD","PEABODY RD",0.00,,Y,A,-,N,,,,,,,,,,Y,4,0,1,2,A,-,09,21453,C,N,A,C,A,A,H,-,C,A,0,,,,,Y,,D,22,0,0,1,0,0,0,0,0,0,"- ","- ",38.354141235351562,-121.97621917724609,SOLANO,VACAVILLE,-121.97608184814453,38.354030609130859
8841829,2019,2019-04-23,4806,2019-03-11,1954,575,,1,5,5,4806,0,0,0,,0,,"PEABODY RD","FOXBORO PKY",0.00,,Y,A,-,N,,,,,,,,,,Y,4,0,1,2,A,-,09,21453,C,N,D,C,A,A,H,-,C,A,0,,,,,Y,,D,82,0,0,1,0,0,0,0,0,0,"- ","- ",38.3236083984375,-121.97045135498047,SOLANO,VACAVILLE,-121.97045135498047,38.323471069335938
8842048,2019,2019-04-22,4806,2019-03-24,1251,282,,7,5,5,4806,0,0,0,,0,009,"ORANGE DR","NUT TREE PKWY",0.00,,Y,A,-,N,,,,,,,,,,N,4,0,1,2,A,-,03,22350,,N,C,C,A,A,H,-,A,A,0,,,,,Y,,A,01,0,0,1,0,0,0,0,0,0,"- ","- ",38.368389129638672,-121.95609283447266,SOLANO,VACAVILLE,-121.95629119873047,38.368419647216797
8842056,2019,2019-04-22,4806,2019-03-22,1250,234,707,5,5,5,4806,0,0,0,,0,007,"ALAMO DR","ALAMO LN",214.00,E,N,A,-,N,,,,,,,,,,Y,4,0,1,2,A,-,09,21804,A,N,D,C,A,A,H,-,A,A,0,,,,,Y,,A,01,0,0,1,0,0,0,0,0,0,"- ","- ",38.335540771484375,-121.9852294921875,SOLANO,VACAVILLE,-121.98444366455078,38.33551025390625
8842060,2019,2019-05-11,4806,2019-03-20,1203,564,707,3,5,5,4806,0,0,0,,0,007,"ALAMO DR","BUTCHER RD",0.00,,Y,B,-,N,,,,,,,,,,Y,4,0,1,2,A,-,12,21453,A,N,D,C,A,A,H,-,A,A,0,,,,,Y,,A,01,0,0,1,0,0,0,0,0,0,"- ","- ",38.343559265136719,-121.99578857421875,SOLANO,VACAVILLE,-121.99571228027344,38.343559265136719
8842064,2019,2019-04-22,4806,2019-03-15,1110,605,501,5,5,5,4806,0,0,0,,0,005,"ELMIRA RD","NUT TREE RD",480.00,E,N,A,-,N,,,,,,,,,,Y,4,0,1,2,A,-,09,21804,A,N,F,I,A,A,H,-,A,A,0,,,Y,,Y,,A,01,0,0,1,0,0,0,0,0,1,"- ","- ",38.351741790771484,-121.95317840576172,SOLANO,VACAVILLE,-121.95155334472656,38.351783752441406
8842072,2019,2019-04-22,4806,2019-03-12,1649,575,,2,5,5,4806,0,0,0,,0,,"NUT TREE PKWY","HELEN POWER DR",0.00,,Y,A,-,N,,,,,,,,,,Y,4,0,1,2,A,-,09,21453,B,N,D,C,A,A,H,-,A,A,0,,,,,Y,,A,01,0,0,1,0,0,0,0,0,0,"- ","- ",38.365871429443359,-121.96183776855469,SOLANO,VACAVILLE,-121.96186828613281,38.365879058837891
8842741,2019,2019-04-24,4806,2019-03-31,1246,484,304,7,5,5,4806,0,0,0,,0,003,"VACA VALLEY PKWY","AKERLY DR",0.00,,Y,A,-,N,,,,,,,,,,N,4,0,1,2,A,-,03,22350,,N,C,C,A,A,H,-,A,A,0,,,,,Y,,A,01,0,0,1,0,0,0,0,0,0,"- ","- ",38.390350341796875,-121.94048309326172,SOLANO,VACAVILLE,-121.94046020507812,38.390350341796875
8842861,2019,2019-05-30,4803,2019-03-27,2104,1696,,3,5,5,4803,0,0,0,,0,,"TRAVIS BL","RT 80",46.00,W,N,A,-,Y,SOL,4,80,-,-,18.078,R,4,E,,3,0,1,2,A,-,03,22350,,N,D,C,A,A,H,-,C,A,0,,,,,Y,,A,01,0,1,0,0,0,0,0,0,0,"- ",EO,,,SOLANO,FAIRFIELD,-122.06064605712891,38.260242462158203
8843385,2019,2019-06-11,4805,2019-02-01,1100,5L89,4805,5,5,4,4805,0,0,0,,0,001,"RT 12","MARINA BL",0.00,,Y,A,-,Y,SOL,4,12,-,-,5.150,I,5,E,,3,0,1,2,A,-,00,20002,A,M,A,C,A,A,H,-,A,A,0,,,,,Y,,A,01,0,1,0,0,0,0,0,0,0,"- ","- ",,,SOLANO,"SUISUN CITY",-122.03145599365234,38.244461059570312
8844180,2019,2019-04-23,4803,2019-03-15,1644,949,,5,5,5,4803,0,0,0,,0,00S,"TRAVIS BL","SOLANO MALL",99.00,W,N,A,-,N,,,,,,,,,,Y,4,0,1,2,A,-,03,22350,,N,C,C,A,A,H,-,A,A,0,,,,,Y,,A,01,0,0,1,0,0,0,0,0,0,"- ","- ",38.257999420166016,-122.05400085449219,SOLANO,FAIRFIELD,-122.05378723144531,38.2581787109375
8844676,2018,2019-05-20,4803,2018-10-16,0615,1577,,2,5,5,4803,0,0,0,,0,00S,"RT 12","BECK AV",78.00,E,N,A,-,Y,SOL,4,12,-,R,3.220,H,-,W,,3,0,1,2,A,-,04,21703,,F,C,C,A,A,H,-,A,A,0,,,,Y,Y,Y,F,26,0,1,0,0,0,0,0,0,0,"- ","- ",,,SOLANO,FAIRFIELD,-122.06611633300781,38.240421295166016
8846406,2019,2019-08-26,4807,2019-04-26,0801,720,4807,5,5,6,4807,0,0,0,,0,005,"SONOMA BL","TENNESSEE ST",106.00,S,N,A,-,Y,SOL,4,29,-,-,2.800,H,-,N,Y,4,0,1,2,A,-,09,21804,A,N,D,C,A,A,H,-,A,D,0,,,,,Y,,A,01,0,0,1,0,0,0,0,0,0,"- ","- ",,,SOLANO,VALLEJO,-122.25476837158203,38.109710693359375
8847109,2019,2019-08-26,4803,2019-05-06,2200,1307,,1,5,5,4803,0,0,0,,0,,"RT 12","WEBSTER ST",30.00,E,N,A,-,Y,SOL,4,12,-,R,4.388,R,3,E,,4,0,1,4,A,-,01,23152,A,F,D,C,A,A,H,-,D,D,0,,,Y,,Y,Y,A,01,0,0,1,0,0,0,0,0,1,EF,"- ",38.239879608154297,-122.07893371582031,SOLANO,FAIRFIELD,-122.04498291015625,38.242568969726562
8848294,2019,2019-04-25,4803,2019-04-01,0006,1602,,1,5,5,4803,0,0,0,,0,,"WEST TEXAS ST","BECK AV",322.00,W,N,A,-,N,,,,,,,,,,Y,3,0,1,2,A,-,03,22350,,F,D,C,A,A,H,-,C,D,0,,,,,Y,,A,01,0,1,0,0,0,0,0,0,0,"- ","- ",38.249320983886719,-122.06620025634766,SOLANO,FAIRFIELD,-122.06734466552734,38.2493896484375
8848478,2019,2019-04-26,4803,2019-03-12,0810,1628,,2,5,5,4803,0,0,0,,0,,"EAST TABOR AV","MANOR PL",0.00,,Y,A,-,N,,,,,,,,,,N,4,0,1,2,A,-,10,21950,A,N,G,B,C,A,H,-,A,D,0,Y,,,,Y,,A,01,0,0,1,0,1,0,0,0,0,"- ","- ",,,SOLANO,FAIRFIELD,-122.01312255859375,38.265228271484375
8849514,2018,2019-05-01,4803,2018-09-18,0620,1577,,2,5,5,4803,0,0,0,,0,0CE,"TRAVIS BL","NORTH TEXAS ST",669.00,W,N,A,-,N,,,,,,,,,,,3,0,1,2,A,-,03,22350,,F,B,G,A,A,H,-,B,D,0,,Y,,,Y,,-,99,0,1,0,0,0,0,1,0,0,"- ","- ",38.25823974609375,-122.03411865234375,SOLANO,FAIRFIELD,-122.0364990234375,38.258258819580078
8849517,2018,2019-05-01,4802,2018-07-28,1044,1259,,6,5,3,4802,0,0,0,,0,002,"REHRMANN DR","COLEMAN DR",0.00,,Y,A,-,N,,,,,,,,,,N,4,0,1,2,A,-,03,22350,,N,C,C,A,A,H,-,A,D,0,,,,,Y,,A,07,0,0,1,0,0,0,0,0,0,"- ","- ",,,SOLANO,DIXON,-121.83917236328125,38.447498321533203
8852244,2019,2019-05-08,4807,2019-04-04,0549,537,VALLE,4,5,6,4807,0,0,0,,0,006,"SACRAMENTO ST","COUGHLAN ST",15.00,S,N,A,-,N,,,,,,,,,,Y,4,0,1,3,A,-,09,21802,A,M,D,C,A,A,H,-,C,D,0,,,,,Y,,A,01,0,0,1,0,0,0,0,0,0,"- ","- ",38.115200042724609,-122.25798034667969,SOLANO,VALLEJO,-122.25798797607422,38.115139007568359
8852410,2019,2019-05-06,4807,2019-04-17,2247,693,VPD,3,5,6,4807,0,0,0,,0,005,"MONTEREY ST","LOUISIANA ST",7.00,S,N,A,-,N,,,,,,,,,,Y,4,0,3,2,A,-,04,21703,,N,C,C,A,A,H,-,C,A,0,,,,,Y,,A,01,0,0,3,0,0,0,0,0,0,"- ","- ",38.107898712158203,-122.24652099609375,SOLANO,VALLEJO,-122.24642181396484,38.107872009277344
8852418,2019,2019-05-06,4807,2019-04-13,0913,717,VALLE,6,5,6,4807,0,0,0,,0,004,"SONOMA BL","MAGAZINE ST",0.00,,Y,A,-,N,,,,,,,,,,Y,4,0,1,2,A,-,12,21453,A,N,D,C,A,A,H,-,A,A,0,,,,,Y,,A,01,0,0,1,0,0,0,0,0,0,"- ","- ",,,SOLANO,VALLEJO,-122.23863220214844,38.082408905029297
8852422,2019,2019-05-06,4807,2019-04-18,1613,635,VALLE,4,5,6,4807,0,0,0,,0,001,"ROTARY WY","ADMIRAL CALLAGHAN LN",558.00,E,N,A,-,N,,,,,,,,,,N,3,0,1,2,D,-,00,,,N,H,G,A,A,H,-,A,D,0,,Y,,,Y,,-,"- ",0,1,0,0,0,0,1,0,0,"- ","- ",38.125911712646484,-122.22798156738281,SOLANO,VALLEJO,-122.22608184814453,38.125980377197266
8854583,2019,2019-05-13,4803,2019-03-30,1837,1678,4803,6,5,5,4803,0,0,0,,0,00S,"MADISON ST","TEXAS ST",0.00,,Y,A,-,N,,,,,,,,,,N,4,0,1,2,A,-,04,21703,,N,C,C,A,A,H,-,A,A,0,,,,,Y,,A,01,0,0,1,0,0,0,0,0,0,"- ","- ",,,SOLANO,FAIRFIELD,-122.04593658447266,38.249240875244141
8854960,2019,2019-07-08,4803,2019-04-17,1210,1593,,3,5,5,4803,0,0,0,,0,0CO,"NEITZEL RD","BUSINESS CENTER DR",585.00,S,N,A,-,N,,,,,,,,,,Y,3,0,1,1,A,-,03,22350,,N,F,I,A,A,H,-,A,A,0,,,,Y,Y,,F,25,0,1,0,0,0,0,0,0,0,"- ","- ",38.218070983886719,-122.14026641845703,SOLANO,FAIRFIELD,-122.13870239257812,38.218330383300781
8855122,2019,2019-05-10,4803,2019-04-01,0730,1607,,1,5,5,4803,0,0,0,,0,,"EMPIRE ST","TAYLOR ST",75.00,W,N,A,-,N,,,,,,,,,,N,3,0,1,2,A,-,08,22107,,F,B,G,A,A,H,-,A,-,0,,Y,,,Y,,-,99,0,1,0,0,0,0,1,0,0,"- ","- ",38.250198364257812,-122.04720306396484,SOLANO,FAIRFIELD,-122.04743957519531,38.250350952148438
8855130,2019,2019-05-10,4803,2019-04-05,1650,1663,,5,5,5,4803,0,0,0,,0,00S,"OLIVER RD","ROCKVILLE RD",0.00,,Y,A,-,N,,,,,,,,,,Y,3,0,1,2,A,-,07,21658,A,N,B,C,A,A,H,-,A,A,0,,,Y,,Y,,C,02,0,1,0,0,0,0,0,0,1,"- ","- ",38.249839782714844,-122.07042694091797,SOLANO,FAIRFIELD,-122.07050323486328,38.249828338623047
8855146,2019,2019-08-27,4803,2019-04-16,0715,1694,,2,5,5,4803,0,0,0,,0,00S,"RT 12","BECK AV",340.00,E,N,A,-,Y,SOL,4,12,-,R,3.270,H,-,W,N,4,0,1,3,C,-,18,,,N,C,C,A,A,H,-,A,D,0,,,,,Y,,-,"- ",0,0,1,0,0,0,0,0,0,"- ","- ",38.240478515625,-122.06632232666016,SOLANO,FAIRFIELD,-122.06520080566406,38.240432739257812
8855154,2019,2019-05-10,4803,2019-04-22,1547,1694,,1,5,5,4803,0,0,0,,0,00S,"CORDELIA RD","HALE RANCH RD",107.00,E,N,A,-,N,,,,,,,,,,N,4,0,1,2,A,-,09,21804,A,N,H,A,A,A,H,-,A,D,0,,,Y,,Y,,A,07,0,0,1,0,0,0,0,0,0,"- ","- ",38.227771759033203,-122.09503936767578,SOLANO,FAIRFIELD,-122.09462738037109,38.227790832519531
8855803,2019,2019-05-17,4807,2019-05-02,1700,713,4807,4,5,6,4807,0,0,0,,0,005,"FLORIDA ST","SHASTA ST",0.00,,Y,A,-,N,,,,,,,,,,Y,4,0,3,2,A,-,09,21802,A,N,D,C,A,A,H,-,A,D,0,,,,,Y,,A,07,0,0,3,0,0,0,0,0,0,"- ","- ",38.104759216308594,-122.23484039306641,SOLANO,VALLEJO,-122.23484039306641,38.104751586914062
8858123,2019,2019-05-23,4801,2019-03-28,1159,3895,BENIC,4,5,4,4801,0,0,0,,0,001,"WEST 7TH ST","CHERYL DR",648.00,S,N,B,-,N,,,,,,,,,,Y,4,0,1,1,A,-,16,24002,A,N,E,I,A,A,H,-,A,D,0,,,,,Y,,A,01,0,0,1,0,0,0,0,0,0,"- ","- ",,,SOLANO,BENICIA,-122.16645812988281,38.060440063476562
8858322,2019,2019-05-24,4803,2019-01-14,1620,1691,,1,5,5,4803,0,0,0,,0,00E,"PEABODY RD","CEMENT HILL RD",0.00,,Y,B,C,N,,,,,,,,,,Y,2,0,1,2,A,-,09,21804,A,N,D,C,A,B,H,-,A,D,0,,,,,Y,,-,,1,0,0,0,0,0,0,0,0,"- ","- ",,,SOLANO,FAIRFIELD,-121.96958923339844,38.286861419677734
8862940,2019,2019-05-29,4803,2019-05-08,1755,1641,,3,5,5,4803,0,0,0,,0,,"PENNSYLVANIA AV","WOOLNER AV",716.00,S,N,A,-,N,,,,,,,,,,Y,4,0,2,2,A,-,09,21801,A,N,D,C,A,A,H,-,A,D,0,,,,,Y,,A,01,0,0,2,0,0,0,0,0,0,"- ","- ",38.244960784912109,-122.04984283447266,SOLANO,FAIRFIELD,-122.05024719238281,38.243141174316406
8865101,2019,2019-06-03,4807,2019-05-08,1808,681,4807,3,5,6,4807,0,0,0,,0,006,"MARE ISLAND WY","TENNESSEE ST",82.00,S,N,A,-,N,,,,,,,,,,N,4,0,1,2,A,-,03,22350,,N,C,C,A,A,H,-,A,D,0,,,,,Y,,I,11,0,0,1,0,0,0,0,0,0,"- ","- ",,,SOLANO,VALLEJO,-122.26448059082031,38.109939575195312
8866074,2019,2019-06-05,4807,2019-05-18,2046,703,VJO,6,5,6,4807,0,0,0,,0,004,"LINCOLN RD WEST","PINE ST",257.00,E,N,C,-,N,,,,,,,,,,Y,4,0,1,1,A,-,08,22107,,N,E,I,A,B,H,-,C,D,0,,,,,Y,,A,01,0,0,1,0,0,0,0,0,0,"- ","- ",,,SOLANO,VALLEJO,-122.23374176025391,38.084712982177734
8866078,2019,2019-06-05,4807,2019-05-18,2112,718,VALLE,6,5,6,4807,0,0,0,,0,005,"FLORIDA ST","CALAVERAS ST",0.00,,Y,C,-,N,,,,,,,,,,Y,4,0,1,2,A,-,09,21802,A,N,D,C,A,B,H,-,C,D,0,,,,,Y,,A,01,0,0,1,0,0,0,0,0,0,"- ","- ",38.104801177978516,-122.23651123046875,SOLANO,VALLEJO,-122.23648834228516,38.104778289794922
8868644,2019,2019-06-11,4806,2019-04-12,1100,605,302,5,5,5,4806,0,0,0,,0,003,"VACA VALLEY PKWY","CESSNA DR",158.00,E,N,A,-,N,,,,,,,,,,Y,4,0,1,1,C,-,18,,,N,E,I,A,A,H,-,A,A,0,,,,,Y,,-,"- ",0,0,1,0,0,0,0,0,0,"- ","- ",38.395191192626953,-121.95761108398438,SOLANO,VACAVILLE,-121.95700836181641,38.395088195800781
8868713,2019,2019-06-03,4803,2019-05-10,0620,1567,,5,5,5,4803,0,0,0,,0,00E,"WALTERS RD","AIR BASE PKWY",38.00,S,N,A,-,N,,,,,,,,,,,3,0,1,2,A,-,03,22350,,F,C,C,A,A,H,-,A,A,0,,,,,Y,,A,01,0,1,0,0,0,0,0,0,0,"- ","- ",38.271499633789062,-121.98795318603516,SOLANO,FAIRFIELD,-121.98797607421875,38.271377563476562
8868801,2019,2019-06-03,4806,2019-04-19,1456,621,906,5,5,5,4806,0,0,0,,0,005,"ALAMO DR","LEISURE TOWN RD",22.00,W,N,A,-,N,,,,,,,,,,N,4,0,1,2,A,-,08,22107,,N,H,G,A,A,H,-,A,A,0,,Y,,,Y,,L,04,0,0,1,0,0,0,1,0,0,"- ","- ",38.336799621582031,-121.93389892578125,SOLANO,VACAVILLE,-121.93402862548828,38.336849212646484
8868825,2019,2019-06-03,4806,2019-04-03,1454,426,904,3,5,5,4806,0,0,0,,0,009,"HELEN POWER DR","NUT TREE PKWY",736.00,S,N,B,-,N,,,,,,,,,,Y,4,0,2,2,A,-,09,21804,A,N,D,C,A,A,H,-,A,A,0,,,,,Y,,A,01,0,0,2,0,0,0,0,0,0,"- ","- ",38.365001678466797,-121.96099853515625,SOLANO,VACAVILLE,-121.960205078125,38.364349365234375
8869692,2019,2019-07-11,4803,2019-05-23,1044,476,,4,5,5,4803,0,0,0,,0,00E,"MANUEL CAMPOS PKWY","PARADISE VALLEY DR",0.00,,Y,A,-,N,,,,,,,,,,Y,2,0,2,2,A,-,12,21453,A,N,D,C,A,A,H,-,A,A,0,,,,,Y,,A,01,1,1,0,0,0,0,0,0,0,"- ","- ",38.291999816894531,-122.02020263671875,SOLANO,FAIRFIELD,-122.02458190917969,38.292659759521484
8869989,2019,2019-08-29,4803,2019-05-07,0802,TASSONEP,273,2,5,5,4803,0,0,0,,0,,"RT 12","RIVER RD",0.00,,N,A,-,Y,SOL,4,12,-,-,26.180,H,-,W,N,3,0,1,2,A,-,03,22350,,N,C,C,A,A,H,-,-,D,0,,,,,Y,,D,22,0,1,0,0,0,0,0,0,0,"- ","- ",,,SOLANO,FAIRFIELD,-121.68900299072266,38.160823822021484
8870040,2019,2019-06-06,4806,2019-04-16,2203,745,,2,5,5,4806,0,0,0,,0,,"ALAMO DR","BEL AIR DR",0.00,,Y,A,-,N,,,,,,,,,,Y,4,0,2,2,A,-,01,23152,A,N,C,C,A,A,H,-,C,A,0,,,,,Y,Y,A,01,0,0,2,0,0,0,0,0,0,"- ","- ",38.335380554199219,-121.95767974853516,SOLANO,VACAVILLE,-121.95767211914062,38.335330963134766
8870044,2019,2019-06-06,4806,2019-04-27,2117,701,906,6,5,5,4806,0,0,0,,0,009,"NUT TREE PKWY","NUT TREE RD",215.00,W,N,A,-,N,,,,,,,,,,Y,4,0,1,2,A,-,03,22350,,N,C,C,A,A,H,-,C,A,0,,,,,Y,,A,01,0,0,1,0,0,0,0,0,0,"- ","- ",38.368381500244141,-121.95629119873047,SOLANO,VACAVILLE,-121.95672607421875,38.367942810058594
8874470,2019,2019-06-18,4803,2019-05-28,1726,1697,,2,5,5,4803,0,0,0,,0,,"CLAY BANK RD","MEADOWLARK DR",0.00,,Y,A,-,N,,,,,,,,,,N,4,0,1,2,A,-,09,21801,A,N,D,C,A,A,H,-,A,D,0,,,,,Y,,-,,0,0,1,0,0,0,0,0,0,"- ","- ",38.267021179199219,-122.00721740722656,SOLANO,FAIRFIELD,-122.00724029541016,38.267059326171875
8875425,2019,2019-08-29,4803,2019-06-03,0845,476,,1,5,5,4803,0,0,0,,0,00S,"RT 12","PENNSYLVANIA AV",730.00,E,N,A,-,Y,SOL,4,12,-,R,4.210,H,-,W,N,3,0,2,2,A,-,03,22350,,N,C,C,A,A,H,-,A,D,0,,,,,Y,,A,07,0,2,0,0,0,0,0,0,0,"- ","- ",38.241401672363281,-122.05039978027344,SOLANO,FAIRFIELD,-122.04810333251953,38.241779327392578
8875777,2019,2019-08-28,4803,2019-06-23,2129,1685,,7,5,5,4803,0,0,0,,0,HIGHWA,"RT 80","TRAVIS BL",690.00,S,N,A,-,Y,SOL,4,80,-,-,17.790,H,-,W,,2,0,1,1,A,-,08,22107,,N,E,I,A,A,H,-,C,D,0,,,,,Y,,A,01,1,0,0,0,0,0,0,0,0,"- ","- ",,,SOLANO,FAIRFIELD,-122.06404876708984,38.256687164306641
8879863,2019,2019-06-18,4807,2019-05-30,0901,537,VALLE,4,5,6,4807,0,0,0,,0,006,"SACRAMENTO ST","FRISBIE ST",3.00,N,N,A,-,N,,,,,,,,,,N,4,0,1,2,A,-,08,22107,,N,C,E,A,A,H,-,A,D,0,,,,,Y,,A,01,0,0,1,0,0,0,0,0,0,"- ","- ",38.117168426513672,-122.25807952880859,SOLANO,VALLEJO,-122.25807952880859,38.117168426513672
8881980,2019,2019-07-18,4803,2019-05-24,1911,1234,,5,5,5,4803,0,0,0,,0,,"NORTH TEXAS ST","AIR BASE PKWY",250.00,N,N,A,-,N,,,,,,,,,,N,4,0,1,3,A,-,08,22107,,N,D,C,A,A,H,-,A,D,0,,,,Y,Y,,F,26,0,0,1,0,0,0,0,0,0,"- ",WO,38.273689270019531,-122.03415679931641,SOLANO,FAIRFIELD,-122.03421783447266,38.273178100585938
8885237,2019,2019-11-27,4807,2019-06-05,2228,720,VJO,3,5,6,4807,0,0,0,,0,007,"SONOMA BL","SERENO DR",660.00,S,N,A,-,Y,SOL,4,29,-,-,3.910,H,-,S,Y,3,0,1,2,A,-,08,22107,,N,D,C,A,A,H,-,C,D,0,,,,,Y,,A,01,0,1,0,0,0,0,0,0,0,"- ","- ",38.127590179443359,-122.25570678710938,SOLANO,VALLEJO,-122.25562286376953,38.126274108886719