CASE_ID,ACCIDENT_YEAR,PROC_DATE,JURIS,COLLISION_DATE,COLLISION_TIME,OFFICER_ID,REPORTING_DISTRICT,DAY_OF_WEEK,CHP_SHIFT,POPULATION,CNTY_CITY_LOC,SPECIAL_COND,BEAT_TYPE,CHP_BEAT_TYPE,CITY_DIVISION_LAPD,CHP_BEAT_CLASS,BEAT_NUMBER,PRIMARY_RD,SECONDARY_RD,DISTANCE,DIRECTION,INTERSECTION,WEATHER_1,WEATHER_2,STATE_HWY_IND,CALTRANS_COUNTY,CALTRANS_DISTRICT,STATE_ROUTE,ROUTE_SUFFIX,POSTMILE_PREFIX,POSTMILE,LOCATION_TYPE,RAMP_INTERSECTION,SIDE_OF_HWY,TOW_AWAY,COLLISION_SEVERITY,NUMBER_KILLED,NUMBER_INJURED,PARTY_COUNT,PRIMARY_COLL_FACTOR,PCF_CODE_OF_VIOL,PCF_VIOL_CATEGORY,PCF_VIOLATION,PCF_VIOL_SUBSECTION,HIT_AND_RUN,TYPE_OF_COLLISION,MVIW,PED_ACTION,ROAD_SURFACE,ROAD_COND_1,ROAD_COND_2,LIGHTING,CONTROL_DEVICE,CHP_ROAD_TYPE,PEDESTRIAN_ACCIDENT,BICYCLE_ACCIDENT,MOTORCYCLE_ACCIDENT,TRUCK_ACCIDENT,NOT_PRIVATE_PROPERTY,ALCOHOL_INVOLVED,STWD_VEHTYPE_AT_FAULT,CHP_VEHTYPE_AT_FAULT,COUNT_SEVERE_INJ,COUNT_VISIBLE_INJ,COUNT_COMPLAINT_PAIN,COUNT_PED_KILLED,COUNT_PED_INJURED,COUNT_BICYCLIST_KILLED,COUNT_BICYCLIST_INJURED,COUNT_MC_KILLED,COUNT_MC_INJURED,PRIMARY_RAMP,SECONDARY_RAMP,LATITUDE,LONGITUDE,COUNTY,CITY,POINT_X,POINT_Y
90014385,2015,2015-10-19,9365,2015-08-09,0520,017874,,7,3,9,4800,0,1,S,,2,904,"I-80 E/B","RICHARDS BLVD",1267.00,W,N,A,-,Y,,,80,,,,,,E,Y,4,0,2,2,A,-,03,22350,,N,C,C,A,A,H,-,C,D,0,,,,,Y,,A,01,0,0,2,0,0,0,0,0,0,"- ","- ",38.537260000000003,-121.73867,SOLANO,UNINCORPORATED,-121.73872485,38.537324740000003
90015071,2015,2015-10-19,9365,2015-08-23,0300,019572,,7,3,3,4802,0,1,1,,2,088,"I-80 W/B","MIDWAY RD",5590.00,E,N,A,-,Y,,,,,,,,,,Y,3,0,5,4,A,-,03,22350,,N,C,C,A,A,H,-,D,D,0,,,,,Y,,A,07,0,3,2,0,0,0,0,0,0,"- ","- ",38.42698,-121.88343999999999,SOLANO,DIXON,-121.88340725,38.427032140000001
90015089,2015,2015-10-19,9365,2015-08-26,1605,016919,,3,2,6,4807,0,3,5,,2,010,"I-80 E/B","GEORGIA ST O/C",1056.00,W,N,A,-,Y,,,80,,,,,,E,Y,4,0,1,3,A,-,03,22350,,N,C,C,A,A,H,-,A,D,0,,,,,Y,,A,01,0,0,1,0,0,0,0,0,0,"- ","- ",38.097990000000003,-122.22974000000001,SOLANO,VALLEJO,-122.22971898999999,38.097989699999999
90015642,2015,2015-10-19,9365,2015-08-28,1845,018941,,5,2,5,4803,0,1,1,,2,084,"I-80 E/B","TRAVIS BLVD",1000.00,W,N,A,-,Y,,,80,,,,,,E,Y,4,0,1,3,A,-,03,22350,,N,C,C,A,A,H,-,A,D,0,,,,,Y,,D,22,0,0,1,0,0,0,0,0,0,"- ","- ",38.25676,-122.06346000000001,SOLANO,FAIRFIELD,-122.06353633000001,38.256823650000001
90015751,2015,2015-10-19,9365,2015-08-29,0545,014494,,6,3,5,4806,0,1,1,,2,087,"I-80 W/B","LEISURE TOWN ROAD",4224.00,W,N,B,-,Y,,,80,,,,,,W,Y,3,0,1,1,A,-,08,22107,,N,E,I,A,A,H,-,B,D,0,,,,,Y,,D,22,0,1,0,0,0,0,0,0,0,"- ","- ",38.381920000000001,-121.94253999999999,SOLANO,VACAVILLE,-121.94257442,38.381967279999998
90016068,2015,2015-10-19,9365,2015-08-27,2045,015546,,4,2,9,4800,0,1,1,,2,086,"I-80 E/B TO MIDWAY ROAD","MIDWAY RD",28.00,W,N,A,-,N,,,,,,,,,,Y,4,0,1,2,A,-,03,22350,,N,D,C,A,A,H,-,C,D,0,,,,,Y,,A,01,0,0,1,0,0,0,0,0,0,"- ","- ",38.456099999999999,-121.89534,SOLANO,UNINCORPORATED,-121.89726035,38.416216609999999
90016140,2015,2015-12-09,9365,2015-08-29,1153,015810,,6,1,9,4800,0,2,4,,2,301,"PLEASANTS VALLEY ROAD","WHEDBEE DRIVE",214.00,N,N,A,-,N,,,,,,,,,,N,2,0,1,3,A,-,06,21751,,F,C,G,A,A,H,-,A,D,0,,Y,,,Y,,D,22,1,0,0,0,0,0,1,0,0,"- ","- ",38.343620000000001,-122.02475,SOLANO,UNINCORPORATED,-122.02468283,38.343607769999998
90016366,2015,2015-10-19,9365,2015-08-30,0340,019572,,7,3,5,4806,0,1,1,,2,087,"I-80 E/B","MERIDIAN RD",1900.00,W,N,A,-,Y,,,,,,,,,,Y,4,0,1,1,A,-,08,22107,,N,F,A,A,A,H,-,D,D,0,,,,,Y,,A,01,0,0,1,0,0,0,0,0,0,"- ","- ",38.399949999999997,-122.91891,SOLANO,VACAVILLE,-121.91864472,38.399878260000001
90017250,2015,2015-10-19,9365,2015-09-01,0845,013235,,2,1,9,4800,0,3,5,,2,040,"STEVENSON BRIDGE ROAD","SIEVERS ROAD",2640.00,N,N,A,-,N,,,,,,,,,,N,4,0,1,1,A,-,08,22107,,N,E,I,A,A,H,-,A,D,0,,Y,,,Y,,L,04,0,0,1,0,0,0,1,0,0,"- ","- ",38.502099999999999,-121.8533,SOLANO,UNINCORPORATED,-121.85337312,38.496550429999999
90017269,2015,2015-10-19,9365,2015-09-02,1720,015549,,3,2,5,4803,0,1,1,,2,083,"I-80 E/B","CHADBOURNE RD",2640.00,W,N,A,-,Y,,,80,,,,,,E,Y,4,0,2,3,A,-,03,22350,,N,C,C,A,A,H,-,A,D,0,,,,,Y,,A,07,0,0,2,0,0,0,0,0,0,"- ","- ",38.238230000000001,-122.09566,SOLANO,FAIRFIELD,-122.09570178,38.238327890000001
90017505,2015,2015-10-19,9365,2015-09-04,1920,019107,,5,2,6,4807,0,1,1,,2,081,"I-80 (EASTBOUND)","TENNESSEE ST",100.00,E,N,A,-,Y,,,80,,,,,,,Y,4,0,1,2,A,-,03,22350,,N,C,C,A,A,H,-,A,D,0,,,,,Y,,D,22,0,0,1,0,0,0,0,0,0,"- ","- ",38.110210000000002,-122.22955,SOLANO,VALLEJO,-122.22956023,38.110210000000002
90017905,2015,2015-10-19,9365,2015-08-20,2145,019621,,4,2,9,4800,0,1,3,,2,121,"SR-12 W/B","SPURS TRL",1320.00,W,N,A,-,Y,,,12,,,,,,W,Y,3,0,2,2,A,-,08,22100,,N,B,C,A,A,H,-,E,A,0,,,,,Y,,A,01,0,1,1,0,0,0,0,0,0,"- ","- ",38.208260000000003,-122.19224,SOLANO,UNINCORPORATED,-122.19220894,38.208610659999998
90018167,2015,2015-10-19,9365,2015-09-07,1515,015546,,1,2,9,4800,0,3,5,,2,010,"I-80 W/B","SR-113 NORTH S/B TO I-80 E/B OVERCROSSIN",21.00,E,N,A,-,N,,,80,,,,,,W,Y,4,0,2,2,A,-,03,22350,,N,C,C,A,A,H,-,A,D,0,,,,,Y,,A,01,0,0,2,0,0,0,0,0,0,"- ","- ",38.524929999999998,-121.76466000000001,SOLANO,UNINCORPORATED,-121.76472534,38.525011749999997
90018379,2015,2015-10-19,9365,2015-09-05,0615,016505,,6,1,4,4801,0,1,1,,2,681,"I-680 S/B","PARISH RD.",4224.00,S,N,A,-,Y,,,,,,,,,,Y,3,0,1,1,A,-,08,22107,,N,F,A,A,A,H,-,D,D,0,,,,,Y,,A,07,0,1,0,0,0,0,0,0,0,"- ","- ",38.103389999999997,-122.1037,SOLANO,BENICIA,-122.10332147,38.104715319999997
90018413,2015,2015-10-19,9365,2015-09-05,2500,015810,,6,4,9,4800,0,2,4,,2,302,"GIBSON CANYON ROAD","INDEPENDENCE DRIVE",1056.00,S,N,A,-,N,,,,,,,,,,Y,4,0,1,1,A,-,08,22107,,M,E,J,A,A,H,-,D,D,0,,,,,Y,,A,01,0,0,1,0,0,0,0,0,0,"- ","- ",38.408099999999997,-121.99379999999999,SOLANO,UNINCORPORATED,-121.99312335,38.408785129999998
90018546,2015,2015-10-19,9365,2015-09-06,0030,019094,,7,3,9,4800,0,3,5,,2,040,"DIXON AVE.","NUNES RD.",1355.00,S,N,A,-,N,,,,,,,,,,Y,3,0,6,1,A,-,08,22107,,N,E,I,A,A,H,-,D,D,0,,,,,Y,,A,01,0,3,3,0,0,0,0,0,0,"- ","- ",38.445950000000003,-121.88717,SOLANO,UNINCORPORATED,-121.89190000000001,38.445929999999997
90018565,2015,2015-10-19,9365,2015-09-05,2240,019572,,6,3,9,4800,0,3,5,,2,040,"PEDRICK RD","VAUGHN RD",1590.00,S,N,A,-,N,,,,,,,,,,Y,3,0,1,1,A,-,01,23152,A,N,E,I,A,A,H,-,D,D,0,,,,,Y,Y,A,01,0,1,0,0,0,0,0,0,0,"- ","- ",38.462769999999999,-121.80396,SOLANO,UNINCORPORATED,-121.80395061999999,38.462823129999997
90018642,2015,2016-05-24,9365,2015-09-05,1635,019107,,6,2,9,4800,0,1,3,,2,121,"SR-12 (EASTBOUND)","RED TOP RD",1320.00,W,N,A,-,Y,,,,,,,,,,N,4,0,1,2,A,-,03,22350,,N,C,C,A,A,H,-,A,D,0,,,,,Y,,A,07,0,0,1,0,0,0,0,0,0,"- ","- ",,,SOLANO,UNINCORPORATED,-122.16131325000001,38.207597749999998
90019426,2015,2015-10-19,9365,2015-09-09,1055,013235,,3,1,9,4800,0,3,5,,2,040,"PEDRICK ROAD","TREMONT ROAD",5280.00,N,N,A,-,N,,,,,,,,,,Y,3,0,1,1,A,-,08,22107,,N,F,I,A,A,H,-,A,D,0,,,,,Y,,D,22,0,1,0,0,0,0,0,0,0,"- ","- ",38.511000000000003,-121.8035,SOLANO,UNINCORPORATED,-121.80351589999999,38.510661050000003
90019579,2015,2015-10-19,9365,2015-09-10,0640,015810,,4,1,5,4803,0,1,1,,2,084,"I-80 W/B","SR-12 (RIO VISTA) O/C",0.00,,N,A,-,Y,,,80,,,,,,W,Y,4,0,1,1,A,-,08,22107,,N,E,I,A,A,H,-,A,D,0,,,,,Y,,A,07,0,0,1,0,0,0,0,0,0,"- ","- ",38.239989999999999,-122.09269,SOLANO,FAIRFIELD,-122.09265837,38.239917929999997
90019606,2015,2015-10-19,9365,2015-09-04,1555,018954,,5,2,5,4803,0,1,1,,2,083,"I-80 E/B","SUISUN PKWY",3212.00,W,N,A,-,Y,,,,,,,,,,Y,2,0,1,2,A,-,03,22350,,N,C,C,A,A,H,-,A,D,0,,,,,Y,,A,01,1,0,0,0,0,0,0,0,0,"- ","- ",38.236229999999999,-122.10075000000001,SOLANO,FAIRFIELD,,
90019808,2015,2015-10-19,9365,2015-09-10,1850,016919,,4,2,9,4800,0,1,1,,2,681,"I-680 S/B","MARSHVIEW RD",4224.00,N,N,A,-,Y,,,680,,,,,,S,Y,3,0,1,1,A,-,08,22107,,N,F,A,A,A,H,-,A,D,0,,,,,Y,,A,01,0,1,0,0,0,0,0,0,0,"- ","- ",38.159840000000003,-122.11752,SOLANO,UNINCORPORATED,-122.11749856,38.159858210000003
90019822,2015,2015-10-19,9365,2015-09-11,0407,019621,,5,3,6,4807,0,1,3,,2,371,"SR-37 E/B","FAIRGROUNDS DR",2640.00,W,N,A,-,Y,,,37,,,,,,E,Y,3,0,1,1,A,-,08,22107,,N,E,I,A,A,H,-,D,D,0,,,,,Y,,A,01,0,1,0,0,0,0,0,0,0,"- ","- ",38.142000000000003,-122.24415999999999,SOLANO,VALLEJO,-122.24416434,38.141962909999997
90020408,2015,2015-10-19,9365,2015-09-08,1800,017747,,2,2,6,4807,0,3,5,,2,020,"BENICIA ROAD","TAYLOR ROAD",1056.00,E,N,A,-,N,,,,,,,,,,Y,4,0,3,1,A,-,08,22107,,N,E,I,A,A,H,-,A,D,0,,,,,Y,,A,01,0,0,3,0,0,0,0,0,0,"- ","- ",38.090800000000002,-122.2129,SOLANO,VALLEJO,-122.2128644,38.090843569999997
90020753,2015,2015-10-29,9365,2015-09-15,1340,015536,,2,1,9,4800,0,1,1,,2,085,"I-80 W/B","CHERRY GLEN RD.",4224.00,W,N,B,-,Y,,,80,,,,,,W,Y,4,0,1,3,A,-,07,21658,A,N,D,C,A,A,H,-,A,D,0,,,,Y,Y,,G,25,0,0,1,0,0,0,0,0,0,"- ","- ",38.320309999999999,-122.02806,SOLANO,UNINCORPORATED,-122.02804516,38.320296140000004
90020994,2015,2015-10-19,9365,2015-09-16,1615,016515,,3,2,6,4807,0,1,1,,2,077,"I-780 W/B","LAUREL ST",100.00,E,N,B,C,Y,,,780,,,,,,W,Y,4,0,2,3,A,-,03,22350,,N,C,C,A,B,H,-,A,D,0,,,,,Y,,A,01,0,0,2,0,0,0,0,0,0,"- ","- ",38.09093,-122.22758,SOLANO,VALLEJO,-122.22760126,38.090853060000001
90021014,2015,2015-10-19,9365,2015-09-16,1715,016515,,3,2,6,4807,0,3,5,,2,010,"I-80 E/B","MAGAZINE ST",31.00,W,N,B,C,Y,,,80,,,,,,E,Y,2,0,4,2,A,-,03,22350,,N,A,C,A,B,H,-,A,D,0,,,,,Y,,D,22,1,1,2,0,0,0,0,0,0,"- ","- ",38.085500000000003,-122.23265000000001,SOLANO,VALLEJO,-122.23275749,38.085531539999998
90021146,2015,2015-10-19,9365,2015-09-17,1825,016919,,4,2,4,4801,0,1,1,,2,680,"I-680 S/B","LAKE HERMAN RD",3696.00,N,N,A,-,Y,,,680,,,,,,S,N,4,0,1,1,A,-,08,22107,,N,E,I,A,A,H,-,A,D,0,,,,,Y,,A,01,0,0,1,0,0,0,0,0,0,"- ","- ",38.095460000000003,-122.10608000000001,SOLANO,BENICIA,-122.10621102,38.09550273
90021191,2015,2015-10-19,9365,2015-09-17,0745,014494,,4,1,4,4801,0,1,1,,2,680,"I-680 S/B","LAKE HERMAN RD",3168.00,S,N,A,-,Y,,,680,,,,,,S,Y,4,0,1,3,A,-,03,22350,,N,C,C,A,A,H,-,A,D,0,,,,,Y,,A,01,0,0,1,0,0,0,0,0,0,"- ","- ",38.079619999999998,-122.11835000000001,SOLANO,BENICIA,-122.11837477,38.079644629999997
90023369,2015,2015-10-29,9365,2015-09-18,1640,016515,,5,2,5,4806,0,3,5,,2,010,"I-80 E/B","MASON ST",528.00,W,N,A,-,Y,,,,,,,,,,Y,4,0,1,2,A,-,03,22350,,N,B,C,A,A,H,-,A,D,0,,,Y,,Y,,C,02,0,0,1,0,0,0,0,0,1,"- ","- ",,,SOLANO,VACAVILLE,-121.9795424,38.353411739999999
90023541,2015,2015-10-19,9365,2015-09-18,1710,017559,,5,2,5,4803,0,1,1,,2,084,"I-80 E/B","SUISUN PARKWAY",100.00,E,N,A,-,Y,,,80,,,,,,E,N,4,0,2,2,A,-,03,22350,,N,C,C,A,A,H,-,A,D,0,,,,,Y,,A,07,0,0,2,0,0,0,0,0,0,"- ","- ",38.243459999999999,-122.08363,SOLANO,FAIRFIELD,-122.08367629999999,38.243565619999998
90023553,2015,2015-10-29,9365,2015-09-18,1800,017747,,5,2,6,4807,0,1,1,,2,080,"I-80 W/B","GEORGIA ST",528.00,E,N,A,-,Y,,,80,,,,,,W,Y,4,0,1,2,A,-,03,22350,,N,C,C,A,A,H,-,A,D,0,,,,,Y,,A,01,0,0,1,0,0,0,0,0,0,"- ","- ",38.102200000000003,-122.2299,SOLANO,VALLEJO,-122.22985681999999,38.102199349999999
90023599,2015,2015-10-19,9365,2015-09-19,1230,014494,,6,1,5,4803,0,1,1,,2,085,"I-80 W/B","LAGOON VALLEY RD O/C",5280.00,W,N,A,-,Y,,,80,,,,,,W,Y,4,0,2,3,A,-,07,21658,A,N,B,C,A,A,H,-,A,D,0,,,,,Y,,A,01,0,0,2,0,0,0,0,0,0,"- ","- ",38.309429999999999,-122.03384,SOLANO,FAIRFIELD,-122.03365306000001,38.30939789
90023838,2015,2015-10-19,9365,2015-09-21,0800,018015,,1,1,5,4803,0,1,1,,2,084,"I-80 W/B","CHADBOURNE RD",2000.00,E,N,A,-,Y,,,80,,,,,,W,Y,4,0,4,4,A,-,03,22350,,N,C,C,A,A,H,-,A,D,0,,,,,Y,,A,07,0,0,4,0,0,0,0,0,0,"- ","- ",38.245370000000001,-122.08029999999999,SOLANO,FAIRFIELD,-122.08028274999999,38.245330269999997
90024004,2015,2015-10-19,9365,2015-09-22,0920,013706,,2,1,9,4800,0,2,4,,2,201,"ROCKVILLE ROAD","SUISUN VALLEY ROAD",1019.00,E,N,A,-,N,,,,,,,,,,Y,4,0,1,1,A,-,08,22107,,N,E,I,A,A,H,-,A,D,0,,,,,Y,,A,07,0,0,1,0,0,0,0,0,0,"- ","- ",38.244199999999999,-122.11839999999999,SOLANO,UNINCORPORATED,-122.11867024999999,38.244205690000001
90024313,2015,2015-10-19,9320,2015-09-20,2305,020026,,7,3,4,4801,0,1,1,,2,684,"SOUTHBOUND I-680","CONTRA COSTA COUNTY LINE",1584.00,N,N,A,-,Y,,,,,,,,,,Y,4,0,1,2,A,-,07,21658,A,N,B,C,A,A,H,-,C,D,0,,,,Y,Y,,A,01,0,0,1,0,0,0,0,0,0,"- ","- ",,,SOLANO,BENICIA,,
90024577,2015,2015-10-19,9365,2015-09-25,1530,017559,,5,2,5,4803,0,1,3,,2,122,"SR-12 E/B","BECK AVE",2640.00,W,N,A,-,Y,,,12,,,,,,E,Y,4,0,2,6,A,-,03,22350,,N,C,C,A,A,H,-,A,D,0,,,,,Y,,D,22,0,0,2,0,0,0,0,0,0,"- ","- ",38.239870000000003,-122.07742,SOLANO,FAIRFIELD,-122.07742077,38.239895789999998
90024820,2015,2015-10-19,9365,2015-09-23,1510,015536,,3,2,5,4806,0,1,1,,2,086,"I-80 W/B FROM BROWNS VALLEY PARKWAY","BROWNS VALLEY PKY",347.00,W,N,A,-,Y,,,80,,,,R,,W,Y,3,0,3,1,A,-,08,22107,,N,E,I,A,A,H,-,A,D,0,,,,,Y,,A,01,0,3,0,0,0,0,0,0,0,"- ","- ",38.362740000000002,-121.96793,SOLANO,VACAVILLE,-121.96793,38.362740000000002
90025013,2015,2015-10-19,9365,2015-09-25,1725,016919,,5,2,5,4803,0,1,1,,2,681,"I-680 S/B","GOLD HILL RD O/C",4224.00,N,N,A,-,Y,,,680,,,,,,S,Y,3,0,1,1,A,-,08,22107,,N,F,A,A,A,H,-,A,D,0,,,Y,,Y,,C,02,0,1,0,0,0,0,0,0,1,"- ","- ",38.193820000000002,-122.13791999999999,SOLANO,FAIRFIELD,-122.13803021,38.19381894
90026515,2015,2015-10-19,9365,2015-09-19,2238,017696,,6,3,9,4800,0,3,5,,2,040,"BATAVIA RD","MIDWAY RD",0.00,,Y,A,-,N,,,,,,,,,,Y,4,0,1,2,A,-,09,21802,A,N,D,C,A,A,H,-,C,A,0,,,,,Y,,A,01,0,0,1,0,0,0,0,0,0,"- ","- ",38.416840000000001,-121.85966000000001,SOLANO,UNINCORPORATED,-121.85963,38.416809979999996
90026571,2015,2015-10-19,9365,2015-09-25,0715,017735,,5,1,5,4803,0,1,1,,2,083,"I-80 W/B","I-680 OVERCROSSING",25.00,E,N,A,-,Y,,,,,,,,,,Y,4,0,1,3,A,-,03,22350,,N,C,C,A,A,H,-,A,D,0,,,,Y,Y,,A,01,0,0,1,0,0,0,0,0,0,"- ","- ",38.130099999999999,-122.08150000000001,SOLANO,FAIRFIELD,,
90026901,2015,2015-10-19,9365,2015-09-26,1715,017559,,6,2,5,4806,0,1,1,,2,087,"I-80 E/B","MERIDIAN RD",2640.00,E,N,A,-,Y,,,80,,,,,,E,Y,2,0,1,3,A,-,01,23152,A,N,C,C,A,A,H,-,A,D,0,,,Y,,Y,Y,C,02,1,0,0,0,0,0,0,0,1,"- ","- ",38.407829999999997,-121.90839,SOLANO,VACAVILLE,-121.90834125000001,38.407767069999998
90026996,2015,2015-10-19,9365,2015-09-23,1220,018015,,3,1,9,4800,0,2,4,,2,201,"ROCKVILLE RD","SUISUN VALLEY RD",0.00,,Y,A,-,N,,,,,,,,,,N,4,0,1,2,A,-,21,22106,,N,G,B,B,A,H,-,A,A,0,Y,,,,Y,,A,01,0,0,1,0,1,0,0,0,0,"- ","- ",38.244149999999998,-122.12228,SOLANO,UNINCORPORATED,-122.12220997999999,38.244159949999997
90027139,2015,2015-10-19,9365,2015-09-24,0134,017654,,4,3,9,4800,0,1,3,,2,113,"SR-113 S/B",SR-12,0.00,,Y,A,-,Y,,,113,,,,,,S,Y,3,0,2,2,A,-,09,21802,A,N,B,C,A,A,H,-,C,A,0,,,,Y,Y,,A,07,0,2,0,0,0,0,0,0,0,"- ","- ",38.183700000000002,-121.8061,SOLANO,UNINCORPORATED,-121.80619842999999,38.183700739999999
90027303,2015,2015-10-19,9365,2015-09-27,0205,019572,,7,3,9,4800,0,1,A,,2,030,"WINTERS RD","ALLENDALE RD",116.00,S,N,A,-,N,,,,,,,,,,Y,3,0,2,1,A,-,01,23152,A,N,E,J,A,A,H,-,D,A,0,,,,,Y,Y,A,01,0,2,0,0,0,0,0,0,0,"- ","- ",38.453270000000003,-121.94269,SOLANO,UNINCORPORATED,-121.94258000000001,38.453290000000003
9002732,2018,2019-12-14,4807,2018-06-06,1302,674,VALLE,3,5,6,4807,0,0,0,,0,006,"SACRAMENTO ST","REDWOOD ST",0.00,,Y,A,-,N,,,,,,,,,,N,3,0,1,2,A,-,10,21950,A,N,G,B,B,A,H,-,A,A,0,Y,,,,Y,,A,07,0,1,0,0,1,0,0,0,0,"- ","- ",38.12213134765625,-122.26213073730469,SOLANO,VALLEJO,-122.26216125488281,38.122108459472656
90027344,2015,2015-10-19,9365,2015-09-27,0312,019687,,7,3,6,4807,0,1,3,,2,371,"SR-37 W/B","FAIRGROUNDS DR",600.00,E,N,A,-,Y,,,37,,,,,,W,Y,4,0,1,2,A,-,07,21658,A,N,B,C,A,A,H,-,D,D,0,,,,,Y,,A,01,0,0,1,0,0,0,0,0,0,"- ","- ",38.141559999999998,-122.23018999999999,SOLANO,VALLEJO,-122.23018901,38.141471709999998
90027392,2015,2015-10-19,9365,2015-09-27,1340,018702,,7,1,3,4802,0,1,1,,2,089,"I-80 W/B","KIDWELL RD",1320.00,W,N,A,-,Y,,,,,,,,,,Y,4,0,1,2,A,-,01,23152,A,N,C,C,A,A,H,-,A,A,0,,,,,Y,Y,A,07,0,0,1,0,0,0,0,0,0,"- ","- ",38.502830000000003,-121.78852000000001,SOLANO,DIXON,-121.78877901,38.502705020000001
90027584,2015,2015-10-19,9365,2015-09-28,0517,017696,,1,3,5,4803,0,1,1,,2,681,"I-680 N/B","CORDELIA RD",1056.00,S,N,A,-,Y,,,680,,,,,,N,Y,3,0,3,2,A,-,08,22107,,N,C,C,A,A,D,-,C,D,0,,,,Y,Y,,F,26,0,2,1,0,0,0,0,0,0,"- ","- ",38.205440000000003,-122.13793,SOLANO,FAIRFIELD,-122.13789113999999,38.205437830000001
90027758,2015,2015-10-19,9365,2015-09-28,1440,013235,,1,2,9,4800,0,1,1,,2,680,"I-680 S/B","MARSHVIEW ROAD",528.00,N,N,A,-,Y,,,,,,,,,,Y,4,0,1,1,A,-,08,22107,,N,E,I,A,A,D,-,A,D,0,,,,,Y,,A,01,0,0,1,0,0,0,0,0,0,"- ","- ",38.201599999999999,-121.58240000000001,SOLANO,UNINCORPORATED,-122.11193222999999,38.149885529999999
9002893,2018,2019-12-14,4807,2018-12-27,1320,705,,4,5,6,4807,0,0,0,,0,,"FAIRGROUNDS DR","SAGE ST",0.00,,Y,A,-,N,,,,,,,,,,N,4,0,1,2,A,-,09,21801,A,N,D,C,A,A,H,-,A,D,0,,,,,Y,,A,01,0,0,1,0,0,0,0,0,0,"- ","- ",38.140140533447266,-122.23166656494141,SOLANO,VALLEJO,-122.23159790039062,38.140090942382812
9002909,2018,2020-01-06,4807,2018-05-02,1459,628,,3,5,6,4807,0,0,0,,0,,"SONOMA BL","MAGAZINE ST",31.00,S,N,A,-,Y,SOL,4,29,-,-,0.540,H,-,N,N,4,0,1,2,A,-,09,21804,A,N,D,C,A,A,H,-,A,D,0,,,,,Y,,A,01,0,0,1,0,0,0,0,0,0,"- ","- ",,,SOLANO,VALLEJO,-122.23862457275391,38.082393646240234
9002925,2018,2019-12-14,4807,2018-11-24,1818,679,4807,6,5,6,4807,0,0,0,,0,005,"BROADWAY ST","DELAWARE ST",0.00,,Y,A,-,N,,,,,,,,,,N,4,0,1,2,A,-,11,21954,A,F,G,B,D,A,H,-,C,D,0,Y,,,,Y,Y,N,60,0,0,1,0,1,0,0,0,0,"- ","- ",38.115238189697266,-122.24851989746094,SOLANO,VALLEJO,-122.24848937988281,38.115211486816406
9002929,2018,2020-01-06,4807,2018-05-19,1933,679,4807,6,5,6,4807,0,0,0,,0,007,"FAIRGROUNDS DR","RT 37",0.00,,Y,A,-,Y,SOL,4,37,-,R,11.051,R,3,E,N,3,0,1,2,A,-,10,21950,A,F,G,B,B,A,H,-,A,D,0,Y,,,,Y,,-,99,0,1,0,0,1,0,0,0,0,"- ","- ",,,SOLANO,VALLEJO,-122.23094177246094,38.141269683837891
90030621,2015,2015-10-19,9365,2015-10-03,1400,018702,,6,2,5,4806,0,1,A,,2,030,"TIMM RD","MIDWAY RD",320.00,N,N,A,-,N,,,,,,,,,,N,4,0,1,2,A,-,21,22106,,N,C,C,A,A,H,-,A,A,0,,,,,Y,,A,01,0,0,1,0,0,0,0,0,0,"- ","- ",38.346089999999997,-121.99714,SOLANO,VACAVILLE,-121.96865,38.418028929999998
90031196,2015,2016-01-07,9365,2015-10-04,1420,017696,,7,2,5,4803,0,1,1,,2,083,"I-80 E/B","SUISUN VALLEY RD",2640.00,E,N,A,-,Y,,,80,,,,,,E,Y,4,0,2,3,A,-,08,22107,,N,E,I,A,A,H,-,A,D,0,,,,,Y,,A,01,0,0,2,0,0,0,0,0,0,"- ","- ",38.227870000000003,-122.11967,SOLANO,FAIRFIELD,-122.1196688,38.227867570000001
90031653,2015,2015-10-19,9365,2015-10-05,1230,018874,,1,1,5,4803,0,1,1,,2,680,"I-680 S/B","GOLD HILL RD",2500.00,N,N,A,-,Y,,,680,,,,,,S,Y,3,0,2,2,A,-,07,21658,A,N,B,C,A,A,H,-,A,D,0,,,,,Y,,A,01,0,1,1,0,0,0,0,0,0,"- ","- ",38.198810000000002,-122.13816,SOLANO,FAIRFIELD,-122.13809904999999,38.198810899999998
9003269,2018,2020-01-06,4807,2018-10-10,2126,651,VALLE,3,5,6,4807,0,0,0,,0,007,"SONOMA BL","YOLANO DR",5.00,N,N,A,-,Y,SOL,4,29,-,-,4.360,I,5,N,N,4,0,1,2,A,-,11,21954,A,N,G,B,B,A,H,-,C,A,0,Y,,,,Y,,N,60,0,0,1,0,1,0,0,0,0,"- ","- ",,,SOLANO,VALLEJO,-122.25600433349609,38.133907318115234
90033473,2015,2015-10-19,9365,2015-10-08,0110,019094,,4,3,6,4807,0,1,1,,2,080,"I-80 W/B","CAQUINEZ BRIDGE TOLL PLAZA",1211.00,W,N,A,-,Y,,,80,,,,,,W,Y,3,0,1,1,A,-,01,23152,F,M,E,I,A,A,H,-,C,D,0,,,,,Y,Y,A,01,0,1,0,0,0,0,0,0,0,"- ","- ",38.066209999999998,-122.22665000000001,SOLANO,VALLEJO,-122.22671031,38.066212849999999