CASE_ID,ACCIDENT_YEAR,PROC_DATE,JURIS,COLLISION_DATE,COLLISION_TIME,OFFICER_ID,REPORTING_DISTRICT,DAY_OF_WEEK,CHP_SHIFT,POPULATION,CNTY_CITY_LOC,SPECIAL_COND,BEAT_TYPE,CHP_BEAT_TYPE,CITY_DIVISION_LAPD,CHP_BEAT_CLASS,BEAT_NUMBER,PRIMARY_RD,SECONDARY_RD,DISTANCE,DIRECTION,INTERSECTION,WEATHER_1,WEATHER_2,STATE_HWY_IND,CALTRANS_COUNTY,CALTRANS_DISTRICT,STATE_ROUTE,ROUTE_SUFFIX,POSTMILE_PREFIX,POSTMILE,LOCATION_TYPE,RAMP_INTERSECTION,SIDE_OF_HWY,TOW_AWAY,COLLISION_SEVERITY,NUMBER_KILLED,NUMBER_INJURED,PARTY_COUNT,PRIMARY_COLL_FACTOR,PCF_CODE_OF_VIOL,PCF_VIOL_CATEGORY,PCF_VIOLATION,PCF_VIOL_SUBSECTION,HIT_AND_RUN,TYPE_OF_COLLISION,MVIW,PED_ACTION,ROAD_SURFACE,ROAD_COND_1,ROAD_COND_2,LIGHTING,CONTROL_DEVICE,CHP_ROAD_TYPE,PEDESTRIAN_ACCIDENT,BICYCLE_ACCIDENT,MOTORCYCLE_ACCIDENT,TRUCK_ACCIDENT,NOT_PRIVATE_PROPERTY,ALCOHOL_INVOLVED,STWD_VEHTYPE_AT_FAULT,CHP_VEHTYPE_AT_FAULT,COUNT_SEVERE_INJ,COUNT_VISIBLE_INJ,COUNT_COMPLAINT_PAIN,COUNT_PED_KILLED,COUNT_PED_INJURED,COUNT_BICYCLIST_KILLED,COUNT_BICYCLIST_INJURED,COUNT_MC_KILLED,COUNT_MC_INJURED,PRIMARY_RAMP,SECONDARY_RAMP,LATITUDE,LONGITUDE,COUNTY,CITY,POINT_X,POINT_Y
90279156,2016,2016-09-29,9365,2016-09-20,1430,015441,,2,2,9,4800,0,3,5,,2,040,"OLD DAVIS RD","SOUTH LEVEE ROAD",180.00,S,N,A,-,N,,,,,,,,,,Y,4,0,1,2,A,-,08,22107,,N,D,C,A,A,H,-,A,D,0,,,,,Y,,A,01,0,0,1,0,0,0,0,0,0,"- ","- ",38.517740000000003,-121.75700000000001,SOLANO,UNINCORPORATED,-121.75703409,38.517945640000001
90279464,2016,2016-09-29,9365,2016-09-14,1309,018015,,3,1,9,4800,0,1,3,,2,121,"SR-12 W/B","RED TOP RD",710.00,W,N,A,-,Y,,,12,,,,,,W,Y,4,0,2,2,A,-,08,22107,,N,D,C,A,A,H,-,A,D,0,,,,,Y,,A,01,0,0,2,0,0,0,0,0,0,"- ","- ",38.207659999999997,-122.15931999999999,SOLANO,UNINCORPORATED,-122.15931974999999,38.207642249999999
90282162,2016,2016-10-03,9365,2016-09-15,1550,019051,,4,2,6,4807,0,1,1,,2,080,"I-80 W/B","GEORGIA ST",1320.00,W,N,A,-,Y,,,80,,,,,,W,Y,4,0,1,2,A,-,07,21658,A,F,F,A,A,A,H,-,A,D,0,,,Y,,Y,,-,99,0,0,1,0,0,0,0,0,1,"- ","- ",38.097900000000003,-122.22994,SOLANO,VALLEJO,-122.22991406,38.0978998
90282392,2016,2016-10-03,9365,2016-09-25,1235,017559,,7,1,9,4800,0,3,5,,2,040,"PEDRICK RD","TREMONT RD",8976.00,N,N,A,-,N,,,,,,,,,,Y,4,0,2,1,A,-,08,22107,,N,E,I,A,A,H,-,A,D,0,,,,,Y,,A,01,0,0,2,0,0,0,0,0,0,"- ","- ",38.517699999999998,-121.80341,SOLANO,UNINCORPORATED,-121.8034047,38.520811600000002
90283166,2016,2016-10-04,9365,2016-09-25,1630,020141,,7,2,5,4803,0,1,1,,2,085,"I-80 E/B (DWIGHT D EISENHOWER FREEWAY)","AIR BASE PKY",600.00,E,N,A,-,Y,,,80,,,,,,E,Y,4,0,1,4,A,-,03,22350,,N,C,C,A,A,H,-,A,D,0,,,,,Y,,A,01,0,0,1,0,0,0,0,0,0,"- ","- ",38.275480000000002,-122.04783999999999,SOLANO,FAIRFIELD,-122.04779876000001,38.275444970000002
90283266,2016,2016-10-04,9365,2016-09-26,0605,014264,,1,1,9,4800,0,1,1,,2,081,"I-80 W/B","AMERICAN CANYON ROAD",2640.00,W,N,A,-,Y,,,,,,,,,,Y,4,0,1,1,A,-,08,22107,,N,E,I,A,A,H,-,D,D,0,,,,,Y,,A,07,0,0,1,0,0,0,0,0,0,"- ","- ",38.164340000000003,-122.20798000000001,SOLANO,UNINCORPORATED,-122.20713094,38.164734529999997
90283693,2016,2016-10-04,9365,2016-09-27,0540,014264,,2,3,6,4807,0,1,1,,2,081,"I-80 W/B","SR-37 E/B",5.00,W,N,A,-,Y,,,80,,,,,,W,Y,3,0,6,2,A,-,08,22107,,N,E,I,A,A,H,-,D,D,0,,,,,Y,,A,01,0,2,4,0,0,0,0,0,0,"- ","- ",38.141010000000001,-122.21915,SOLANO,VALLEJO,-122.21905563999999,38.140948999999999
90283856,2016,2016-10-04,9365,2016-09-27,1540,015546,,2,2,5,4806,0,1,1,,2,086,I-80,"DAVIS ST",1584.00,W,N,A,-,N,,,80,,,,,,,Y,4,0,1,2,A,-,03,22350,,N,C,C,A,A,H,-,A,D,0,,,,,Y,,A,08,0,0,1,0,0,0,0,0,0,"- ","- ",38.349989999999998,-121.98841,SOLANO,VACAVILLE,-121.98838403000001,38.349924229999999
90284011,2016,2016-10-05,9365,2016-09-20,1625,015441,,2,2,3,4802,0,1,1,,2,088,"I-80 E/B","SR-113 S/B",1970.00,W,N,A,-,Y,,,80,,,,,,E,Y,2,0,1,1,A,-,08,22107,,N,E,I,A,A,H,-,A,D,0,,,,,Y,,A,01,1,0,0,0,0,0,0,0,0,"- ","- ",38.466909999999999,-121.8313,SOLANO,DIXON,-121.8313576,38.466984060000001
90284584,2016,2016-10-05,9365,2016-10-01,0730,017805,,6,1,6,4807,0,1,3,,2,371,"SR-37 E/B TO COLUMBUS PKWY","I-80 O/C",30.00,W,N,A,-,Y,,,37,,,,R,,E,Y,4,0,4,2,A,-,07,21658,A,N,B,C,A,A,H,-,A,D,0,,,,,Y,,A,07,0,0,4,0,0,0,0,0,0,"- ","- ",38.13897,-122.22033999999999,SOLANO,VALLEJO,-122.22033999999999,38.13897
90284891,2016,2016-10-05,9365,2016-09-30,1430,019790,,5,2,9,4800,0,1,1,,2,084,"I-80 E/B","WEST TEXAS ST.",600.00,W,N,A,-,Y,,,80,,,,,,E,N,4,0,1,2,A,-,03,22350,,N,C,C,A,A,H,-,A,D,0,,,,,Y,,A,07,0,0,1,0,0,0,0,0,0,"- ","- ",38.248069999999998,-122.07209,SOLANO,UNINCORPORATED,-122.0720566,38.247996329999999
9028611,2020,2020-11-20,4807,2020-01-13,1653,708,VALLE,1,5,6,4807,0,0,0,,0,005,"SONOMA BL","ILLINOIS ST",0.00,,Y,B,-,Y,SOL,4,29,-,-,2.950,I,5,N,N,4,0,2,2,A,-,09,21804,A,N,D,C,A,A,H,-,B,D,0,,,,,Y,,A,01,0,0,2,0,0,0,0,0,0,"- ","- ",38.111930847167969,-122.25466918945312,SOLANO,VALLEJO,-122.25470733642578,38.111888885498047
90287890,2016,2016-10-10,9365,2016-10-02,1915,020910,,7,2,6,4807,0,1,1,,2,080,"I-80 E/B","CARQUINEZ TOLL PLAZA",30.00,W,N,A,-,Y,,,,,,,,,,N,4,0,2,2,A,-,03,22350,,N,C,C,A,A,H,-,C,D,0,,,,,Y,,D,22,0,0,2,0,0,0,0,0,0,"- ","- ",38.673819999999999,-122.57294,SOLANO,VALLEJO,,
90288846,2016,2016-10-11,9365,2016-10-03,1725,015882,,1,2,5,4803,0,1,3,,2,122,"SR-12 E/B","BECK AVE.",528.00,W,N,B,-,Y,,,12,,,,,,E,Y,4,0,1,4,A,-,03,22350,,N,C,C,A,A,H,-,A,A,0,,,,,Y,,D,22,0,0,1,0,0,0,0,0,0,"- ","- ",38.240130000000001,-122.06883999999999,SOLANO,FAIRFIELD,-122.0688411,38.240174009999997
90289830,2016,2016-11-15,9365,2016-10-03,1033,014687,,1,1,5,4803,0,1,1,,2,083,"I-80 E/B","SUISUN VALLEY RD",250.00,W,N,B,C,Y,,,80,,,,,,E,Y,4,0,1,2,A,-,07,21658,A,N,B,C,A,B,H,-,A,D,0,,,,Y,Y,,A,01,0,0,1,0,0,0,0,0,0,"- ","- ",38.22466,-122.12551999999999,SOLANO,FAIRFIELD,-122.12557087,38.224750899999997
90289903,2016,2016-10-12,9365,2016-10-06,0605,014948,,4,1,5,4803,0,1,1,,2,085,"I-80 W/B","MANUEL CAMPOS PKWY O/C",2112.00,W,N,A,-,Y,,,80,,,,,,W,Y,4,0,2,3,A,-,04,21703,,N,C,C,A,A,H,-,A,D,0,,,,,Y,,D,22,0,0,2,0,0,0,0,0,0,"- ","- ",38.288719999999998,-122.03704999999999,SOLANO,FAIRFIELD,-122.03695584,38.288639019999998
90290632,2016,2016-10-12,9365,2016-10-08,0143,020667,,6,3,5,4803,0,3,5,,2,020,"WILLOTTA DR","ROCKVILLE RD",840.00,S,N,A,-,N,,,,,,,,,,Y,2,0,1,1,A,-,01,23152,A,N,E,I,A,A,H,-,D,D,0,,,,,Y,Y,A,07,1,0,0,0,0,0,0,0,0,"- ","- ",38.242179999999998,-122.1116,SOLANO,FAIRFIELD,-122.11388194,38.24199239
90293420,2016,2016-10-17,9365,2016-10-15,1730,020774,,6,2,6,4807,0,1,1,,2,081,"I-80 W/B","REDWOOD PKWY",5280.00,W,N,B,C,Y,,,,,,,,,,Y,4,0,1,3,A,-,03,22350,,N,C,C,A,B,H,-,A,D,0,,,,,Y,,D,22,0,0,1,0,0,0,0,0,0,"- ","- ",38.812750000000001,-122.13169000000001,SOLANO,VALLEJO,-122.22973,38.109650000000002
90293471,2016,2016-10-17,9365,2016-10-15,2035,020579,,6,2,6,4807,0,1,1,,2,080,"I-80 W/B","I-780 E/B",315.00,W,N,B,C,Y,,,80,,,,,,W,Y,4,0,1,1,A,-,03,22350,,N,B,I,A,B,H,-,D,D,0,,,,,Y,,A,01,0,0,1,0,0,0,0,0,0,"- ","- ",38.09158,-122.23132,SOLANO,VALLEJO,-122.23061998999999,38.091356779999998
90293784,2016,2016-10-17,9365,2016-10-11,0243,020667,,2,3,9,4800,0,2,4,,2,202,"SUISUN VALLEY ROAD","MORRISON LN",1320.00,S,N,B,-,N,,,,,,,,,,Y,3,0,1,1,A,-,01,23152,A,N,E,I,A,A,H,-,D,D,0,,,,,Y,Y,A,01,0,1,0,0,0,0,0,0,0,"- ","- ",38.262459999999997,-122.11416,SOLANO,UNINCORPORATED,-122.11405127,38.262561310000002
90294376,2016,2016-10-18,9365,2016-10-12,1625,016515,,3,2,5,4803,0,1,1,,2,084,"I-80 E/B","ABERNATHY RD",2640.00,E,N,A,-,Y,,,80,,,,,,E,Y,4,0,1,3,A,-,03,22350,,N,C,C,A,A,H,-,A,D,0,,,,,Y,,A,01,0,0,1,0,0,0,0,0,0,"- ","- ",38.246259999999999,-122.07720999999999,SOLANO,FAIRFIELD,-122.07724872,38.246355919999999
90294709,2016,2016-10-18,9365,2016-10-14,0950,018702,,5,1,6,4807,0,1,3,,2,371,"SR-37 E/B","WILSON AVE",600.00,W,N,C,-,Y,,,37,,,,,,E,Y,4,0,1,1,A,-,08,22107,,N,E,I,A,B,H,-,A,A,0,,,,,Y,,A,01,0,0,1,0,0,0,0,0,0,"- ","- ",38.12294,-122.27339000000001,SOLANO,VALLEJO,-122.27338511000001,38.12292583
90294762,2016,2016-10-18,9365,2016-10-14,1715,020432,,5,2,9,4800,0,1,1,,2,082,"I-80 E/B","AMERICAN CANYON ROAD",1584.00,E,N,B,-,Y,,,80,,,,,,E,Y,3,0,2,1,A,-,08,22107,,N,E,I,A,B,H,-,A,D,0,,,,,Y,,A,01,0,2,0,0,0,0,0,0,0,"- ","- ",38.17295,-122.19432999999999,SOLANO,UNINCORPORATED,-122.19445009,38.173113720000003
90294810,2016,2016-10-18,9365,2016-10-14,1500,020910,,5,2,6,4807,0,1,1,,2,080,"I-80 E/B","CARQUINEZ TOLL PLAZA",300.00,E,N,C,-,Y,,,80,,,,,,E,Y,3,0,1,1,A,-,08,22107,,N,E,I,A,B,H,-,A,D,0,,,,,Y,,A,01,0,1,0,0,0,0,0,0,0,"- ","- ",38.069949999999999,-122.22736999999999,SOLANO,VALLEJO,-122.22716078000001,38.070081440000003
90295645,2016,2016-10-19,9365,2016-10-16,0415,020067,,7,3,5,4806,0,1,1,,2,086,"I-80 E/B","ALAMO DR",3000.00,W,N,B,-,Y,,,80,,,,,,E,Y,4,0,2,1,A,-,08,22107,,N,E,I,A,B,H,-,D,D,0,,,,,Y,,A,01,0,0,2,0,0,0,0,0,0,"- ","- ",38.34319,-122.00546,SOLANO,VACAVILLE,-122.00544206000001,38.343127379999999
90299645,2016,2016-10-24,9365,2016-10-16,1340,020579,,7,1,5,4803,0,1,1,,2,083,"I-80 E/B","SR-12 (NAPA)",2746.00,E,N,B,C,Y,,,80,,,,,,E,Y,4,0,1,1,A,-,03,22350,,N,E,I,A,B,H,-,A,D,0,,,,,Y,,A,01,0,0,1,0,0,0,0,0,0,"- ","- ",38.21378,-122.14167,SOLANO,FAIRFIELD,-122.14172991,38.213866189999997
90300485,2016,2016-10-25,9365,2016-10-20,1825,020910,,4,2,5,4803,0,1,1,,2,084,"I-80 E/B","W. TEXAS ST.",700.00,E,N,A,-,Y,,,80,,,,,,E,Y,4,0,1,2,A,-,03,22350,,N,C,C,A,A,H,-,B,D,0,,,,,Y,,D,22,0,0,1,0,0,0,0,0,0,"- ","- ",38.254739999999998,-122.06516999999999,SOLANO,FAIRFIELD,-122.06524121,38.25480039
90300515,2016,2016-10-25,9365,2016-10-20,1420,020910,,4,2,5,4803,0,1,1,,2,084,"I-80 E/B","WATERMAN BLVD.",1000.00,E,N,A,-,Y,,,80,,,,,,E,N,4,0,2,2,A,-,03,22350,,N,C,C,A,A,H,-,A,D,0,,,,,Y,,D,22,0,0,2,0,0,0,0,0,0,"- ","- ",38.280839999999998,-122.04304,SOLANO,FAIRFIELD,-122.04314053,38.280924679999998
90300774,2016,2016-10-25,9365,2016-10-20,1500,020910,,4,2,5,4803,0,1,1,,2,083,"I-80 E/B","SUISUN VALLEY RD",100.00,W,N,A,-,Y,,,80,,,,,,E,N,4,0,1,2,A,-,03,22350,,M,C,C,A,A,H,-,A,D,0,,,,,Y,,-,99,0,0,1,0,0,0,0,0,0,"- ","- ",38.246630000000003,-122.07626999999999,SOLANO,FAIRFIELD,-122.07629175,38.246701790000003
9030383,2019,2020-01-28,4807,2019-12-02,0853,643,VALLE,1,5,6,4807,0,0,0,,0,004,"CURTOLA PKWY","SOLANO AV",1058.00,E,N,C,-,N,,,,,,,,,,Y,4,0,1,3,A,-,03,22350,,N,B,C,A,B,H,-,A,D,0,,,,,Y,,A,01,0,0,1,0,0,0,0,0,0,"- ","- ",38.096969604492188,-122.24687957763672,SOLANO,VALLEJO,-122.24405670166016,38.095314025878906
90306906,2016,2016-10-31,9365,2016-10-15,0833,015810,,6,1,5,4806,0,1,1,,2,086,"I-80 W/B TO MASON STREET","MASON ST.",400.00,E,N,A,-,Y,,,80,,,,R,,W,Y,3,0,1,1,A,-,03,22350,,N,F,A,A,A,H,-,A,D,0,,,,,Y,,A,01,0,1,0,0,0,0,0,0,0,"- ","- ",38.353729999999999,-121.98119,SOLANO,VACAVILLE,-121.98119,38.353729999999999
90307123,2016,2016-10-31,9365,2016-10-22,0125,020067,,6,3,5,4803,0,1,1,,2,083,"I-80 W/B","SUISUN VALLEY RD",2640.00,E,N,A,-,Y,,,80,,,,,,W,Y,4,0,1,1,A,-,08,22107,,N,E,I,A,A,D,-,D,D,0,,,,,Y,,A,01,0,0,1,0,0,0,0,0,0,"- ","- ",38.227760000000004,-122.12016,SOLANO,FAIRFIELD,-122.12024138,38.227931890000001
90307648,2016,2016-10-31,9365,2016-10-23,1641,019749,,7,2,3,4802,0,1,1,,2,088,"I-80 E/B","DIXON AVE",3168.00,W,N,A,-,Y,,,,,,,,,,Y,4,0,1,1,A,-,01,23152,E,N,E,I,A,A,H,-,A,D,0,,,,,Y,,A,01,0,0,1,0,0,0,0,0,0,"- ","- ",38.432899999999997,-121.87520000000001,SOLANO,DIXON,-121.8663883,38.439713159999997
9030850,2019,2020-02-03,4803,2019-12-14,1818,1656,,6,5,5,4803,0,0,0,,0,0CE,"EAST TRAVIS BL","KIDDER AV",0.00,,Y,B,-,N,,,,,,,,,,N,3,0,1,2,A,-,09,21801,A,F,B,C,A,B,H,-,C,D,0,,,Y,,Y,,-,99,0,1,0,0,0,0,0,0,1,"- ","- ",38.258220672607422,-122.03005981445312,SOLANO,FAIRFIELD,-122.03018951416016,38.258220672607422
9030854,2019,2020-02-03,4803,2019-12-19,1659,1697,,4,5,5,4803,0,0,0,,0,,"DOVER AV","EAST ATLANTIC AV",330.00,S,N,B,-,N,,,,,,,,,,N,4,0,1,3,A,-,03,22350,,N,C,C,A,A,H,-,B,D,0,,,,,Y,,A,01,0,0,1,0,0,0,0,0,0,"- ","- ",38.276008605957031,-122.02481079101562,SOLANO,FAIRFIELD,-122.02492523193359,38.275333404541016
9030862,2019,2020-02-03,4803,2019-12-15,1245,1525,,7,5,5,4803,0,0,0,,0,00E,"WHITNEY DR","PEABODY RD",0.00,,Y,A,-,N,,,,,,,,,,N,4,0,1,2,A,-,12,21453,A,F,B,C,A,A,H,-,A,A,0,,,,,Y,,A,01,0,0,1,0,0,0,0,0,0,"- ","- ",38.27947998046875,-121.96945953369141,SOLANO,FAIRFIELD,-121.96968841552734,38.279621124267578
9030869,2019,2020-01-29,4803,2019-12-17,1215,1703,,2,5,5,4803,0,0,0,,0,0CE,"ATLANTIC AV","HEATHER DR",410.00,E,N,A,-,N,,,,,,,,,,Y,3,0,1,2,A,-,01,23152,F,N,A,E,A,A,H,-,A,D,0,,,,,Y,,A,07,0,1,0,0,0,0,0,0,0,"- ","- ",38.276458740234375,-122.04055023193359,SOLANO,FAIRFIELD,-122.03913879394531,38.276390075683594
90308811,2016,2016-11-01,9365,2016-10-18,0655,014948,,2,1,5,4803,0,1,1,,2,083,"I-80 W/B","SUISUN VALLEY RD",2640.00,E,N,A,-,Y,,,80,,,,,,W,Y,4,0,1,3,A,-,03,22350,,N,C,C,A,A,H,-,A,D,0,,,,,Y,,A,01,0,0,1,0,0,0,0,0,0,"- ","- ",38.229469999999999,-122.11663,SOLANO,FAIRFIELD,-122.1166588,38.229540190000002
9030923,2019,2020-02-26,4803,2019-12-19,1513,1691,,4,5,5,4803,0,0,0,,0,00S,"GREGORY ST","PARK LN",226.00,S,N,-,-,N,,,,,,,,,,N,4,0,1,2,A,-,09,21804,A,N,D,C,A,A,H,-,A,D,0,,,,,Y,,A,07,0,0,1,0,0,0,0,0,0,"- ","- ",38.247291564941406,-122.05606842041016,SOLANO,FAIRFIELD,-122.05608367919922,38.246627807617188
90313719,2016,2016-11-08,9365,2016-10-30,1440,020774,,7,2,6,4807,0,1,1,,2,080,"I-80 E/B TO SOLANO AVE","LINCOLN ST",50.00,W,N,B,-,Y,,,,,,,,,,Y,4,0,1,2,A,-,03,22350,,M,D,C,A,B,H,-,A,D,0,,,,,Y,,A,01,0,0,1,0,0,0,0,0,0,"- ","- ",38.618360000000003,-122.13432,SOLANO,VALLEJO,,
9031547,2020,2020-02-26,4803,2020-01-11,1308,1714,,6,5,5,4803,0,0,0,,0,0CE,"EAST TABOR AV","SANTA MONICA ST",75.00,E,N,A,-,N,,,,,,,,,,Y,4,0,1,2,A,-,04,21703,,N,C,C,A,A,H,-,A,A,0,,,,,Y,,A,01,0,0,1,0,0,0,0,0,0,"- ","- ",,,SOLANO,FAIRFIELD,-122.021728515625,38.265384674072266
90315574,2016,2016-11-09,9365,2016-11-02,1820,015546,,3,2,9,4800,0,1,A,,2,030,"VACA VALLEY RD","ROGERS LN",792.00,E,N,A,-,N,,,,,,,,,,Y,4,0,1,1,A,-,03,22350,,N,F,I,A,A,H,-,D,D,0,,,,,Y,,A,01,0,0,1,0,0,0,0,0,0,"- ","- ",38.380130000000001,-122.01045999999999,SOLANO,UNINCORPORATED,-122.01065669,38.380080460000002
9031752,2020,2020-10-02,4804,2020-01-02,1641,07035RV,,4,5,2,4804,0,0,0,,0,,"RT 12","CHURCH RD",19.00,S,N,A,-,Y,SOL,4,12,-,-,25.180,H,-,E,Y,3,0,2,3,A,-,03,22350,,N,C,D,A,A,H,-,A,D,0,,,,,Y,,M,47,0,2,0,0,0,0,0,0,0,"- ","- ",,,SOLANO,"RIO VISTA",-121.70429229736328,38.166584014892578
90318246,2016,2016-11-14,9365,2016-10-28,2317,021027,,5,3,5,4803,0,1,1,,2,084,"I-80 E/B","ROCKVILLE RD",1485.00,W,N,B,-,Y,,,80,,,,,,E,Y,4,0,2,2,A,-,01,23152,A,N,G,B,E,B,H,-,C,D,0,Y,,,,Y,Y,A,01,0,0,2,0,1,0,0,0,0,"- ","- ",38.247419999999998,-122.07333,SOLANO,FAIRFIELD,-122.07336328,38.247525789999997
90319178,2016,2016-11-14,9365,2016-11-05,2205,021027,,6,3,9,4800,0,1,1,,2,086,"I-80 W/B","LEISURE TOWN ROAD",1900.00,W,N,A,-,Y,,,,,,,,,,Y,3,0,2,2,A,-,08,22107,,N,F,C,A,A,H,-,C,D,0,,,,,Y,,A,07,0,1,1,0,0,0,0,0,0,"- ","- ",38.38458,-121.93892,SOLANO,UNINCORPORATED,-121.93864257,38.38465815
90319568,2016,2016-11-15,9365,2016-11-06,1540,018954,,7,2,9,4800,0,2,4,,2,301,"PLEASANTS VALLEY ROAD","SUNNY HILLS LN",5.00,S,N,A,-,N,,,,,,,,,,Y,4,0,1,2,A,-,06,21750,,N,D,C,A,A,H,-,A,D,0,,,,,Y,,A,01,0,0,1,0,0,0,0,0,0,"- ","- ",38.354880000000001,-122.02461,SOLANO,UNINCORPORATED,-122.02462955999999,38.354706270000001
90321030,2016,2016-11-16,9365,2016-11-09,1800,015546,,3,2,9,4800,0,1,1,,2,086,"I-80 E/B","PENA ADOBE RD",1056.00,E,N,A,-,Y,,,80,,,,,,E,Y,4,0,1,2,A,-,03,22350,,N,C,C,A,A,H,-,D,D,0,,,,,Y,,A,01,0,0,1,0,0,0,0,0,0,"- ","- ",38.337690000000002,-122.01564999999999,SOLANO,UNINCORPORATED,-122.01574165,38.337757629999999
90321219,2016,2016-11-16,9365,2016-09-19,0520,013235,,1,3,9,4800,0,1,1,,2,088,"I-80 EASTBOUND","MIDWAY ROAD",1950.00,E,N,A,-,Y,,,,,,,,,,Y,1,1,0,3,A,-,01,23152,E,N,C,C,A,A,H,-,D,D,0,,,Y,,Y,,C,02,0,0,0,0,0,0,0,1,0,"- ","- ",38.251399999999997,-121.53279999999999,SOLANO,UNINCORPORATED,-121.89229779,38.419994369999998
90321692,2016,2016-11-21,9365,2016-10-01,2155,019790,,6,2,9,4800,0,1,1,,2,083,"I-80 W/B","PITTMAN RD",50.00,E,N,A,-,Y,,,,,,,,,,N,1,1,0,4,A,-,11,21954,A,N,G,B,E,A,H,-,D,D,0,Y,,,,Y,,N,60,0,0,0,1,0,0,0,0,0,"- ","- ",38.223050000000001,-122.12879,SOLANO,UNINCORPORATED,,
9032228,2019,2020-02-15,4807,2019-12-16,1233,#705,,1,5,6,4807,0,0,0,,0,002,"ROLLINGWOOD DR","COLERIDGE DR",42.00,S,N,A,-,N,,,,,,,,,,N,4,0,1,2,A,-,08,22107,,N,D,E,A,A,H,-,A,D,0,,,,,Y,,A,01,0,0,1,0,0,0,0,0,0,"- ","- ",38.096229553222656,-122.20896911621094,SOLANO,VALLEJO,-122.2088623046875,38.096267700195312
9032349,2019,2020-01-24,4803,2019-11-16,1840,1685,,6,5,5,4803,0,0,0,,0,00E,"DOVER AV","AIRBASE PKWY",238.00,S,N,A,-,N,,,,,,,,,,N,4,0,1,2,A,-,03,22350,,F,C,C,A,A,H,-,C,D,0,,,,,Y,,A,01,0,0,1,0,0,0,0,0,0,"- ","- ",38.272598266601562,-122.02484893798828,SOLANO,FAIRFIELD,-122.02491760253906,38.272235870361328
9032408,2020,2020-03-17,4803,2020-01-03,0614,1632,,5,5,5,4803,0,0,0,,0,0CE,"NORTH TEXAS ST","AIR BASE PKWY",0.00,,Y,-,-,N,,,,,,,,,,Y,3,0,2,2,A,-,08,22100,,N,D,C,A,A,H,-,B,A,0,,,,,Y,,A,01,0,1,1,0,0,0,0,0,0,"- ",EF,38.272480010986328,-122.03417205810547,SOLANO,FAIRFIELD,-122.03423309326172,38.273059844970703
90326337,2016,2016-11-21,9365,2016-11-11,0720,017805,,5,1,6,4807,0,1,1,,2,077,"I-780 E/B","GLEN COVE RD.  O/C",900.00,W,N,A,-,Y,,,,,,,,,,Y,4,0,1,2,A,-,03,22350,,N,C,C,A,A,H,-,A,D,0,,,,Y,Y,,F,27,0,0,1,0,0,0,0,0,0,"- ","- ",38.087000000000003,-122.2165,SOLANO,VALLEJO,-122.21330304,38.086090769999998
90326651,2016,2016-11-21,9365,2016-11-16,0910,014948,,3,1,5,4803,0,1,1,,2,083,"I-80 E/B","SUISUN VALLEY RD",1056.00,E,N,A,-,Y,,,80,,,,,,E,Y,4,0,1,2,A,-,07,21658,A,N,B,C,A,A,H,-,A,D,0,,,,,Y,,E,22,0,0,1,0,0,0,0,0,0,"- ","- ",38.228000000000002,-122.1193,SOLANO,FAIRFIELD,-122.11931951,38.228039610000003
90327106,2016,2016-11-22,9365,2016-11-13,1350,018092,,7,1,9,4800,0,1,3,,2,121,"SR-12 E/B","RED TOP RD",2640.00,W,N,A,-,Y,,,12,,,,,,E,Y,4,0,1,2,A,-,03,22350,,N,C,C,A,A,H,-,A,D,0,,,,,Y,,A,01,0,0,1,0,0,0,0,0,0,"- ","- ",38.207369999999997,-122.17062,SOLANO,UNINCORPORATED,-122.17061052,38.207328930000003
90328240,2016,2016-11-23,9365,2016-11-15,1550,015546,,2,2,9,4800,0,2,4,,2,302,"GIBSON CANYON RD","SOLAR HILLS DR",792.00,S,N,B,C,N,,,,,,,,,,Y,4,0,1,1,A,-,01,23152,A,N,E,I,A,B,H,-,A,D,0,,,,,Y,Y,A,07,0,0,1,0,0,0,0,0,0,"- ","- ",38.385420000000003,-122.00046,SOLANO,UNINCORPORATED,-122.00044364999999,38.385546890000001
90328265,2016,2016-11-23,9365,2016-11-06,1815,019051,,7,2,5,4806,0,1,1,,2,086,"I-80 W/B","DAVIS STREET",1320.00,W,N,A,-,Y,,,80,,,,,,W,Y,3,0,3,2,A,-,03,22350,,N,C,C,A,A,H,-,C,D,0,,,,,Y,,A,01,0,1,2,0,0,0,0,0,0,"- ","- ",38.349330000000002,-121.98998,SOLANO,VACAVILLE,-121.98997593,38.34931967
90328961,2016,2016-11-23,9365,2016-11-18,2140,021027,,5,2,9,4800,0,1,1,,2,506,"I-505 S/B","MIDWAY RD",300.00,N,N,B,-,Y,,,505,,,,,,S,N,4,0,2,2,A,-,03,22350,,N,C,C,A,A,H,-,C,D,0,,,,,Y,,A,07,0,0,2,0,0,0,0,0,0,"- ","- ",38.417290000000001,-121.94453,SOLANO,UNINCORPORATED,-121.94449853,38.417282620000002
90331040,2016,2016-11-28,9365,2016-11-18,1725,019051,,5,2,9,4800,0,1,A,,2,030,"MIDWAY RD","PITT SCHOOL RD",2500.00,S,N,A,-,N,,,,,,,,,,N,3,0,1,2,A,-,03,22350,,N,C,G,A,A,H,-,D,D,0,,Y,,,Y,,A,01,0,1,0,0,0,0,1,0,0,"- ","- ",38.416440000000001,-121.83117,SOLANO,UNINCORPORATED,-121.8412,38.416690000000003