CASE_ID,ACCIDENT_YEAR,PROC_DATE,JURIS,COLLISION_DATE,COLLISION_TIME,OFFICER_ID,REPORTING_DISTRICT,DAY_OF_WEEK,CHP_SHIFT,POPULATION,CNTY_CITY_LOC,SPECIAL_COND,BEAT_TYPE,CHP_BEAT_TYPE,CITY_DIVISION_LAPD,CHP_BEAT_CLASS,BEAT_NUMBER,PRIMARY_RD,SECONDARY_RD,DISTANCE,DIRECTION,INTERSECTION,WEATHER_1,WEATHER_2,STATE_HWY_IND,CALTRANS_COUNTY,CALTRANS_DISTRICT,STATE_ROUTE,ROUTE_SUFFIX,POSTMILE_PREFIX,POSTMILE,LOCATION_TYPE,RAMP_INTERSECTION,SIDE_OF_HWY,TOW_AWAY,COLLISION_SEVERITY,NUMBER_KILLED,NUMBER_INJURED,PARTY_COUNT,PRIMARY_COLL_FACTOR,PCF_CODE_OF_VIOL,PCF_VIOL_CATEGORY,PCF_VIOLATION,PCF_VIOL_SUBSECTION,HIT_AND_RUN,TYPE_OF_COLLISION,MVIW,PED_ACTION,ROAD_SURFACE,ROAD_COND_1,ROAD_COND_2,LIGHTING,CONTROL_DEVICE,CHP_ROAD_TYPE,PEDESTRIAN_ACCIDENT,BICYCLE_ACCIDENT,MOTORCYCLE_ACCIDENT,TRUCK_ACCIDENT,NOT_PRIVATE_PROPERTY,ALCOHOL_INVOLVED,STWD_VEHTYPE_AT_FAULT,CHP_VEHTYPE_AT_FAULT,COUNT_SEVERE_INJ,COUNT_VISIBLE_INJ,COUNT_COMPLAINT_PAIN,COUNT_PED_KILLED,COUNT_PED_INJURED,COUNT_BICYCLIST_KILLED,COUNT_BICYCLIST_INJURED,COUNT_MC_KILLED,COUNT_MC_INJURED,PRIMARY_RAMP,SECONDARY_RAMP,LATITUDE,LONGITUDE,COUNTY,CITY,POINT_X,POINT_Y
90336669,2016,2016-12-05,9365,2016-11-24,1415,019749,,4,2,9,4800,0,1,1,,2,089,"I-80 W/B",SR-113N,1056.00,W,N,A,-,Y,,,80,,,,,,W,Y,4,0,1,4,A,-,03,22350,,N,C,C,A,A,H,-,A,D,0,,,,,Y,,A,01,0,0,1,0,0,0,0,0,0,"- ","- ",38.518479999999997,-121.77184,SOLANO,UNINCORPORATED,-121.77187133,38.518514639999999
90337006,2016,2016-12-05,9365,2016-11-25,1630,019749,,5,2,3,4802,0,1,1,,2,088,"I-80 W/B","PITT SCHOOL RD",1584.00,E,N,A,-,Y,,,,,,,,,,Y,4,0,3,4,A,-,03,22350,,N,C,C,A,A,H,-,B,D,0,,,,,Y,,A,07,0,0,3,0,0,0,0,0,0,"- ","- ",38.466949999999997,-121.93183999999999,SOLANO,DIXON,-121.83697478000001,38.462876289999997
90337127,2016,2016-12-05,9365,2016-11-25,1505,020432,,5,2,5,4803,0,1,1,,2,083,"I-80 W/B","CHADBOURNE ROAD",2640.00,W,N,A,-,Y,,,80,,,,,,W,Y,3,0,7,5,A,-,08,22107,,N,D,C,A,A,H,-,A,D,0,,,,,Y,,A,01,0,1,6,0,0,0,0,0,0,"- ","- ",38.239490000000004,-122.09354999999999,SOLANO,FAIRFIELD,-122.09356347000001,38.239520679999998
90337787,2016,2016-12-06,9365,2016-11-26,1158,015536,,6,1,9,4800,0,2,4,,2,302,"GIBSON CANYON RD","PAMELA LN",360.00,S,N,B,C,N,,,,,,,,,,Y,3,0,1,1,A,-,01,23152,A,N,E,I,A,B,H,-,A,D,0,,,,,Y,Y,D,22,0,1,0,0,0,0,0,0,0,"- ","- ",38.398269999999997,-121.99987,SOLANO,UNINCORPORATED,-121.99984894000001,38.398445410000001
90338138,2016,2016-12-06,9365,2016-11-26,1720,019749,,6,2,5,4803,0,1,1,,2,083,"I-80 W/B","SUISUN VALLEY RD",1056.00,E,N,B,-,Y,,,80,,,,,,W,N,4,0,1,4,A,-,03,22350,,M,C,C,A,B,H,-,D,D,0,,,,,Y,,A,01,0,0,1,0,0,0,0,0,0,"- ","- ",38.225119999999997,-122.12544,SOLANO,FAIRFIELD,-122.12546748,38.225165140000001
90339182,2016,2016-12-07,9365,2016-11-28,0036,019094,,1,3,5,4806,0,1,1,,2,086,"I-80 E/B","MASON ST. U/C",250.00,W,N,A,-,Y,,,80,,,,,,E,Y,3,0,2,2,A,-,01,23152,A,N,A,C,A,A,H,-,C,D,0,,,,,Y,Y,A,01,0,2,0,0,0,0,0,0,0,"- ","- ",38.353949999999998,-121.97883,SOLANO,VACAVILLE,-121.97882702,38.353946059999998
90339433,2016,2016-12-07,9365,2016-11-28,0805,014494,,1,1,5,4803,0,1,1,,2,084,"I-80 W/B","TRAVIS BLVD",528.00,W,N,C,-,Y,,,80,,,,,,W,Y,4,0,2,2,A,-,03,22350,,N,C,C,A,B,H,-,A,D,0,,,,,Y,,A,01,0,0,2,0,0,0,0,0,0,"- ","- ",38.255450000000003,-122.06525999999999,SOLANO,FAIRFIELD,-122.06514964,38.255358559999998
90339719,2016,2016-12-07,9365,2016-11-29,1120,018015,,2,1,9,4800,0,1,3,,2,121,"SR-12 (JAMESON CANYON ROAD) E/B","MINERS TRAIL",900.00,E,N,A,-,Y,,,12,,,,,,E,Y,3,0,1,1,A,-,08,22107,,N,F,I,A,A,H,-,A,D,0,,,,Y,Y,,F,27,0,1,0,0,0,0,0,0,0,"- ","- ",38.2074,-122.18156,SOLANO,UNINCORPORATED,-122.1815848,38.207306269999997
90340072,2016,2016-12-08,9365,2016-12-01,1805,020085,,4,2,6,4807,0,1,1,,2,078,"780 WB","LAUREL ST.",1100.00,E,N,A,-,Y,,,,,,,,,,Y,4,0,1,3,A,-,03,22350,,N,C,C,A,A,H,-,C,D,0,,,,Y,Y,,D,22,0,0,1,0,0,0,0,0,0,"- ","- ",38.090440000000001,-122.22551,SOLANO,VALLEJO,,
9034162,2019,2020-01-23,4803,2019-11-22,1210,1215,,5,5,5,4803,0,0,0,,0,00E,"EAST TABOR AV","RAILROAD AV",0.00,,Y,A,-,N,,,,,,,,,,Y,3,0,2,3,A,-,09,21802,A,N,D,C,A,A,H,-,A,A,0,,,,,Y,,A,01,0,1,1,0,0,0,0,0,0,"- ","- ",38.264900207519531,-122.00446319580078,SOLANO,FAIRFIELD,-122.00466156005859,38.265029907226562
9034170,2019,2020-01-23,4803,2019-11-21,0810,1691,,4,5,5,4803,0,0,0,,0,0CE,"NORTH TEXAS ST","AIR BASE PKWY",272.00,N,N,A,-,N,,,,,,,,,,N,4,0,1,2,A,-,06,21755,,N,D,C,A,A,H,-,A,D,0,,,,,Y,,A,01,0,0,1,0,0,0,0,0,0,"- ",WO,38.273429870605469,-122.03408050537109,SOLANO,FAIRFIELD,-122.03421783447266,38.273178100585938
9034195,2019,2020-02-15,4803,2019-11-26,1753,1584,SOLAN,2,5,5,4803,0,0,0,,0,00W,"TRAVIS BL","HOLIDAY LN",0.00,,Y,C,-,N,,,,,,,,,,,4,0,1,2,A,-,10,21950,A,F,G,B,B,B,H,-,C,A,0,Y,,,,Y,Y,A,01,0,0,1,0,1,0,0,0,0,"- ","- ",38.258369445800781,-122.06507110595703,SOLANO,FAIRFIELD,-122.06504821777344,38.258228302001953
9034203,2019,2020-02-15,4803,2019-12-02,1611,1694,,1,5,5,4803,0,0,0,,0,0CO,"MANGELS BL","LOCH LOMOND WY",33.00,E,N,C,-,N,,,,,,,,,,Y,4,0,2,1,A,-,08,22107,,N,E,I,A,B,H,-,A,D,0,,,,,Y,,A,01,0,0,2,0,0,0,0,0,0,"- ","- ",38.223831176757812,-122.13813018798828,SOLANO,FAIRFIELD,-122.13797760009766,38.224082946777344
90342195,2016,2016-12-12,9365,2016-10-31,0007,020667,,1,3,5,4803,0,1,1,,2,084,"E/B I-80","AIR BASE PKWY",500.00,W,N,B,-,Y,,,80,,,,,,,N,3,0,1,2,A,-,11,21954,A,N,G,B,E,B,H,-,D,D,0,Y,,,Y,Y,,N,60,0,1,0,0,1,0,0,0,0,"- ","- ",38.272109999999998,-122.05056999999999,SOLANO,FAIRFIELD,-122.05059910999999,38.272134440000002
9034237,2019,2020-01-23,4803,2019-11-22,1712,1691,,5,5,5,4803,0,0,0,,0,,"TRAVIS BL","FAIRFIELD AV",250.00,E,N,A,-,N,,,,,,,,,,N,4,0,2,2,A,-,04,21703,,N,C,C,A,A,H,-,B,A,0,,,,,Y,,A,01,0,0,2,0,0,0,0,0,0,"- ","- ",38.258228302001953,-122.04518890380859,SOLANO,FAIRFIELD,-122.04431915283203,38.258224487304688
90343227,2016,2016-12-13,9365,2016-12-09,0600,016919,,5,1,5,4803,0,1,1,,2,083,"I-80 W/B","SR-12 RV O/C",2640.00,W,N,C,-,Y,,,,,,,,,,Y,4,0,1,2,A,-,03,22350,,N,C,C,A,B,H,-,D,D,0,,,,,Y,,A,01,0,0,1,0,0,0,0,0,0,"- ","- ",38.236190000000001,-122.10142999999999,SOLANO,FAIRFIELD,,
9034483,2020,2020-02-07,4803,2020-01-07,1740,1525,,2,5,5,4803,0,0,0,,0,00S,"TEXAS ST","GREAT JONES ST",0.00,,Y,A,-,N,,,,,,,,,,Y,4,0,1,2,A,-,09,21802,A,N,D,C,A,A,H,-,C,D,0,,,,,Y,,A,01,0,0,1,0,0,0,0,0,0,"- ","- ",38.249259948730469,-122.04839324951172,SOLANO,FAIRFIELD,-122.04853820800781,38.249248504638672
9034643,2020,2020-02-08,4807,2020-01-07,1013,727,VALLE,2,5,6,4807,0,0,0,,0,006,"TENNESSEE ST","BUTTE ST",75.00,W,N,A,-,N,,,,,,,,,,Y,4,0,2,2,A,-,08,22102,,N,D,C,A,A,H,-,A,D,0,,,,,Y,,A,01,0,0,2,0,0,0,0,0,0,"- ","- ",38.110130310058594,-122.26312255859375,SOLANO,VALLEJO,-122.26335144042969,38.110084533691406
9034651,2020,2020-02-08,4803,2020-01-01,1400,476,,3,5,5,4803,0,0,0,,0,0CE,"TRAVIS BL","MONROE ST",0.00,,Y,B,-,N,,,,,,,,,,Y,3,0,2,2,A,-,09,21802,A,N,D,C,A,A,H,-,A,A,0,,,,,Y,,A,07,0,1,1,0,0,0,0,0,0,"- ","- ",38.258209228515625,-122.04369354248047,SOLANO,FAIRFIELD,-122.04387664794922,38.258228302001953
90347472,2016,2016-12-19,9365,2016-11-27,0151,020667,,7,3,4,4801,0,1,1,,2,077,"E/B I-780 TO MILITARY WEST","MILITARY WEST",10.00,W,N,C,-,Y,,,780,,,,R,,,N,4,0,1,2,A,-,03,22350,,N,A,C,A,B,H,-,D,D,0,,,,,Y,,A,01,0,0,1,0,0,0,0,0,0,"- ","- ",38.068309999999997,-122.1829,SOLANO,BENICIA,-122.1829,38.068309999999997
9034750,2019,2020-06-24,4803,2019-12-29,2331,1674,,7,5,5,4803,0,0,0,,0,00S,"RT 12","PENNSYLVANIA AV",1601.00,E,N,A,-,Y,SOL,4,12,-,R,4.370,H,-,E,,4,0,1,1,A,-,03,22350,,N,E,I,A,B,H,-,D,D,0,,,,,Y,,A,01,0,0,1,0,0,0,0,0,0,"- ","- ",38.241401672363281,-122.05039978027344,SOLANO,FAIRFIELD,-122.04530334472656,38.242477416992188
90347768,2016,2016-12-19,9365,2016-12-10,1800,020074,,6,2,9,4800,0,1,3,,2,121,"SR-12 W/B","RED TOP RD",250.00,W,N,A,-,Y,,,12,,,,,,W,N,4,0,1,2,A,-,09,21801,A,N,D,C,A,B,H,-,D,D,0,,,,,Y,,A,07,0,0,1,0,0,0,0,0,0,"- ","- ",38.207680000000003,-122.15857,SOLANO,UNINCORPORATED,-122.15857017,38.207641240000001
90347905,2016,2016-12-19,9365,2016-12-11,1110,016970,,7,1,9,4800,0,1,1,,2,089,"I-80 E/B","SR-113 N/B",5280.00,W,N,A,-,Y,,,80,,,,,,E,N,4,0,2,2,A,-,03,22350,,N,C,C,A,A,H,-,A,D,0,,,,,Y,,A,01,0,0,2,0,0,0,0,0,0,"- ","- ",38.514600000000002,-121.7754,SOLANO,UNINCORPORATED,-121.77549784999999,38.514704530000003
90348216,2016,2016-12-19,9365,2016-12-12,1700,021033,,1,2,6,4807,0,1,1,,2,077,"I-780 W/B","LAUREL STREET",1150.00,E,N,A,-,Y,,,780,,,,,,W,Y,4,0,1,2,A,-,03,22350,,N,C,C,A,A,H,-,C,D,0,,,,,Y,,A,08,0,0,1,0,0,0,0,0,0,"- ","- ",38.090000000000003,-122.22450000000001,SOLANO,VALLEJO,-122.22450234,38.089991599999998
90350207,2016,2016-12-21,9365,2016-12-19,1520,018954,,1,2,5,4803,0,1,1,,2,084,"I-80 E/B","AIR BASE PKWY",1253.00,W,N,A,-,Y,,,80,,,,,,E,N,4,0,2,2,A,-,03,22350,,N,C,C,A,A,H,-,A,D,0,,,,,Y,,D,22,0,0,2,0,0,0,0,0,0,"- ","- ",38.266210000000001,-122.05544,SOLANO,FAIRFIELD,-122.05554072,38.266295489999997
90350730,2016,2016-12-21,9365,2016-12-08,1250,013235,,4,1,5,4806,0,2,S,,2,901,"MIDWAY ROAD","HARTLEY ROAD",15.00,E,N,B,C,N,,,,,,,,,,N,4,0,1,2,A,-,09,21802,A,N,D,C,A,B,H,-,A,A,0,,,,,Y,,A,01,0,0,1,0,0,0,0,0,0,"- ","- ",38.253,-121.56570000000001,SOLANO,VACAVILLE,-121.94711762999999,38.417050240000002
90352141,2016,2016-12-27,9365,2016-12-21,1500,015882,,3,2,9,4800,0,1,3,,2,121,"SR-12 E/B","RED TOP RD",175.00,W,N,A,-,Y,,,12,,,,,,E,Y,2,0,1,2,A,-,03,22350,,N,C,C,A,A,H,-,A,D,0,,,,,Y,,A,01,1,0,0,0,0,0,0,0,0,"- ","- ",38.20758,-122.15685000000001,SOLANO,UNINCORPORATED,-122.15685687,38.207676569999997
90354438,2016,2016-12-27,9365,2016-12-14,0200,018303,,3,3,5,4803,0,1,1,,2,083,"I-80 W/B","LAGOON VALLEY RD",5250.00,W,N,B,C,Y,,,,,,,,,,Y,2,0,3,2,A,-,08,22107,,N,C,C,A,B,H,-,C,D,0,,,,,Y,,A,01,2,1,0,0,0,0,0,0,0,"- ","- ",38.249360000000003,-122.03997,SOLANO,FAIRFIELD,,
90354951,2016,2016-12-27,9365,2016-12-16,2030,019986,,5,2,5,4803,0,1,1,,2,681,"I-680 N/B","GRORIC CT",400.00,W,N,A,-,Y,,,680,,,,,,N,Y,4,0,1,1,A,-,08,22107,,N,F,A,A,A,H,-,D,D,0,,,,,Y,,A,01,0,0,1,0,0,0,0,0,0,"- ","- ",38.216389999999997,-122.13717,SOLANO,FAIRFIELD,-122.13785396999999,38.216379379999999
90356692,2016,2016-12-28,9365,2016-12-24,0903,016919,,6,1,5,4803,0,1,1,,2,084,"I-80 W/B TO AIR BASE PARKWAY","AIR BASE PARKWAY O/C",225.00,W,N,A,-,Y,,,80,,,,R,,W,Y,4,0,1,2,A,-,05,21651,B,M,A,C,A,A,H,-,A,D,0,,,,,Y,,A,08,0,0,1,0,0,0,0,0,0,"- ","- ",38.272649999999999,-122.05209000000001,SOLANO,FAIRFIELD,-122.05209000000001,38.272649999999999
90360521,2016,2017-01-04,9365,2016-12-22,1215,016919,,4,1,9,4800,0,1,1,,2,680,"I-680 N/B","MARSHVIEW RD",3168.00,N,N,A,-,Y,,,680,,,,,,N,Y,4,0,1,2,A,-,03,22350,,N,C,C,A,A,H,-,A,D,0,,,,,Y,,A,01,0,0,1,0,0,0,0,0,0,"- ","- ",38.158479999999997,-122.11591,SOLANO,UNINCORPORATED,-122.11593974,38.158454620000001
90361437,2016,2017-01-04,9365,2016-12-17,2110,019051,,6,2,9,4800,0,1,1,,2,082,"I-80 E/B","AMERICAN CANYON ROAD",2640.00,E,N,A,-,Y,,,80,,,,,,E,Y,3,0,2,2,A,-,03,22350,,N,C,C,A,A,H,-,D,D,0,,,,,Y,,A,07,0,1,1,0,0,0,0,0,0,"- ","- ",38.18533,-122.17958,SOLANO,UNINCORPORATED,-122.17959584,38.18536443
90361466,2016,2017-01-04,9365,2016-12-17,1740,019051,,6,2,6,4807,0,1,1,,2,080,"I-80 E/B","BENICIA RD",1056.00,W,N,A,-,Y,,,80,,,,,,E,N,3,0,1,3,A,-,03,22350,,N,C,C,A,A,H,-,C,D,0,,,,,Y,,A,08,0,1,0,0,0,0,0,0,0,"- ","- ",38.088180000000001,-122.23168,SOLANO,VALLEJO,-122.23171056,38.088193480000001
90362620,2016,2017-03-06,9365,2016-12-24,1553,020432,,6,2,5,4803,0,1,1,,2,083,"I-80 W/B","GREEN VALLEY RD",1584.00,E,N,A,-,Y,,,80,,,,,,W,Y,4,0,2,1,A,-,03,22350,,N,F,A,A,A,H,-,A,D,0,,,,,Y,,A,07,0,0,2,0,0,0,0,0,0,"- ","- ",38.225020000000001,-122.12587000000001,SOLANO,FAIRFIELD,-122.12582562,38.224947110000002
90363595,2016,2017-01-09,9365,2016-12-27,1720,018954,,2,2,5,4806,0,1,1,,2,086,"I-80 W/B","DAVIS STREET",400.00,W,N,A,-,Y,,,,,,,,,,Y,4,0,1,5,A,-,03,22350,,N,C,C,A,A,H,-,C,D,0,,,,,Y,,A,07,0,0,1,0,0,0,0,0,0,"- ","- ",38.34957,-122.98932000000001,SOLANO,VACAVILLE,-121.98678962,38.350531410000002
90364463,2016,2017-01-09,9365,2016-12-21,2310,019621,,3,3,3,4802,0,1,1,,2,088,"I-80 E/B","PITT SCHOOL ROAD",500.00,W,N,A,-,Y,,,80,,,,,,E,Y,4,0,1,4,A,-,03,22350,,N,C,C,A,A,H,-,E,D,0,,,,,Y,,A,07,0,0,1,0,0,0,0,0,0,"- ","- ",38.45843,-121.84233999999999,SOLANO,DIXON,-121.84234671999999,38.458438610000002
90366862,2016,2017-01-11,9365,2016-12-26,0655,018702,,1,1,6,4807,0,1,1,,2,080,"I-80 E/B","SONOMA BLVD",15.00,W,N,A,-,Y,,,80,,,,,,E,N,4,0,1,2,C,-,18,,,N,E,J,A,A,H,-,A,D,0,,,,,Y,,-,"- ",0,0,1,0,0,0,0,0,0,"- ","- ",38.0762,-122.2317,SOLANO,VALLEJO,-122.23174567,38.076173470000001
90368046,2017,2017-01-12,9365,2017-01-02,2205,018346,,1,3,5,4806,0,1,A,,2,030,"HAY RD","DALLY RD",3000.00,W,N,B,-,N,,,,,,,,,,Y,4,0,1,1,C,-,18,,,N,E,I,A,B,H,-,D,D,0,,,,,Y,,-,"- ",0,0,1,0,0,0,0,0,0,"- ","- ",38.315350000000002,-121.88001,SOLANO,VACAVILLE,-121.87992839,38.315299580000001
90368445,2017,2017-03-06,9365,2017-01-02,1845,019720,,1,2,5,4803,0,1,3,,2,371,"SR-37 EB FROM SR-29","SONOMA BLVD",200.00,W,N,B,C,Y,,,,,,,,,,Y,4,0,1,1,A,-,08,22107,,N,E,J,A,B,H,-,C,D,0,,,,,Y,,A,01,0,0,1,0,0,0,0,0,0,"- ","- ",38.137450000000001,-122.25721,SOLANO,FAIRFIELD,-122.25651874,38.139274559999997
90368460,2017,2017-01-12,9365,2017-01-02,2244,020579,,1,3,5,4806,0,1,1,,2,087,"I-80 W/B","LEISURE TOWN ROAD",3907.00,E,N,C,-,Y,,,80,,,,,,W,Y,4,0,2,2,A,-,03,22350,,N,C,C,A,B,H,-,D,D,0,,,,,Y,,A,01,0,0,2,0,0,0,0,0,0,"- ","- ",38.396250000000002,-121.92377,SOLANO,VACAVILLE,-121.92376523999999,38.39624405
90369313,2017,2017-01-13,9365,2017-01-03,1945,020774,,2,2,4,4801,0,1,1,,2,077,"I-780 W/B","HOSPITAL RD",500.00,W,N,B,C,Y,,,,,,,,,,Y,4,0,2,1,A,-,03,22350,,N,F,I,A,B,H,-,A,D,0,,,,,Y,,A,01,0,0,2,0,0,0,0,0,0,"- ","- ",38.307699999999997,-122.8271,SOLANO,BENICIA,,
90370628,2017,2017-01-17,9365,2017-01-04,1215,014948,,3,1,5,4803,0,1,1,,2,085,"I-80 W/B","MANUEL CAMPOS O/C",1584.00,W,N,B,-,Y,,,80,,,,,,W,Y,3,0,1,1,A,-,07,21658,A,N,E,I,A,B,H,-,A,D,0,,,,,Y,,D,22,0,1,0,0,0,0,0,0,0,"- ","- ",38.287550000000003,-122.03797,SOLANO,FAIRFIELD,-122.03790659000001,38.287497500000001
90370751,2017,2017-01-17,9365,2017-01-04,1720,015882,,3,2,5,4803,0,1,1,,2,084,"I-80 E/B","TRAVIS BLVD OC",528.00,E,N,B,C,Y,,,80,,,,,,E,Y,4,0,1,3,A,-,03,22350,,N,C,C,A,B,H,-,D,D,0,,,,Y,Y,,G,55,0,0,1,0,0,0,0,0,0,"- ","- ",38.262650000000001,-122.05843,SOLANO,FAIRFIELD,-122.05854724,38.262746739999997
90372127,2017,2017-03-06,9365,2017-01-01,2240,020141,,7,3,5,4803,0,1,1,,2,083,"I-80 W/B",I-680,1320.00,W,N,A,-,Y,,,80,,,,,,W,Y,3,0,1,1,A,-,01,23152,A,N,E,I,A,A,H,-,C,D,0,,,,,Y,Y,A,01,0,1,0,0,0,0,0,0,0,"- ","- ",38.242829999999998,-122.08596,SOLANO,FAIRFIELD,-122.08597579000001,38.242866970000001
90372211,2017,2017-01-18,9365,2017-01-02,0955,016970,,1,1,6,4807,0,1,3,,2,371,"SR-37 W/B FROM I-80 W/B","FAIRGROUNDS DR",2640.00,E,N,B,C,Y,,,37,,,,R,,W,Y,2,0,2,1,A,-,08,22107,,N,E,I,A,B,H,-,A,D,0,,,,,Y,,A,01,1,0,1,0,0,0,0,0,0,"- ","- ",38.141599999999997,-122.2216,SOLANO,VALLEJO,-122.2216,38.141599999999997
90373259,2017,2017-01-19,9365,2017-01-07,0840,017805,,6,1,6,4807,0,1,1,,2,080,"I-80 E/B","BENICIA RD. O/C",150.00,E,N,B,-,Y,,,80,,,,,,E,Y,4,0,1,1,A,-,08,22107,,N,E,I,A,B,H,-,A,D,0,,,,,Y,,A,07,0,0,1,0,0,0,0,0,0,"- ","- ",38.095050000000001,-122.22985,SOLANO,VALLEJO,-122.22978448000001,38.095044719999997
90373734,2017,2017-01-20,9365,2017-01-09,1730,018954,,1,2,6,4807,0,1,1,,2,081,"I-80 E/B","REDWOOD STREET",723.00,E,N,B,C,Y,,,80,,,,,,E,Y,4,0,2,3,A,-,03,22350,,N,C,C,A,B,H,-,D,D,0,,,,,Y,,D,22,0,0,2,0,0,0,0,0,0,"- ","- ",38.126849999999997,-122.2278,SOLANO,VALLEJO,-122.22777422,38.126834510000002
90373809,2017,2017-01-20,9365,2017-01-10,1655,018954,,2,2,5,4803,0,1,1,,2,083,"I-80 E/B","ABERNATHY ROAD",1021.00,W,N,B,C,Y,,,80,,,,,,E,Y,4,0,1,3,A,-,03,22350,,N,D,C,A,B,H,-,D,D,0,,,,,Y,,D,22,0,0,1,0,0,0,0,0,0,"- ","- ",38.238720000000001,-122.09446,SOLANO,FAIRFIELD,-122.09451132,38.238838260000001
90375120,2017,2017-01-23,9365,2017-01-12,0710,016919,,4,1,5,4803,0,1,1,,2,083,"I-80 W/B","SUISUN VALLEY RD O/C",3696.00,E,N,C,-,Y,,,80,,,,,,W,Y,4,0,4,3,A,-,03,22350,,N,C,C,A,B,H,-,B,D,0,,,,,Y,,A,01,0,0,4,0,0,0,0,0,0,"- ","- ",38.229219999999998,-122.11729,SOLANO,FAIRFIELD,-122.11730903,38.229261839999999
90376174,2017,2017-06-12,9365,2017-01-13,1820,019749,,5,2,5,4803,0,1,1,,2,084,"I-80 E/B","AIR BASE PKY",1584.00,E,N,A,-,Y,,,80,,,,,,E,Y,3,0,3,2,A,-,03,22350,,N,C,C,A,A,H,-,D,D,0,,,Y,,Y,,C,02,0,1,2,0,0,0,0,0,1,"- ","- ",38.277760000000001,-122.04585,SOLANO,FAIRFIELD,-122.04584254,38.277753689999997
9037675,2020,2020-02-20,4803,2020-01-08,1300,476,,3,5,5,4803,0,0,0,,0,TRAVIS,"TRAVIS AV","PARKER RD",1597.00,E,N,A,-,N,,,,,,,,,,Y,3,0,1,1,A,-,03,22350,,N,E,I,A,A,G,-,A,A,0,,,,,Y,,A,01,0,1,0,0,0,0,0,0,0,"- ","- ",38.272098541259766,-121.95189666748047,SOLANO,FAIRFIELD,,
9037925,2019,2020-02-12,4806,2019-12-20,1721,457,,5,5,5,4806,0,0,0,,0,,"NUT TREE PKWY","HELEN POWER DR",575.00,E,N,B,-,N,,,,,,,,,,N,3,0,1,3,A,-,09,21801,A,N,D,C,A,A,H,-,C,D,0,,,,,Y,,A,07,0,1,0,0,0,0,0,0,0,"- ","- ",38.365871429443359,-121.96183776855469,SOLANO,VACAVILLE,-121.96001434326172,38.366455078125
90383366,2017,2017-02-01,9365,2017-01-20,1020,017559,,5,1,9,4800,0,1,A,,2,030,"CANTELOW RD","PLEASANTS VALLEY RD",4224.00,E,N,C,-,N,,,,,,,,,,Y,4,0,1,1,A,-,08,22107,,N,F,A,A,B,H,-,A,D,0,,,,,Y,,A,01,0,0,1,0,0,0,0,0,0,"- ","- ",,,SOLANO,UNINCORPORATED,-122.03897636000001,38.429532549999998
90383597,2017,2017-02-01,9365,2017-01-20,0430,020566,,5,3,5,4806,0,1,1,,2,505,"I-505 N/B","I-80 W/B",528.00,N,N,C,-,Y,,,505,,,,,,N,Y,3,0,1,1,A,-,03,22350,,N,E,I,A,B,H,-,D,D,0,,,,Y,Y,,F,26,0,1,0,0,0,0,0,0,0,"- ","- ",38.376620000000003,-121.95355000000001,SOLANO,VACAVILLE,-121.95374961,38.376665160000002
90384062,2017,2017-02-01,9365,2017-01-21,0300,020141,,6,3,9,4800,0,1,1,,2,089,"I-80 W/B TO SR-113 N/B","SR-113 N/B",580.00,E,N,B,C,Y,,,80,,,,R,,W,Y,3,0,1,1,A,-,03,22350,,N,E,I,A,B,H,-,C,D,0,,,,,Y,,A,01,0,1,0,0,0,0,0,0,0,"- ","- ",38.525689999999997,-121.76644,SOLANO,UNINCORPORATED,-121.76644,38.525689999999997
9038814,2020,2020-02-26,4803,2020-01-07,2310,1686,,2,5,5,4803,0,0,0,,0,0CE,"TRAVIS BL","KIDDER AV",0.00,,Y,C,-,N,,,,,,,,,,,4,0,1,2,A,-,04,21703,,F,H,G,A,B,H,-,D,D,0,,Y,,,Y,Y,-,99,0,0,1,0,0,0,1,0,0,"- ","- ",,,SOLANO,FAIRFIELD,-122.03018951416016,38.258220672607422
9038815,2020,2020-02-26,4803,2020-01-07,1031,1703,,2,5,5,4803,0,0,0,,0,00S,"TRAVIS BL","SOLANO MALL ENTRANCE",0.00,,Y,A,-,N,,,,,,,,,,Y,4,0,1,2,A,-,12,21453,A,N,D,C,A,A,H,-,A,A,0,,,,,Y,,A,07,0,0,1,0,0,0,0,0,0,"- ","- ",38.258148193359375,-122.05467224121094,SOLANO,FAIRFIELD,-122.054683,38.258149000000003
90388227,2017,2017-02-08,9365,2017-01-27,1900,019646,,5,2,9,4800,0,1,1,,2,089,"I-80 E/B","SR-113 N/B",400.00,E,N,A,-,Y,,,,,,,,,,Y,4,0,3,2,A,-,03,22350,,N,C,C,A,A,H,-,C,D,0,,,,,Y,,D,22,0,0,3,0,0,0,0,0,0,"- ","- ",38.228319999999997,-120.27149,SOLANO,UNINCORPORATED,,
90388318,2017,2017-02-08,9365,2017-01-30,1050,014687,,1,1,5,4803,0,1,1,,2,084,"I-80 E/B","WEST TEXAS STREET",1000.00,W,N,A,-,Y,,,80,,,,,,E,Y,4,0,1,1,A,-,08,22107,,N,B,I,A,A,H,-,A,D,0,,,,,Y,,A,01,0,0,1,0,0,0,0,0,0,"- ","- ",38.247889999999998,-122.07187,SOLANO,FAIRFIELD,-122.0719418,38.248048369999999
9038914,2020,2020-03-02,4807,2020-01-16,1751,#717,VALLE,4,5,6,4807,0,0,0,,0,006,"REDWOOD ST","SONOMA BL",602.00,W,N,C,-,N,,,,,,,,,,Y,2,0,3,2,A,-,05,21651,B,N,A,C,A,B,H,-,C,D,0,,,,,Y,,A,01,1,0,2,0,0,0,0,0,0,"- ","- ",38.123008728027344,-122.25537109375,SOLANO,VALLEJO,-122.25740814208984,38.123306274414062