CASE_ID,ACCIDENT_YEAR,PROC_DATE,JURIS,COLLISION_DATE,COLLISION_TIME,OFFICER_ID,REPORTING_DISTRICT,DAY_OF_WEEK,CHP_SHIFT,POPULATION,CNTY_CITY_LOC,SPECIAL_COND,BEAT_TYPE,CHP_BEAT_TYPE,CITY_DIVISION_LAPD,CHP_BEAT_CLASS,BEAT_NUMBER,PRIMARY_RD,SECONDARY_RD,DISTANCE,DIRECTION,INTERSECTION,WEATHER_1,WEATHER_2,STATE_HWY_IND,CALTRANS_COUNTY,CALTRANS_DISTRICT,STATE_ROUTE,ROUTE_SUFFIX,POSTMILE_PREFIX,POSTMILE,LOCATION_TYPE,RAMP_INTERSECTION,SIDE_OF_HWY,TOW_AWAY,COLLISION_SEVERITY,NUMBER_KILLED,NUMBER_INJURED,PARTY_COUNT,PRIMARY_COLL_FACTOR,PCF_CODE_OF_VIOL,PCF_VIOL_CATEGORY,PCF_VIOLATION,PCF_VIOL_SUBSECTION,HIT_AND_RUN,TYPE_OF_COLLISION,MVIW,PED_ACTION,ROAD_SURFACE,ROAD_COND_1,ROAD_COND_2,LIGHTING,CONTROL_DEVICE,CHP_ROAD_TYPE,PEDESTRIAN_ACCIDENT,BICYCLE_ACCIDENT,MOTORCYCLE_ACCIDENT,TRUCK_ACCIDENT,NOT_PRIVATE_PROPERTY,ALCOHOL_INVOLVED,STWD_VEHTYPE_AT_FAULT,CHP_VEHTYPE_AT_FAULT,COUNT_SEVERE_INJ,COUNT_VISIBLE_INJ,COUNT_COMPLAINT_PAIN,COUNT_PED_KILLED,COUNT_PED_INJURED,COUNT_BICYCLIST_KILLED,COUNT_BICYCLIST_INJURED,COUNT_MC_KILLED,COUNT_MC_INJURED,PRIMARY_RAMP,SECONDARY_RAMP,LATITUDE,LONGITUDE,COUNTY,CITY,POINT_X,POINT_Y
90536283,2017,2017-08-29,9365,2017-08-27,2200,020506,,7,3,9,4800,0,3,5,,2,040,"MIDWAY ROAD","ROBBEN RD",1110.00,W,N,A,-,N,,,,,,,,,,Y,4,0,1,1,A,-,08,22107,,N,E,I,A,A,H,-,D,D,0,,,,,Y,,A,01,0,0,1,0,0,0,0,0,0,"- ","- ",38.416710000000002,-121.83098,SOLANO,UNINCORPORATED,-121.78984454,38.41634002
90536548,2017,2017-08-29,9365,2017-08-28,1400,019458,,1,2,5,4803,0,1,3,,2,122,"SR-12 (E/B)","BECK AVE.",1056.00,W,N,A,-,Y,,,12,,,,,,,Y,4,0,2,2,A,-,03,22350,,N,C,C,A,A,H,-,A,D,0,,,,,Y,,A,01,0,0,2,0,0,0,0,0,0,"- ","- ",38.240180000000002,-122.0697,SOLANO,FAIRFIELD,-122.06969884,38.240145750000003
9053824,2020,2020-05-14,4807,2020-02-18,1717,727,VALLE,2,5,6,4807,0,0,0,,0,002,"STEFFAN ST","GEORGIA ST",0.00,,Y,A,-,N,,,,,,,,,,N,4,0,1,2,A,-,06,21755,,N,A,C,A,A,H,-,A,A,0,,,Y,,Y,,C,02,0,0,1,0,0,0,0,0,1,"- ","- ",38.100841522216797,-122.22850036621094,SOLANO,VALLEJO,-122.22849273681641,38.10076904296875
90541957,2017,2017-09-06,9365,2017-08-25,1250,020074,,5,1,9,4800,0,1,3,,2,113,"W/B I-80 TRANS. TO SR-113 N/B","E. COVELL BLVD",1200.00,S,N,A,-,Y,,,,,,,,,,Y,3,0,1,1,A,-,08,22107,,N,F,A,A,A,H,-,A,D,0,,,,,Y,,D,22,0,1,0,0,0,0,0,0,0,"- ","- ",38.526600000000002,-121.76730000000001,SOLANO,UNINCORPORATED,,
90542299,2017,2017-09-07,9365,2017-09-04,1307,014948,,1,1,9,4800,0,1,A,,2,030,"BROWNS VALLEY RD","CANTELOW RD",185.00,S,N,A,-,N,,,,,,,,,,Y,3,0,1,2,A,-,01,23152,A,N,C,C,A,A,H,-,A,D,0,,,,,Y,Y,A,01,0,1,0,0,0,0,0,0,0,"- ","- ",38.415700000000001,-121.9708,SOLANO,UNINCORPORATED,-121.97078567,38.415561889999999
90542313,2017,2017-09-07,9365,2017-09-01,1426,019458,,5,2,5,4803,0,1,1,,2,084,"I-80 W/B","TRAVIS AVE",2640.00,E,N,A,-,Y,,,,,,,,,,Y,3,0,2,1,A,-,08,22107,,N,E,I,A,A,H,-,A,D,0,,,,,Y,,A,07,0,1,1,0,0,0,0,0,0,"- ","- ",,,SOLANO,FAIRFIELD,-122.06254,38.258400000000002
90542320,2017,2017-09-07,9365,2017-09-02,1737,019749,,6,2,5,4803,0,1,3,,2,122,"SR-12 E/B","BECK AVE",300.00,E,N,A,-,Y,,,12,,,,,,E,Y,4,0,1,5,A,-,03,22350,,N,C,C,A,A,H,-,A,A,0,,,,,Y,,D,22,0,0,1,0,0,0,0,0,0,"- ","- ",38.24024,-122.06786,SOLANO,FAIRFIELD,-122.06785896,38.240198599999999
90543076,2017,2017-09-07,9365,2017-09-03,1640,020074,,7,2,5,4803,0,1,1,,2,680,"I-680 (N/B)","BRIDGEPORT AVE",1200.00,S,N,A,-,Y,,,680,,,,,,,Y,4,0,1,1,A,-,08,22107,,N,F,I,A,A,H,-,A,D,0,,,,,Y,,A,01,0,0,1,0,0,0,0,0,0,"- ","- ",38.208100000000002,-122.1374,SOLANO,FAIRFIELD,-122.13775162,38.208114989999999
90544149,2017,2017-09-11,9365,2017-09-05,0629,015810,,2,1,5,4803,0,1,1,,2,084,"I-80 W/B","CHADBOURNE ROAD O/C",2112.00,E,N,A,-,Y,,,80,,,,,,W,Y,4,0,1,2,A,-,03,22350,,N,C,C,A,A,H,-,A,D,0,,,,,Y,,A,01,0,0,1,0,0,0,0,0,0,"- ","- ",38.24541,-122.08006,SOLANO,FAIRFIELD,-122.08006621,38.245424290000003
90544595,2017,2017-09-11,9320,2017-08-31,0550,019086,,4,3,4,4801,0,1,1,,2,685,"I-680 N/B","BAYSHORE RD",1200.00,S,N,A,-,Y,,,680,,,,,,N,Y,4,0,2,2,A,-,03,22350,,M,C,C,A,A,H,-,D,D,0,,,,,Y,,A,01,0,0,2,0,0,0,0,0,0,"- ","- ",38.048490000000001,-122.12602,SOLANO,BENICIA,-122.12599508,38.048509580000001
90544951,2017,2017-09-11,9365,2017-09-08,0920,016515,,5,1,3,4802,0,1,1,,2,089,"I-80 E/B","PITT SCHOOL RD",1584.00,W,N,A,-,Y,,,80,,,,,,E,Y,3,0,1,3,A,-,17,21658,,F,B,C,A,A,H,-,A,D,0,,,Y,,Y,Y,A,01,0,1,0,0,0,0,0,0,1,"- ","- ",38.457709999999999,-121.84310000000001,SOLANO,DIXON,-121.84316813,38.45779726
90545174,2017,2017-09-12,9365,2017-08-14,0732,015536,,1,1,5,4803,0,1,1,,2,085,"I-80 W/B","MANUEL CAMPOS PKWY. O/C",45.00,W,N,A,-,Y,,,80,,,,,,W,N,4,0,1,2,A,-,03,22350,,M,C,C,A,A,H,-,A,D,0,,,,,Y,,A,01,0,0,1,0,0,0,0,0,0,"- ","- ",38.294759999999997,-122.03417,SOLANO,FAIRFIELD,-122.03422261999999,38.294761029999997
90546129,2017,2017-09-18,9365,2017-09-06,0545,015810,,3,3,9,4800,0,1,3,,2,121,"SR-12 W/B","RED TOP ROAD",200.00,E,N,A,-,Y,,,12,,,,,,W,Y,4,0,1,4,A,-,03,22350,,N,C,C,A,A,H,-,D,D,0,,,,,Y,,D,22,0,0,1,0,0,0,0,0,0,"- ","- ",38.20778,-122.1561,SOLANO,UNINCORPORATED,-122.15609637,38.207734430000002
90546205,2017,2017-09-12,9365,2017-09-12,0019,019986,,2,3,5,4803,0,1,1,,2,083,"I-80 E/B","RED TOP ROAD",2316.00,E,N,A,-,Y,,,80,,,,,,E,Y,2,0,1,1,A,-,08,22107,,N,E,J,A,A,H,-,D,D,0,,,,,Y,,A,01,1,0,0,0,0,0,0,0,0,"- ","- ",38.206659999999999,-122.15122,SOLANO,FAIRFIELD,-122.15137498999999,38.206838220000002
90549453,2017,2017-09-18,9365,2017-09-14,1630,020579,,4,2,5,4803,0,1,1,,2,083,"I-80 W/B","PITTMAN RD",1056.00,E,N,A,-,Y,,,80,,,,,,W,N,4,0,1,2,A,-,07,21658,A,N,B,C,A,A,H,-,A,D,0,,,,,Y,,A,01,0,0,1,0,0,0,0,0,0,"- ","- ",38.224829999999997,-122.12614000000001,SOLANO,FAIRFIELD,-122.126107,38.224775800000003
9054981,2020,2020-06-04,4806,2020-02-10,0751,603,,1,5,5,4806,0,0,0,,0,,"MARSHALL RD","NUT TREE RD",265.00,W,N,A,-,N,,,,,,,,,,Y,4,0,1,2,A,-,09,21804,A,N,D,C,A,A,H,-,A,A,0,,,,,Y,,A,07,0,0,1,0,0,0,0,0,0,"- ","- ",38.346210479736328,-121.95319366455078,SOLANO,VACAVILLE,-121.95414733886719,38.346275329589844
90550486,2017,2017-09-18,9365,2017-09-13,1500,019749,,3,2,6,4807,0,1,1,,2,080,"I-80 W/B","SOLANO AVE",50.00,E,N,A,-,Y,,,80,,,,,,W,Y,4,0,2,2,A,-,07,21658,A,N,C,C,A,A,H,-,A,D,0,,,,,Y,,A,01,0,0,2,0,0,0,0,0,0,"- ","- ",38.105980000000002,-122.22978000000001,SOLANO,VALLEJO,-122.22981267,38.105980129999999
90550494,2017,2017-09-19,9365,2017-09-15,1513,019749,,5,2,9,4800,0,1,1,,2,089,"I-80 E/B","OLD DAVIS RD",400.00,E,N,A,-,Y,,,80,,,,,,E,N,4,0,2,4,A,-,03,22350,,M,C,C,A,A,H,-,A,D,0,,,,,Y,,A,01,0,0,2,0,0,0,0,0,0,"- ","- ",38.529409999999999,-121.75398,SOLANO,UNINCORPORATED,-121.75398788,38.52944463
9055074,2020,2020-03-02,4806,2020-01-31,1702,457,209,5,5,5,4806,0,0,0,,0,002,"ALLISON PKWY","EDENDERRY DR",775.00,S,N,A,-,N,,,,,,,,,,Y,2,0,1,1,A,-,08,22107,,N,E,I,A,A,H,-,A,D,0,,,Y,,Y,,C,02,1,0,0,0,0,0,0,0,1,"- ","- ",38.393909454345703,-121.96720886230469,SOLANO,VACAVILLE,-121.96571350097656,38.392120361328125
9055254,2020,2020-05-29,4806,2020-02-04,1635,575,,2,5,5,4806,0,0,0,,0,,"ORANGE DR","ORANGE TREE CIR",864.00,E,N,A,-,N,,,,,,,,,,Y,4,0,2,2,A,-,09,21801,A,N,D,C,A,A,H,-,A,D,0,,,,,Y,,A,01,0,0,2,0,0,0,0,0,0,"- ","- ",38.374290466308594,-121.95054626464844,SOLANO,VACAVILLE,-121.94867706298828,38.376018524169922
90553477,2017,2017-09-21,9365,2017-09-14,1625,019720,,4,2,9,4800,0,1,1,,2,083,"I-80 E/B","CHP SCALES",5280.00,W,N,A,-,Y,,,80,,,,,,E,N,4,0,1,2,A,-,03,22350,,M,C,C,A,A,H,-,A,D,0,,,,,Y,,A,01,0,0,1,0,0,0,0,0,0,"- ","- ",38.22692,-122.12194,SOLANO,UNINCORPORATED,-122.12187345,38.226797859999998
90554573,2017,2017-09-25,9365,2017-09-15,0344,017736,,5,3,5,4803,0,1,1,,2,680,"I-680 S/B","CORDELIA RD",261.00,N,N,A,-,Y,,,680,,,,,,S,Y,2,0,1,3,A,-,03,22350,,N,C,C,E,A,H,-,C,D,0,Y,,,,Y,,A,07,1,0,0,0,1,0,0,0,0,"- ","- ",38.21087,-122.13796000000001,SOLANO,FAIRFIELD,-122.13799984000001,38.210870550000003
90555033,2017,2017-09-25,9365,2017-09-15,1640,020774,,5,2,5,4806,0,1,1,,2,086,"I-80 W/B","ALAMO DR",2112.00,W,N,A,-,Y,,,,,,,,,,Y,4,0,1,2,A,-,03,22350,,N,C,C,A,A,H,-,A,D,0,,,,,Y,,A,01,0,0,1,0,0,0,0,0,0,"- ","- ",38.203699999999998,-122.01379,SOLANO,VACAVILLE,-122.00372101000001,38.34395181
90555138,2017,2017-09-25,9365,2017-09-17,0315,020667,,7,3,9,4800,0,1,1,,2,085,"W/B I-80","WATERMAN BLVD",1690.00,E,N,A,-,Y,,,,,,,,,,Y,4,0,1,1,A,-,08,22107,,N,E,I,A,A,H,-,D,D,0,,,,,Y,,A,01,0,0,1,0,0,0,0,0,0,"- ","- ",38.277380000000001,-122.04667999999999,SOLANO,UNINCORPORATED,,
90555196,2017,2017-09-25,9365,2017-09-17,2005,020085,,7,2,6,4807,0,1,1,,2,078,"I-780 E/B","I-80 E/B",20.00,E,N,A,-,Y,,,780,,,,,,E,Y,4,0,1,2,A,-,03,22350,,N,C,C,A,A,H,-,C,D,0,,,,,Y,,A,01,0,0,1,0,0,0,0,0,0,"- ","- ",38.091160000000002,-122.22972,SOLANO,VALLEJO,-122.22970657,38.091209839999998
90556996,2017,2017-09-27,9365,2017-09-18,0655,015293,,1,1,6,4807,0,1,1,,2,081,"I-80 E/B","TENNESSEE STREET O/C",300.00,W,N,B,-,Y,,,80,,,,,,E,Y,3,0,2,3,A,-,03,22350,,F,C,C,A,A,H,-,A,D,0,,,,,Y,,-,99,0,1,1,0,0,0,0,0,0,"- ","- ",38.108640000000001,-122.22948,SOLANO,VALLEJO,-122.22957158,38.108641059999997
90557566,2017,2017-09-27,9365,2017-09-23,1130,016919,,6,1,5,4803,0,1,1,,2,085,"I-80 W/B TO AIR BASE PKY","AIR BASE PKY O/C",490.00,W,N,A,-,Y,,,80,,,,R,,W,Y,4,0,1,1,A,-,08,22107,,N,E,I,A,A,H,-,A,D,0,,,,,Y,,A,07,0,0,1,0,0,0,0,0,0,"- ","- ",38.272300000000001,-122.05177,SOLANO,FAIRFIELD,-122.05177,38.272300000000001
90557568,2017,2017-09-27,9365,2017-09-22,1805,020705,,5,2,5,4803,0,1,1,,2,084,"I-80 E/B","W. TEXAS",100.00,W,N,A,-,Y,,,80,,,,,,E,N,4,0,1,2,A,-,03,22350,,N,C,C,A,A,H,-,A,D,0,,,,,Y,,A,01,0,0,1,0,0,0,0,0,0,"- ","- ",38.249540000000003,-122.06997,SOLANO,FAIRFIELD,-122.06989228,38.249456330000001
90557569,2017,2017-09-27,9365,2017-09-22,1635,019646,,5,2,9,4800,0,1,3,,2,370,"SR-37 E/B","SKAGGS ISLAND",5280.00,E,N,A,-,Y,,,37,,,,,,E,Y,3,0,2,1,A,-,03,22350,,N,F,I,A,A,H,-,A,D,0,,,Y,,Y,,C,02,0,1,1,0,0,0,0,0,2,"- ","- ",38.139969999999998,-122.35843,SOLANO,UNINCORPORATED,-122.35841617,38.140009890000002
90557573,2017,2017-10-09,9365,2017-09-22,2035,020705,,5,2,5,4803,0,1,1,,2,084,"I-80 E/B","TRAVIS BLVD",1003.00,E,N,A,-,Y,,,80,,,,,,E,Y,3,0,5,2,A,-,03,22350,,N,C,C,A,A,H,-,C,D,0,,,,,Y,,A,01,0,3,2,0,0,0,0,0,0,"- ","- ",38.260730000000002,-122.06025,SOLANO,FAIRFIELD,-122.06024037,38.260721830000001
90563093,2017,2017-10-04,9365,2017-09-27,1540,016515,,3,2,5,4806,0,1,1,,2,086,"I-80 W/B","PENA ADOBE RD",528.00,E,N,A,-,Y,,,80,,,,,,W,Y,4,0,1,1,C,-,18,,,N,E,I,A,A,H,-,A,D,0,,,,,Y,,-,"- ",0,0,1,0,0,0,0,0,0,"- ","- ",38.336500000000001,-122.01712000000001,SOLANO,VACAVILLE,-122.01702238999999,38.336436710000001
9056595,2020,2020-10-02,4804,2020-03-07,1645,HAMILTON,,6,5,2,4804,0,0,0,,0,,"RT 12","SUMMERSET RD",415.00,W,N,A,-,Y,SOL,4,12,-,R,23.660,H,-,E,Y,3,0,1,1,A,-,01,23152,A,N,E,I,A,A,H,-,A,D,0,,,,,Y,Y,A,01,0,1,0,0,0,0,0,0,0,"- ","- ",,,SOLANO,"RIO VISTA",-121.72486114501953,38.182590484619141
90565987,2017,2017-10-09,9365,2017-09-29,1105,016919,,5,1,5,4803,0,1,3,,2,122,"SR-12 E/B","BECK AVE",150.00,W,N,A,-,Y,,,12,,,,,,E,Y,4,0,2,3,A,-,03,22350,,N,C,C,A,A,H,-,A,A,0,,,,,Y,,A,01,0,0,2,0,0,0,0,0,0,"- ","- ",38.240229999999997,-122.06693,SOLANO,FAIRFIELD,-122.06692993,38.240228029999997
90566780,2017,2017-10-10,9365,2017-10-01,1512,019749,,7,2,9,4800,0,1,1,,2,087,"I-80 E/B","DIXON AVE",3696.00,W,N,A,-,Y,,,80,,,,,,E,N,4,0,1,2,A,-,03,22350,,N,C,C,A,A,H,-,A,D,0,,,,,Y,,A,01,0,0,1,0,0,0,0,0,0,"- ","- ",38.439160000000001,-121.86742,SOLANO,UNINCORPORATED,-121.86731104,38.439015609999998
90566860,2017,2017-10-10,9365,2017-10-01,0700,016970,,7,1,9,4800,0,1,1,,2,506,"I-505 S/B","PUTAH CREEK RD",2640.00,S,N,A,-,Y,,,505,,,,,,S,Y,3,0,1,1,A,-,08,22107,,N,F,A,A,A,H,-,A,D,0,,,,Y,Y,,G,25,0,1,0,0,0,0,0,0,0,"- ","- ",38.512500000000003,-121.953,SOLANO,UNINCORPORATED,-121.95306834,38.51250022
90567264,2017,2017-10-11,9365,2017-10-02,0610,014264,,1,1,6,4807,0,1,1,,2,080,"I-80 W/B","BENICIA RD",200.00,W,N,A,-,Y,,,80,,,,,,W,N,4,0,1,2,A,-,03,22350,,M,C,C,A,A,H,-,C,D,0,,,,,Y,,A,01,0,0,1,0,0,0,0,0,0,"- ","- ",38.095399999999998,-122.2299,SOLANO,VALLEJO,-122.2299635,38.095404189999996
90568338,2017,2017-10-11,9365,2017-10-03,1645,019458,,2,2,5,4803,0,1,1,,2,083,"I-80 E/B","SR-12 W/B O/C",3168.00,W,N,A,-,Y,,,80,,,,,,E,Y,4,0,1,2,A,-,03,22350,,N,C,C,A,A,H,-,A,D,0,,,,,Y,,A,01,0,0,1,0,0,0,0,0,0,"- ","- ",38.237569999999998,-122.09702,SOLANO,FAIRFIELD,-122.09708323,38.237706850000002
90569103,2017,2017-10-12,9365,2017-10-05,0510,017736,,4,3,9,4800,0,1,3,,2,113,"SR-113 N/B","MCCORMACK RD",1320.00,S,N,A,-,Y,,,113,,,,,,N,Y,3,0,1,1,A,-,08,22107,,N,E,I,A,A,H,-,D,B,0,,,,,Y,,A,07,0,1,0,0,0,0,0,0,0,"- ","- ",38.194319999999998,-121.80612000000001,SOLANO,UNINCORPORATED,-121.80617057000001,38.194320320000003
90570511,2017,2017-10-16,9365,2017-10-07,1730,019720,,6,2,9,4800,0,1,1,,2,080,"I-80 E/B","CAQUINEZ BRIDGE TOLL PLAZA",5.00,W,N,A,-,Y,,,,,,,,,,N,4,0,2,2,A,-,21,22106,,N,C,C,A,A,H,-,B,D,0,,,,,Y,,A,01,0,0,2,0,0,0,0,0,0,"- ","- ",38.069020000000002,-122.2266,SOLANO,UNINCORPORATED,,
90570514,2017,2017-10-16,9365,2017-10-07,1350,019720,,6,1,9,4800,0,1,1,,2,080,"I-80 E/B","GEORGIA ST",436.00,E,N,A,-,Y,,,,,,,,,,Y,4,0,1,2,A,-,03,22350,,N,C,C,A,A,H,-,A,D,0,,,,,Y,,A,01,0,0,1,0,0,0,0,0,0,"- ","- ",38.101869999999998,-122.22953,SOLANO,UNINCORPORATED,-122.22965000000001,38.100769999999997
90570598,2017,2017-10-16,9365,2017-10-07,2350,020506,,6,3,9,4800,0,1,3,,2,113,"SR-113 N/B","FRY RD",1000.00,S,N,A,-,N,,,,,,,,,,Y,2,0,4,2,A,-,01,23152,A,N,D,C,A,A,H,-,D,D,0,,,,,Y,Y,A,01,2,2,0,0,0,0,0,0,0,"- ","- ",38.195030000000003,-121.49238,SOLANO,UNINCORPORATED,-121.8232584,38.334313430000002
90570609,2017,2017-10-16,9365,2017-10-08,1305,017805,,7,1,6,4807,0,1,1,,2,080,"I-80 E/B","SOLANO/CONTRA COSTA COUNTY LINE",100.00,E,N,A,-,Y,,,,,,,,,,Y,4,0,1,1,A,-,08,22107,,N,E,I,A,A,H,-,A,D,0,,,,,Y,,A,01,0,0,1,0,0,0,0,0,0,"- ","- ",38.060380000000002,-122.22508000000001,SOLANO,VALLEJO,,
90571979,2017,2017-10-18,9365,2017-10-10,1725,019458,,2,2,6,4807,0,1,1,,2,080,"I-80 E/B","TENNESSEE RD.",528.00,W,N,A,-,Y,,,80,,,,,,E,Y,4,0,1,3,A,-,03,22350,,N,C,C,A,A,H,-,A,D,0,,,,,Y,,A,08,0,0,1,0,0,0,0,0,0,"- ","- ",38.108220000000003,-122.22948,SOLANO,VALLEJO,-122.22957645,38.108221120000003
9057409,2020,2020-07-20,4807,2020-03-08,1749,730,VALLE,7,5,6,4807,0,0,0,,0,002,"GEORGIA ST","ANNETTE AV",258.00,E,N,A,-,N,,,,,,,,,,Y,3,0,1,5,A,-,01,23152,A,N,C,E,A,A,H,-,A,D,0,,,,Y,Y,Y,A,01,0,1,0,0,0,0,0,0,0,"- ","- ",38.099830627441406,-122.22328948974609,SOLANO,VALLEJO,-122.22232055664062,38.099822998046875
90577217,2017,2017-10-26,9365,2017-10-14,0450,020615,,6,3,3,4802,0,1,1,,2,088,"I-80 W/B","DIXON AVE",1100.00,E,N,A,-,Y,,,80,,,,,,W,Y,4,0,1,2,A,-,01,23152,A,N,B,C,A,A,H,-,D,D,0,,,,,Y,Y,A,01,0,0,1,0,0,0,0,0,0,"- ","- ",38.447679999999998,-121.85653000000001,SOLANO,DIXON,-121.8565321,38.447682659999998
90578137,2017,2017-10-25,9365,2017-10-16,0740,015536,,1,1,5,4803,0,1,1,,2,086,"I-80 W/B","AIR BASE PKY",900.00,E,N,A,-,Y,,,80,,,,,,W,N,4,0,1,2,A,-,03,22350,,N,C,C,A,A,H,-,A,D,0,,,,,Y,,A,01,0,0,1,0,0,0,0,0,0,"- ","- ",38.277279999999998,-122.04651,SOLANO,FAIRFIELD,-122.04655412,38.277316390000003
90579668,2017,2017-10-26,9365,2017-10-16,0735,015293,,1,1,6,4807,0,1,3,,2,371,"SR-37 E/B","FAIRGROUNDS DRIVE U/C",1056.00,E,N,A,-,Y,,,37,,,,,,E,Y,3,0,1,2,A,-,07,21658,A,N,B,C,A,A,H,-,A,D,0,,,,,Y,,A,01,0,1,0,0,0,0,0,0,0,"- ","- ",38.141269999999999,-122.22806,SOLANO,VALLEJO,-122.22805995,38.141281319999997
90582975,2017,2017-10-30,9365,2017-10-20,2030,020299,,5,2,3,4802,0,1,1,,2,088,"I-80 E/B","DIXON AVE",70.00,E,N,A,-,Y,,,80,,,,,,E,Y,4,0,2,3,A,-,03,22350,,N,C,C,A,A,H,-,D,D,0,,,,,Y,,A,01,0,0,2,0,0,0,0,0,0,"- ","- ",38.44397,-121.86100999999999,SOLANO,DIXON,-121.86098496,38.443938039999999
90586287,2017,2017-11-02,9365,2017-10-23,1827,019790,,1,2,9,4800,0,1,1,,2,505,"I-505 S/B TO I-80 E/B","MONTE VISTA AVE",20.00,N,N,A,-,Y,,,,,,,,,,Y,3,0,1,1,A,-,01,23152,A,N,E,I,A,A,H,-,B,D,0,,,,,Y,Y,A,07,0,1,0,0,0,0,0,0,0,"- ","- ",38.37294,-121.95537,SOLANO,UNINCORPORATED,,
90588401,2017,2017-11-06,9365,2017-10-25,1504,019299,,3,2,9,4800,0,1,1,,2,087,"I-80 E/B","MIDWAY RD O/C",1000.00,W,N,A,-,Y,,,80,,,,,,E,Y,3,0,1,3,A,-,03,22350,,N,C,C,A,A,H,-,A,D,0,,,,,Y,,A,07,0,1,0,0,0,0,0,0,0,"- ","- ",38.411430000000003,-121.90344,SOLANO,UNINCORPORATED,-121.90347995,38.41148261
90588410,2017,2017-11-06,9365,2017-10-22,1500,017559,,7,2,9,4800,0,1,1,,2,089,"I-80 W/B","KIDWELL RD",40.00,E,N,A,-,Y,,,80,,,,,,W,Y,3,0,1,2,A,-,03,22350,,N,C,C,A,A,H,-,A,D,0,,,Y,,Y,,A,01,0,1,0,0,0,0,0,0,1,"- ","- ",38.505650000000003,-121.78554,SOLANO,UNINCORPORATED,-121.78558493,38.505698109999997
90588436,2017,2017-11-06,9365,2017-10-20,0910,017559,,5,1,5,4806,0,1,1,,2,086,"I-80 W/B","ALAMO DR",531.00,W,N,B,-,Y,,,80,,,,,,W,Y,4,0,1,1,C,-,18,,,N,E,I,A,B,H,-,A,D,0,,,,,Y,,-,"- ",0,0,1,0,0,0,0,0,0,"- ","- ",38.346449999999997,-121.99912999999999,SOLANO,VACAVILLE,-121.99890345,38.345854080000002
90588837,2017,2017-11-07,9365,2017-08-22,0120,020281,,2,3,5,4803,0,1,1,,2,083,"I-80 E/B TO SUISUN VALLEY ROAD","SUISUN VALLEY RD O/C",300.00,W,N,A,-,Y,,,80,,,,R,,E,Y,1,1,0,1,A,-,01,23152,A,N,E,I,A,A,H,-,D,D,0,,,,,Y,Y,A,01,0,0,0,0,0,0,0,0,0,"- ","- ",38.221919999999997,-122.12949,SOLANO,FAIRFIELD,-122.12949,38.221919999999997
90588981,2017,2017-11-07,9365,2017-10-26,1900,017820,,4,2,6,4807,0,1,1,,2,080,"I-80 W/B","GEORGIA ST",528.00,W,N,A,-,Y,,,80,,,,,,W,N,4,0,1,2,A,-,04,21703,,N,C,C,A,A,H,-,C,D,0,,,,,Y,,A,01,0,0,1,0,0,0,0,0,0,"- ","- ",38.098599999999998,-122.2299,SOLANO,VALLEJO,-122.22990857000001,38.098600070000003
90589486,2017,2017-11-07,9365,2017-10-26,0830,015293,,4,1,9,4800,0,1,1,,2,077,"I-780 W/B TO LEMON STREET","LEMON STREET",50.00,E,N,A,-,Y,,,780,,,,R,,W,N,3,0,1,2,A,-,21,22106,,N,C,C,A,A,H,-,A,A,0,,,,,Y,,A,01,0,1,0,0,0,0,0,0,0,"- ","- ",38.092739999999999,-122.23456,SOLANO,UNINCORPORATED,-122.23456,38.092739999999999
90589598,2017,2017-11-07,9365,2017-08-07,2500,020774,,1,4,6,4807,0,1,1,,2,081,"I-80 E/B TO SR-37 W/B","SR-37 W/B",468.00,W,N,A,-,Y,,,80,,,,R,,E,Y,1,1,0,1,A,-,01,23152,A,N,E,I,A,A,H,-,D,D,0,,,,,Y,Y,A,01,0,0,0,0,0,0,0,0,0,"- ","- ",38.136879999999998,-122.22024999999999,SOLANO,VALLEJO,-122.22024999999999,38.136879999999998
90590337,2017,2017-11-08,9365,2017-10-27,0218,020222,,5,3,9,4800,0,2,4,,2,302,"GIBSON CANYON RD","FARRELL RD",100.00,N,N,A,-,N,,,,,,,,,,Y,3,0,1,1,A,-,01,23152,A,N,E,I,A,A,H,-,D,D,0,,,,,Y,Y,A,01,0,1,0,0,0,0,0,0,0,"- ","- ",38.380200000000002,-121.99872999999999,SOLANO,UNINCORPORATED,-121.99844318,38.37970679
90590353,2017,2017-11-08,9365,2017-10-27,1905,020141,,5,2,5,4803,0,1,1,,2,084,"I-80 E/B","TRAVIS BLVD",400.00,W,N,A,-,Y,,,80,,,,,,E,Y,4,0,1,3,A,-,03,22350,,N,C,C,A,A,H,-,C,D,0,,,,,Y,,D,22,0,0,1,0,0,0,0,0,0,"- ","- ",38.251939999999998,-122.06738,SOLANO,FAIRFIELD,-122.06753839,38.252073379999999
90595139,2017,2017-11-15,9365,2017-11-04,0413,020432,,6,3,9,4800,0,1,1,,2,088,"I-80 W/B","PITT SCHOOL RD",1584.00,E,N,B,-,Y,,,80,,,,,,W,Y,3,0,1,2,A,-,01,23152,A,N,C,C,A,B,H,-,C,D,0,,,,Y,Y,Y,A,01,0,1,0,0,0,0,0,0,0,"- ","- ",38.463290000000001,-121.83654,SOLANO,UNINCORPORATED,-121.83650699,38.463247809999999
90595480,2017,2017-11-16,9365,2017-11-05,1740,020667,,7,2,9,4800,0,1,1,,2,505,"I-505 S/B",I-80,1584.00,N,N,A,-,Y,,,,,,,,,,N,4,0,1,2,A,-,03,22350,,N,C,C,A,A,H,-,D,D,0,,,,,Y,,A,08,0,0,1,0,0,0,0,0,0,"- ","- ",38.376420000000003,-121.95414,SOLANO,UNINCORPORATED,,