CASE_ID,ACCIDENT_YEAR,PROC_DATE,JURIS,COLLISION_DATE,COLLISION_TIME,OFFICER_ID,REPORTING_DISTRICT,DAY_OF_WEEK,CHP_SHIFT,POPULATION,CNTY_CITY_LOC,SPECIAL_COND,BEAT_TYPE,CHP_BEAT_TYPE,CITY_DIVISION_LAPD,CHP_BEAT_CLASS,BEAT_NUMBER,PRIMARY_RD,SECONDARY_RD,DISTANCE,DIRECTION,INTERSECTION,WEATHER_1,WEATHER_2,STATE_HWY_IND,CALTRANS_COUNTY,CALTRANS_DISTRICT,STATE_ROUTE,ROUTE_SUFFIX,POSTMILE_PREFIX,POSTMILE,LOCATION_TYPE,RAMP_INTERSECTION,SIDE_OF_HWY,TOW_AWAY,COLLISION_SEVERITY,NUMBER_KILLED,NUMBER_INJURED,PARTY_COUNT,PRIMARY_COLL_FACTOR,PCF_CODE_OF_VIOL,PCF_VIOL_CATEGORY,PCF_VIOLATION,PCF_VIOL_SUBSECTION,HIT_AND_RUN,TYPE_OF_COLLISION,MVIW,PED_ACTION,ROAD_SURFACE,ROAD_COND_1,ROAD_COND_2,LIGHTING,CONTROL_DEVICE,CHP_ROAD_TYPE,PEDESTRIAN_ACCIDENT,BICYCLE_ACCIDENT,MOTORCYCLE_ACCIDENT,TRUCK_ACCIDENT,NOT_PRIVATE_PROPERTY,ALCOHOL_INVOLVED,STWD_VEHTYPE_AT_FAULT,CHP_VEHTYPE_AT_FAULT,COUNT_SEVERE_INJ,COUNT_VISIBLE_INJ,COUNT_COMPLAINT_PAIN,COUNT_PED_KILLED,COUNT_PED_INJURED,COUNT_BICYCLIST_KILLED,COUNT_BICYCLIST_INJURED,COUNT_MC_KILLED,COUNT_MC_INJURED,PRIMARY_RAMP,SECONDARY_RAMP,LATITUDE,LONGITUDE,COUNTY,CITY,POINT_X,POINT_Y
90912505,2019,2019-01-25,9365,2019-01-21,1845,020565,,1,2,6,4807,0,1,1,,2,081,"I-80 W/B","REDWOOD ST. O/C",2112.00,E,N,A,-,Y,,,80,,,,,,W,Y,3,0,2,2,A,-,03,22350,,N,C,C,A,A,H,-,C,D,0,,,,,Y,,A,01,0,1,1,0,0,0,0,0,0,"- ","- ",38.127708435058594,-122.22756195068359,SOLANO,VALLEJO,-122.22750854492188,38.127674102783203
90912540,2019,2019-01-25,9365,2019-01-21,1245,015293,,1,1,6,4807,0,1,1,,2,080,"I-80 E/B","CARQUINEZ BRIDGE TOLL PLAZA (W/EDGE)",1584.00,W,N,A,-,Y,,,80,,,,,,E,Y,3,0,1,2,A,-,04,21703,,N,C,C,A,A,H,-,A,D,0,,,,,Y,,A,01,0,1,0,0,0,0,0,0,0,"- ","- ",38.065189361572266,-122.22545623779297,SOLANO,VALLEJO,-122.22557830810547,38.065181732177734
9091409,2019,2020-05-18,4807,2019-08-18,1539,#638,,7,5,6,4807,0,0,0,,0,002,"CEDAR ST","IDORA AV",0.00,,Y,A,-,N,,,,,,,,,,N,4,0,1,2,A,-,12,22450,A,N,D,C,A,A,H,-,A,A,0,,,,,Y,,A,01,0,0,1,0,0,0,0,0,0,"- ","- ",38.092819213867188,-122.22554779052734,SOLANO,VALLEJO,-122.22548675537109,38.092769622802734
90916261,2019,2019-01-31,9365,2019-01-21,1840,017559,,1,2,5,4806,0,1,1,,2,086,"I-80 W/B","MASON DR",200.00,E,N,A,-,Y,,,80,,,,,,W,Y,3,0,1,1,A,-,03,22350,,N,F,A,A,A,H,-,C,D,0,,,Y,,Y,,C,02,0,1,0,0,0,0,0,0,1,"- ","- ",38.355121612548828,-121.97795104980469,SOLANO,VACAVILLE,-121.97795867919922,38.355129241943359
90916380,2019,2019-01-31,9365,2019-01-25,1100,016505,,5,1,5,4803,0,1,1,,2,085,"I-80 E/B","AIRBASE PARKWAY",1000.00,E,N,A,-,Y,,,,,,,,,,Y,4,0,1,2,A,-,03,22350,,N,C,C,A,A,H,-,A,D,0,,,,,Y,,A,07,0,0,1,0,0,0,0,0,0,"- ","- ",38.181179046630859,-122.04282379150391,SOLANO,FAIRFIELD,-122.04950714111328,38.273410797119141
90917078,2019,2019-02-01,9365,2019-01-25,1615,020281,,5,2,9,4800,0,1,1,,2,001,"I-80 E/B","POMONA ST U/C",1848.00,E,N,A,-,Y,,,,,,,,,,N,4,0,5,2,A,-,03,22350,,N,C,C,A,A,H,-,A,D,0,,,,,Y,,D,22,0,0,5,0,0,0,0,0,0,"- ","- ",38.057109832763672,-122.22482299804688,SOLANO,UNINCORPORATED,,
90919171,2019,2019-02-05,9365,2019-02-02,0140,020633,,6,3,5,4806,0,1,1,,2,086,"I-80 W/B","I-505 S/B",100.00,E,N,C,-,Y,,,80,,,,,,W,Y,3,0,1,1,A,-,08,22107,,N,E,I,A,B,H,-,C,D,0,,,,,Y,,A,01,0,1,0,0,0,0,0,0,0,"- ","- ",38.369720458984375,-121.95731353759766,SOLANO,VACAVILLE,-121.95751190185547,38.370002746582031
90925172,2018,2019-02-15,9365,2018-07-13,1841,019458,,5,2,9,4800,0,1,1,,2,089,"I-80 W/B TO SR-113 N/B","OLD DAVIS RD",2535.00,W,N,A,-,Y,,,80,,,,R,,W,Y,1,1,0,1,A,-,08,22107,,N,E,I,A,A,H,-,A,D,0,,,,,Y,Y,A,01,0,0,0,0,0,0,0,0,0,"- ","- ",38.525901794433594,-121.76470184326172,SOLANO,UNINCORPORATED,-121.76470184326172,38.525901794433594
90925550,2019,2019-02-13,9365,2019-02-05,0825,017559,,2,1,9,4800,0,1,A,,2,030,"HAWKINS RD","CLARK RD",0.00,,Y,A,-,N,,,,,,,,,,Y,4,0,1,2,A,-,05,21460,C,N,D,C,A,A,H,-,A,D,0,,,,,Y,,D,22,0,0,1,0,0,0,0,0,0,"- ","- ",38.358730316162109,-121.85989379882812,SOLANO,UNINCORPORATED,-121.85990142822266,38.358718872070312
90927360,2018,2019-02-15,9365,2018-05-02,0315,018634,,3,3,5,4806,0,1,1,,2,087,"I-80 E/B TO LEISURE TOWN RD","LEISURE TOWN RD",793.00,W,N,A,-,Y,,,80,,,,R,,E,Y,1,1,0,1,A,-,01,23152,A,N,E,I,A,A,H,-,C,D,0,,,,,Y,Y,A,01,0,0,0,0,0,0,0,0,0,"- ","- ",38.386459350585938,-121.93498992919922,SOLANO,VACAVILLE,-121.93498992919922,38.386459350585938
90927472,2019,2019-02-15,9365,2019-02-06,0735,015293,,3,1,4,4801,0,1,1,,2,077,"I-780 E/B","SONOMA BL",1584.00,W,N,A,-,Y,,,780,,,,,,E,Y,3,0,2,2,A,-,03,22350,,N,C,C,A,A,H,-,A,D,0,,,,,Y,,A,01,0,2,0,0,0,0,0,0,0,"- ","- ",38.065860748291016,-122.17037963867188,SOLANO,BENICIA,-122.17038726806641,38.065837860107422
90928042,2019,2019-02-18,9365,2019-02-09,0900,017508,,6,1,5,4803,0,1,1,,2,084,"I-80 E/B","WEST TEXAS ST",1000.00,W,N,A,-,Y,,,80,,,,,,E,Y,3,0,1,2,A,-,08,22107,,N,D,C,A,A,H,-,A,D,0,,,,Y,Y,,A,01,0,1,0,0,0,0,0,0,0,"- ","- ",38.248031616210938,-122.07230377197266,SOLANO,FAIRFIELD,-122.07224273681641,38.247909545898438
90928448,2019,2019-02-19,9365,2019-02-11,0336,020734,,1,3,9,4800,0,1,3,,2,122,"SR-12 W/B","BRANSCOMBE RD",696.00,W,N,A,-,Y,,,,,,,,,,Y,3,0,1,1,A,-,08,22107,,N,E,I,A,A,H,-,C,D,0,,,,,Y,,A,01,0,1,0,0,0,0,0,0,0,"- ","- ",38.228481292724609,-122.95201110839844,SOLANO,UNINCORPORATED,-121.95417022705078,38.228488922119141
90928483,2019,2019-02-19,9365,2019-02-13,1300,016783,,3,1,9,4800,0,1,1,,2,089,"I-80 E/B","RICHARDS BLVD.",800.00,W,N,C,-,Y,,,80,,,,,,E,Y,4,0,1,2,A,-,03,22350,,N,D,C,A,B,H,-,A,D,0,,,,,Y,,A,01,0,0,1,0,0,0,0,0,0,"- ","- ",38.536811828613281,-121.73972320556641,SOLANO,UNINCORPORATED,-121.73956298828125,38.53662109375
90929932,2019,2019-02-20,9365,2019-02-14,1810,020281,,4,2,5,4803,0,1,1,,2,083,"I-80 E/B","SR-12 W/B (RIO VISTA)",4382.00,W,N,B,-,Y,,,,,,,,,,N,4,0,1,3,A,-,03,22350,,N,C,C,A,A,H,-,C,D,0,,,,,Y,,D,22,0,0,1,0,0,0,0,0,0,"- ","- ",38.234169006347656,-122.10532379150391,SOLANO,FAIRFIELD,,
90929952,2019,2019-02-20,9365,2019-02-15,0810,017735,,5,1,6,4807,0,1,3,,2,370,"SR-37 E/B","BROADWAY ST",250.00,E,N,B,-,Y,,,37,,,,,,E,Y,4,0,2,1,A,-,08,22107,,N,E,I,A,A,H,-,A,D,0,,,,,Y,,A,01,0,0,2,0,0,0,0,0,0,"- ","- ",38.142330169677734,-122.25125885009766,SOLANO,VALLEJO,-122.25126647949219,38.142356872558594
90930105,2018,2019-02-20,9365,2018-09-16,0001,021116,,7,3,6,4807,0,1,1,,2,081,"I-80 W/B","I-80 E/B TO SR-37 W/B",2060.00,W,N,A,-,Y,,,80,,,,,,W,Y,1,1,1,1,A,-,01,23152,F,N,F,A,A,A,H,-,D,D,0,,,,,Y,,A,01,0,1,0,0,0,0,0,0,0,"- ","- ",38.135330200195312,-122.22260284423828,SOLANO,VALLEJO,-122.22264862060547,38.135360717773438
90933137,2019,2019-02-25,9320,2019-02-21,0725,022123,,4,1,9,4800,0,1,1,,2,684,"I-680 S/B",I-780,1056.00,S,N,A,-,Y,,,,,,,,,,N,4,0,1,2,A,-,03,22350,,N,C,C,A,A,H,-,A,D,0,,,,,Y,,A,07,0,0,1,0,0,0,0,0,0,"- ","- ",38.047599792480469,-122.12860107421875,SOLANO,UNINCORPORATED,,
90933166,2019,2019-02-25,9365,2019-02-17,1835,020281,,7,2,6,4807,0,1,1,,2,080,"I-80 E/B","TOLL PLAZA O/C",30.00,W,N,B,-,Y,,,80,,,,,,E,N,4,0,1,2,A,-,08,22107,,M,B,C,A,A,H,-,C,A,0,,,,,Y,,A,01,0,0,1,0,0,0,0,0,0,"- ","- ",38.069061279296875,-122.22627258300781,SOLANO,VALLEJO,-122.22654724121094,38.068912506103516
90933204,2019,2019-02-25,9365,2019-02-18,2005,019299,,1,2,3,4802,0,1,1,,2,089,"I-80 E/B","SR-113 S/B",1000.00,E,N,A,-,Y,,,80,,,,,,E,Y,2,0,2,2,A,-,08,22107,,N,F,C,A,A,H,-,C,D,0,,,,,Y,,A,07,1,1,0,0,0,0,0,0,0,"- ","- ",38.47528076171875,-121.82074737548828,SOLANO,DIXON,-121.82073974609375,38.475265502929688
90933225,2019,2019-02-25,9365,2019-02-18,1120,021382,,1,1,6,4807,0,1,1,,2,081,"I-80 E/B","REDWOOD ST",1056.00,E,N,A,-,Y,,,80,,,,,,E,N,4,0,2,2,A,-,03,22350,,N,C,C,A,A,H,-,A,D,0,,,,Y,Y,,G,25,0,0,2,0,0,0,0,0,0,"- ","- ",38.126300811767578,-122.22810363769531,SOLANO,VALLEJO,-122.22810363769531,38.126300811767578
90934143,2019,2019-02-26,9365,2019-02-21,0405,020506,,4,3,5,4803,0,1,1,,2,083,"I-80 E/B","SUISUN VALLEY RD",1320.00,W,N,A,-,Y,,,80,,,,,,E,Y,3,0,2,1,A,-,08,22107,,N,E,I,A,A,H,-,D,D,0,,,,,Y,,A,01,0,2,0,0,0,0,0,0,0,"- ","- ",38.220169067382812,-122.13221740722656,SOLANO,FAIRFIELD,-122.13235473632812,38.220367431640625
90934570,2019,2019-02-26,9365,2019-02-22,1300,017735,,5,1,5,4803,0,1,1,,2,084,"I-80 W/B","AIR BASE PKWY",1100.00,W,N,A,-,Y,,,80,,,,,,W,Y,3,0,1,4,A,-,08,22107,,M,C,C,A,A,H,-,A,D,0,,,,,Y,,A,01,0,1,0,0,0,0,0,0,0,"- ","- ",38.268108367919922,-122.05446624755859,SOLANO,FAIRFIELD,-122.05442047119141,38.268070220947266
90935519,2019,2019-02-27,9365,2019-02-26,0920,016919,,2,1,5,4803,0,1,1,,2,084,"I-80 W/B","TRAVIS BLVD",45.00,W,N,C,-,Y,,,80,,,,,,W,Y,4,0,1,2,A,-,03,22350,,N,D,C,A,B,H,-,A,D,0,,,,,Y,,A,07,0,0,1,0,0,0,0,0,0,"- ","- ",38.258071899414062,-122.06288909912109,SOLANO,FAIRFIELD,-122.06285858154297,38.258045196533203
90936411,2019,2019-02-28,9365,2019-02-20,1807,018803,,3,2,5,4803,0,1,3,,2,122,"SR-12 E/B","CHADBOURNE RD",920.00,E,N,A,-,Y,,,12,,,,,,E,Y,3,0,2,1,A,-,08,22107,,N,F,A,A,A,H,-,C,D,0,,,,,Y,,D,22,0,1,1,0,0,0,0,0,0,"- ","- ",38.239841461181641,-122.080078125,SOLANO,FAIRFIELD,-122.080078125,38.239826202392578
9093835,2020,2020-11-20,4803,2020-04-12,1138,1714,,7,5,5,4803,0,0,0,,0,00S,"AUTO MALL PKWY","RT 80",85.00,E,N,A,-,Y,SOL,4,80,-,-,16.908,R,4,E,Y,3,0,1,1,A,-,08,22107,,N,E,I,A,A,H,-,A,D,0,,,,,Y,,A,07,0,1,0,0,0,0,0,0,0,"- ","- ",38.245998382568359,-122.07599639892578,SOLANO,FAIRFIELD,-122.07467651367188,38.247154235839844
9093839,2020,2020-06-10,4803,2020-04-11,1307,1525,4803,6,5,5,4803,0,0,0,,0,00S,"WEST TEXAS ST","GREGORY ST",85.00,W,N,A,-,N,,,,,,,,,,N,4,0,1,2,A,-,01,23152,F,F,C,C,A,A,H,-,A,A,0,,,,,Y,Y,A,01,0,0,1,0,0,0,0,0,0,"- ","- ",38.249298095703125,-122.05610656738281,SOLANO,FAIRFIELD,-122.05636596679688,38.249271392822266
90940727,2019,2019-03-06,9365,2019-03-01,1645,019927,,5,2,5,4803,0,1,1,,2,084,"I-80 E/B","WEST TEXAS STREET",500.00,W,N,A,-,Y,,,80,,,,,,E,Y,4,0,1,3,A,-,03,22350,,N,C,C,A,A,H,-,A,D,0,,,,,Y,,A,01,0,0,1,0,0,0,0,0,0,"- ","- ",38.247161865234375,-122.07309722900391,SOLANO,FAIRFIELD,-122.07322692871094,38.247570037841797
90941551,2019,2019-03-07,9365,2019-03-04,0748,019195,,1,1,6,4807,0,1,1,,2,081,"I-80 W/B","TENNESSEE ST",1835.00,E,N,B,C,Y,,,80,,,,,,W,Y,2,0,2,3,A,-,03,22350,,N,C,C,A,B,H,-,A,D,0,,,,,Y,,A,01,1,1,0,0,0,0,0,0,0,"- ","- ",38.114749908447266,-122.23002624511719,SOLANO,VALLEJO,-122.23007965087891,38.11474609375
90941562,2019,2019-03-07,9365,2019-03-05,1800,017747,,2,2,5,4803,0,1,1,,2,085,"I-80 E/B","AIR BASE PKWY",1320.00,E,N,B,C,Y,,,80,,,,,,E,N,4,0,2,3,A,-,03,22350,,N,C,C,A,B,H,-,D,D,0,,,,,Y,,D,22,0,0,2,0,0,0,0,0,0,"- ","- ",38.277400970458984,-122.0458984375,SOLANO,FAIRFIELD,-122.04604339599609,38.277519226074219
90941739,2019,2019-03-07,9365,2019-03-02,0515,017654,,6,3,9,4800,0,3,5,,2,040,"PEDRICK RD","DIXON AVE E",20.00,N,N,C,-,N,,,,,,,,,,Y,3,0,1,1,A,-,01,23152,A,N,E,I,A,B,H,-,D,D,0,,,,,Y,Y,A,01,0,1,0,0,0,0,0,0,0,"- ","- ",38.445178985595703,-121.80403900146484,SOLANO,UNINCORPORATED,-121.8040771484375,38.445465087890625
90943069,2019,2019-03-11,9365,2019-02-27,0825,016919,,3,1,9,4800,0,3,5,,2,020,"CORDELIA RD","PENNSYLVANIA AVE",5280.00,E,N,C,-,N,,,,,,,,,,Y,4,0,1,2,A,-,03,22350,,N,B,C,A,B,H,-,A,D,0,,,,,Y,,A,07,0,0,1,0,0,0,0,0,0,"- ","- ",38.235870361328125,-122.05082702636719,SOLANO,UNINCORPORATED,-122.05355834960938,38.235771179199219
90944646,2019,2019-03-12,9365,2019-03-09,1800,020281,,6,2,5,4806,0,1,1,,2,086,"I-80 W/B","PENA ADOBE RD O/C",370.00,W,N,B,C,Y,,,80,,,,,,W,Y,4,0,2,2,A,-,03,22350,,N,C,C,A,B,H,-,D,D,0,,,,,Y,,A,07,0,0,2,0,0,0,0,0,0,"- ","- ",38.334888458251953,-122.01789093017578,SOLANO,VACAVILLE,-122.0179443359375,38.334922790527344
90945161,2018,2019-04-08,9365,2018-08-10,0900,019494,,5,1,5,4803,0,1,1,,2,085,"INTERSTATE 80 WESTBOUND","MANUEL CAMPOS PARKWAY",1800.00,E,N,A,-,Y,,,80,,,,,,W,Y,1,2,1,4,A,-,03,22350,,N,C,E,E,A,H,-,A,D,0,Y,,,,Y,,D,22,0,1,0,1,0,0,0,0,0,"- ","- ",38.300388336181641,-122.03418731689453,SOLANO,FAIRFIELD,-122.03411865234375,38.300388336181641
9094685,2020,2020-08-18,4803,2020-04-21,1433,1691,,2,5,5,4803,0,0,0,,0,00E,"SUNSET AV","EAST TRAVIS BL",29.00,S,N,A,-,N,,,,,,,,,,,4,0,1,2,A,-,05,21650,,N,D,G,A,A,H,-,A,A,0,,Y,,,Y,,L,04,0,0,1,0,0,0,1,0,0,"- ","- ",38.2581787109375,-122.02001190185547,SOLANO,FAIRFIELD,-122.01998138427734,38.258029937744141
90947957,2019,2019-03-18,9365,2019-03-16,1617,020774,,6,2,6,4807,0,1,3,,2,371,"SR-37 W/B","WALNUT AVE",5280.00,W,N,A,-,Y,,,,,,,,,,N,4,0,2,2,A,-,03,22350,,N,C,C,A,A,H,-,A,D,0,,,,,Y,,A,01,0,0,2,0,0,0,0,0,0,"- ","- ",38.119819641113281,-122.30847930908203,SOLANO,VALLEJO,,
9094957,2020,2020-08-04,4803,2020-04-27,0106,1501,,1,5,5,4803,0,0,0,,0,00E,"SHORELINE CIR","SWAN LAKE DR",0.00,,Y,A,-,N,,,,,,,,,,,3,0,1,3,A,-,01,23152,A,M,C,E,A,A,H,-,C,D,0,,,,,Y,Y,A,01,0,1,0,0,0,0,0,0,0,"- ","- ",38.285789489746094,-122.00691223144531,SOLANO,FAIRFIELD,-122.00701141357422,38.285911560058594
90949672,2019,2019-03-20,9365,2019-03-14,0755,014264,,4,1,9,4800,0,3,5,,2,040,"MIDWAY RD","ROBBEN RD",0.00,,Y,A,-,N,,,,,,,,,,Y,3,0,1,2,A,-,12,22450,A,N,D,C,A,A,H,-,A,A,0,,,,,Y,,A,01,0,1,0,0,0,0,0,0,0,"- ","- ",38.245899200439453,-121.47109985351562,SOLANO,UNINCORPORATED,-121.78597259521484,38.41632080078125
90951751,2019,2019-03-22,9365,2019-03-14,1935,020281,,4,2,5,4806,0,1,1,,2,087,"I-80 W/B","MERIDIAN RD",3168.00,E,N,A,-,Y,,,80,,,,,,W,Y,4,0,1,2,A,-,01,23152,A,M,E,I,A,A,H,-,D,D,0,,,,Y,Y,Y,A,01,0,0,1,0,0,0,0,0,0,"- ","- ",38.409801483154297,-121.90593719482422,SOLANO,VACAVILLE,-121.90599822998047,38.409873962402344
90952677,2019,2019-03-25,9365,2019-03-17,1710,020774,,7,2,6,4807,0,1,1,,2,081,"I-80 W/B","TENNESSEE ST",500.00,E,N,A,-,Y,,,80,,,,,,W,Y,4,0,2,2,A,-,03,22350,,N,C,C,A,A,H,-,A,D,0,,,,,Y,,A,01,0,0,2,0,0,0,0,0,0,"- ","- ",38.112728118896484,-122.22985076904297,SOLANO,VALLEJO,-122.22992706298828,38.112724304199219
90952968,2019,2019-03-25,9365,2019-03-20,2010,020774,,3,2,6,4807,0,1,1,,2,080,"I-80 E/B","CAQUINEZ BRIDGE TOLL PLAZA",350.00,W,N,A,-,Y,,,80,,,,,,E,Y,4,0,2,2,A,-,07,21658,A,N,B,C,A,A,H,-,B,D,0,,,,,Y,,D,22,0,0,2,0,0,0,0,0,0,"- ","- ",38.068290710449219,-122.22648620605469,SOLANO,VALLEJO,-122.22627258300781,38.068405151367188
90953099,2018,2020-01-17,9365,2018-08-31,2030,018712,,5,2,9,4800,0,3,5,,2,040,"PITT SCHOOL RD","MIDWAY RD",1409.00,S,N,A,-,N,,,,,,,,,,Y,1,1,1,3,A,-,11,21956,,F,G,B,E,A,H,-,D,D,0,Y,,,,Y,Y,N,60,0,0,1,1,0,0,0,0,0,"- ","- ",38.412899017333984,-121.84130096435547,SOLANO,UNINCORPORATED,-121.84122467041016,38.412818908691406
90953342,2019,2019-03-26,9365,2019-03-17,2055,020068,,7,2,5,4803,0,1,1,,2,083,"I-80 E/B","RED TOP RD",900.00,E,N,A,-,Y,,,80,,,,,,E,Y,4,0,2,2,A,-,03,22350,,N,C,C,A,A,H,-,C,D,0,,,,,Y,,A,01,0,0,2,0,0,0,0,0,0,"- ","- ",38.203800201416016,-122.15480041503906,SOLANO,FAIRFIELD,-122.15484619140625,38.203849792480469
90955008,2019,2019-03-27,9365,2019-03-22,2340,021157,,5,3,6,4807,0,1,3,,2,370,"SR-37 E/B","WALNUT AVE",140.00,E,N,B,C,Y,,,37,,,,,,E,Y,4,0,1,1,A,-,08,22107,,N,E,I,A,B,H,-,C,D,0,,,,,Y,,A,01,0,0,1,0,0,0,0,0,0,"- ","- ",38.117439270019531,-122.28840637207031,SOLANO,VALLEJO,-122.28842163085938,38.117515563964844
90958288,2019,2019-04-01,9365,2019-03-22,1050,017508,,5,1,6,4807,0,1,1,,2,081,"I-80 E/B",SR-37,100.00,E,N,C,-,Y,,,80,,,,,,E,Y,4,0,1,1,A,-,03,22350,,N,E,I,A,B,H,-,A,D,0,,,,,Y,,A,01,0,0,1,0,0,0,0,0,0,"- ","- ",38.14447021484375,-122.21705627441406,SOLANO,VALLEJO,-122.2169189453125,38.144424438476562
90959533,2019,2019-04-02,9365,2019-03-28,1700,019927,,4,2,9,4800,0,1,3,,2,121,"SR-12 E/B","RED TOP RD",528.00,W,N,B,-,Y,,,12,,,,,,E,N,4,0,1,2,A,-,03,22350,,N,C,C,A,B,H,-,A,D,0,,,,,Y,,A,01,0,0,1,0,0,0,0,0,0,"- ","- ",38.207378387451172,-122.16050720214844,SOLANO,UNINCORPORATED,-122.16050720214844,38.2076416015625
90960360,2019,2019-04-03,9365,2019-03-30,1700,020068,,6,2,5,4803,0,1,1,,2,680,"I-680 S/B","BRIDGEPORT AVE",30.00,N,N,A,-,Y,,,,,,,,,,Y,4,0,1,2,A,-,03,22350,,N,C,C,A,A,H,-,A,D,0,,,,,Y,,A,07,0,0,1,0,0,0,0,0,0,"- ","- ",38.209781646728516,-122.12790679931641,SOLANO,FAIRFIELD,-122.13796997070312,38.209751129150391
90960875,2019,2019-04-04,9365,2019-03-30,1614,020579,,6,2,5,4806,0,1,1,,2,087,"I-80 E/B","LEISURE TOWN RD",3485.00,W,N,A,-,Y,,,80,,,,,,E,Y,4,0,3,2,A,-,03,22350,,N,C,C,A,A,H,-,A,D,0,,,,,Y,,A,01,0,0,3,0,0,0,0,0,0,"- ","- ",38.381328582763672,-121.94268035888672,SOLANO,VACAVILLE,-121.94264984130859,38.381290435791016
90963549,2019,2019-04-08,9365,2019-03-30,2050,020774,,6,2,6,4807,0,1,1,,2,080,"I-80 E/B","CARQUINEZ TOLL PLAZA",2904.00,W,N,A,-,Y,,,,,,,,,,Y,4,0,1,3,A,-,03,22350,,N,C,C,A,A,H,-,C,D,0,,,,,Y,,A,01,0,0,1,0,0,0,0,0,0,"- ","- ",38.060920715332031,-122.22506713867188,SOLANO,VALLEJO,,
90963677,2019,2019-04-08,9365,2019-04-08,0540,015293,,1,3,5,4806,0,1,1,,2,087,"I-80 W/B","MERIDIAN ROAD O/C",1584.00,E,N,B,-,Y,,,,,,,,,,Y,3,0,1,2,A,-,07,21658,A,N,D,C,A,A,H,-,D,D,0,,,,,Y,,A,01,0,1,0,0,0,0,0,0,0,"- ","- ",38.406951904296875,-122.90985107421875,SOLANO,VACAVILLE,-121.91011810302734,38.406715393066406
90964238,2019,2019-04-09,9365,2019-04-06,1210,016919,,6,1,9,4800,0,1,1,,2,680,"I-680 N/B","PARISH  RD O/C",1056.00,S,N,B,-,Y,,,680,,,,,,N,Y,3,0,1,2,A,-,07,21658,,N,B,C,A,A,H,-,A,D,0,,,Y,,Y,,C,02,0,1,0,0,0,0,0,0,1,"- ","- ",38.112159729003906,-122.10588836669922,SOLANO,UNINCORPORATED,-122.10581970214844,38.1121826171875
90964247,2019,2019-04-09,9365,2019-04-04,1805,020281,,4,2,5,4803,0,1,1,,2,084,"I-80 E/B","ROCKVILLE RD U/C",2534.00,W,N,B,-,Y,,,80,,,,,,E,N,4,0,2,4,A,-,03,22350,,M,C,C,A,A,H,-,A,D,0,,,,,Y,,-,99,0,0,2,0,0,0,0,0,0,"- ","- ",38.246341705322266,-122.07749176025391,SOLANO,FAIRFIELD,-122.07746124267578,38.246269226074219
90964281,2019,2019-04-09,9365,2019-04-06,1205,016505,,6,1,5,4803,0,1,1,,2,085,"I-80 E/B","MANUEL CAMPOS O/C",20.00,W,N,B,-,Y,,,80,,,,,,E,N,2,0,1,2,A,-,07,21658,A,N,B,C,A,A,H,-,A,D,0,,,Y,,Y,,A,07,1,0,0,0,0,0,0,0,1,"- ","- ",38.291519165039062,-122.03388214111328,SOLANO,FAIRFIELD,-122.03436279296875,38.291698455810547
90964835,2019,2019-04-10,9365,2019-04-03,0210,017805,,3,3,3,4802,0,1,1,,2,088,"I-80 E/B","PEDRICK RD",1150.00,E,N,A,-,Y,,,80,,,,,,E,Y,2,0,1,2,A,-,01,23152,A,N,C,C,A,A,H,-,C,D,0,,,,,Y,Y,A,08,1,0,0,0,0,0,0,0,0,"- ","- ",38.489791870117188,-121.80206298828125,SOLANO,DIXON,-121.80217742919922,38.48992919921875
9096652,2019,2020-05-19,4807,2019-02-24,1610,651,,7,5,6,4807,0,0,0,,0,007,"LEWIS BROWN DR","BROADWAY ST",5.00,W,N,A,-,N,,,,,,,,,,N,4,0,2,2,A,-,03,22350,,N,C,C,A,A,H,-,A,A,0,,,,,Y,Y,A,08,0,0,2,0,0,0,0,0,0,"- ","- ",38.141109466552734,-122.25231170654297,SOLANO,VALLEJO,-122.2523193359375,38.141017913818359
90968828,2019,2019-04-16,9365,2019-04-04,1125,015293,,4,1,6,4807,0,1,1,,2,080,"I-80 E/B TO I-780 E/B","I-80 E/B",225.00,S,N,B,-,Y,,,80,,,,R,,E,Y,3,0,1,1,A,-,08,22107,,N,E,I,A,B,H,-,A,D,0,,,,,Y,,A,01,0,1,0,0,0,0,0,0,0,"- ","- ",38.090229034423828,-122.22992706298828,SOLANO,VALLEJO,-122.22992706298828,38.090229034423828
90968874,2019,2019-04-16,9365,2019-04-13,1827,020774,,6,2,9,4800,0,1,3,,2,121,"SR-12 E/B","RED TOP RD",5438.00,W,N,A,-,Y,,,12,,,,,,E,Y,4,0,3,4,A,-,01,23152,A,N,C,C,A,A,H,-,A,A,0,,,,,Y,Y,A,07,0,0,3,0,0,0,0,0,0,"- ","- ",38.206508636474609,-122.17546081542969,SOLANO,UNINCORPORATED,-122.17545318603516,38.206466674804688