CASE_ID,ACCIDENT_YEAR,PROC_DATE,JURIS,COLLISION_DATE,COLLISION_TIME,OFFICER_ID,REPORTING_DISTRICT,DAY_OF_WEEK,CHP_SHIFT,POPULATION,CNTY_CITY_LOC,SPECIAL_COND,BEAT_TYPE,CHP_BEAT_TYPE,CITY_DIVISION_LAPD,CHP_BEAT_CLASS,BEAT_NUMBER,PRIMARY_RD,SECONDARY_RD,DISTANCE,DIRECTION,INTERSECTION,WEATHER_1,WEATHER_2,STATE_HWY_IND,CALTRANS_COUNTY,CALTRANS_DISTRICT,STATE_ROUTE,ROUTE_SUFFIX,POSTMILE_PREFIX,POSTMILE,LOCATION_TYPE,RAMP_INTERSECTION,SIDE_OF_HWY,TOW_AWAY,COLLISION_SEVERITY,NUMBER_KILLED,NUMBER_INJURED,PARTY_COUNT,PRIMARY_COLL_FACTOR,PCF_CODE_OF_VIOL,PCF_VIOL_CATEGORY,PCF_VIOLATION,PCF_VIOL_SUBSECTION,HIT_AND_RUN,TYPE_OF_COLLISION,MVIW,PED_ACTION,ROAD_SURFACE,ROAD_COND_1,ROAD_COND_2,LIGHTING,CONTROL_DEVICE,CHP_ROAD_TYPE,PEDESTRIAN_ACCIDENT,BICYCLE_ACCIDENT,MOTORCYCLE_ACCIDENT,TRUCK_ACCIDENT,NOT_PRIVATE_PROPERTY,ALCOHOL_INVOLVED,STWD_VEHTYPE_AT_FAULT,CHP_VEHTYPE_AT_FAULT,COUNT_SEVERE_INJ,COUNT_VISIBLE_INJ,COUNT_COMPLAINT_PAIN,COUNT_PED_KILLED,COUNT_PED_INJURED,COUNT_BICYCLIST_KILLED,COUNT_BICYCLIST_INJURED,COUNT_MC_KILLED,COUNT_MC_INJURED,PRIMARY_RAMP,SECONDARY_RAMP,LATITUDE,LONGITUDE,COUNTY,CITY,POINT_X,POINT_Y
82289961,2023,2024-01-18,4807,2023-12-16,"607 ",#768,,6,5,6,4807,0,0,0,,0,005,"BROADWAY ST","TENNESSEE ST",0.00,,Y,A,-,N,,,,,,,,,,N,4,0,1,2,A,-,12,21453,A,N,D,C,A,A,H,-,C,A,0,,,,,Y,,A,01,0,0,1,0,0,0,0,0,0,"- ","- ",38.109928131103516,-122.24862670898438,SOLANO,VALLEJO,-122.24860382080078,38.109897613525391
82296473,2024,2024-01-25,4803,2024-01-10,1721,504,,3,5,5,4803,0,0,0,,0,008,"CLAY BANK ROAD","MEADOWLARK DRIVE",0.00,,Y,B,-,N,,,,,,,,,,Y,3,0,1,2,A,-,09,21801,A,N,A,C,A,A,H,-,C,A,0,,,,,Y,,A,01,0,1,0,0,0,0,0,0,0,"- ","- ",38.267131805419922,-122.00708770751953,SOLANO,FAIRFIELD,-122.00724029541016,38.267063140869141
82302380,2023,2024-02-01,4803,2023-12-30,2120,1655,,6,5,5,4803,0,0,0,,0,001,"MANGELS BOULEVARD","BAROQUE DRIVE",0.00,,Y,C,-,N,,,,,,,,,,Y,3,0,1,1,A,-,03,22350,,N,E,I,A,B,H,-,C,D,0,,,,,Y,,A,01,0,1,0,0,0,0,0,0,0,"- ","- ",38.221229553222656,-122.14675140380859,SOLANO,FAIRFIELD,-122.14662933349609,38.221210479736328
82302381,2024,2024-02-01,4803,2024-01-15,1639,1750,,1,5,5,4803,0,0,0,,0,007,"WOOD HOLLOW COURT","PEPPERTREE DRIVE",0.00,,Y,A,-,N,,,,,,,,,,N,4,0,1,2,A,-,01,21200,5,N,A,G,A,A,H,-,A,D,0,,Y,,,Y,Y,L,04,0,0,1,0,0,0,1,0,0,"- ","- ",38.276580810546875,-122.01547241210938,SOLANO,FAIRFIELD,-122.01570892333984,38.276576995849609
82307430,2024,2024-02-07,4803,2024-02-06,"850 ",1656,,2,5,5,4803,0,0,0,,0,006,"SUNSET AVENUE","EAST TRAVIS BOULEVARD",300.00,S,N,A,-,N,,,,,,,,,,N,3,0,1,2,A,-,03,22350,,F,C,C,A,A,H,-,A,D,0,,,,,Y,,A,01,0,1,0,0,0,0,0,0,0,"- ","- ",38.2581787109375,-122.02001190185547,SOLANO,FAIRFIELD,-122.01988220214844,38.257293701171875
82307432,2024,2024-02-07,4803,2024-02-06,"948 ",1821,,2,5,5,4803,0,0,0,,0,005,"AIR BASE PARKWAY","HEATH DRIVE",55.00,W,N,A,B,N,,,,,,,,,,Y,4,0,1,2,A,-,03,22350,,N,C,C,A,A,H,-,A,A,0,,,,,Y,,A,01,0,0,1,0,0,0,0,0,0,"- ","- ",38.273128509521484,-122.04283905029297,SOLANO,FAIRFIELD,-122.04286193847656,38.272705078125
82309686,2024,2024-02-09,4805,2024-02-05,1255,CAR02,,1,5,4,4805,0,0,0,,0,001,"CORDELIA ST","SUISUN ST",0.00,,Y,A,-,Y,,,,,,,,,,Y,4,0,1,2,A,-,12,22450,A,N,D,C,A,B,H,-,A,A,0,,,,,Y,,A,01,0,0,1,0,0,0,0,0,0,"- ","- ",38.235691070556641,-122.04103851318359,SOLANO,"SUISUN CITY",-122.04144287109375,38.235870361328125
82312251,2024,2024-02-13,4803,2024-01-28,2301,1757,,7,5,5,4803,0,0,0,,0,007,"PEPPERTREE DRIVE","WOODMONT DRIVE",80.00,S,N,A,-,N,,,,,,,,,,Y,4,0,2,2,A,-,03,22350,,N,C,E,A,A,H,-,C,D,0,,,,,Y,,A,01,0,0,2,0,0,0,0,0,0,"- ","- ",38.275951385498047,-122.01210021972656,SOLANO,FAIRFIELD,-122.01242828369141,38.275760650634766
82314347,2024,2024-02-15,4805,2024-02-09,1644,GAL02,,5,5,4,4805,0,0,0,,0,001,"DRIFTWOOD DR","CIVIC CENTER BLVD",111.00,E,-,A,-,N,,,,,,,,,,N,4,0,1,2,A,-,09,21804,A,N,D,C,A,A,H,-,A,D,0,,,,,Y,,A,01,0,0,1,0,0,0,0,0,0,"- ","- ",38.241790771484375,-122.03997039794922,SOLANO,"SUISUN CITY",-122.03732299804688,38.241416931152344
82316728,2024,2024-02-19,4803,2024-02-14,1810,1536,4803,3,5,5,4803,0,0,0,,0,006,"OAK STREET","NORTH TEXAS STREET",283.00,W,N,C,-,N,,,,,,,,,,N,3,0,2,2,A,-,01,23152,A,N,D,C,A,B,H,-,C,D,0,,,,,Y,Y,A,07,0,1,1,0,0,0,0,0,0,"- ","- ",38.261920928955078,-122.03411865234375,SOLANO,FAIRFIELD,-122.03521728515625,38.261970520019531
82328012,2024,2024-03-04,4803,2024-02-12,"640 ",1822,,1,5,5,4803,0,0,0,,0,001,"PITTMAN ROAD","I 80 EB OFFRAMP",0.00,,Y,A,-,N,,,,,,,,,,Y,4,0,1,2,A,-,09,21453,B,N,D,C,A,A,H,-,C,A,0,,,,,Y,,A,01,0,0,1,0,0,0,0,0,0,"- ","- ",38.221630096435547,-122.12790679931641,SOLANO,FAIRFIELD,,
82328024,2024,2024-03-04,4803,2024-02-21,1145,1797,FPD,3,5,5,4803,0,0,0,,0,006,"SUNSET AVENUE","EAST TRAVIS BOULEVARD",318.00,N,N,A,-,N,,,,,,,,,,Y,3,0,1,2,A,-,09,21804,A,N,F,A,A,A,H,-,A,D,0,,,Y,,Y,,A,01,0,1,0,0,0,0,0,0,1,"- ","- ",38.258029937744141,-122.01997375488281,SOLANO,FAIRFIELD,-122.01992797851562,38.258983612060547
82328122,2024,2024-03-04,4807,2024-01-03,"720 ",#671,VALLE,3,5,6,4807,0,0,0,,0,004,"12TH ST","GEORGIA ST",0.00,,Y,A,-,N,,,,,,,,,,N,4,0,2,2,A,-,09,21802,A,N,D,C,A,B,H,-,A,A,0,,,,,Y,,A,01,0,0,2,0,0,0,0,0,0,"- ","- ",38.100841522216797,-122.23545837402344,SOLANO,VALLEJO,-122.23542785644531,38.100833892822266
82328242,2024,2024-03-11,4805,2024-02-25,"145 ",CAN01,,7,5,4,4805,0,0,0,,0,003,"WALTERS RD","THE NORTH PROLONGATION CURB LINE OF TAMAYO WY",355.00,S,-,A,-,N,,,,,,,,,,Y,4,0,2,2,A,-,01,23152,A,N,C,C,A,A,H,-,C,D,0,,,,,Y,Y,A,01,0,0,2,0,0,0,0,0,0,"- ","- ",38.263240814208984,-121.98754119873047,SOLANO,"SUISUN CITY",,
82333846,2024,2024-03-11,4805,2024-02-21,"924 ",CAR02,,3,5,4,4805,0,0,0,,0,001,"MARINA BL","HWY 12",0.00,,Y,A,-,N,,,,,,,,,,N,4,0,1,2,A,-,04,21703,,N,C,C,A,A,H,-,A,A,0,,,,,Y,,A,01,0,0,1,0,0,0,0,0,0,"- ","- ",38.246238708496094,-122.03175354003906,SOLANO,"SUISUN CITY",-122.03152465820312,38.24468994140625
82338850,2024,2024-03-15,4803,2024-02-21,1140,1823,,3,5,5,4803,0,0,0,,0,003,"MANUEL CAMPOS PARKWAY","I 80 EB ONRAMP",0.00,,Y,A,-,N,,,,,,,,,,N,3,0,1,2,A,-,03,22350,,N,C,C,A,A,H,-,A,A,0,,,,,Y,,A,01,0,1,0,0,0,0,0,0,0,"- ","- ",38.294750213623047,-122.03305816650391,SOLANO,FAIRFIELD,-122.03391265869141,38.295097351074219
82342361,2024,2024-03-20,4803,2024-03-14,2017,1784,,4,5,5,4803,0,0,0,,0,005,"NORTH TEXAS STREET","EAST PACIFIC AVENUE",0.00,,Y,A,-,N,,,,,,,,,,N,3,0,1,2,A,-,10,21950,A,N,G,B,B,A,H,-,C,A,0,Y,,,,Y,,A,01,0,1,0,0,1,0,0,0,0,"- ","- ",38.268669128417969,-122.03408813476562,SOLANO,FAIRFIELD,-122.03416442871094,38.268844604492188
82342363,2024,2024-03-20,4803,2024-03-16,1718,1745,,6,5,5,4803,0,0,0,,0,005,"DOVER AVENUE","AIR BASE PARKWAY",343.00,S,N,A,-,N,,,,,,,,,,Y,4,0,1,3,A,-,03,22350,,N,C,C,A,A,H,-,A,D,0,,,,,Y,,A,01,0,0,1,0,0,0,0,0,0,"- ","- ",38.272830963134766,-122.02507781982422,SOLANO,FAIRFIELD,-122.02491760253906,38.271778106689453
82342364,2024,2024-03-20,4803,2024-03-17,1543,1822,,7,5,5,4803,0,0,0,,0,001,"RED TOP ROAD","I 80 EB ONRAMP",0.00,,Y,A,-,Y,SOL,,80," ",R,11.400,H,,R,Y,4,0,2,2,A,-,12,22450,A,N,D,C,A,A,D,-,A,A,0,,,,,Y,,A,01,0,0,2,0,0,0,0,0,0,"- ","- ",38.201770782470703,-122.15672302246094,SOLANO,FAIRFIELD,-122.15696716308594,38.201950073242188
82345446,2024,2024-03-25,4803,2024-03-04,"913 ",1780,,1,5,5,4803,0,0,0,,0,006,"NORTH TEXAS STREET","EAST TABOR AVENUE",102.00,S,N,A,-,N,,,,,,,,,,N,3,0,2,2,A,-,09,21804,A,N,D,C,A,A,H,-,A,D,0,,,,,Y,,A,01,0,2,0,0,0,0,0,0,0,"- ","- ",38.265651702880859,-122.0341796875,SOLANO,FAIRFIELD,-122.03418731689453,38.265289306640625
82347881,2024,2024-03-27,4803,2024-03-01,1700,504,,5,5,5,4803,0,0,0,,0,003,"PARADISE VALLEY DRIVE","AVONDALE CIRCLE (E)",0.00,,Y,B,C,N,,,,,,,,,,Y,3,0,1,2,A,-,09,21802,A,N,A,C,A,B,H,-,A,A,0,,,,,Y,,A,01,0,1,0,0,0,0,0,0,0,"- ","- ",38.30255126953125,-122.02867126464844,SOLANO,FAIRFIELD,-122.03037261962891,38.301921844482422
82347884,2024,2024-03-27,4803,2024-03-14,1813,1745,,4,5,5,4803,0,0,0,,0,008,"AIR BASE PARKWAY","CLAY BANK ROAD",0.00,,Y,A,-,N,,,,,,,,,,Y,3,0,2,2,A,-,12,21453,A,N,D,C,A,A,H,-,A,A,0,,,,,Y,,A,01,0,2,0,0,0,0,0,0,0,"- ","- ",38.272579193115234,-122.00639343261719,SOLANO,FAIRFIELD,-122.006591796875,38.271816253662109
82351112,2024,2024-04-01,4805,2024-03-24,2123,ABD01,1,7,5,4,4805,0,0,0,,0,001,SACRAMENTO,"WEST ST",71.00,W,-,A,-,N,,,,,,,,,,Y,4,0,2,1,A,-,01,23152,A,N,E,I,A,A,H,-,C,D,0,,,,,Y,Y,A,01,0,0,2,0,0,0,0,0,0,"- ","- ",38.239109039306641,-122.04348754882812,SOLANO,"SUISUN CITY",-122.04344940185547,38.239170074462891
82357708,2024,2024-04-08,4803,2024-03-07,2052,1821,,4,5,5,4803,0,0,0,,0,005,"DOVER AVENUE","GOLD COAST DRIVE",0.00,,Y,A,-,N,,,,,,,,,,Y,4,0,2,2,B,-,22,,,N,D,C,A,A,H,-,C,D,0,,,,,Y,,D,83,0,0,2,0,0,0,0,0,0,"- ","- ",38.274131774902344,-122.02484130859375,SOLANO,FAIRFIELD,-122.02491760253906,38.274299621582031
82358005,2024,2024-04-08,4805,2024-03-31,2037,DEM02,,7,5,4,4805,0,0,0,,0,002,"PINTAIL DR","EMPEROR DR",0.00,,Y,A,-,N,,,,,,,,,,Y,3,0,2,2,A,-,12,22450,A,N,D,C,A,A,H,-,C,A,0,,,,,Y,,A,01,0,2,0,0,0,0,0,0,0,"- ","- ",38.247890472412109,-122.0048828125,SOLANO,"SUISUN CITY",-122.00485229492188,38.247875213623047
82361530,2024,2024-04-11,4803,2024-04-08,"943 ",1771,,1,5,5,4803,0,0,0,,0,001,"GREEN VALLEY ROAD","WESTLAKE DRIVE",36.00,S,N,A,-,N,,,,,,,,,,N,4,0,1,2,A,-,03,22350,,N,C,C,A,A,H,-,A,D,0,,,,,Y,,A,01,0,0,1,0,0,0,0,0,0,"- ","- ",38.226551055908203,-122.14724731445312,SOLANO,FAIRFIELD,-122.14720153808594,38.226486206054688
82361929,2024,2024-04-11,4805,2024-04-03,1804,KHA01,,3,5,4,4805,0,0,0,,0,003,"HIGHWAY 12","WALTERS RD",0.00,,Y,A,-,N,,,,,,,,,,N,3,0,1,2,A,-,12,21453,A,N,D,C,A,A,H,-,A,A,0,,,,,Y,,-,"- ",0,1,0,0,0,0,0,0,0,"- ","- ",38.242641448974609,-121.98827362060547,SOLANO,"SUISUN CITY",-121.98977661132812,38.240352630615234
82362632,2024,2024-04-12,4803,2024-04-08,"927 ",1697,,1,5,5,4803,0,0,0,,0,008,"EAST TABOR AVENUE","WALTERS ROAD",0.00,,Y,A,-,N,,,,,,,,,,N,2,0,2,2,A,-,03,22350,,N,C,C,A,A,H,-,A,A,0,,,,,Y,,A,01,1,0,1,0,0,0,0,0,0,"- ","- ",38.264759063720703,-121.98806762695312,SOLANO,FAIRFIELD,-121.98814392089844,38.264884948730469
82367370,2024,2024-04-18,4807,2024-01-14,"15  ",#760,VALLE,7,5,6,4807,0,0,0,,0,004,"LEMON ST","CURTOLA PKWY",0.00,,Y,A,-,N,,,,,,,,,,N,2,0,1,2,A,-,12,21453,A,N,D,C,A,A,H,-,C,A,0,,,,,Y,,A,01,1,0,0,0,0,0,0,0,0,"- ","- ",38.092689514160156,-122.23490142822266,SOLANO,VALLEJO,-122.23487091064453,38.092708587646484
82369199,2024,2024-04-22,4803,2024-04-13,"145 ",1803,,6,5,5,4803,0,0,0,,0,005,"DOVER AVENUE","SAN LORENZO STREET",14.00,S,N,A,-,N,,,,,,,,,,N,2,0,1,2,A,-,03,22350,,F,G,B,B,A,H,-,C,D,0,Y,,,,Y,Y,-,99,1,0,0,0,1,0,0,0,0,"- ","- ",38.266410827636719,-122.02472686767578,SOLANO,FAIRFIELD,-122.02496337890625,38.266403198242188
82369819,2024,2024-04-22,4807,2024-03-18,2016,G159,VALLE,1,5,6,4807,0,0,0,,0,004,"RONEY AV","SOLANO AV",37.00,W,N,A,-,N,,,,,,,,,,Y,3,0,1,2,A,-,05,21460,A,N,A,C,A,A,H,-,C,D,0,,,,,Y,,-,"- ",0,1,0,0,0,0,0,0,0,"- ","- ",38.103309631347656,-122.23573303222656,SOLANO,VALLEJO,-122.23574066162109,38.103290557861328
82376412,2024,2024-04-29,4803,2024-04-18,1709,1694,,4,5,5,4803,0,0,0,,0,002,"WEBSTER STREET","DELAWARE STREET",0.00,,Y,A,-,N,,,,,,,,,,N,3,0,1,2,A,-,09,21802,A,N,D,C,A,A,H,-,A,D,0,,,,,Y,,A,01,0,1,0,0,0,0,0,0,0,"- ","- ",38.246910095214844,-122.04326629638672,SOLANO,FAIRFIELD,-122.04322814941406,38.247013092041016
82376416,2024,2024-04-29,4803,2024-04-15,1630,1780,,1,5,5,4803,0,0,0,,0,002,"BECK AVENUE","CADENASSO DRIVE",27.00,E,N,A,-,N,,,,,,,,,,N,3,0,1,2,D,-,00,,,N,D,G,A,A,H,-,A,A,0,,Y,,,Y,,-,"- ",0,1,0,0,0,0,1,0,0,"- ","- ",38.247539520263672,-122.06620788574219,SOLANO,FAIRFIELD,-122.06623840332031,38.247398376464844
82379004,2024,2024-05-01,4803,2024-04-22,1305,606,NORTH,1,5,5,4803,0,0,0,,0,006,"NORTH TEXAS STREET","EAST TABOR AVENUE",286.00,S,N,A,-,N,,,,,,,,,,N,4,0,2,2,A,-,09,21801,A,N,D,C,A,A,H,-,A,A,0,,,,,Y,,A,08,0,0,2,0,0,0,0,0,0,"- ","- ",38.265651702880859,-122.0341796875,SOLANO,FAIRFIELD,-122.03420257568359,38.264785766601562
82380867,2024,2024-05-03,4803,2024-03-13,2256,1757,,3,5,5,4803,0,0,0,,0,007,"CEMENT HILL ROAD","BALTIC DRIVE",57.00,E,N,A,-,N,,,,,,,,,,N,3,0,1,2,A,-,08,22107,,F,C,G,A,A,H,-,C,D,0,,Y,,,Y,,-,99,0,1,0,0,0,0,1,0,0,"- ","- ",38.279888153076172,-122.01982879638672,SOLANO,FAIRFIELD,-122.01953887939453,38.279838562011719
82385558,2024,2024-05-09,4807,2024-03-21,1106,#2103,,4,5,6,4807,0,0,0,,0,001,"PLAZA DR","TURNER PKWY",0.00,,Y,A,-,N,,,,,,,,,,Y,4,0,1,2,A,-,09,21802,A,N,D,C,A,A,H,-,A,A,0,,,,,Y,,-,"- ",0,0,1,0,0,0,0,0,0,"- ","- ",38.131561279296875,-122.21533966064453,SOLANO,VALLEJO,-122.21524810791016,38.131561279296875
82385559,2024,2024-05-09,4807,2024-03-22,"701 ",#672,,5,5,6,4807,0,0,0,,0,004,"GEORGIA ST","AMADOR ST (S)",0.00,,Y,A,-,N,,,,,,,,,,Y,3,0,1,2,A,-,12,21453,A,N,D,C,A,A,H,-,B,A,0,,,,,Y,,A,01,0,1,0,0,0,0,0,0,0,"- ","- ",38.100551605224609,-122.24333190917969,SOLANO,VALLEJO,-122.24337005615234,38.100933074951172
82385561,2024,2024-05-09,4807,2024-03-24,1517,#762,,7,5,6,4807,0,0,0,,0,004,"CURTOLA PKWY","SONOMA BL",0.00,,Y,B,-,N,,,,,,,,,,N,3,0,1,4,C,-,18,,,N,C,C,A,A,H,-,A,A,0,,,,,Y,,-,"- ",0,1,0,0,0,0,0,0,0,"- ","- ",38.097099304199219,-122.25504302978516,SOLANO,VALLEJO,-122.25506591796875,38.097080230712891
82385562,2024,2024-05-09,4807,2024-03-24,1855,#760,,7,5,6,4807,0,0,0,,0,002,"BENICIA RD","MAPLE AV",0.00,,Y,A,-,N,,,,,,,,,,Y,2,0,1,1,A,-,08,22107,,N,E,I,A,A,H,-,A,A,0,,,Y,,Y,,C,02,1,0,0,0,0,0,0,0,1,"- ","- ",38.093070983886719,-122.22238922119141,SOLANO,VALLEJO,-122.22235107421875,38.093040466308594
82385827,2024,2024-05-09,4805,2024-04-30,1130,VER01,,2,5,4,4805,0,0,0,,0,003,"RAILROAD AV","SUNSET AVE",0.00,,Y,A,-,N,,,,,,,,,,N,4,0,1,2,A,-,00,23451,,N,B,C,A,A,H,-,A,A,0,,,,,Y,,A,01,0,0,1,0,0,0,0,0,0,"- ","- ",38.253780364990234,-122.01994323730469,SOLANO,"SUISUN CITY",-122.01985168457031,38.256237030029297
82387386,2024,2024-05-13,4807,2024-03-31,1456,G159,,7,5,6,4807,0,0,0,,0,003,"PUEBLO WY","DEL SUR ST",201.00,W,N,A,-,N,,,,,,,,,,N,3,0,1,2,A,-,11,21954,A,N,D,G,A,A,H,-,A,D,0,,Y,,,Y,,L,04,0,1,0,0,0,0,1,0,0,"- ","- ",38.079818725585938,-122.22744750976562,SOLANO,VALLEJO,-122.22810363769531,38.079856872558594
82391014,2024,2024-05-16,4805,2024-05-14,"41  ",ABD01,,2,5,4,4805,0,0,0,,0,001,"HWY 12","MARINA CENTER",0.00,,Y,A,-,Y,SOL,,12," ",R,5.149,H,,R,N,2,0,1,2,A,-,11,21954,A,F,G,B,D,A,H,-,C,D,0,Y,,,,Y,Y,N,60,1,0,0,0,1,0,0,0,0,"- ","- ",38.244480133056641,-122.03156280517578,SOLANO,"SUISUN CITY",-122.03156280517578,38.244476318359375
82392158,2024,2024-05-17,4803,2024-05-06,1829,1785,,1,5,5,4803,0,0,0,,0,005,"AIR BASE PARKWAY","HEATH DRIVE",414.00,E,N,A,-,N,,,,,,,,,,N,3,0,1,2,A,-,03,22350,,N,C,C,A,A,H,-,A,D,0,,,,,Y,,A,01,0,1,0,0,0,0,0,0,0,"- ","- ",38.273128509521484,-122.04283905029297,SOLANO,FAIRFIELD,-122.04339599609375,38.272891998291016
82393086,2024,2024-05-20,4803,2024-05-09,1913,1820,,4,5,5,4803,0,0,0,,0,008,"PEABODY ROAD","AIR BASE PARKWAY",5.00,N,N,A,-,N,,,,,,,,,,N,4,0,1,1,A,-,03,22350,,N,F,A,A,A,H,-,A,D,0,,,Y,,Y,,C,02,0,0,1,0,0,0,0,0,1,"- ","- ",38.272529602050781,-121.96958923339844,SOLANO,FAIRFIELD,-121.96973419189453,38.273704528808594
82396603,2024,2024-05-23,4803,2024-05-19,2313,1750,,7,5,5,4803,0,0,0,,0,008,"PEABODY ROAD","CHUCK HAMMOND DRIVE",0.00,,Y,A,-,N,,,,,,,,,,Y,3,0,1,1,A,-,03,22350,,N,F,A,A,A,H,-,C,A,0,,,,,Y,,A,01,0,1,0,0,0,0,0,0,0,"- ","- ",38.303970336914062,-121.97042846679688,SOLANO,FAIRFIELD,-121.97058868408203,38.304088592529297
82397629,2024,2024-05-24,4803,2024-05-16,"454 ",1802,,4,5,5,4803,0,0,0,,0,002,"PENNSYLVANIA AVENUE","CROWLEY LANE",0.00,,Y,A,-,N,,,,,,,,,,N,4,0,1,2,A,-,09,21802,A,N,B,C,A,A,H,-,C,D,0,,,,,Y,,A,01,0,0,1,0,0,0,0,0,0,"- ","- ",38.247501373291016,-122.04978942871094,SOLANO,FAIRFIELD,-122.04999542236328,38.247604370117188
82398686,2023,2024-05-27,4807,2023-04-04,1734,#751,,2,5,6,4807,0,0,0,,0,005,"TUOLUMNE ST","NEBRASKA ST",0.00,,Y,A,-,N,,,,,,,,,,Y,4,0,1,3,A,-,09,21801,A,N,D,C,A,A,H,-,A,A,0,,,,,Y,,A,01,0,0,1,0,0,0,0,0,0,"- ","- ",38.113399505615234,-122.23815155029297,SOLANO,VALLEJO,-122.23815155029297,38.113479614257812
82398691,2024,2024-05-27,4807,2024-02-02,1111,#672,,5,5,6,4807,0,0,0,,0,004,"CURTOLA PKWY","SOLANO AV",1000.00,E,N,B,-,N,,,,,,,,,,Y,2,0,1,2,A,-,05,21651,A,F,A,C,A,B,H,-,A,D,0,,,,,Y,,A,01,1,0,0,0,0,0,0,0,0,"- ","- ",38.096969604492188,-122.24687957763672,SOLANO,VALLEJO,-122.24421691894531,38.095409393310547
82412154,2024,2024-06-12,4803,2024-06-04,1545,1697,,2,5,5,4803,0,0,0,,0,005,"UNION AVENUE","TABOR AVENUE",0.00,,Y,A,-,N,,,,,,,,,,N,4,0,1,2,A,-,12,22450,,F,D,C,A,A,H,-,A,A,0,,,,,Y,,A,01,0,0,1,0,0,0,0,0,0,"- ","- ",38.265430450439453,-122.04518127441406,SOLANO,FAIRFIELD,-122.04046630859375,38.265480041503906
82415483,2024,2024-06-24,4805,2024-05-30,1535,OLS01,,4,5,4,4805,0,0,0,,0,002,"STATE ROUTE 12","SUNSET AVE.",126.00,W,-,A,-,Y,SOL,,12," "," ",5.759,H,,R,Y,2,0,2,5,A,-,01,23152,F,N,C,C,A,A,H,-,A,A,0,,,,,Y,,A,01,1,1,0,0,0,0,0,0,0,"- ","- ",38.2435302734375,-122.02037048339844,SOLANO,"SUISUN CITY",-122.02037048339844,38.243515014648438
82418923,2024,2024-06-20,4803,2024-06-18,1750,1822,,2,5,5,4803,0,0,0,,0,005,"DOVER AVENUE","AIR BASE PARKWAY",40.00,N,N,A,-,N,,,,,,,,,,N,4,0,1,2,-,-,"- ",,,N,C,C,A,A,H,-,A,A,0,,,,,Y,,-,"- ",0,0,1,0,0,0,0,0,0,"- ","- ",38.272598266601562,-122.02484893798828,SOLANO,FAIRFIELD,-122.02491760253906,38.272830963134766
82419853,2024,2024-06-21,4803,2024-06-08,1054,1697,,6,5,5,4803,0,0,0,,0,005,"NORTH TEXAS STREET","EAST PACIFIC AVENUE",253.00,N,N,A,-,N,,,,,,,,,,N,4,0,1,2,A,-,17,21235,G,F,D,C,A,A,H,-,A,D,0,,,Y,,Y,,C,03,0,0,1,0,0,0,0,0,1,"- ","- ",38.268928527832031,-122.03414916992188,SOLANO,FAIRFIELD,-122.03417205810547,38.269546508789062
82419856,2024,2024-06-21,4803,2024-06-11,"953 ",1818,,2,5,5,4803,0,0,0,,0,007,"AIR BASE PARKWAY","DOVER AVENUE",0.00,,Y,A,-,N,,,,,,,,,,Y,3,0,1,2,A,-,09,21806,A,N,D,C,A,A,H,-,A,A,0,,,,,Y,,-,"- ",0,1,0,0,0,0,0,0,0,"- ","- ",38.272830963134766,-122.02507781982422,SOLANO,FAIRFIELD,-122.02491760253906,38.272716522216797
82419858,2024,2024-06-21,4803,2024-06-12,"503 ",1683,,3,5,5,4803,0,0,0,,0,002,"WB HWY 12","PENNSYLVANIA AVE",0.00,,Y,A,-,N,,,,,,,,,,Y,3,0,1,3,A,-,12,21453,A,N,D,C,A,A,H,-,B,A,0,,,,,Y,,A,01,0,1,0,0,0,0,0,0,0,"- ","- ",,,SOLANO,FAIRFIELD,-122.05046081542969,38.241340637207031
82419860,2024,2024-06-21,4803,2024-06-18,1246,1697,,2,5,5,4803,0,0,0,,0,005,"ALASKA AVENUE","NORTH TEXAS STREET",471.00,W,N,A,-,N,,,,,,,,,,N,4,0,1,2,A,-,08,22107,,F,B,E,A,A,H,-,A,D,0,,,,,Y,,-,99,0,0,1,0,0,0,0,0,0,"- ","- ",38.271148681640625,-122.03411102294922,SOLANO,FAIRFIELD,-122.03524017333984,38.271995544433594
82421269,2024,2024-06-24,4805,2024-06-22,"221 ",FLO02,,6,5,4,4805,0,0,0,,0,002,"PINTAIL DR","EMPEROR DR",0.00,,Y,A,-,N,,,,,,,,,,Y,4,0,2,2,A,-,01,23140,A,N,C,C,A,A,H,-,C,A,0,,,,,Y,Y,A,01,0,0,2,0,0,0,0,0,0,"- ","- ",38.247890472412109,-122.00486755371094,SOLANO,"SUISUN CITY",-122.00485229492188,38.247875213623047
82423463,2024,2024-06-26,4803,2024-06-21,"651 ",1780,,5,5,5,4803,0,0,0,,0,008,"VANDEN ROAD","CANON ROAD",100.00,N,N,A,-,N,,,,,,,,,,N,3,0,1,3,A,-,03,22350,,N,C,C,A,A,H,-,A,D,0,,,,,Y,,D,22,0,1,0,0,0,0,0,0,0,"- ","- ",38.305011749267578,-121.94930267333984,SOLANO,FAIRFIELD,-121.94910430908203,38.302280426025391