CASE_ID,ACCIDENT_YEAR,PROC_DATE,JURIS,COLLISION_DATE,COLLISION_TIME,OFFICER_ID,REPORTING_DISTRICT,DAY_OF_WEEK,CHP_SHIFT,POPULATION,CNTY_CITY_LOC,SPECIAL_COND,BEAT_TYPE,CHP_BEAT_TYPE,CITY_DIVISION_LAPD,CHP_BEAT_CLASS,BEAT_NUMBER,PRIMARY_RD,SECONDARY_RD,DISTANCE,DIRECTION,INTERSECTION,WEATHER_1,WEATHER_2,STATE_HWY_IND,CALTRANS_COUNTY,CALTRANS_DISTRICT,STATE_ROUTE,ROUTE_SUFFIX,POSTMILE_PREFIX,POSTMILE,LOCATION_TYPE,RAMP_INTERSECTION,SIDE_OF_HWY,TOW_AWAY,COLLISION_SEVERITY,NUMBER_KILLED,NUMBER_INJURED,PARTY_COUNT,PRIMARY_COLL_FACTOR,PCF_CODE_OF_VIOL,PCF_VIOL_CATEGORY,PCF_VIOLATION,PCF_VIOL_SUBSECTION,HIT_AND_RUN,TYPE_OF_COLLISION,MVIW,PED_ACTION,ROAD_SURFACE,ROAD_COND_1,ROAD_COND_2,LIGHTING,CONTROL_DEVICE,CHP_ROAD_TYPE,PEDESTRIAN_ACCIDENT,BICYCLE_ACCIDENT,MOTORCYCLE_ACCIDENT,TRUCK_ACCIDENT,NOT_PRIVATE_PROPERTY,ALCOHOL_INVOLVED,STWD_VEHTYPE_AT_FAULT,CHP_VEHTYPE_AT_FAULT,COUNT_SEVERE_INJ,COUNT_VISIBLE_INJ,COUNT_COMPLAINT_PAIN,COUNT_PED_KILLED,COUNT_PED_INJURED,COUNT_BICYCLIST_KILLED,COUNT_BICYCLIST_INJURED,COUNT_MC_KILLED,COUNT_MC_INJURED,PRIMARY_RAMP,SECONDARY_RAMP,LATITUDE,LONGITUDE,COUNTY,CITY,POINT_X,POINT_Y
84415793,2024,2024-10-02,4807,2024-08-25,"30  ",#672,,7,5,6,4807,0,0,0,,0,004,"MARITIME ACADEMY DR","SONOMA BL",0.00,,Y,A,-,N,,,,,,,,,,N,2,0,1,2,A,-,10,21950,C,F,G,B,E,A,H,-,C,D,0,Y,,,,Y,,-,99,1,0,0,0,1,0,0,0,0,"- ","- ",38.077461242675781,-122.23388671875,SOLANO,VALLEJO,-122.23381042480469,38.077434539794922
84417351,2024,2024-10-03,4807,2024-08-04,"39  ",#719,,7,5,6,4807,0,0,0,,0,005,"SONOMA BL","TENNESSEE ST",0.00,,Y,A,-,N,,,,,,,,,,N,2,0,1,2,A,-,08,22107,,F,G,B,E,A,H,-,C,A,0,Y,,,,Y,,D,22,1,0,0,0,1,0,0,0,0,"- ","- ",38.109981536865234,-122.25476837158203,SOLANO,VALLEJO,-122.25473022460938,38.1099853515625
84417816,2024,2024-10-03,4805,2024-09-25,1935,GAL02,,3,5,4,4805,0,0,0,,0,001,"STATE ROUTE 12","GRIZZLY ISLAND RD",69.00,E,-,A,-,Y,SOL,,12," "," ",5.759,H,,R,N,2,0,1,2,A,-,00,38300,,N,G,G,A,A,H,-,C,A,0,,Y,,,Y,,L,04,1,0,0,0,0,0,1,0,0,"- ","- ",38.2435302734375,-122.02037048339844,SOLANO,"SUISUN CITY",-122.02037048339844,38.243515014648438
8442344,2017,2017-08-30,4801,2017-07-25,0744,3895,BENIC,2,5,4,4801,0,0,0,,0,002,"E L ST","E 3RD ST",0.00,,Y,A,-,N,,,,,,,,,,N,3,0,1,2,A,-,09,21802,A,N,A,G,A,A,H,-,A,A,0,,Y,,,Y,,A,01,0,1,0,0,0,0,1,0,0,"- ","- ",,,SOLANO,BENICIA,-122.15150986,38.051929889999997
84424242,2024,2024-10-09,4805,2024-10-06,1901,DEM02,,7,5,4,4805,0,0,0,,0,002,"PINTAIL DR","SUNSET AVE",0.00,,Y,A,-,N,,,,,,,,,,N,4,0,1,2,A,-,09,21801,A,M,A,C,A,A,H,-,B,A,0,,,,,Y,,A,01,0,0,1,0,0,0,0,0,0,"- ","- ",38.249351501464844,-122.02039337158203,SOLANO,"SUISUN CITY",-122.02052307128906,38.249317169189453
84424255,2024,2024-10-09,4805,2024-09-08,"440 ",GAL02,,7,5,4,4805,0,0,0,,0,001,"SUNSET AVE","CANVASBACK DRIVE",32.00,N,-,A,-,N,,,,,,,,,,Y,4,0,1,1,A,-,03,22350,,N,E,J,A,A,H,-,C,A,0,,,,,Y,Y,A,01,0,0,1,0,0,0,0,0,0,"- ","- ",38.253780364990234,-122.01995086669922,SOLANO,"SUISUN CITY",-122.01995086669922,38.253040313720703
84424278,2024,2024-10-09,4805,2024-08-21,1630,CON01,,3,5,4,4805,0,0,0,,0,001,"108 RAILROAD AV","BROOKSIDE DR",300.00,E,-,A,-,N,,,,,,,,,,Y,4,0,1,2,A,-,09,21804,A,N,D,C,A,A,H,-,A,D,0,,,,,Y,,A,01,0,0,1,0,0,0,0,0,0,"- ","- ",38.249988555908203,-122.03159332275391,SOLANO,"SUISUN CITY",-122.03050994873047,38.250019073486328
84427048,2024,2024-10-11,4803,2024-10-07,2049,1739,,1,5,5,4803,0,0,0,,0,00E,"WOODMONT DRIVE","CHARTER LANE",0.00,,Y,A,-,N,,,,,,,,,,Y,3,0,1,3,A,-,09,21801,A,N,D,E,A,A,H,-,C,D,0,,,,,Y,,A,01,0,1,0,0,0,0,0,0,0,"- ","- ",38.277450561523438,-122.01019287109375,SOLANO,FAIRFIELD,-122.01031494140625,38.277538299560547
84428510,2024,2024-10-11,4805,2024-09-03,"640 ",VER01,,2,5,4,4805,0,0,0,,0,002,"LAWLER RANCH PKWY","JOHNSTON WY",335.00,S,-,A,-,N,,,,,,,,,,Y,4,0,1,1,A,-,08,22107,,N,E,J,A,A,H,-,B,D,0,,,,,Y,,A,01,0,0,1,0,0,0,0,0,0,"- ","- ",38.239761352539062,-122.00464630126953,SOLANO,"SUISUN CITY",-122.00502014160156,38.239852905273438
84437441,2024,2024-10-21,4807,2024-09-12,1717,#783,,4,5,6,4807,0,0,0,,0,007,"FAIRGROUNDS DR","HIGHWAY 37 E",0.00,,Y,A,-,N,,,,,,,,,,N,4,0,1,2,A,-,12,21453,A,N,D,C,A,A,H,-,A,A,0,,,,,Y,,A,01,0,0,1,0,0,0,0,0,0,"- ","- ",,,SOLANO,VALLEJO,-122.23256683349609,38.141242980957031
84438049,2024,2024-10-21,4807,2024-09-15,1122,#784,,7,5,6,4807,0,0,0,,0,002,"GEORGIA ST","STEFFAN ST",29.00,N,N,A,-,N,,,,,,,,,,Y,4,0,2,2,A,-,12,21453,A,N,D,C,A,A,H,-,A,A,0,,,,,Y,,-,"- ",0,0,2,0,0,0,0,0,0,"- ","- ",38.100841522216797,-122.22850036621094,SOLANO,VALLEJO,-122.22849273681641,38.10076904296875
8443944,2017,2017-09-11,4807,2017-08-01,0635,592,VALLE,2,5,6,4807,0,0,0,,0,001,REDWOOD,"ADMIRAL CALLAGHAN LN",0.00,,Y,A,-,N,,,,,,,,,,N,4,0,1,2,A,-,12,21453,A,F,B,G,A,A,H,-,B,A,0,,Y,,,Y,,L,04,0,0,1,0,0,0,1,0,0,"- ","- ",,,SOLANO,VALLEJO,-122.22790998000001,38.123549959999998
84439916,2024,2025-08-04,4805,2024-10-13,1933,KHA01,,7,5,4,4805,0,0,0,,0,003,"RAILROAD AVE","HUMPHREY DRIVE",446.00,E,-,A,-,N,,,,,,,,,,N,2,0,2,3,A,-,03,22350,,F,G,B,A,A,H,-,D,D,0,,,,,Y,,A,01,1,1,0,0,0,0,0,0,0,"- ","- ",38.264080047607422,-122.0059814453125,SOLANO,"SUISUN CITY",-122.00590515136719,38.264381408691406
84441276,2024,2024-10-23,4803,2024-10-18,"800 ",1742,,5,5,5,4803,0,0,0,,0,00S,"BUSINESS CENTER DRIVE","GREEN VALLEY ROAD",34.00,W,N,A,-,N,,,,,,,,,,N,4,0,1,2,D,-,00,,,F,C,C,A,A,H,-,A,A,0,,,,,Y,,-,"- ",0,0,1,0,0,0,0,0,0,"- ","- ",38.218379974365234,-122.14115905761719,SOLANO,FAIRFIELD,-122.14151763916016,38.218219757080078
8444377,2017,2017-09-13,4807,2017-06-30,1823,675,4807,5,5,6,4807,0,0,0,,0,004,"CURTOLA PKWY","LEMON ST",0.00,,Y,A,-,N,,,,,,,,,,Y,4,0,1,2,A,-,04,21703,,N,C,C,A,A,H,-,A,A,0,,,Y,,Y,,C,02,0,0,1,0,0,0,0,0,1,"- ","- ",,,SOLANO,VALLEJO,-122.23486998,38.092709890000002
84446196,2024,2024-10-28,4803,2024-09-15,"110 ",1749,,7,5,5,4803,0,0,0,,0,00S,"TEXAS STREET","CLAY STREET",170.00,E,N,A,-,N,,,,,,,,,,Y,4,0,1,2,A,-,08,22107,,N,C,C,A,A,H,-,C,A,0,,,,,Y,,A,01,0,0,1,0,0,0,0,0,0,"- ","- ",38.249271392822266,-122.03781127929688,SOLANO,FAIRFIELD,-122.03727722167969,38.249221801757812
84446199,2024,2024-10-28,4803,2024-10-11,"502 ",1749,,5,5,5,4803,0,0,0,,0,00S,"JACKSON STREET","SR 12 WB OFFRAMP",110.00,N,N,A,-,N,,,,,,,,,,N,4,0,1,2,A,-,09,21801,A,N,D,C,A,A,H,-,C,D,0,,,,,Y,,A,01,0,0,1,0,0,0,0,0,0,"- ","- ",38.24359130859375,-122.04454803466797,SOLANO,FAIRFIELD,,
84446204,2024,2024-10-28,4803,2024-10-21,"941 ",1713,,1,5,5,4803,0,0,0,,0,00C,"PENNSYLVANIA AVENUE","TEXAS STREET",0.00,,Y,A,-,N,,,,,,,,,,N,3,0,1,2,A,-,05,21202,A,F,D,G,A,A,H,-,A,A,0,,Y,,,Y,,L,04,0,1,0,0,0,0,1,0,0,"- ","- ",38.249248504638672,-122.04979705810547,SOLANO,FAIRFIELD,-122.04997253417969,38.249244689941406
84446214,2024,2024-10-28,4803,2024-10-24,"906 ",1697,,4,5,5,4803,0,0,0,,0,00W,"WEST TEXAS STREET","OLIVER ROAD",507.00,E,N,A,-,N,,,,,,,,,,N,4,0,1,2,A,-,03,22350,,F,C,C,A,A,H,-,A,A,0,,,,,Y,,-,99,0,0,1,0,0,0,0,0,0,"- ","- ",38.249839782714844,-122.07042694091797,SOLANO,FAIRFIELD,-122.06875610351562,38.249629974365234
84451761,2024,2024-10-31,4803,2024-09-27,1706,1788,,5,5,5,4803,0,0,0,,0,00E,"HUNTINGTON DRIVE","CROCKER CIRCLE (W)",199.00,W,N,A,-,N,,,,,,,,,,Y,3,0,1,3,A,-,01,23152,A,N,E,I,A,A,H,-,A,D,0,,,,,Y,Y,A,01,0,1,0,0,0,0,0,0,0,"- ","- ",38.272251129150391,-121.98670196533203,SOLANO,FAIRFIELD,-121.98746490478516,38.272369384765625
84451767,2024,2024-10-31,4803,2024-10-28,1740,1822,,1,5,5,4803,0,0,0,,0,00E,"PEABODY ROAD","CHUCK HAMMOND DRIVE",0.00,,Y,C,-,N,,,,,,,,,,N,4,0,1,2,A,-,03,22350,,N,C,C,A,B,H,-,B,A,0,,,,,Y,,A,01,0,0,1,0,0,0,0,0,0,"- ","- ",38.307098388671875,-121.97061157226562,SOLANO,FAIRFIELD,-121.97058868408203,38.304088592529297
84452520,2024,2025-09-12,4805,2024-10-11,1150,CAR02,,5,5,4,4805,0,0,0,,0,002,"PINTAIL DR","EMPEROR DR",0.00,,Y,A,-,N,,,,,,,,,,N,3,0,1,2,A,-,09,21800,A,N,D,C,A,A,H,-,A,A,0,,,,,Y,,A,01,0,1,0,0,0,0,0,0,0,"- ","- ",38.247890472412109,-122.0048828125,SOLANO,"SUISUN CITY",-122.00485229492188,38.247875213623047
84457874,2024,2024-11-05,4807,2024-10-04,1330,#672,,5,5,6,4807,0,0,0,,0,004,"MAGAZINE ST","5TH ST",0.00,,Y,A,-,N,,,,,,,,,,Y,4,0,1,2,A,-,09,21802,A,N,D,C,A,A,H,-,A,A,0,,,,Y,Y,,A,01,0,0,1,0,0,0,0,0,0,"- ","- ",38.083320617675781,-122.23703765869141,SOLANO,VALLEJO,-122.23686218261719,38.083408355712891
84459352,2024,2024-11-06,4803,2024-10-24,"928 ",1797,,4,5,5,4803,0,0,0,,0,00C,"KIDDER AVENUE","EAST TRAVIS BOULEVARD",50.00,N,N,A,-,N,,,,,,,,,,N,4,0,1,2,-,-,"- ",,,F,C,C,A,A,H,-,A,A,0,,,,,Y,,-,"- ",0,0,1,0,0,0,0,0,0,"- ","- ",38.258220672607422,-122.03005981445312,SOLANO,FAIRFIELD,-122.03018951416016,38.258358001708984
84459362,2024,2024-11-07,4803,2024-11-01,1835,1694,,5,5,5,4803,0,0,0,,0,00E,"AIR BASE PARKWAY","CLAY BANK ROAD",0.00,,Y,A,-,N,,,,,,,,,,N,3,0,1,2,A,-,01,23152,A,N,D,C,A,A,H,-,B,A,0,,,,,Y,Y,D,22,0,1,0,0,0,0,0,0,0,"- ","- ",38.272579193115234,-122.00639343261719,SOLANO,FAIRFIELD,-122.006591796875,38.271816253662109
84464307,2024,2024-11-11,4803,2024-11-07,2048,1803,,4,5,5,4803,0,0,0,,0,00W,"MANUEL CAMPOS PARKWAY","NORTH TEXAS STREET",0.00,,Y,A,-,N,,,,,,,,,,Y,4,0,2,2,A,-,09,21453,C,N,A,C,A,A,H,-,C,A,0,,,,,Y,,A,01,0,0,2,0,0,0,0,0,0,"- ","- ",38.293468475341797,-122.03160095214844,SOLANO,FAIRFIELD,-122.03184509277344,38.293659210205078
84464496,2024,2024-11-11,4805,2024-11-05,1657,VER01,,2,5,4,4805,0,0,0,,0,003,"WALTERS RD","BELLA VISTA DR",492.00,S,-,A,-,N,,,,,,,,,,Y,4,0,1,2,A,-,03,22350,,N,C,C,A,A,H,-,C,A,0,,,,,Y,,A,01,0,0,1,0,0,0,0,0,0,"- ","- ",38.253009796142578,-121.98825073242188,SOLANO,"SUISUN CITY",-121.98825073242188,38.251667022705078
8447334,2017,2017-09-08,4806,2017-08-24,1646,596,201,4,5,5,4806,0,0,0,,0,,"MASON ST","MCCLELLAN ST",130.00,E,N,A,-,N,,,,,,,,,,N,3,0,1,2,A,-,08,22107,,N,C,C,A,A,H,-,A,D,0,,,Y,,Y,,A,01,0,1,0,0,0,0,0,0,1,"- ","- ",,,SOLANO,VACAVILLE,-121.98244665,38.355088100000003
8447346,2017,2017-09-08,4806,2017-08-29,1522,426,101,2,5,5,4806,0,0,0,,0,001,"MASON ST","WILSON ST",178.00,E,N,A,-,N,,,,,,,,,,N,4,0,1,2,A,-,09,21801,A,N,D,C,A,A,H,-,A,D,0,,,,,Y,,A,01,0,0,1,0,0,0,0,0,0,"- ","- ",,,SOLANO,VACAVILLE,-121.98402311,38.355072739999997
84479365,2024,2024-11-22,4803,2024-11-17,1136,1780,,7,5,5,4803,0,0,0,,0,00C,"YORK STREET","FIFTH STREET",78.00,E,N,A,-,N,,,,,,,,,,N,3,0,2,2,A,-,08,22107,,N,D,C,A,A,H,-,A,D,0,,,,,Y,,A,01,0,2,0,0,0,0,0,0,0,"- ","- ",38.253070831298828,-122.06049346923828,SOLANO,FAIRFIELD,-122.06047058105469,38.253063201904297
84479370,2024,2024-11-22,4803,2024-11-20,"832 ",1492,,3,5,5,4803,0,0,0,,0,00C,"AIR BASE PARKWAY","HEATH DRIVE",681.00,W,N,C,-,N,,,,,,,,,,Y,3,0,1,2,A,-,03,22350,,N,C,C,A,B,H,-,A,D,0,,,,,Y,,A,01,0,1,0,0,0,0,0,0,0,"- ","- ",38.272869110107422,-122.04277038574219,SOLANO,FAIRFIELD,-122.04307556152344,38.272842407226562
84481120,2024,2024-11-25,4805,2024-11-13,1729,VER01,,3,5,4,4805,0,0,0,,0,003,"RAILROAD AVE","WORLEY RD",175.00,E,-,A,-,N,,,,,,,,,,Y,4,0,1,2,A,-,01,23152,A,N,B,C,A,A,H,-,C,D,0,,,,,Y,Y,A,07,0,0,1,0,0,0,0,0,0,"- ","- ",38.2630615234375,-122.01042175292969,SOLANO,"SUISUN CITY",-122.00924682617188,38.262523651123047
84486872,2024,2024-11-29,4803,2024-11-26,1941,1827,,2,5,5,4803,0,0,0,,0,00E,"SUNSET AVENUE","SUNSET COURT",0.00,,Y,A,-,N,,,,,,,,,,N,3,0,1,2,A,-,11,21954,A,N,G,B,D,A,H,-,D,D,0,Y,,,,Y,Y,N,60,0,1,0,0,1,0,0,0,0,"- ","- ",38.261539459228516,-122.01972198486328,SOLANO,FAIRFIELD,-122.01988983154297,38.261554718017578
84492764,2024,2024-12-05,4803,2024-11-22,1006,1797,,5,5,5,4803,0,0,0,,0,00C,"TRAVIS BOULEVARD","NORTH TEXAS STREET",128.00,W,N,C,-,N,,,,,,,,,,N,3,0,1,2,A,-,08,22107,,N,D,C,A,B,H,-,A,A,0,,,,,Y,,D,22,0,1,0,0,0,0,0,0,0,"- ","- ",38.258121490478516,-122.03420257568359,SOLANO,FAIRFIELD,-122.03461456298828,38.258258819580078
84495357,2024,2024-12-09,4803,2024-10-28,1302,1825,,1,5,5,4803,0,0,0,,0,00C,"NORTH TEXAS STREET","EAST TABOR AVENUE",15.00,N,N,A,-,N,,,,,,,,,,N,3,0,1,2,A,-,05,21650,,N,H,G,A,A,H,-,A,A,0,,Y,,,Y,,M,91,0,1,0,0,0,0,1,0,0,"- ","- ",38.265651702880859,-122.0341796875,SOLANO,FAIRFIELD,-122.03418731689453,38.265609741210938
84499550,2024,2024-12-13,4807,2024-10-06,1338,#2281,,7,5,6,4807,0,0,0,,0,002,"SPRINGS RD","HUMBOLDT ST",24.00,E,N,A,-,N,,,,,,,,,,N,4,0,1,2,A,-,03,22350,,N,C,C,A,A,H,-,A,A,0,,,,,Y,Y,A,01,0,0,1,0,0,0,0,0,0,"- ","- ",38.10614013671875,-122.22825622558594,SOLANO,VALLEJO,-122.22814178466797,38.106071472167969
84507894,2024,2024-12-18,4803,2024-12-12,1533,1742,,4,5,5,4803,0,0,0,,0,00S,"CORDELIA ROAD","BECK AVENUE",453.00,W,N,C,-,N,,,,,,,,,,N,4,0,1,2,A,-,09,21804,A,N,D,C,A,B,H,-,A,D,0,,,,,Y,,A,01,0,0,1,0,0,0,0,0,0,"- ","- ",38.23046875,-122.06625366210938,SOLANO,FAIRFIELD,-122.06777954101562,38.230094909667969
84512441,2023,2024-12-23,4807,2023-10-12,"957 ",#586,,4,5,6,4807,0,0,0,,0,007,"SONOMA BL","SERENO DR",550.00,N,N,A,-,N,,,,,,,,,,N,4,0,2,1,A,-,08,22107,,N,E,I,A,A,H,-,A,D,0,,,,,Y,,A,07,0,0,2,0,0,0,0,0,0,"- ","- ",38.127590179443359,-122.25570678710938,SOLANO,VALLEJO,-122.25564575195312,38.129096984863281
84518884,2024,2024-12-30,4805,2024-12-26,1046,FLO02,,4,5,4,4805,0,0,0,,0,001,"SUNSET AVE","RAILROAD AVE",300.65,S,-,B,-,N,,,,,,,,,,Y,3,0,2,2,A,-,01,23153,A,F,C,C,A,B,H,-,A,A,0,,,,,Y,Y,A,01,0,2,0,0,0,0,0,0,0,"- ","- ",38.253780364990234,-122.01994323730469,SOLANO,"SUISUN CITY",-122.01983642578125,38.255413055419922
84518942,2024,2024-12-30,4803,2024-12-12,1203,1697,,4,5,5,4803,0,0,0,,0,00C,"EMPIRE STREET","WASHINGTON STREET",6.00,W,N,A,-,N,,,,,,,,,,N,4,0,1,2,D,-,00,,,N,B,C,A,A,H,-,A,A,0,,,,,Y,,-,"- ",0,0,1,0,0,0,0,0,0,"- ","- ",38.250198364257812,-122.03913879394531,SOLANO,FAIRFIELD,-122.03915405273438,38.250320434570312
84518960,2024,2024-12-30,4803,2024-12-19,1113,1663,,4,5,5,4803,0,0,0,,0,00S,"RT 80","SR 680 SB ONRAMP",900.00,W,N,A,-,Y,SOL,,80," "," ",12.764,H,,R,Y,3,0,2,2,A,-,03,22350,,F,C,C,A,A,H,-,A,D,0,,,,,Y,,A,01,0,2,0,0,0,0,0,0,0,"- ","- ",38.21588134765625,-122.1390380859375,SOLANO,FAIRFIELD,-122.13894653320312,38.215797424316406
84518962,2024,2024-12-30,4803,2024-12-19,2143,1750,,4,5,5,4803,0,0,0,,0,00C,"FAIRFIELD AVENUE","B GALE WILSON BOULEVARD",155.00,S,N,A,-,N,,,,,,,,,,Y,3,0,1,2,A,-,01,23152,A,N,C,E,A,A,H,-,C,D,0,,,,,Y,Y,A,01,0,1,0,0,0,0,0,0,0,"- ","- ",38.261028289794922,-122.04519653320312,SOLANO,FAIRFIELD,-122.04520416259766,38.260635375976562
84519457,2024,2024-12-30,4805,2024-12-27,2213,FIE01,,5,5,4,4805,0,0,0,,0,002,"417 PINTAIL DR","GOLDEN EYE WAY",160.00,E,-,A,-,N,,,,,,,,,,N,4,0,1,2,A,-,03,22350,,N,G,B,E,A,H,-,C,A,0,Y,,,,Y,,A,01,0,0,1,0,1,0,0,0,0,"- ","- ",38.249179840087891,-122.01318359375,SOLANO,"SUISUN CITY",-122.01190948486328,38.249362945556641
8452286,2017,2018-04-23,4807,2017-06-26,1234,628,4807,1,5,6,4807,0,0,0,,0,006,"SONOMA BL","TENNESSEE ST",0.00,,Y,A,-,Y,SOL,4,29,-,-,2.820,I,6,S,N,4,0,1,2,A,-,10,21950,A,N,G,B,B,A,H,-,A,A,0,Y,,,,Y,,A,01,0,0,1,0,1,0,0,0,0,"- ","- ",,,SOLANO,VALLEJO,-122.25475738,38.109995069999997
84530873,2025,2025-01-15,4803,2025-01-05,"20  ",1594,,7,5,5,4803,0,0,0,,0,00S,"LOPES ROAD","SILVER CREEK ROAD",851.00,N,N,A,-,N,,,,,,,,,,Y,1,1,1,2,A,-,01,23152,A,N,A,C,A,A,H,-,C,D,0,,,,,Y,Y,A,01,0,0,1,0,0,0,0,0,0,"- ","- ",38.190208435058594,-122.13829803466797,SOLANO,FAIRFIELD,-122.1383056640625,38.192535400390625
8453767,2017,2017-10-04,4805,2017-09-05,1258,5L85,4805,2,5,4,4805,0,0,0,,0,002,"MERGANSER DR","SUNSET AV",0.00,,Y,A,-,N,,,,,,,,,,N,4,0,1,2,A,-,03,22350,,N,C,C,A,A,H,-,A,A,0,,,,,Y,,A,01,0,0,1,0,0,0,0,0,0,"- ","- ",38.246650000000002,-122.02034,SOLANO,"SUISUN CITY",-122.02048000000001,38.246619979999998
8453876,2017,2018-07-06,4805,2017-08-19,1500,5L83,4805,6,5,4,4805,0,0,0,,0,001,"RT 12","MAIN ST",0.00,,Y,A,-,Y,SOL,4,12,-,-,25.690,H,-,E,Y,3,0,1,2,A,-,03,22350,,N,C,C,A,A,H,-,A,D,0,,,,,Y,,A,01,0,1,0,0,0,0,0,0,0,"- ","- ",38.243969999999997,-122.04042,SOLANO,"SUISUN CITY",-121.69736757,38.161191459999998
8454295,2017,2017-10-02,4805,2017-06-26,0722,5L87,4805,1,5,4,4805,0,0,0,,0,002,"SUNSET AV","RAILROAD AV",14.00,S,N,A,-,N,,,,,,,,,,Y,3,0,1,1,A,-,03,22350,,N,D,J,A,A,H,-,A,A,0,,,Y,,Y,,C,02,0,1,0,0,0,0,0,0,1,"- ","- ",,,SOLANO,"SUISUN CITY",-122.01994999999999,38.25385155
8454303,2017,2017-10-02,4805,2017-06-19,0908,5L87,4805,1,5,4,4805,0,0,0,,0,003,"WALTERS RD","PETERSEN RD",0.00,,Y,A,-,N,,,,,,,,,,Y,4,0,1,2,A,-,03,22350,,N,C,C,A,A,H,-,A,A,0,,,,,Y,,A,01,0,0,1,0,0,0,0,0,0,"- ","- ",38.243479999999998,-121.98815,SOLANO,"SUISUN CITY",-121.98825988999999,38.243469990000001
84545089,2024,2025-01-22,4803,2024-12-31,2332,1753,,2,5,5,4803,0,0,0,,0,00C,"NORTH TEXAS STREET","AIR BASE PARKWAY WB ONRAMP",0.00,,Y,A,-,N,,,,,,,,,,Y,3,0,2,2,A,-,12,21453,A,N,D,C,A,A,H,-,C,A,0,,,,,Y,,A,01,0,2,0,0,0,0,0,0,0,"- ","- ",38.273429870605469,-122.03408813476562,SOLANO,FAIRFIELD,-122.03423309326172,38.273059844970703
84546661,2025,2025-01-23,4803,2025-01-15,1354,1502,,3,5,5,4803,0,0,0,,0,00W,"TRAVIS BOULEVARD","GATEWAY BOULEVARD",0.00,,Y,A,-,N,,,,,,,,,,Y,4,0,1,2,B,-,22,,,N,D,C,A,A,H,-,A,A,0,,,,,Y,,J,48,0,0,1,0,0,0,0,0,0,"- ","- ",38.258148193359375,-122.05677795410156,SOLANO,FAIRFIELD,-122.05683898925781,38.258125305175781
84548159,2025,2025-01-24,4803,2025-01-22,"248 ",1759,,3,5,5,4803,0,0,0,,0,00C,"AIR BASE PARKWAY","DOVER AVENUE",0.00,,Y,A,-,N,,,,,,,,,,Y,2,0,1,2,A,-,12,21453,A,F,D,C,A,A,H,-,C,A,0,,,,,Y,,A,01,1,0,0,0,0,0,0,0,0,"- ","- ",38.272830963134766,-122.02507781982422,SOLANO,FAIRFIELD,-122.02491760253906,38.272716522216797
8455339,2017,2018-05-04,4803,2017-09-02,1231,1581,4803,6,5,5,4803,0,0,0,,0,0CE,"NORTH TEXAS ST","AIR BASE PKWY",87.00,N,N,A,-,N,,,,,,,,,,Y,2,0,2,2,A,-,00,23104,A,F,C,C,A,A,H,-,A,D,0,,,,,Y,,A,01,1,1,0,0,0,0,0,0,0,"- ","- ",38.272930000000002,-122.03417,SOLANO,FAIRFIELD,-122.03422,38.273179999999996
84555023,2025,2025-01-30,4803,2025-01-28,"755 ",1594,,2,5,5,4803,0,0,0,,0,00C,"DOVER AVENUE","SAN REMO STREET",0.00,,Y,A,-,N,,,,,,,,,,Y,4,0,1,2,A,-,09,21802,A,N,D,C,A,A,H,-,A,A,0,,,,,Y,,D,22,0,0,1,0,0,0,0,0,0,"- ","- ",38.262489318847656,-122.02474975585938,SOLANO,FAIRFIELD,-122.02496337890625,38.262420654296875
84556780,2024,2025-01-31,4807,2024-11-15,"122 ",#786,,5,5,6,4807,0,0,0,,0,005,"TUOLUMNE ST","FLORIDA ST",0.00,,Y,A,-,N,,,,,,,,,,Y,3,0,1,4,A,-,12,21453,A,F,D,E,A,A,H,-,C,A,0,,,,,Y,,A,01,0,1,0,0,0,0,0,0,0,"- ","- ",38.104831695556641,-122.23825836181641,SOLANO,VALLEJO,-122.23821258544922,38.104812622070312
84556790,2024,2025-01-31,4807,2024-11-21,1255,#2267,,4,5,6,4807,0,0,0,,0,004,"SONOMA BL","CHERRY ST",0.00,,Y,C,-,N,,,,,,,,,,Y,4,0,3,2,A,-,09,21802,A,N,D,C,A,B,H,-,A,A,0,,,,,Y,,A,07,0,0,3,0,0,0,0,0,0,"- ","- ",38.085140228271484,-122.24108123779297,SOLANO,VALLEJO,-122.24102783203125,38.085109710693359
84557964,2025,2025-02-03,4803,2025-01-27,1708,1714,,1,5,5,4803,0,0,0,,0,00S,"TEXAS STREET","JEFFERSON STREET",0.00,,Y,A,-,N,,,,,,,,,,N,4,0,1,2,A,-,12,22450,,N,D,C,A,A,H,-,A,A,0,,,,,Y,,A,01,0,0,1,0,0,0,0,0,0,"- ","- ",38.249130249023438,-122.04178619384766,SOLANO,FAIRFIELD,-122.04189300537109,38.249225616455078
84566227,2025,2025-02-05,4805,2025-01-28,"906 ",EVA01,,2,5,4,4805,0,0,0,,0,002,"HWY 12","EMPEROR DR.",0.00,,Y,A,-,Y,SOL,,12," "," ",6.574,H,,R,Y,2,0,2,2,A,-,12,21453,A,N,D,C,A,A,H,-,A,A,0,,,,,Y,,A,01,1,1,0,0,0,0,0,0,0,"- ","- ",38.243381500244141,-122.00536346435547,SOLANO,"SUISUN CITY",-122.00536346435547,38.243156433105469