CASE_ID,ACCIDENT_YEAR,PROC_DATE,JURIS,COLLISION_DATE,COLLISION_TIME,OFFICER_ID,REPORTING_DISTRICT,DAY_OF_WEEK,CHP_SHIFT,POPULATION,CNTY_CITY_LOC,SPECIAL_COND,BEAT_TYPE,CHP_BEAT_TYPE,CITY_DIVISION_LAPD,CHP_BEAT_CLASS,BEAT_NUMBER,PRIMARY_RD,SECONDARY_RD,DISTANCE,DIRECTION,INTERSECTION,WEATHER_1,WEATHER_2,STATE_HWY_IND,CALTRANS_COUNTY,CALTRANS_DISTRICT,STATE_ROUTE,ROUTE_SUFFIX,POSTMILE_PREFIX,POSTMILE,LOCATION_TYPE,RAMP_INTERSECTION,SIDE_OF_HWY,TOW_AWAY,COLLISION_SEVERITY,NUMBER_KILLED,NUMBER_INJURED,PARTY_COUNT,PRIMARY_COLL_FACTOR,PCF_CODE_OF_VIOL,PCF_VIOL_CATEGORY,PCF_VIOLATION,PCF_VIOL_SUBSECTION,HIT_AND_RUN,TYPE_OF_COLLISION,MVIW,PED_ACTION,ROAD_SURFACE,ROAD_COND_1,ROAD_COND_2,LIGHTING,CONTROL_DEVICE,CHP_ROAD_TYPE,PEDESTRIAN_ACCIDENT,BICYCLE_ACCIDENT,MOTORCYCLE_ACCIDENT,TRUCK_ACCIDENT,NOT_PRIVATE_PROPERTY,ALCOHOL_INVOLVED,STWD_VEHTYPE_AT_FAULT,CHP_VEHTYPE_AT_FAULT,COUNT_SEVERE_INJ,COUNT_VISIBLE_INJ,COUNT_COMPLAINT_PAIN,COUNT_PED_KILLED,COUNT_PED_INJURED,COUNT_BICYCLIST_KILLED,COUNT_BICYCLIST_INJURED,COUNT_MC_KILLED,COUNT_MC_INJURED,PRIMARY_RAMP,SECONDARY_RAMP,LATITUDE,LONGITUDE,COUNTY,CITY,POINT_X,POINT_Y
84570918,2024,2025-02-10,4807,2024-12-16,1407,G159,,1,5,6,4807,0,0,0,,0,003,"GLEN COVE RD","ROBLES WY",63.00,S,N,C,-,N,,,,,,,,,,Y,4,0,1,2,A,-,03,22350,,N,C,C,A,B,H,-,A,A,0,,,,,Y,,A,01,0,0,1,0,0,0,0,0,0,"- ","- ",38.083808898925781,-122.21233367919922,SOLANO,VALLEJO,-122.21229553222656,38.083827972412109
84574692,2025,2025-02-12,4803,2025-02-05,"635 ",1797,,3,5,5,4803,0,0,0,,0,00C,"AIR BASE PARKWAY","HEATH DRIVE",317.00,E,N,B,-,N,,,,,,,,,,Y,4,0,1,2,A,-,03,22350,,N,C,D,A,B,H,-,A,A,0,,,,,Y,,A,01,0,0,1,0,0,0,0,0,0,"- ","- ",38.272869110107422,-122.04277038574219,SOLANO,FAIRFIELD,-122.04305267333984,38.27288818359375
84580857,2025,2025-02-17,4805,2025-02-07,1643,DOO01,,5,5,4,4805,0,0,0,,0,001,"STATE ROUTE 12","SUNSET AVE",51.00,W,-,A,-,N,,,,,,,,,,Y,3,0,3,3,A,-,00,23153,F,F,C,C,A,A,H,-,A,A,0,,,,,Y,,A,01,0,2,1,0,0,0,0,0,0,"- ","- ",38.2435302734375,-122.02037048339844,SOLANO,"SUISUN CITY",-122.02058410644531,38.243732452392578
8458214,2017,2017-10-03,4803,2017-09-09,2157,1594,SOLAN,6,5,5,4803,0,0,0,,0,0CE,"TRAVIS BL","UNION AV",0.00,,Y,A,-,N,,,,,,,,,,N,4,0,1,2,A,-,12,21453,A,N,D,C,A,A,A,H,C,A,0,,,,,Y,,A,07,0,0,1,0,0,0,0,0,0,"- ","- ",38.258249999999997,-122.04040999999999,SOLANO,FAIRFIELD,-122.04040992,38.258269980000001
84583240,2025,2025-02-19,4803,2025-02-12,1613,1820,,3,5,5,4803,0,0,0,,0,00C,"ACACIA STREET","UNION AVENUE",316.00,E,N,A,-,N,,,,,,,,,,Y,4,0,1,2,A,-,03,22350,,N,C,E,A,A,H,-,A,D,0,,,,,Y,,D,22,0,0,1,0,0,0,0,0,0,"- ","- ",38.262310028076172,-122.04046630859375,SOLANO,FAIRFIELD,-122.03944396972656,38.262783050537109
84583249,2025,2025-02-19,4803,2025-02-17,"648 ",1780,,1,5,5,4803,0,0,0,,0,00S,"LOPES ROAD","AUTO PLAZA COURT",0.00,,Y,A,-,N,,,,,,,,,,Y,4,0,2,2,A,-,08,22107,,N,D,C,A,A,H,-,A,D,0,,,,,Y,,D,22,0,0,2,0,0,0,0,0,0,"- ","- ",38.212478637695312,-122.13841247558594,SOLANO,FAIRFIELD,-122.13845825195312,38.2125244140625
8458374,2017,2018-05-18,4803,2017-09-14,0930,1573,SOLAN,4,5,5,4803,0,0,0,,0,0CE,"AIR BASE PKWY","RT 80",0.00,,Y,A,-,Y,SOL,4,80,-,-,19.284,R,4,E,N,4,0,1,2,A,-,08,22107,,F,B,C,A,A,H,-,A,A,0,,,,,Y,,A,01,0,0,1,0,0,0,0,0,0,"- ","- ",,,SOLANO,FAIRFIELD,-122.04847467,38.274649089999997
84586620,2025,2025-02-24,4803,2025-02-14,2027,1367,,5,5,5,4803,0,0,0,,0,00W,"TRAVIS BOULEVARD","GATEWAY BOULEVARD",5.00,E,N,A,-,N,,,,,,,,,,Y,3,0,1,2,A,-,03,22350,,N,C,C,A,A,H,-,C,A,0,,,,,Y,,A,01,0,1,0,0,0,0,0,0,0,"- ","- ",38.258148193359375,-122.05677795410156,SOLANO,FAIRFIELD,-122.05682373046875,38.258129119873047
84588830,2025,2025-02-25,4807,2025-01-18,"824 ",#790,,6,5,6,4807,0,0,0,,0,001,"REDWOOD PKWY","ROCKY SHORE DR",0.00,,Y,E,-,N,,,,,,,,,,Y,4,0,2,2,A,-,09,21801,A,N,D,C,A,A,H,-,A,D,0,,,,,Y,,A,01,0,0,2,0,0,0,0,0,0,"- ","- ",38.12548828125,-122.20442962646484,SOLANO,VALLEJO,-122.20436096191406,38.125503540039062
84591079,2025,2025-02-27,4803,2025-02-21,1603,1728,,5,5,5,4803,0,0,0,,0,00E,"AIR BASE PARKWAY","WALTERS ROAD",15.00,E,N,A,-,N,,,,,,,,,,Y,4,0,1,2,A,-,03,22350,,N,C,C,A,A,H,-,A,A,0,,,,,Y,,A,07,0,0,1,0,0,0,0,0,0,"- ","- ",38.271568298339844,-121.98795318603516,SOLANO,FAIRFIELD,-121.98790740966797,38.271522521972656
8459352,2017,2017-11-02,4807,2017-09-02,1945,653,,6,5,6,4807,0,0,0,,0,007,"FAIRGROUNDS DR","WHITNEY AV",0.00,,Y,A,-,N,,,,,,,,,,N,4,0,2,2,A,-,12,21453,A,N,D,C,A,A,H,-,B,A,0,,,,,Y,,-,"- ",0,0,2,0,0,0,0,0,0,"- ","- ",,,SOLANO,VALLEJO,-122.23614997,38.146719969999999
8459531,2017,2018-06-08,4805,2017-07-06,0506,5L72,4805,4,5,4,4805,0,0,0,,0,001,"MARINA BL","RT 12",15.00,N,N,A,-,Y,SOL,4,12,-,R,5.150,I,6,W,N,4,0,2,2,A,-,03,22350,,N,C,C,A,A,H,-,A,A,0,,,,,Y,,A,07,0,0,2,0,0,0,0,0,0,"- ","- ",38.244190000000003,-122.0313,SOLANO,"SUISUN CITY",-122.03144128,38.244678299999997
8459535,2017,2018-06-08,4805,2017-07-07,1255,5L83,4805,5,5,4,4805,0,0,0,,0,001,"MARINA BL","RT 12",0.00,,Y,A,-,Y,SOL,4,12,-,-,5.150,I,6,W,N,4,0,1,2,A,-,03,22350,,N,C,C,A,A,H,-,A,A,0,,,,,Y,,A,01,0,0,1,0,0,0,0,0,0,"- ","- ",38.244190000000003,-122.0313,SOLANO,"SUISUN CITY",-122.03143485,38.244677279999998
8459543,2017,2018-03-20,4805,2017-06-14,1355,5L67,4805,3,5,4,4805,0,0,0,,0,003,"RT 12","EMPEROR DR",20.00,E,N,A,-,Y,SOL,4,12,-,-,6.590,H,-,W,N,4,0,2,2,A,-,03,22350,,N,C,C,A,A,H,-,A,A,0,,,Y,,Y,,C,06,0,0,2,0,0,0,0,0,2,"- ","- ",38.243220000000001,-122.00534999999999,SOLANO,"SUISUN CITY",-122.00511783,38.243366539999997
84595538,2024,2025-03-04,4807,2024-11-06,"820 ",#751,,3,5,6,4807,0,0,0,,0,007,"FAIRGROUNDS DR","SAGE ST",0.00,,Y,A,-,N,,,,,,,,,,Y,4,0,1,2,A,-,09,21802,A,N,D,C,A,A,H,-,A,A,0,,,,,Y,,D,22,0,0,1,0,0,0,0,0,0,"- ","- ",38.140140533447266,-122.23166656494141,SOLANO,VALLEJO,-122.23159790039062,38.140090942382812
8459657,2017,2018-05-18,4804,2017-09-09,1644,RV112,,6,5,2,4804,0,0,0,,0,001,"RT 12","GARDINER WY",60.00,W,N,A,-,Y,SOL,4,12,-,-,25.920,H,-,E,N,4,0,1,3,A,-,03,22350,,N,C,C,A,A,H,-,A,A,0,,,,,Y,,A,01,0,0,1,0,0,0,0,0,0,"- ","- ",,,SOLANO,"RIO VISTA",-121.69348436999999,38.16056348
84599127,2025,2025-03-17,4803,2025-02-10,1658,1769,,1,5,5,4803,0,0,0,,0,00W,"ROCKVILLE ROAD","OLIVER ROAD",279.00,W,N,A,-,N,,,,,,,,,,N,3,0,1,2,A,-,09,21800,B,F,D,G,A,A,H,-,B,D,0,,Y,,,Y,,A,01,0,1,0,0,0,0,1,0,0,"- ","- ",38.249839782714844,-122.07042694091797,SOLANO,FAIRFIELD,-122.07147216796875,38.249889373779297
84599136,2025,2025-03-17,4803,2025-02-06,1205,1697,,4,5,5,4803,0,0,0,,0,00S,"SUISUN VALLEY ROAD","BUSINESS CENTER DRIVE",382.00,S,N,A,-,N,,,,,,,,,,N,4,0,2,2,A,-,07,21658,A,F,B,C,A,A,H,-,A,D,0,,,,,Y,,-,31,0,0,2,0,0,0,0,0,0,"- ","- ",38.226860046386719,-122.12966156005859,SOLANO,FAIRFIELD,-122.12979125976562,38.225963592529297
84600557,2025,2025-07-07,4805,2025-01-16,1619,FLO02,,4,5,4,4805,0,0,0,,0,002,"SUNSET AVE","THE SOUTH PROLONGATION CURB LINE OF MERGANSER DR",16.00,S,-,A,-,N,,,,,,,,,,N,2,0,1,2,A,-,09,21801,A,N,G,B,B,A,H,-,A,A,0,Y,,,,Y,,-,31,1,0,0,0,1,0,0,0,0,"- ","- ",38.246620178222656,-122.02047729492188,SOLANO,"SUISUN CITY",,
84601465,2025,2025-03-18,4805,2025-03-08,1007,CAM03,,6,5,4,4805,0,0,0,,0,002,"MERGANSER DR","WIGEON WAY",395.00,W,-,A,-,N,,,,,,,,,,N,3,0,2,2,A,-,09,21804,A,F,B,C,A,A,H,-,A,A,0,,,,,Y,,A,01,0,1,1,0,0,0,0,0,0,"- ","- ",38.245719909667969,-122.017822265625,SOLANO,"SUISUN CITY",-122.01838684082031,38.246620178222656
84602227,2025,2025-03-18,4807,2025-01-29,"919 ",#703,,3,5,6,4807,0,0,0,,0,007,"BROADWAY ST","SERENO DR",0.00,,Y,A,-,N,,,,,,,,,,N,4,0,1,2,A,-,10,21950,A,N,G,B,B,A,H,-,A,A,0,Y,,,,Y,Y,A,01,0,0,1,0,1,0,0,0,0,"- ","- ",38.127689361572266,-122.25151824951172,SOLANO,VALLEJO,-122.25154876708984,38.127769470214844
8460586,2017,2018-07-06,4805,2017-08-12,0015,5L91,4805,6,5,4,4805,0,0,0,,0,001,"RT 12","MARINA BL",0.00,,Y,A,-,Y,SOL,4,12,-,-,5.150,I,5,W,Y,4,0,1,2,A,-,12,21453,A,F,A,C,A,A,H,-,D,A,0,,,,,Y,,A,01,0,0,1,0,0,0,0,0,0,"- ","- ",38.244190000000003,-122.0313,SOLANO,"SUISUN CITY",-122.03143485,38.244677279999998
8461152,2017,2017-11-01,4807,2017-04-20,2103,669,VALLE,4,5,6,4807,0,0,0,,0,004,"GEORGIA ST","AMADOR ST",0.00,,Y,-,-,N,,,,,,,,,,Y,4,0,1,3,A,-,12,21453,A,N,D,C,A,-,-,-,-,A,0,,,,,Y,,A,07,0,0,1,0,0,0,0,0,0,"- ","- ",,,SOLANO,VALLEJO,-122.24336986,38.100929979999997
84611650,2025,2025-03-20,4805,2025-03-14,1741,KHA01,,5,5,4,4805,0,0,0,,0,001,"VILLAGE DR","HIGHWAY 12",0.00,,Y,A,-,N,,,,,,,,,,N,4,0,2,3,A,-,10,21950,A,N,G,B,A,A,H,-,A,D,0,,Y,,,Y,,A,01,0,0,2,0,0,0,2,0,0,"- ","- ",38.243820190429688,-122.02509307861328,SOLANO,"SUISUN CITY",-122.02503967285156,38.243816375732422
8462508,2017,2017-10-12,4807,2017-09-06,1508,703,VALEL,3,5,6,4807,0,0,0,,0,,BROADWAY,LOUISIANA,0.00,,Y,A,-,N,,,,,,,,,,Y,4,0,1,2,A,-,09,21802,A,N,D,C,A,A,H,-,A,A,0,,,,,Y,,A,,0,0,1,0,0,0,0,0,0,"- ","- ",,,SOLANO,VALLEJO,-122.24863988,38.107919959999997
84637131,2025,2025-04-04,4807,2025-03-03,"858 ",#791,,1,5,6,4807,0,0,0,,0,005,"SONOMA BL","NEBRASKA ST",0.00,,Y,A,-,Y,,,,,,,,,,Y,4,0,2,2,A,-,12,21453,A,N,D,C,A,A,H,-,A,A,0,,,,,Y,,A,01,0,0,2,0,0,0,0,0,0,"- ","- ",,,SOLANO,VALLEJO,-122.254638671875,38.113903045654297
84637140,2025,2025-04-04,4807,2025-01-22,1351,#785,,3,5,6,4807,0,0,0,,0,007,"SONOMA BL","LEWIS BROWN DR",0.00,,Y,A,-,N,,,,,,,,,,N,4,0,1,3,A,-,17,21658,B,F,A,C,A,A,H,-,A,A,0,,,,,Y,,D,22,0,0,1,0,0,0,0,0,0,"- ","- ",38.137428283691406,-122.25627136230469,SOLANO,VALLEJO,-122.25605773925781,38.137680053710938
84639109,2025,2025-04-07,4807,2025-02-21,"233 ",#783,,5,5,6,4807,0,0,0,,0,006,"MARE ISLAND WAY","TENNESSEE ST",153.00,N,N,A,-,N,,,,,,,,,,Y,3,0,1,1,A,-,01,23152,A,N,F,A,A,A,H,-,C,A,0,,,,,Y,Y,A,01,0,1,0,0,0,0,0,0,0,"- ","- ",38.110191345214844,-122.26451110839844,SOLANO,VALLEJO,-122.2645263671875,38.110160827636719
84641236,2025,2025-04-08,4803,2025-02-20,"27  ",1749,,4,5,5,4803,0,0,0,,0,,"HILBORN ROAD","MOSS VALLEY DRIVE",16.00,E,N,A,-,N,,,,,,,,,,Y,3,0,1,1,A,-,03,22350,,N,E,I,A,B,H,-,C,A,0,,,,,Y,,A,01,0,1,0,0,0,0,0,0,0,"- ","- ",38.290931701660156,-122.03816223144531,SOLANO,FAIRFIELD,-122.03809356689453,38.290782928466797
84641249,2025,2025-04-08,4803,2025-03-06,1200,1492,,4,5,5,4803,0,0,0,,0,,"EMPIRE STREET","WEBSTER ST",30.00,W,N,A,-,N,,,,,,,,,,N,3,0,1,2,D,-,00,,,N,G,B,E,A,H,-,A,D,0,Y,,,,Y,,-,"- ",0,1,0,0,1,0,0,0,0,"- ","- ",,,SOLANO,FAIRFIELD,-122.04331207275391,38.250339508056641
8464282,2017,2017-10-16,4803,2017-09-24,2008,1565,SOLAN,7,5,5,4803,0,0,0,,0,00E,"AIR BASE PKWY","WALTERS RD",2405.00,E,N,A,-,N,,,,,,,,,,Y,4,0,1,1,A,-,08,22107,,N,F,J,A,A,H,-,D,A,0,,,,,Y,,A,01,0,0,1,0,0,0,0,0,0,"- ","- ",38.271569999999997,-121.98795,SOLANO,FAIRFIELD,-121.97975789,38.272401909999999
84643745,2025,2025-04-10,4803,2025-03-10,"40  ",1765,,1,5,5,4803,0,0,0,,0,00S,"RT 12","PENNSYLVANIA AVENUE",600.00,W,N,A,-,Y,,,,,,,,,,Y,4,0,1,1,A,-,08,22107,,N,E,I,A,A,H,-,C,D,0,,,,,Y,,A,01,0,0,1,0,0,0,0,0,0,"- ","- ",,,SOLANO,FAIRFIELD,-122.05252838134766,38.241111755371094
84643748,2025,2025-04-10,4803,2025-04-02,1925,1746,,3,5,5,4803,0,0,0,,0,00E,"PEPPERTREE DRIVE","HICKORY AVENUE",0.00,,Y,A,-,N,,,,,,,,,,N,4,0,2,2,A,-,09,21802,A,N,D,C,A,A,H,-,A,D,0,,,,,Y,,A,01,0,0,2,0,0,0,0,0,0,"- ","- ",38.285270690917969,-122.01376342773438,SOLANO,FAIRFIELD,-122.01396942138672,38.285343170166016
84647392,2025,2025-04-14,4807,2025-02-13,2130,#751,,4,5,6,4807,0,0,0,,0,004,"SONOMA BL","WINCHESTER ST",37.00,N,N,C,-,Y,SOL,,29," "," ",0.901,H,,R,Y,4,0,1,2,A,-,03,22350,,N,C,C,A,B,H,-,C,D,0,,,,,Y,,A,01,0,0,1,0,0,0,0,0,0,"- ","- ",38.086490631103516,-122.2423095703125,SOLANO,VALLEJO,-122.24229431152344,38.086498260498047
84647614,2025,2025-12-02,4807,2025-01-25,2022,#703,,6,5,6,4807,0,0,0,,0,004,"SONOMA BL","LEMON ST",45.00,N,N,B,-,Y,SOL,,29," "," ",1.011,H,,R,Y,1,1,1,2,A,-,11,21954,A,N,G,B,D,B,H,-,C,A,0,Y,,,,Y,,N,60,0,1,0,1,0,0,0,0,0,"- ","- ",38.087810516357422,-122.2435302734375,SOLANO,VALLEJO,-122.24351501464844,38.087818145751953
84650973,2025,2025-04-16,4803,2025-04-10,"914 ",1552,,4,5,5,4803,0,0,0,,0,00E,"CEMENT HILL ROAD","WALTERS ROAD",816.00,W,N,A,-,N,,,,,,,,,,N,3,0,1,1,A,-,08,22107,,N,E,I,A,A,H,-,A,D,0,,,,,Y,,A,01,0,1,0,0,0,0,0,0,0,"- ","- ",38.286930084228516,-121.98519897460938,SOLANO,FAIRFIELD,-121.98821258544922,38.287101745605469
8465575,2018,2019-02-04,4806,2018-01-19,0345,410,204,5,5,5,4806,0,0,0,,0,002,"MARKHAM AV","ROCKY HILL RD",70.00,S,N,A,-,N,,,,,,,,,,Y,1,1,1,4,A,-,01,23152,B,N,C,E,A,A,H,-,C,D,0,,,,,Y,Y,-,,1,0,0,0,0,0,0,0,0,"- ","- ",38.362678527832031,-121.98088073730469,SOLANO,VACAVILLE,-121.98078155517578,38.362445831298828
84655787,2025,2025-04-21,4805,2025-03-14,2350,FIE01,,5,5,4,4805,0,0,0,,0,001,"LOTZ WY","JUSTICE WY",197.00,W,-,A,-,N,,,,,,,,,,Y,3,0,1,1,A,-,03,22350,,M,B,E,A,A,H,-,C,D,0,,,,,Y,Y,D,72,0,1,0,0,0,0,0,0,0,"- ","- ",38.242881774902344,-122.03315734863281,SOLANO,"SUISUN CITY",-122.03323364257812,38.243072509765625
84655790,2025,2025-04-21,4805,2025-04-04,2251,FIE01,,5,5,4,4805,0,0,0,,0,001,"STATE ROUTE 12","MARINA BLVD",0.00,,Y,A,-,Y,SOL,,12," ",R,4.990,H,,R,N,3,0,1,2,A,-,01,23153,A,N,B,C,A,A,H,-,C,D,0,,,,,Y,Y,A,01,0,1,0,0,0,0,0,0,0,"- ","- ",38.244770050048828,-122.03444671630859,SOLANO,"SUISUN CITY",-122.03440093994141,38.245006561279297
84656135,2025,2025-04-21,4807,2025-02-23,1155,#2242,,7,5,6,4807,0,0,0,,0,007,"BROADWAY ST","TUOLUMNE ST",21.00,S,N,A,-,N,,,,,,,,,,Y,4,0,2,2,A,-,03,22350,,N,C,C,A,A,H,-,A,A,0,,,,,Y,,A,01,0,0,2,0,0,0,0,0,0,"- ","- ",38.136249542236328,-122.25221252441406,SOLANO,VALLEJO,-122.25234985351562,38.136253356933594
8465626,2018,2019-02-15,4805,2018-10-28,1140,5L94,4805,7,5,4,4805,0,0,0,,0,002,"SUNSET AV","PINTAIL DR",188.00,N,N,A,-,N,,,,,,,,,,Y,1,1,0,2,A,-,11,21955,,N,G,B,D,A,H,-,A,A,0,Y,,,,Y,,N,60,0,0,0,1,0,0,0,0,0,"- ","- ",,,SOLANO,"SUISUN CITY",-122.02053070068359,38.249835968017578
8465814,2019,2019-05-29,4806,2019-01-13,1905,564,608,7,5,5,4806,0,0,0,,0,006,"ALAMO DR","TULARE DR",300.00,W,N,A,-,N,,,,,,,,,,Y,1,2,0,1,A,-,03,22350,,N,E,I,A,A,H,-,C,D,0,,,,,Y,,A,01,0,0,0,0,0,0,0,0,0,"- ","- ",38.335338592529297,-121.965087890625,SOLANO,VACAVILLE,-121.96619415283203,38.33538818359375
8466325,2017,2017-10-11,4803,2017-09-15,0807,903,,5,5,5,4803,0,0,0,,0,0CE,"CEMENT HILL RD","ELMHURST CIR",0.00,,Y,B,-,N,,,,,,,,,,N,4,0,1,2,A,-,10,21950,A,N,G,B,B,A,H,-,A,D,0,Y,,,,Y,,-,,0,0,1,0,1,0,0,0,0,"- ","- ",38.276290000000003,-122.03174,SOLANO,FAIRFIELD,-122.03182995,38.276379929999997
8466359,2017,2017-10-09,4806,2017-09-20,0820,426,,3,5,5,4806,0,0,0,,0,,"CLARESCASTLE WY","WRENTHAM DR",0.00,,Y,A,-,N,,,,,,,,,,N,4,0,1,2,A,-,21,22106,,N,B,C,A,A,H,-,A,D,0,,,,,Y,,A,07,0,0,1,0,0,0,0,0,0,"- ","- ",,,SOLANO,VACAVILLE,-121.98355989,38.383999950000003
8466363,2017,2017-10-09,4806,2017-09-08,2310,712,,5,5,5,4806,0,0,0,,0,,"ALAMO DR","MARSHALL RD",335.00,N,N,A,-,N,,,,,,,,,,Y,3,0,1,2,A,-,17,21208,A,N,C,G,A,A,H,-,C,D,0,,Y,,,Y,Y,L,04,0,1,0,0,0,0,1,0,0,"- ","- ",,,SOLANO,VACAVILLE,-121.99490416,38.342944240000001
84665628,2025,2025-04-28,4807,2025-03-19,1810,#2267,,3,5,6,4807,0,0,0,,0,002,"SPRINGS RD","OAKWOOD AV",315.00,E,N,A,-,N,,,,,,,,,,Y,4,0,1,1,A,-,08,22107,,N,E,I,A,A,H,-,A,A,0,,,,,Y,,A,07,0,0,1,0,0,0,0,0,0,"- ","- ",38.106021881103516,-122.21774291992188,SOLANO,VALLEJO,-122.21664428710938,38.106010437011719
84665630,2025,2025-04-28,4807,2025-03-20,1852,#755,,4,5,6,4807,0,0,0,,0,002,"SPRINGS RD","ROLLINGWOOD DR (N)",370.00,W,N,A,-,N,,,,,,,,,,Y,3,0,1,2,A,-,17,23109,A,N,D,C,A,A,H,-,B,D,0,,,,,Y,,A,01,0,1,0,0,0,0,0,0,0,"- ","- ",38.106430053710938,-122.20902252197266,SOLANO,VALLEJO,-122.21027374267578,38.105953216552734
84672445,2025,2025-05-02,4803,2025-04-27,"808 ",1839,,7,5,5,4803,0,0,0,,0,00C,"UNION AVENUE","TRAVIS BOULEVARD",0.00,W,Y,B,-,Y,,,,,,,,,,Y,3,0,1,2,A,-,12,21453,A,N,D,C,A,B,H,-,A,A,0,,,,,Y,,D,22,0,1,0,0,0,0,0,0,0,"- ","- ",38.258251190185547,-122.04041290283203,SOLANO,FAIRFIELD,-122.04041290283203,38.258270263671875
84674261,2024,2025-05-05,4807,2024-03-07,1755,#760,,4,5,6,4807,0,0,0,,0,002,"HUMBOLDT ST","GLENWOOD ST",30.00,N,N,A,-,N,,,,,,,,,,N,3,0,1,2,A,-,11,21954,A,N,G,B,D,A,H,-,A,D,0,Y,,,,Y,,N,60,0,1,0,0,1,0,0,0,0,"- ","- ",38.107128143310547,-122.228271484375,SOLANO,VALLEJO,-122.22823333740234,38.107192993164062
8467428,2017,2017-10-16,4803,2017-09-17,2100,1367,4803,7,5,5,4803,0,0,0,,0,00S,"WEST TEXAS ST","BECK AV",0.00,,Y,A,-,N,,,,,,,,,,Y,4,0,1,2,A,-,03,22350,,N,C,C,A,A,H,-,C,A,0,,,,,Y,,A,01,0,0,1,0,0,0,0,0,0,"- ","- ",38.249319999999997,-122.06621,SOLANO,FAIRFIELD,-122.06622996,38.249279940000001
8468278,2017,2018-07-19,4804,2017-09-16,0935,RV114,273,6,5,2,4804,0,0,0,,0,003,"RT 12","CHURCH RD",20.00,W,N,A,-,Y,SOL,4,12,-,-,24.820,I,5,E,N,3,0,1,3,A,-,07,21658,A,N,A,C,A,A,H,-,A,D,0,,,,Y,Y,,F,27,0,1,0,0,0,0,0,0,0,"- ","- ",,,SOLANO,"RIO VISTA",-121.70915515,38.170460030000001
84683074,2024,2025-05-12,4807,2024-12-15,1755,#760,,7,5,6,4807,0,0,0,,0,006,"SONOMA BL","KENTUCKY ST",0.00,,Y,A,-,N,,,,,,,,,,N,4,0,1,2,A,-,10,21950,A,F,G,B,B,A,H,-,C,D,0,Y,,,,Y,,A,01,0,0,1,0,1,0,0,0,0,"- ","- ",38.105979919433594,-122.25485992431641,SOLANO,VALLEJO,-122.25482940673828,38.106037139892578
84695075,2025,2025-05-21,4807,2025-04-12,1423,#759,,6,5,6,4807,0,0,0,,0,002,"BENICIA RD","LAUREL ST",174.00,E,N,A,-,N,,,,,,,,,,Y,3,0,1,2,A,-,01,23152,A,N,C,E,A,A,H,-,A,D,0,,,,,Y,,A,07,0,1,0,0,0,0,0,0,0,"- ","- ",38.094341278076172,-122.22789764404297,SOLANO,VALLEJO,-122.22726440429688,38.094169616699219
84697170,2025,2025-05-22,4805,2025-03-30,2027,CAN01,,7,5,4,4805,0,0,0,,0,003,"4489 PETERSEN RD (CITY OWNED FIELD)","WALTERS RD",4093.00,E,-,A,-,N,,,,,,,,,,N,2,0,1,1,A,-,08,22107,,N,F,A,A,A,H,-,C,D,0,,,Y,,Y,,C,06,1,0,0,0,0,0,0,0,1,"- ","- ",38.244529724121094,-121.97332000732422,SOLANO,"SUISUN CITY",-121.97400665283203,38.243316650390625
84698329,2025,2025-05-23,4807,2025-04-06,1113,#793,,7,5,6,4807,0,0,0,,0,005,"BROADWAY ST","MICHIGAN ST",0.00,,Y,A,-,N,,,,,,,,,,Y,3,0,1,2,A,-,08,22103,,F,D,C,A,A,H,-,A,A,0,,,,,Y,,A,07,0,1,0,0,0,0,0,0,0,"- ","- ",38.116771697998047,-122.24846649169922,SOLANO,VALLEJO,-122.24845886230469,38.116825103759766
84700910,2025,2025-05-27,4807,2025-03-25,1743,#763,,2,5,6,4807,0,0,0,,0,005,"TUOLUMNE ST","SPRINGS RD",24.00,N,N,A,-,N,,,,,,,,,,Y,4,0,1,2,A,-,05,21650,,F,A,C,A,A,H,-,A,D,0,,,,,Y,Y,A,01,0,0,1,0,0,0,0,0,0,"- ","- ",38.106090545654297,-122.23827362060547,SOLANO,VALLEJO,-122.23818969726562,38.106246948242188
84700923,2025,2025-05-27,4807,2025-04-21,1338,#2242,,1,5,6,4807,0,0,0,,0,007,"REDWOOD ST",MOORLAND,97.00,E,N,A,-,N,,,,,,,,,,Y,4,0,1,2,A,-,09,21801,B,N,A,C,A,A,H,-,A,D,0,,,,,Y,,A,01,0,0,1,0,0,0,0,0,0,"- ","- ",,,SOLANO,VALLEJO,-122.23199462890625,38.122978210449219
84702808,2025,2025-05-28,4807,2025-04-21,2126,#731,,1,5,6,4807,0,0,0,,0,008,"SONOMA BL","RT 37 WB OFFRAMP",0.00,,Y,A,-,Y,SOL,,29," "," ",5.060,H,,R,Y,4,0,1,1,A,-,03,22350,,N,H,A,A,A,H,-,C,A,0,,,Y,,Y,,C,02,0,0,1,0,0,0,0,0,1,"- ","- ",38.142478942871094,-122.25578308105469,SOLANO,VALLEJO,-122.25560760498047,38.142463684082031
8470573,2017,2018-02-01,4803,2017-09-22,1514,1565,SOLAN,5,5,5,4803,0,0,0,,0,0CE,"NORTH TEXAS ST","WYOMING ST",250.00,S,N,A,-,N,,,,,,,,,,Y,3,0,1,2,A,-,03,22350,,N,D,C,A,A,H,-,A,A,0,,,Y,,Y,,C,02,0,1,0,0,0,0,0,0,1,"- ","- ",38.256979999999999,-122.03415,SOLANO,FAIRFIELD,-122.03420346,38.256273389999997