CASE_ID,ACCIDENT_YEAR,PROC_DATE,JURIS,COLLISION_DATE,COLLISION_TIME,OFFICER_ID,REPORTING_DISTRICT,DAY_OF_WEEK,CHP_SHIFT,POPULATION,CNTY_CITY_LOC,SPECIAL_COND,BEAT_TYPE,CHP_BEAT_TYPE,CITY_DIVISION_LAPD,CHP_BEAT_CLASS,BEAT_NUMBER,PRIMARY_RD,SECONDARY_RD,DISTANCE,DIRECTION,INTERSECTION,WEATHER_1,WEATHER_2,STATE_HWY_IND,CALTRANS_COUNTY,CALTRANS_DISTRICT,STATE_ROUTE,ROUTE_SUFFIX,POSTMILE_PREFIX,POSTMILE,LOCATION_TYPE,RAMP_INTERSECTION,SIDE_OF_HWY,TOW_AWAY,COLLISION_SEVERITY,NUMBER_KILLED,NUMBER_INJURED,PARTY_COUNT,PRIMARY_COLL_FACTOR,PCF_CODE_OF_VIOL,PCF_VIOL_CATEGORY,PCF_VIOLATION,PCF_VIOL_SUBSECTION,HIT_AND_RUN,TYPE_OF_COLLISION,MVIW,PED_ACTION,ROAD_SURFACE,ROAD_COND_1,ROAD_COND_2,LIGHTING,CONTROL_DEVICE,CHP_ROAD_TYPE,PEDESTRIAN_ACCIDENT,BICYCLE_ACCIDENT,MOTORCYCLE_ACCIDENT,TRUCK_ACCIDENT,NOT_PRIVATE_PROPERTY,ALCOHOL_INVOLVED,STWD_VEHTYPE_AT_FAULT,CHP_VEHTYPE_AT_FAULT,COUNT_SEVERE_INJ,COUNT_VISIBLE_INJ,COUNT_COMPLAINT_PAIN,COUNT_PED_KILLED,COUNT_PED_INJURED,COUNT_BICYCLIST_KILLED,COUNT_BICYCLIST_INJURED,COUNT_MC_KILLED,COUNT_MC_INJURED,PRIMARY_RAMP,SECONDARY_RAMP,LATITUDE,LONGITUDE,COUNTY,CITY,POINT_X,POINT_Y
8602535,2018,2018-05-17,4805,2018-03-22,1201,5L83,4805,4,5,4,4805,0,0,0,,0,001,"MAIN ST","COMMON ST",0.00,,Y,A,-,N,,,,,,,,,,Y,2,0,1,3,A,-,03,22350,,N,G,B,E,A,H,-,A,D,0,Y,,,,Y,,A,01,1,0,0,0,1,0,0,0,0,"- ","- ",38.240150451660156,-122.04058837890625,SOLANO,"SUISUN CITY",-122.04058074951172,38.240131378173828
8604464,2018,2018-05-08,4803,2018-04-02,2159,1601,,1,5,5,4803,0,0,0,,0,0CE,"FAIRFIELD AV","TABOR AV",0.00,,Y,A,-,N,,,,,,,,,,Y,4,0,1,2,A,-,12,22450,A,F,D,C,A,A,H,-,C,A,0,,,,,Y,,A,01,0,0,1,0,0,0,0,0,0,"- ","- ",38.265430450439453,-122.04518127441406,SOLANO,FAIRFIELD,-122.04521179199219,38.265510559082031
8606318,2018,2018-05-15,4803,2018-04-30,0757,504,,1,5,5,4803,0,0,0,,0,0CE,"CEMENT HILL RD","NORTH TEXAS ST",312.00,E,N,-,-,N,,,,,,,,,,N,4,0,1,2,A,-,09,21804,A,N,D,C,A,A,H,-,A,D,0,,,,,Y,,A,01,0,0,1,0,0,0,0,0,0,"- ","- ",38.276359558105469,-122.03412628173828,SOLANO,FAIRFIELD,-122.03298950195312,38.276298522949219
8607480,2018,2018-08-23,4804,2018-04-27,1718,RV108,273,5,5,2,4804,0,0,0,,0,003,"RT 12","SUMMERSET RD",25.00,W,N,A,-,Y,SOL,4,12,-,R,23.700,H,-,E,Y,4,0,1,3,A,-,03,22350,,N,C,C,A,A,H,-,A,A,0,,,,,Y,,D,23,0,0,1,0,0,0,0,0,0,"- ","- ",,,SOLANO,"RIO VISTA",-121.72426605224609,38.182300567626953
8610270,2018,2018-05-04,4803,2018-04-05,0732,1524,,4,5,5,4803,0,0,0,,0,EAST,"AIR BASE PKWY","PEABODY RD",0.00,,Y,B,-,N,,,,,,,,,,Y,4,0,2,3,A,-,03,22350,,N,C,C,A,A,H,-,A,A,0,,,,,Y,,A,01,0,0,2,0,0,0,0,0,0,"- ","- ",38.272529602050781,-121.96958923339844,SOLANO,FAIRFIELD,-121.96968841552734,38.272529602050781
8612728,2018,2018-05-01,4803,2018-03-24,1437,1671,4803,6,5,5,4803,0,0,0,,0,0CE,"CEMENT HILL RD","CHESTER WY",63.00,W,N,A,-,N,,,,,,,,,,N,3,0,2,2,A,-,08,22103,,N,D,C,A,A,H,-,A,D,0,,,,,Y,,A,01,0,2,0,0,0,0,0,0,0,"- ","- ",38.279388427734375,-122.02745056152344,SOLANO,FAIRFIELD,-122.02741241455078,38.279354095458984
8614773,2018,2018-05-01,4801,2018-03-09,1910,4110,4801,5,5,4,4801,0,0,0,,0,002,"E 2ND ST","ST AUGUSTINE CT",178.00,N,N,A,-,N,,,,,,,,,,Y,4,0,2,2,A,-,09,21801,A,N,D,C,A,A,H,-,C,A,0,,,,,Y,,A,01,0,0,2,0,0,0,0,0,0,"- ","- ",,,SOLANO,BENICIA,-122.15097808837891,38.056507110595703
8614856,2018,2018-05-07,4801,2018-03-18,1237,1099,4801,7,5,4,4801,0,0,0,,0,0B2,"MILITARY EAST","1ST ST",263.00,E,N,B,-,N,,,,,,,,,,Y,4,0,1,2,A,-,06,21755,,N,B,C,A,A,A,-,A,D,0,,,,,Y,,A,01,0,0,1,0,0,0,0,0,0,"- ","- ",,,SOLANO,BENICIA,-122.15464019775391,38.053871154785156
8620950,2018,2018-05-29,4803,2018-05-05,1230,1565,,6,5,5,4803,0,0,0,,0,COR,"GOLD HILL RD","NORTHWOOD DR",0.00,,Y,B,-,N,,,,,,,,,,N,4,0,2,2,A,-,03,22350,,N,C,C,A,A,H,-,A,A,0,,,,,Y,,D,22,0,0,2,0,0,0,0,0,0,"- ","- ",38.177780151367188,-122.13867950439453,SOLANO,FAIRFIELD,-122.13844299316406,38.177349090576172
8621638,2018,2018-05-29,4803,2018-04-28,0101,1593,,6,5,5,4803,0,0,0,,0,0CE,"UNION AV","PACIFIC AV",28.00,N,N,A,-,N,,,,,,,,,,Y,2,0,3,1,A,-,01,23152,F,N,E,I,A,A,H,-,C,A,0,,,,,Y,,A,07,2,1,0,0,0,0,0,0,0,"- ","- ",38.268791198730469,-122.04055023193359,SOLANO,FAIRFIELD,-122.04050445556641,38.268775939941406
8629610,2018,2018-08-15,4803,2018-05-11,0919,1674,,5,5,5,4803,0,0,0,,0,00S,"RT 12","PENNSYLVANIA AV",101.00,E,N,A,-,Y,SOL,4,12,-,R,4.072,H,-,W,N,4,0,2,2,A,-,03,22350,,M,C,C,A,A,H,-,A,A,0,,,,,Y,,A,01,0,0,2,0,0,0,0,0,0,"- ","- ",38.241401672363281,-122.05039978027344,SOLANO,FAIRFIELD,-122.05058288574219,38.241302490234375
8630343,2018,2018-06-05,4803,2018-05-17,1758,1656,,4,5,5,4803,0,0,0,,0,0CE,"PACIFIC AV","NORTH TEXAS ST",6.00,W,N,A,-,N,,,,,,,,,,N,2,0,1,2,A,-,11,21456,B,N,G,B,B,A,H,-,A,A,0,Y,,,,Y,,N,60,1,0,0,0,1,0,0,0,0,"- ","- ",38.268928527832031,-122.03414916992188,SOLANO,FAIRFIELD,-122.03418731689453,38.268848419189453
8637132,2018,2018-06-13,4807,2018-05-04,0509,635,VALLE,5,5,6,4807,0,0,0,,0,007,"BROADWAY ST","LEWIS BROWN DR",12.00,S,N,A,-,N,,,,,,,,,,Y,4,0,1,2,A,-,11,21456,B,N,G,B,B,A,H,-,C,A,0,Y,,,,Y,,N,60,0,0,1,0,1,0,0,0,0,"- ","- ",38.141109466552734,-122.25231170654297,SOLANO,VALLEJO,-122.25231170654297,38.140998840332031
8637371,2018,2018-06-25,4807,2018-05-03,1743,703,VPD,4,5,6,4807,0,0,0,,0,002,"BENICIA RD","LAUREL ST",0.00,,Y,A,-,N,,,,,,,,,,N,4,0,1,2,A,-,09,21801,A,N,D,C,A,A,H,-,A,A,0,,,,,Y,,A,01,0,0,1,0,0,0,0,0,0,"- ","- ",38.094341278076172,-122.22789764404297,SOLANO,VALLEJO,-122.22783660888672,38.094310760498047
8637491,2018,2018-06-12,4803,2018-05-23,0711,1674,,3,5,5,4803,0,0,0,,0,00W,"OLIVER RD","HOLIDAY LN",17.00,W,N,A,-,N,,,,,,,,,,Y,4,0,2,2,A,-,09,21802,A,N,D,C,A,A,H,-,A,A,0,,,,,Y,,A,01,0,0,2,0,0,0,0,0,0,"- ","- ",38.257099151611328,-122.06784820556641,SOLANO,FAIRFIELD,-122.06775665283203,38.257034301757812
8637495,2018,2018-06-12,4803,2018-05-10,1432,1565,SOLAN,4,5,5,4803,0,0,0,,0,0CE,"NORTH TEXAS ST","ATLANTIC AV",310.00,,N,A,-,N,,,,,,,,,,N,3,0,2,2,A,-,03,22350,,N,C,C,A,A,H,-,A,A,0,,,,,Y,,A,01,0,1,1,0,0,0,0,0,0,"- ","- ",,,SOLANO,FAIRFIELD,-122.03420257568359,38.276321411132812
8637507,2018,2018-06-12,4803,2018-05-23,2057,1565,SOANO,3,5,5,4803,0,0,0,,0,00E,"AIR BASE PKWY","PARKER RD",0.00,,Y,A,-,N,,,,,,,,,,Y,4,0,2,2,A,-,12,21453,,N,A,C,A,A,H,-,C,A,0,,,,,Y,,-,"- ",0,0,2,0,0,0,0,0,0,"- ","- ",38.272209167480469,-121.96042633056641,SOLANO,FAIRFIELD,-121.95896911621094,38.271949768066406
8639053,2017,2018-07-20,4807,2017-09-08,2237,676,,5,5,6,4807,0,0,0,,0,005,"SONOMA BL","ARKANSAS ST",0.00,,Y,A,-,Y,SOL,4,29,-,-,3.020,I,5,N,Y,4,0,1,2,A,-,09,21802,A,F,D,C,A,A,H,-,C,A,0,,,,,Y,,-,,0,0,1,0,0,0,0,0,0,"- ","- ",38.112909999999999,-122.25467999999999,SOLANO,VALLEJO,-122.25467466000001,38.11291216
8639295,2018,2018-08-23,4807,2018-05-07,0502,692,4807,1,5,6,4807,0,0,0,,0,005,"SONOMA BL","VALLE VISTA AV",0.00,,Y,A,-,Y,SOL,4,29,-,-,3.500,I,5,N,N,4,0,1,2,A,-,12,21453,A,N,D,C,A,A,H,-,C,A,0,,,,,Y,,A,07,0,0,1,0,0,0,0,0,0,"- ","- ",38.119861602783203,-122.255126953125,SOLANO,VALLEJO,-122.25485229492188,38.119850158691406
8640255,2018,2018-06-25,4807,2018-06-02,1911,684,4807,6,5,6,4807,0,0,0,,0,008,"MINI DR","SONOMA BL",0.00,,Y,A,-,N,,,,,,,,,,Y,4,0,2,2,A,-,04,21703,,N,C,C,A,A,H,-,A,A,0,,,,,Y,,A,01,0,0,2,0,0,0,0,0,0,"- ","- ",38.153831481933594,-122.25388336181641,SOLANO,VALLEJO,-122.25395202636719,38.15380859375
8641867,2018,2018-06-22,4801,2018-05-08,0750,2092,4801,2,5,4,4801,0,0,0,,0,003,"COLUMBUS PKWY","ROSE DR",190.00,W,N,A,-,N,,,,,,,,,,N,4,0,1,2,A,-,09,21804,A,N,D,G,A,A,H,-,A,D,0,,Y,,,Y,,-,99,0,0,1,0,0,0,1,0,0,"- ","- ",,,SOLANO,BENICIA,-122.19265747070312,38.081550598144531
8641871,2018,2018-06-22,4801,2018-05-08,1940,4011,VBSC,2,5,4,4801,0,0,0,,0,001,"WEST K ST","WEST 3RD ST",285.00,W,N,A,-,N,,,,,,,,,,Y,4,0,1,2,D,-,00,,,M,B,E,A,A,H,-,A,D,0,,,,,Y,,-,"- ",0,0,1,0,0,0,0,0,0,"- ","- ",,,SOLANO,BENICIA,-122.16118621826172,38.055244445800781
8641900,2018,2018-06-26,4801,2018-04-09,1952,3919,,1,5,4,4801,0,0,0,,0,003,"ROSE DR","BARTON WY",380.00,E,N,A,-,N,,,,,,,,,,Y,4,0,1,2,A,-,01,23152,A,N,C,E,A,A,H,-,C,D,0,,,,,Y,Y,A,07,0,0,1,0,0,0,0,0,0,"- ","- ",,,SOLANO,BENICIA,-122.16847991943359,38.085880279541016
8642213,2018,2018-06-27,4803,2018-06-04,1831,1552,SOLAN,1,5,5,4803,0,0,0,,0,SOUTH,"CHADBOURNE RD","AUTO MALL PKWY",0.00,,Y,A,-,N,,,,,,,,,,N,4,0,1,2,A,-,12,21453,A,N,D,G,A,A,H,-,A,A,0,,Y,,,Y,,L,04,0,0,1,0,0,0,1,0,0,"- ","- ",,,SOLANO,FAIRFIELD,-122.08470153808594,38.241031646728516
8642225,2018,2018-06-27,4803,2018-06-06,2127,1593,,3,5,5,4803,0,0,0,,0,0CO,"FULTON DR","LOPES RD",20.00,E,N,A,-,N,,,,,,,,,,Y,4,0,1,1,A,-,01,23152,A,N,E,I,A,A,H,-,C,A,0,,,,,Y,Y,A,07,0,0,1,0,0,0,0,0,0,"- ","- ",38.207088470458984,-122.13852691650391,SOLANO,FAIRFIELD,-122.13845825195312,38.207111358642578
8642795,2018,2018-06-27,4803,2018-05-30,1207,1327,,3,5,5,4803,0,0,0,,0,00E,"MEADOWLARK DR","CARDINAL WY",0.00,,Y,A,-,N,,,,,,,,,,N,4,0,1,2,A,-,12,22450,A,N,D,C,A,A,H,-,A,A,0,,,,,Y,,A,01,0,0,1,0,0,0,0,0,0,"- ","- ",38.267570495605469,-122.02134704589844,SOLANO,FAIRFIELD,-122.02140045166016,38.267578125
8648055,2018,2020-05-26,4807,2018-05-05,2212,628,,6,5,6,4807,0,0,0,,0,,"5TH ST","ALAMEDA ST",21.00,W,N,A,-,N,,,,,,,,,,N,1,1,0,1,A,-,01,23152,B,N,E,I,A,A,H,-,C,A,0,,,Y,,Y,Y,C,02,0,0,0,0,0,0,0,1,0,"- ","- ",38.096149444580078,-122.2484130859375,SOLANO,VALLEJO,-122.24842071533203,38.096080780029297
8648472,2018,2020-05-22,4801,2018-12-05,1808,3895,4801,3,5,4,4801,0,0,0,,0,001,"MILITARY WEST","W 5TH ST",26.00,E,N,A,-,N,,,,,,,,,,Y,1,1,0,2,A,-,11,21954,A,N,G,B,D,A,H,-,C,A,0,Y,,,,Y,,N,60,0,0,0,1,0,0,0,0,0,"- ","- ",,,SOLANO,BENICIA,-122.16376495361328,38.057514190673828
8648829,2018,2018-07-31,4807,2018-06-08,0917,678,VALLE,5,5,6,4807,0,0,0,,0,007,"BROADWAY ST","VALLE VISTA AV",0.00,,Y,A,-,N,,,,,,,,,,N,4,0,1,2,A,-,12,21453,A,N,D,C,A,A,H,-,A,A,0,,,,,Y,,A,01,0,0,1,0,0,0,0,0,0,"- ","- ",38.119781494140625,-122.24883270263672,SOLANO,VALLEJO,-122.24871063232422,38.119770050048828
8653571,2018,2018-07-06,4803,2018-06-04,1409,1577,,1,5,5,4803,0,0,0,,0,00S,"JACKSON ST","DELAWARE ST",0.00,,Y,A,-,N,,,,,,,,,,Y,4,0,1,2,A,-,08,22107,,N,D,C,A,A,H,-,A,D,0,,,,,Y,,A,07,0,0,1,0,0,0,0,0,0,"- ","- ",38.247051239013672,-122.04447174072266,SOLANO,FAIRFIELD,-122.04456329345703,38.247028350830078
8654423,2018,2018-07-17,4803,2018-06-20,1100,1491,,3,5,5,4803,0,0,0,,0,0CE,"EAST ALASKA AV","SANTA ROSA ST",654.00,W,N,A,-,N,,,,,,,,,,Y,4,0,1,2,A,-,09,21804,A,N,A,C,A,A,H,-,A,A,0,,,,,Y,,A,01,0,0,1,0,0,0,0,0,0,"- ","- ",38.272388458251953,-122.02816009521484,SOLANO,FAIRFIELD,-122.03028869628906,38.272621154785156
8654435,2018,2018-07-17,4803,2018-06-14,1655,1327,,4,5,5,4803,0,0,0,,0,00W,"VISTA GRANDE","HILBORN RD",2.00,W,N,A,-,N,,,,,,,,,,N,4,0,1,2,A,-,05,21650,1,N,H,G,A,A,H,-,A,A,0,,Y,,,Y,,L,04,0,0,1,0,0,0,1,0,0,"- ","- ",38.277610778808594,-122.052978515625,SOLANO,FAIRFIELD,-122.05292510986328,38.27752685546875
8655115,2018,2018-07-18,4807,2018-06-28,1753,653,VPD,4,5,6,4807,0,0,0,,0,007,"FAIRGROUNDS DR","SAGE ST",724.00,N,N,A,-,N,,,,,,,,,,Y,4,0,2,5,A,-,03,22350,,F,C,C,A,A,H,-,A,D,0,,,,,Y,Y,-,,0,0,2,0,0,0,0,0,0,"- ","- ",38.140140533447266,-122.23166656494141,SOLANO,VALLEJO,-122.23278045654297,38.141460418701172
8666169,2018,2018-07-30,4804,2018-07-05,0920,RV108,273,4,5,2,4804,0,0,0,,0,002,"N 2ND ST","LOGAN ST",137.00,S,N,A,-,N,,,,,,,,,,N,4,0,2,2,A,-,09,21804,,N,-,C,A,A,H,-,A,D,0,,,,,Y,,A,01,0,0,2,0,0,0,0,0,0,"- ","- ",,,SOLANO,"RIO VISTA",-121.69033050537109,38.157505035400391
8669153,2018,2018-08-15,4803,2018-07-09,1232,561,,1,5,5,4803,0,0,0,,0,0CE,"NORTH TEXAS ST","ALASKA AV",0.00,,Y,A,-,N,,,,,,,,,,Y,3,0,1,1,C,-,18,,,N,A,I,A,A,H,-,A,A,0,,,,,Y,,-,"- ",0,1,0,0,0,0,0,0,0,"- ","- ",38.271411895751953,-122.0341796875,SOLANO,FAIRFIELD,-122.03415679931641,38.271438598632812
8669462,2018,2018-08-31,4807,2018-07-05,0958,710,4807,4,5,6,4807,0,0,0,,0,005,"TUOLUMNE ST","NEBRASKA ST",0.00,,Y,A,-,N,,,,,,,,,,Y,3,0,2,2,A,-,09,21801,A,N,A,C,A,A,H,-,A,A,0,,,,,Y,,A,07,0,1,1,0,0,0,0,0,0,"- ","- ",38.113479614257812,-122.23816680908203,SOLANO,VALLEJO,-122.23815155029297,38.113479614257812
8672878,2018,2018-08-14,4803,2018-07-03,0246,1630,4803,2,5,5,4803,0,0,0,,0,0CE,"EAST TENNESSEE ST","NORTH TEXAS ST",594.00,E,N,A,-,N,,,,,,,,,,Y,3,0,1,2,A,-,08,22107,,N,-,E,A,A,H,-,C,A,0,,,,,Y,,A,08,0,1,0,0,0,0,0,0,0,"- ","- ",38.252861022949219,-122.03427124023438,SOLANO,FAIRFIELD,-122.03215789794922,38.252784729003906
8678992,2018,2018-08-29,4807,2018-07-18,1812,709,VALLE,3,5,6,4807,0,0,0,,0,002,"COLUMBUS PKWY","ASCOT PKY",58.00,N,N,A,-,N,,,,,,,,,,Y,4,0,1,4,A,-,03,22350,,N,C,C,A,A,H,-,A,A,0,,,,,Y,,A,01,0,0,1,0,0,0,0,0,0,"- ","- ",,,SOLANO,VALLEJO,-122.19782257080078,38.112899780273438
8680188,2018,2018-10-23,4803,2018-08-02,1335,504,,4,5,5,4803,0,0,0,,0,0CE,"EAST TRAVIS BL","KIDDER AV",189.00,W,N,A,-,N,,,,,,,,,,N,3,0,1,2,A,-,09,21804,,N,D,G,A,A,H,-,A,D,0,,Y,,,Y,,L,04,0,1,0,0,0,0,1,0,0,"- ","- ",38.258251190185547,-122.03018188476562,SOLANO,FAIRFIELD,-122.03084564208984,38.258228302001953
8680832,2018,2018-10-03,4803,2018-08-02,2047,1502,,4,5,5,4803,0,0,0,,0,00E,"EAST TRAVIS BL","RAYBURN CT",27.00,W,N,A,-,N,,,,,,,,,,N,3,0,1,2,A,-,11,21954,A,N,G,B,D,A,H,-,D,D,0,Y,,,,Y,Y,N,60,0,1,0,0,1,0,0,0,0,"- ","- ",38.258251190185547,-122.03058624267578,SOLANO,FAIRFIELD,-122.03059387207031,38.258228302001953
8680836,2018,2018-10-03,4803,2018-08-05,1736,1642,,7,5,5,4803,0,0,0,,0,0CE,"NORTH TEXAS ST","EAST ALASKA AV",4.00,N,N,A,-,N,,,,,,,,,,N,3,0,1,2,A,-,08,22107,,F,G,B,F,A,H,-,A,A,0,Y,,,,Y,,-,,0,1,0,0,1,0,0,0,0,"- ","- ",38.271411895751953,-122.0341796875,SOLANO,FAIRFIELD,-122.03415679931641,38.271450042724609
8681260,2018,2018-10-04,4807,2018-07-18,1004,707,,3,5,6,4807,0,0,0,,0,005,"TENNESSEE ST","SHASTA ST",0.00,,Y,A,-,N,,,,,,,,,,Y,4,0,1,2,A,-,12,21453,A,N,D,C,A,A,H,-,A,A,0,,,,,Y,,A,01,0,0,1,0,0,0,0,0,0,"- ","- ",38.109691619873047,-122.23477172851562,SOLANO,VALLEJO,-122.23471069335938,38.109718322753906
8681272,2018,2018-10-04,4807,2018-07-21,0002,700,,6,5,6,4807,0,0,0,,0,006,"SACRAMENTO ST","REDWOOD ST",470.00,N,N,A,-,N,,,,,,,,,,Y,3,0,1,4,A,-,08,22107,,N,E,I,A,A,H,-,C,D,0,,,,,Y,,A,01,0,1,0,0,0,0,0,0,0,"- ","- ",38.12213134765625,-122.26213073730469,SOLANO,VALLEJO,-122.26320648193359,38.123100280761719
8682784,2018,2018-09-19,4807,2018-06-24,1640,694,VALLE,7,5,6,4807,0,0,0,,0,002,"ROLLINGWOOD DR","KEATS DR",0.00,,Y,A,-,N,,,,,,,,,,Y,4,0,1,2,A,-,03,22350,,N,C,C,A,A,H,-,A,A,0,,,,,Y,,A,07,0,0,1,0,0,0,0,0,0,"- ","- ",,,SOLANO,VALLEJO,-122.2086181640625,38.095470428466797
8682796,2018,2018-09-19,4807,2018-06-08,2150,686,VALLE,5,5,6,4807,0,0,0,,0,004,"CURTOLA PKWY","SOLANO AV",620.00,S,N,A,-,N,,,,,,,,,,Y,4,0,1,2,A,-,03,22350,,N,E,I,A,B,H,-,C,D,0,,,,,Y,,A,01,0,0,1,0,0,0,0,0,0,"- ","- ",38.096969604492188,-122.24687957763672,SOLANO,VALLEJO,-122.24687957763672,38.096958160400391
8685408,2018,2018-10-04,4807,2018-07-18,0159,703,VALLE,3,5,6,4807,0,0,0,,0,006,"WILSON AV","B ST",0.00,,Y,A,-,N,,,,,,,,,,Y,3,0,1,2,A,-,01,23152,A,N,B,E,A,A,H,-,C,D,0,,,,,Y,Y,A,01,0,1,0,0,0,0,0,0,0,"- ","- ",38.114368438720703,-122.26779937744141,SOLANO,VALLEJO,-122.26788330078125,38.114288330078125
8690036,2018,2018-09-06,4802,2018-07-12,1323,1259,,4,5,3,4802,0,0,0,,0,002,"STRATFORD AV","PITT SCHOOL RD",0.00,,Y,A,-,N,,,,,,,,,,Y,3,0,1,2,A,-,09,21802,A,N,D,C,A,A,H,-,A,A,0,,,,,Y,,A,01,0,1,0,0,0,0,0,0,0,"- ","- ",,,SOLANO,DIXON,-121.84091949462891,38.458049774169922
8690305,2018,2018-08-31,4807,2018-05-18,1346,678,VPD,5,5,6,4807,0,0,0,,0,007,"REDWOOD PKWY","DONCASTER ST",164.00,W,N,A,-,N,,,,,,,,,,Y,3,0,1,1,A,-,03,22350,,N,E,I,A,A,H,-,A,A,0,,,,,Y,,A,07,0,1,0,0,0,0,0,0,0,"- ","- ",,,SOLANO,VALLEJO,-122.21476745605469,38.121826171875
8692425,2018,2018-09-24,4803,2018-09-04,1326,561,,2,5,5,4803,0,0,0,,0,00W,"HOLIDAY LN","TRAVIS BL",1224.00,E,N,A,-,N,,,,,,,,,,Y,4,0,3,2,A,-,09,21801,A,N,D,C,A,A,H,-,A,D,0,,,,,Y,,A,01,0,0,3,0,0,0,0,0,0,"- ","- ",38.258369445800781,-122.06507110595703,SOLANO,FAIRFIELD,-122.06504821777344,38.258228302001953
8692599,2018,2018-09-24,4803,2018-08-30,1518,976,,4,5,5,4803,0,0,0,,0,00S,"WEST TEXAS ST","2ND ST",0.00,,Y,A,-,N,,,,,,,,,,N,4,0,1,2,A,-,05,21202,A,N,D,G,A,A,H,-,A,D,0,,Y,,,Y,,L,04,0,0,1,0,0,0,1,0,0,"- ","- ",38.24932861328125,-122.05509185791016,SOLANO,FAIRFIELD,-122.05515289306641,38.249259948730469
8695208,2018,2018-09-18,4803,2018-08-06,1505,1577,,1,5,5,4803,0,0,0,,0,00S,"OLIVER RD","ROCKVILLE RD",54.00,N,N,A,-,N,,,,,,,,,,N,4,0,1,2,A,-,04,21703,,F,C,C,A,A,H,-,A,A,0,,,,,Y,,-,99,0,0,1,0,0,0,0,0,0,"- ","- ",38.249839782714844,-122.07042694091797,SOLANO,FAIRFIELD,-122.07038879394531,38.249946594238281
8695212,2018,2018-09-18,4803,2018-08-03,1332,1524,,5,5,5,4803,0,0,0,,0,0CE,"MARIGOLD DR","WARING PL",206.00,W,N,A,-,N,,,,,,,,,,Y,4,0,1,2,A,-,08,22107,,N,C,E,A,A,H,-,A,A,0,,,,,Y,,A,01,0,0,1,0,0,0,0,0,0,"- ","- ",38.284191131591797,-122.03157043457031,SOLANO,FAIRFIELD,-122.03200531005859,38.284259796142578
8695232,2018,2018-09-18,4803,2018-08-14,1153,1584,SOLAN,2,5,5,4803,0,0,0,,0,EAST,"EAST TRAVIS BL","CHAMBERLAIN DR",0.00,,Y,A,-,N,,,,,,,,,,N,4,0,1,2,A,-,09,21801,A,F,B,G,A,A,H,-,A,D,0,,Y,,,Y,,A,01,0,0,1,0,0,0,1,0,0,"- ","- ",38.258289337158203,-122.03191375732422,SOLANO,FAIRFIELD,-122.03186798095703,38.258228302001953
8695413,2018,2018-09-26,4807,2018-07-14,1954,676,VALLE,6,5,6,4807,0,0,0,,0,008,"MINI DR","SANDPIPER DR",0.00,,Y,A,-,N,,,,,,,,,,N,4,0,1,2,A,-,09,21801,,N,D,C,A,A,H,-,A,D,0,,,Y,,Y,,D,22,0,0,1,0,0,0,0,0,1,"- ","- ",38.151950836181641,-122.26670837402344,SOLANO,VALLEJO,-122.26670074462891,38.151950836181641
8698832,2019,2019-07-18,4806,2019-05-16,1449,621,515,4,5,5,4806,0,0,0,,0,005,"CHRISTINE DR","ELMIRA RD",0.00,,Y,B,-,N,,,,,,,,,,N,4,0,1,2,A,-,10,21950,A,N,G,B,B,A,H,-,A,A,0,Y,,,,Y,,A,01,0,0,1,0,1,0,0,0,0,"- ","- ",38.351619720458984,-121.94782257080078,SOLANO,VACAVILLE,-121.94788360595703,38.351570129394531
8698840,2019,2019-07-18,4806,2019-05-23,1629,564,409,4,5,5,4806,0,0,0,,0,004,"ALAMO DR","FARMINGTON DR",445.00,N,N,A,-,N,,,,,,,,,,Y,4,0,2,3,A,-,03,22350,,N,C,C,A,A,H,-,A,A,0,,,,,Y,,D,22,0,0,2,0,0,0,0,0,0,"- ","- ",38.335380554199219,-121.95767974853516,SOLANO,VACAVILLE,-121.95767211914062,38.335330963134766
8702244,2018,2018-09-28,4803,2018-09-06,1858,1671,4803,4,5,5,4803,0,0,0,,0,EAST,"MEADOWLARK DR","CORMORANT DR",200.00,E,N,A,-,N,,,,,,,,,,N,4,0,1,2,A,-,10,21954,B,F,G,B,D,A,H,-,B,D,0,Y,,,,Y,Y,-,,0,0,1,0,1,0,0,0,0,"- ","- ",38.267448425292969,-122.00910949707031,SOLANO,FAIRFIELD,-122.00857543945312,38.267097473144531
8702272,2018,2018-09-28,4807,2018-09-10,1845,709,VALLE,1,5,6,4807,0,0,0,,0,001,"TENNESSEE ST","ADMIRAL CALLAGHAN LN",31.00,E,N,A,-,N,,,,,,,,,,N,4,0,1,2,A,-,03,22350,,N,C,C,A,A,H,-,A,A,0,,,,,Y,,A,01,0,0,1,0,0,0,0,0,0,"- ","- ",,,SOLANO,VALLEJO,-122.22817230224609,38.109649658203125
8702909,2018,2018-10-11,4807,2018-08-11,2135,705,VALLE,6,5,6,4807,0,0,0,,0,001,"COLUMBUS PKWY","N ASCOT PKWY",0.00,,Y,A,-,N,,,,,,,,,,Y,3,0,1,2,A,-,01,23152,A,N,D,C,A,A,H,-,C,A,0,,,,,Y,Y,D,22,0,1,0,0,0,0,0,0,0,"- ","- ",,,SOLANO,VALLEJO,-122.19793701171875,38.112770080566406
8703052,2018,2018-10-09,4807,2018-09-03,0953,705,VALLE,1,5,6,4807,0,0,0,,0,001,"REDWOOD PKWY","TOPLEY DR",0.00,,Y,A,-,N,,,,,,,,,,Y,3,0,2,2,A,-,09,21802,A,N,D,C,A,A,H,-,A,D,0,,,,,Y,,A,01,0,1,1,0,0,0,0,0,0,"- ","- ",,,SOLANO,VALLEJO,-122.21269989013672,38.120891571044922