CASE_ID,ACCIDENT_YEAR,PROC_DATE,JURIS,COLLISION_DATE,COLLISION_TIME,OFFICER_ID,REPORTING_DISTRICT,DAY_OF_WEEK,CHP_SHIFT,POPULATION,CNTY_CITY_LOC,SPECIAL_COND,BEAT_TYPE,CHP_BEAT_TYPE,CITY_DIVISION_LAPD,CHP_BEAT_CLASS,BEAT_NUMBER,PRIMARY_RD,SECONDARY_RD,DISTANCE,DIRECTION,INTERSECTION,WEATHER_1,WEATHER_2,STATE_HWY_IND,CALTRANS_COUNTY,CALTRANS_DISTRICT,STATE_ROUTE,ROUTE_SUFFIX,POSTMILE_PREFIX,POSTMILE,LOCATION_TYPE,RAMP_INTERSECTION,SIDE_OF_HWY,TOW_AWAY,COLLISION_SEVERITY,NUMBER_KILLED,NUMBER_INJURED,PARTY_COUNT,PRIMARY_COLL_FACTOR,PCF_CODE_OF_VIOL,PCF_VIOL_CATEGORY,PCF_VIOLATION,PCF_VIOL_SUBSECTION,HIT_AND_RUN,TYPE_OF_COLLISION,MVIW,PED_ACTION,ROAD_SURFACE,ROAD_COND_1,ROAD_COND_2,LIGHTING,CONTROL_DEVICE,CHP_ROAD_TYPE,PEDESTRIAN_ACCIDENT,BICYCLE_ACCIDENT,MOTORCYCLE_ACCIDENT,TRUCK_ACCIDENT,NOT_PRIVATE_PROPERTY,ALCOHOL_INVOLVED,STWD_VEHTYPE_AT_FAULT,CHP_VEHTYPE_AT_FAULT,COUNT_SEVERE_INJ,COUNT_VISIBLE_INJ,COUNT_COMPLAINT_PAIN,COUNT_PED_KILLED,COUNT_PED_INJURED,COUNT_BICYCLIST_KILLED,COUNT_BICYCLIST_INJURED,COUNT_MC_KILLED,COUNT_MC_INJURED,PRIMARY_RAMP,SECONDARY_RAMP,LATITUDE,LONGITUDE,COUNTY,CITY,POINT_X,POINT_Y
8836194,2019,2019-04-15,4807,2019-03-19,2330,714,VPD,2,5,6,4807,0,0,0,,0,007,"GREENFIELD AV","N LA CRESENDA ST",45.00,S,N,B,-,N,,,,,,,,,,Y,2,0,1,1,A,-,03,22350,,N,E,I,A,A,H,-,D,D,0,,,Y,,Y,,C,03,1,0,0,0,0,0,0,0,1,"- ","- ",38.117698669433594,-122.37998199462891,SOLANO,VALLEJO,-122.23813629150391,38.118221282958984
8836198,2019,2019-04-15,4807,2019-03-08,1057,715,VALLE,5,5,6,4807,0,0,0,,0,004,"MAINE ST","SUTTER ST",6.00,N,N,A,-,N,,,,,,,,,,Y,3,0,2,2,A,-,09,21802,A,N,D,C,A,A,H,-,A,D,0,,,,,Y,,A,07,0,1,1,0,0,0,0,0,0,"- ","- ",38.099098205566406,-122.25334930419922,SOLANO,VALLEJO,-122.25331115722656,38.099090576171875
8836202,2019,2019-04-15,4807,2019-03-08,1642,710,4807,5,5,6,4807,0,0,0,,0,006,"REDWOOD PKWY","SONOMA BL",800.00,W,N,A,-,N,,,,,,,,,,N,4,0,1,2,A,-,09,21801,A,N,D,C,A,A,H,-,A,D,0,,,,,Y,,A,01,0,0,1,0,0,0,0,0,0,"- ","- ",,,SOLANO,VALLEJO,-122.25809478759766,38.123340606689453
8839683,2019,2019-04-29,4807,2019-04-17,0818,600,4807,3,5,6,4807,0,0,0,,0,001,"ADMIRAL CALLAGHAN LN","TENNESSEE ST",0.00,,Y,A,-,N,,,,,,,,,,Y,4,0,1,2,A,-,03,22350,,N,C,C,A,A,H,-,A,A,0,,,,,Y,,D,22,0,0,1,0,0,0,0,0,0,"- ","- ",38.109630584716797,-122.22834777832031,SOLANO,VALLEJO,-122.22827911376953,38.109649658203125
8839705,2019,2019-05-06,4803,2019-01-18,0615,1581,,5,5,5,4803,0,0,0,,0,,"NORTH TEXAS ST","ATLANTIC AV",189.00,N,N,C,-,N,,,,,,,,,,,2,0,1,2,A,-,10,21963,,N,G,B,E,B,H,-,C,D,0,Y,,,,Y,,D,22,1,0,0,0,1,0,0,0,0,"- ","- ",,,SOLANO,FAIRFIELD,-122.03419494628906,38.276840209960938
8840199,2018,2019-04-24,4802,2018-12-06,1859,1264,,4,5,3,4802,0,0,0,,0,,"N JACKSON ST","WEST A ST",133.00,N,N,A,-,N,,,,,,,,,,Y,3,0,1,1,A,-,08,22107,,N,E,I,A,A,H,-,C,D,0,,,,,Y,Y,A,01,0,1,0,0,0,0,0,0,0,"- ","- ",,,SOLANO,DIXON,-121.82376861572266,38.445934295654297
8841733,2018,2019-04-17,4807,2018-12-14,1440,694,VALLE,5,5,6,4807,0,0,0,,0,005,"AMADOR ST","HANNS AV",0.00,,Y,B,-,N,,,,,,,,,,Y,4,0,1,2,A,-,09,21804,A,N,D,C,A,A,H,-,A,A,0,,,,,Y,,A,07,0,0,1,0,0,0,0,0,0,"- ","- ",38.114990234375,-122.24324035644531,SOLANO,VALLEJO,-122.24323272705078,38.114978790283203
8842052,2019,2019-04-22,4806,2019-03-22,2055,564,,5,5,5,4806,0,0,0,,0,,"MONTE VISTA AV","ORCHARD AV",0.00,,Y,B,-,N,,,,,,,,,,N,4,0,1,2,A,-,12,21453,A,N,G,B,B,A,H,-,C,A,0,Y,,,,Y,,A,01,0,0,1,0,1,0,0,0,0,"- ","- ",38.359260559082031,-122.00479888916016,SOLANO,VACAVILLE,-122.0047607421875,38.359249114990234
8847072,2019,2019-08-26,4803,2019-05-08,0854,1691,,3,5,5,4803,0,0,0,,0,00S,"RT 12","PENNSYLVANIA AV",124.00,W,N,A,-,Y,SOL,4,12,-,R,4.050,H,-,E,,3,0,1,2,A,-,04,21703,,N,C,C,A,A,H,-,A,A,0,,,,,Y,,A,01,0,1,0,0,0,0,0,0,0,"- ","- ",38.241401672363281,-122.05039978027344,SOLANO,FAIRFIELD,-122.05097961425781,38.241130828857422
8848290,2019,2019-04-25,4803,2019-04-03,1425,903,4803,3,5,5,4803,0,0,0,,0,00E,"WHITNEY DR","VIKING LN",0.00,,Y,A,-,N,,,,,,,,,,Y,4,0,1,3,A,-,09,21801,A,N,A,C,A,A,H,-,A,D,0,,,,,Y,,A,01,0,0,1,0,0,0,0,0,0,"- ","- ",38.279369354248047,-121.96585083007812,SOLANO,FAIRFIELD,-121.96595764160156,38.279510498046875
8848697,2019,2019-04-30,4803,2019-03-24,2142,1685,,7,5,5,4803,0,0,0,,0,00E,"CROCKER CIR","HUNTINGTON DR W",126.00,N,N,A,-,N,,,,,,,,,,N,3,0,1,1,A,-,03,22350,,N,E,I,A,A,H,-,C,D,0,,,,,Y,Y,A,01,0,1,0,0,0,0,0,0,0,"- ","- ",,,SOLANO,FAIRFIELD,-121.98676300048828,38.272724151611328
8848705,2019,2019-04-30,4803,2019-03-24,0946,1691,,7,5,5,4803,0,0,0,,0,005,"WEST TEXAS ST","BECK AV",442.00,E,N,A,-,N,,,,,,,,,,N,4,0,3,2,A,-,12,21453,A,N,D,C,A,A,H,-,A,A,0,,,,,Y,,A,01,0,0,3,0,0,0,0,0,0,"- ","- ",,,SOLANO,FAIRFIELD,-122.06468963623047,38.249271392822266
8849508,2018,2019-05-16,4802,2018-09-29,1610,1277,,6,5,3,4802,0,0,0,,0,,"N 2ND ST","E B ST",0.00,,Y,A,-,N,,,,,,,,,,,2,0,1,2,A,-,08,22107,,N,F,A,A,A,H,-,A,A,0,,,Y,,Y,,C,02,1,0,0,0,0,0,0,0,1,"- ","- ",,,SOLANO,DIXON,-121.82121276855469,38.446578979492188
8852319,2019,2019-05-07,4807,2019-04-26,1452,671,,5,5,6,4807,0,0,0,,0,007,"REDWOOD PKWY","HERMOSA AV",25.00,S,N,A,-,N,,,,,,,,,,N,4,0,1,3,A,-,03,22350,,N,C,C,A,A,H,-,A,D,0,,,,,Y,,A,01,0,0,1,0,0,0,0,0,0,"- ","- ",,,SOLANO,VALLEJO,-122.24754333496094,38.1226806640625
8855485,2019,2019-05-13,4803,2019-04-24,2124,976,,3,5,5,4803,0,0,0,,0,00S,"TRAVIS BL","WEBSTER ST",29.00,E,N,A,-,N,,,,,,,,,,N,3,0,1,2,A,-,01,23153,A,N,C,C,A,A,H,-,C,A,0,,,,,Y,Y,A,08,0,1,0,0,0,0,0,0,0,"- ","- ",38.258201599121094,-122.04736328125,SOLANO,FAIRFIELD,-122.04728698730469,38.258201599121094
8855816,2019,2019-05-28,4804,2019-03-30,2000,FONGM,273,6,5,2,4804,0,0,0,,0,,"SUMMERSET DR","WATERWOOD DR",0.00,,Y,A,-,N,,,,,,,,,,N,2,0,1,2,A,-,10,21950,A,N,G,B,B,A,H,-,C,A,0,Y,,,,Y,,A,07,1,0,0,0,1,0,0,0,0,"- ","- ",,,SOLANO,"RIO VISTA",-121.71646118164062,38.180370330810547
8857663,2019,2019-05-22,4801,2019-03-06,0858,3895,4801,3,5,4,4801,0,0,0,,0,001,"ANITA CT","CHERYL DR",41.00,S,N,C,-,N,,,,,,,,,,Y,4,0,1,2,A,-,13,22515,A,N,B,E,A,B,H,-,A,D,0,,,,Y,Y,,G,26,0,0,1,0,0,0,0,0,0,"- ","- ",,,SOLANO,BENICIA,-122.16780090332031,38.062648773193359
8858119,2019,2019-05-23,4801,2019-03-24,1354,4110,4801,7,5,4,4801,0,0,0,,0,004,"E INDUSTRIAL WY","CHANNEL RD",176.00,E,N,B,-,N,,,,,,,,,,N,3,0,1,1,A,-,08,22107,,N,E,I,A,A,H,-,A,A,0,,,Y,,Y,,C,02,0,1,0,0,0,0,0,0,1,"- ","- ",,,SOLANO,BENICIA,-122.13417053222656,38.077911376953125
8860701,2018,2019-06-04,4802,2018-09-03,1318,1258,,1,5,3,4802,0,0,0,,0,,"PEDRICK RD","SPARLING LN",317.00,S,N,-,-,N,,,,,,,,,,N,2,0,1,2,A,-,08,22107,,N,D,C,A,A,H,-,A,D,0,,,,,Y,,A,01,1,0,0,0,0,0,0,0,0,"- ","- ",,,SOLANO,DIXON,-121.8038330078125,38.485927581787109
8865334,2019,2019-05-29,4807,2019-05-14,1540,537,VALLE,2,5,6,4807,0,0,0,,0,006,"TENNESSEE ST","BUTTE ST",205.00,E,N,A,-,N,,,,,,,,,,N,4,0,1,2,A,-,08,22102,,N,D,C,A,A,H,-,A,D,0,,,,,Y,,A,01,0,0,1,0,0,0,0,0,0,"- ","- ",,,SOLANO,VALLEJO,-122.26237487792969,38.110099792480469
8865338,2019,2019-05-29,4807,2019-05-03,1902,718,4807,5,5,6,4807,0,0,0,,0,001,"ADMIRAL CALLAGHAN LN","ROTARY WY",199.00,S,N,A,-,N,,,,,,,,,,N,4,0,1,3,A,-,03,22350,,N,C,C,A,A,H,-,A,D,0,,,,,Y,,A,01,0,0,1,0,0,0,0,0,0,"- ","- ",38.125911712646484,-122.22798156738281,SOLANO,VALLEJO,-122.22820281982422,38.125507354736328
8865342,2019,2019-05-29,4807,2019-05-03,1015,720,VALLE,5,5,6,4807,0,0,0,,0,002,"STEFFAN ST","LAUREL ST",95.00,S,N,A,-,N,,,,,,,,,,N,4,0,1,3,A,-,03,22350,,N,C,C,A,A,H,-,A,D,0,,,,,Y,,A,01,0,0,1,0,0,0,0,0,0,"- ","- ",,,SOLANO,VALLEJO,-122.22850036621094,38.099708557128906
8865403,2019,2019-05-29,4807,2019-04-30,0910,537,VALLE,2,5,6,4807,0,0,0,,0,005,"AMADOR ST","FLORIDA ST",232.00,S,N,A,-,N,,,,,,,,,,N,4,0,1,2,A,-,04,21703,,N,C,C,A,A,H,-,A,D,0,,,,,Y,,A,01,0,0,1,0,0,0,0,0,0,"- ","- ",38.104911804199219,-122.24388885498047,SOLANO,VALLEJO,-122.24349212646484,38.104244232177734
8866005,2019,2019-06-06,4807,2019-05-15,2030,665,,3,5,6,4807,0,0,0,,0,002,"SPRINGS RD","ROLLINGWOOD DR",162.00,E,N,C,-,N,,,,,,,,,,Y,4,0,1,2,A,-,09,21804,A,N,D,C,A,B,H,-,C,D,0,,,,,Y,Y,A,01,0,0,1,0,0,0,0,0,0,"- ","- ",,,SOLANO,VALLEJO,-122.20842742919922,38.105937957763672
8867285,2019,2019-07-09,4806,2019-05-22,1743,726,920,3,5,5,4806,0,0,0,,0,009,"CHRISTINE DR","VASSAR DR",0.00,,Y,A,-,N,,,,,,,,,,Y,3,0,1,2,A,-,09,21802,A,N,D,C,A,A,H,-,A,A,0,,,,,Y,,A,01,0,1,0,0,0,0,0,0,0,"- ","- ",38.352748870849609,-121.94779968261719,SOLANO,VACAVILLE,-121.94783020019531,38.352798461914062
8869871,2019,2019-08-27,4803,2019-05-03,1723,1663,,5,5,5,4803,0,0,0,,0,00S,"CHADBOURNE RD","RT 12",0.00,,Y,-,-,Y,SOL,4,12,-,L,2.014,R,4,W,Y,4,0,2,2,A,-,12,21453,A,N,D,C,A,A,H,-,A,A,0,,,,,Y,,-,"- ",0,0,2,0,0,0,0,0,0,"- ",WO,38.239238739013672,-122.08409881591797,SOLANO,FAIRFIELD,-122.08848571777344,38.239784240722656
8870540,2019,2019-06-06,4803,2019-05-16,1840,976,,4,5,5,4803,0,0,0,,0,0CO,"GOLD HILL RD","NORTH RIDGEFIELD WY",48.00,W,N,B,-,N,,,,,,,,,,Y,3,0,1,1,A,-,08,22107,,N,E,I,A,A,H,-,A,D,0,,,,,Y,,A,01,0,1,0,0,0,0,0,0,0,"- ","- ",38.17034912109375,-122.13626098632812,SOLANO,FAIRFIELD,-122.13614654541016,38.169319152832031
8872575,2019,2019-06-10,4807,2019-04-03,1445,708,4807,3,5,6,4807,0,0,0,,0,007,"SAGE ST","FAIRGROUNDS DR",332.00,E,N,A,-,N,,,,,,,,,,N,4,0,1,2,A,-,09,21804,A,F,D,C,A,A,H,-,A,D,0,,,,,Y,,-,,0,0,1,0,0,0,0,0,0,"- ","- ",,,SOLANO,VALLEJO,-122.23059844970703,38.140525817871094
8874424,2019,2019-06-18,4803,2019-05-30,1251,1694,,4,5,5,4803,0,0,0,,0,00E,"CLAY BANK RD","HORIZON DR",0.00,,Y,A,-,N,,,,,,,,,,N,4,0,1,2,A,-,08,22107,,N,B,C,A,A,D,-,A,D,0,,,,,Y,,A,01,0,0,1,0,0,0,0,0,0,"- ","- ",38.27593994140625,-122.00644683837891,SOLANO,FAIRFIELD,-122.00655364990234,38.276100158691406
8875906,2019,2019-10-29,4805,2019-03-19,0515,5L102,4805,2,5,4,4805,0,0,0,,0,001,"RT 12","MARINA BL",33.00,S,N,A,-,Y,SOL,4,12,-,-,5.160,H,-,W,Y,4,0,2,2,A,-,03,22350,,N,C,C,A,A,H,-,C,A,0,,,,,Y,,A,01,0,0,2,0,0,0,0,0,0,"- ","- ",,,SOLANO,"SUISUN CITY",-122.03125762939453,38.244647979736328
8875913,2019,2019-10-29,4802,2019-02-24,1439,1261,,7,5,3,4802,0,0,0,,0,001,"EAST CHESTNUT ST","SOUTH 1ST ST",175.00,E,N,A,-,Y,SOL,4,113,-,-,19.040,I,6,N,Y,3,0,1,2,A,-,01,23152,B,N,C,E,A,A,H,-,A,D,0,,,,,Y,Y,A,01,0,1,0,0,0,0,0,0,0,"- ","- ",,,SOLANO,DIXON,-121.82252502441406,38.441944122314453
8875917,2019,2019-10-29,4805,2019-03-06,1525,5L66,4805,3,5,4,4805,0,0,0,,0,003,"RT 12","WALTERS RD",0.00,,Y,C,-,Y,SOL,4,12,-,-,7.474,I,5,W,Y,4,0,1,2,A,-,12,21453,A,N,D,C,A,B,H,-,A,A,0,,,,,Y,,A,01,0,0,1,0,0,0,0,0,0,"- ","- ",,,SOLANO,"SUISUN CITY",-121.98969268798828,38.240303039550781
8876117,2019,2019-06-17,4807,2019-05-23,1312,537,VALLE,4,5,6,4807,0,0,0,,0,005,"BROADWAY ST","OREGON ST",52.00,S,N,A,-,N,,,,,,,,,,N,2,0,2,2,A,-,05,21460,A,N,A,C,A,A,H,-,A,D,0,,,,Y,Y,,D,22,2,0,0,0,0,0,0,0,0,"- ","- ",,,SOLANO,VALLEJO,-122.24848175048828,38.118148803710938
8876262,2019,2019-06-12,4807,2019-05-24,1459,711,4807,5,5,6,4807,0,0,0,,0,001,"PLAZA DR","ADMIRAL CALLAGHAN",200.00,S,N,A,-,N,,,,,,,,,,Y,4,0,1,2,A,-,09,21802,A,F,D,C,A,A,H,-,A,A,0,,,,,Y,,A,01,0,0,1,0,0,0,0,0,0,"- ","- ",,,SOLANO,VALLEJO,-122.2177734375,38.134941101074219
8877839,2019,2019-06-14,4807,2019-03-30,1202,636,VALLE,6,5,6,4807,0,0,0,,0,004,"5TH ST","WINCHESTER ST",0.00,,Y,A,-,N,,,,,,,,,,Y,4,0,3,3,A,-,09,21802,,N,D,E,A,A,H,-,A,A,0,,,,,Y,,A,01,0,0,3,0,0,0,0,0,0,"- ","- ",38.087440490722656,-122.24060821533203,SOLANO,VALLEJO,-122.24053192138672,38.087421417236328
8879867,2019,2019-06-18,4807,2019-05-15,1825,713,4807,3,5,6,4807,0,0,0,,0,006,"DANIELS AV","SACRAMENTO ST",0.00,,Y,C,-,N,,,,,,,,,,Y,4,0,1,3,A,-,08,22107,,F,B,C,A,B,H,-,A,A,0,,,,,Y,,A,01,0,0,1,0,0,0,0,0,0,"- ","- ",38.124729156494141,-122.264892578125,SOLANO,VALLEJO,-122.26490020751953,38.124698638916016
8887752,2019,2019-11-15,4805,2019-05-12,1645,5L85,4805,7,5,4,4805,0,0,0,,0,003,"RT 12","LAWLER RANCH PKY W",27.00,W,N,A,-,Y,SOL,4,12,-,-,6.576,H,-,E,N,4,0,1,2,A,-,03,22350,,N,C,C,A,A,H,-,A,A,0,,,,,Y,,D,22,0,0,1,0,0,0,0,0,0,"- ","- ",33.824321746826172,-122.00534057617188,SOLANO,"SUISUN CITY",-122.00552368164062,38.243156433105469
8887851,2019,2019-07-08,4805,2019-04-09,1158,5L101,4805,2,5,4,4805,0,0,0,,0,003,"PINTAIL DR","CRESTED DR",29.00,E,N,A,-,N,,,,,,,,,,N,3,0,1,2,A,-,03,22350,,N,C,C,A,A,H,-,A,D,0,,,,,Y,,A,07,0,1,0,0,0,0,0,0,0,"- ","- ",38.247348785400391,-122.0009765625,SOLANO,"SUISUN CITY",-122.00084686279297,38.247341156005859
8887859,2019,2019-07-08,4805,2019-04-22,1901,5L86,4805,1,5,4,4805,0,0,0,,0,001,"RAILROAD AV","BROOKSIDE DR",73.00,W,N,A,-,,,,,,,,,,,Y,3,0,1,2,A,-,09,21800,A,N,A,G,A,A,H,-,A,D,0,,Y,,,Y,,L,04,0,1,0,0,0,0,1,0,0,"- ","- ",38.249519348144531,-122.03131866455078,SOLANO,"SUISUN CITY",-122.03152465820312,38.249385833740234
8888128,2019,2019-07-16,4803,2019-06-17,1710,1700,,1,5,5,4803,0,0,0,,0,0CO,"SUISUN VALLEY RD","BUSINESS CENTER DR",0.00,,Y,A,-,N,,,,,,,,,,,3,0,1,3,A,-,12,21453,A,F,A,C,A,A,H,-,A,A,0,,,,,Y,,D,23,0,1,0,0,0,0,0,0,0,"- ","- ",38.226631164550781,-122.12966156005859,SOLANO,FAIRFIELD,-122.12969970703125,38.227008819580078
8888269,2019,2019-07-08,4803,2019-04-24,0043,1307,,3,5,5,4803,0,0,0,,0,00S,"UTAH ST","MARYLAND ST",174.00,E,N,A,-,N,,,,,,,,,,Y,3,0,1,4,A,-,08,22107,,N,B,E,A,A,H,-,C,D,0,,,,,Y,,A,01,0,1,0,0,0,0,0,0,0,"- ","- ",38.254318237304688,-122.04457092285156,SOLANO,FAIRFIELD,-122.04419708251953,38.25439453125
8888280,2019,2019-07-19,4803,2019-04-29,1559,1694,,1,5,5,4803,0,0,0,,0,00E,"CEMENT HILL RD","NOONAN LN",142.00,W,N,A,-,N,,,,,,,,,,,4,0,1,3,A,-,03,22350,,N,C,C,A,A,H,-,-,D,0,,,,,Y,,-,,0,0,1,0,0,0,0,0,0,"- ","- ",38.290058135986328,-121.97411346435547,SOLANO,FAIRFIELD,-121.97459411621094,38.287033081054688
8888292,2019,2019-07-08,4803,2019-04-30,0816,1694,,2,5,5,4803,0,0,0,,0,00S,"WEST TEXAS ST","BECK AV",277.00,E,N,A,-,N,,,,,,,,,,Y,4,0,1,3,A,-,03,22350,,N,C,C,A,A,H,-,A,A,0,,,,,Y,,D,72,0,0,1,0,0,0,0,0,0,"- ","- ",38.249320983886719,-122.06620788574219,SOLANO,FAIRFIELD,-122.06526184082031,38.249271392822266
8888770,2019,2019-07-19,4801,2019-06-09,1721,4207,4801,7,5,4,4801,0,0,0,,0,001,"WEST I ST","W 6TH ST",499.00,W,N,A,-,N,,,,,,,,,,Y,3,0,1,2,A,-,01,23152,A,N,B,E,A,A,H,-,A,D,0,,,,,Y,Y,A,08,0,1,0,0,0,0,0,0,0,"- ","- ",,,SOLANO,BENICIA,-122.16917419433594,38.056739807128906
8889479,2019,2019-07-12,4807,2019-06-18,1522,#537,"V PO",2,5,6,4807,0,0,0,,0,005,"KENTUCKY ST","NAPA ST",0.00,,Y,A,-,N,,,,,,,,,,N,4,0,1,2,A,-,12,22450,A,N,A,C,A,A,H,-,A,A,0,,,,,Y,,A,01,0,0,1,0,0,0,0,0,0,"- ","- ",,,SOLANO,VALLEJO,-122.25148773193359,38.105998992919922
8891070,2019,2019-08-07,4803,2019-06-27,1406,1632,,4,5,5,4803,0,0,0,,0,00S,"PENNSYLVANIA AV","EMPIRE ST",0.00,,Y,A,-,N,,,,,,,,,,N,4,0,2,2,A,-,09,21802,A,N,D,C,A,A,H,-,A,D,0,,,,,Y,,A,07,0,0,2,0,0,0,0,0,0,"- ","- ",38.250198364257812,-122.04985809326172,SOLANO,FAIRFIELD,-122.04997253417969,38.250339508056641
8892233,2019,2019-07-17,4807,2019-04-16,1347,600,4807,2,5,6,4807,0,0,0,,0,005,"TENNESSEE ST","TUOLUMNE ST",70.00,W,N,A,-,N,,,,,,,,,,N,4,0,1,3,A,-,03,22350,,N,C,C,A,A,H,-,A,D,0,,,,,Y,,A,01,0,0,1,0,0,0,0,0,0,"- ","- ",38.109748840332031,-122.23818969726562,SOLANO,VALLEJO,-122.23838043212891,38.109760284423828
8894080,2019,2019-07-12,4807,2019-05-17,1509,709,VALLE,5,5,6,4807,0,0,0,,0,1509,"COLUMBUS PKWY","TENNESSEE ST",315.00,N,N,A,-,N,,,,,,,,,,N,4,0,1,1,A,-,01,23152,A,N,E,I,A,A,H,-,A,D,0,,,,,Y,Y,A,01,0,0,1,0,0,0,0,0,0,"- ","- ",38.108730316162109,-122.20323181152344,SOLANO,VALLEJO,-122.20316314697266,38.109584808349609
8896584,2019,2019-08-02,4803,2019-06-28,1117,1681,,5,5,5,4803,0,0,0,,0,,"TRAVIS BL","GATEWAY BL",48.00,W,N,A,-,N,,,,,,,,,,N,4,0,1,2,A,-,03,22350,,N,C,C,A,A,H,-,A,A,0,,,,,Y,,A,01,0,0,1,0,0,0,0,0,0,"- ","- ",38.258148193359375,-122.05677795410156,SOLANO,FAIRFIELD,-122.0570068359375,38.258129119873047
8896639,2019,2019-08-02,4803,2019-06-30,1713,1697,,7,5,5,4803,0,0,0,,0,,"MANUEL CAMPOS PKWY","DICKSON HILL RD",647.00,E,N,A,-,N,,,,,,,,,,,4,0,1,1,A,-,08,22107,,N,A,I,A,A,H,-,A,D,0,,,,,Y,,A,01,0,0,1,0,0,0,0,0,0,"- ","- ",38.287769317626953,-122.01100921630859,SOLANO,FAIRFIELD,-122.00764465332031,38.28717041015625
8896878,2019,2019-07-30,4803,2019-07-02,1348,1681,,2,5,5,4803,0,0,0,,0,,"TRAVIS BL","HOLIDAY LN",0.00,,Y,A,-,N,,,,,,,,,,N,4,0,2,2,A,-,12,21453,A,N,D,C,A,A,H,-,A,A,0,,,,,Y,,A,01,0,0,2,0,0,0,0,0,0,"- ","- ",38.258220672607422,-122.06508636474609,SOLANO,FAIRFIELD,-122.06504821777344,38.258228302001953
8900433,2019,2019-12-17,4807,2019-07-02,1007,705,VALLE,2,5,6,4807,0,0,0,,0,005,"SONOMA BL","VIRGINIA ST",0.00,,Y,A,-,Y,SOL,4,29,-,-,2.270,I,5,S,Y,4,0,1,2,A,-,09,21801,A,N,D,C,A,A,H,-,A,A,0,,,,,Y,,A,07,0,0,1,0,0,0,0,0,0,"- ","- ",38.102088928222656,-122.25489807128906,SOLANO,VALLEJO,-122.25492858886719,38.102142333984375
8908765,2019,2019-08-08,4807,2019-05-25,2039,679,4807,6,5,6,4807,0,0,0,,0,008,"WHITNEY AV","FAIRGROUNDS DR",6.00,W,N,A,-,N,,,,,,,,,,N,4,0,1,2,A,-,11,21950,B,N,G,B,B,A,H,-,C,A,0,Y,,,,Y,,N,60,0,0,1,0,1,0,0,0,0,"- ","- ",38.146770477294922,-122.23621368408203,SOLANO,VALLEJO,-122.23616790771484,38.146713256835938
8909739,2019,2019-08-08,4807,2019-06-23,1628,718,VALLE,7,5,6,4807,0,0,0,,0,005,"TENNESSEE ST","MARIPOSA ST",0.00,,Y,A,-,N,,,,,,,,,,Y,2,0,1,2,A,-,12,21453,A,N,D,C,A,A,H,-,A,A,0,,,,,Y,,A,01,1,0,0,0,0,0,0,0,0,"- ","- ",38.109668731689453,-122.23139190673828,SOLANO,VALLEJO,-122.23136901855469,38.109668731689453
8911307,2019,2021-05-28,4807,2019-09-21,0119,600,4807,6,5,6,4807,0,0,0,,0,008,"FAIRGROUNDS DR","GATEWAY DR",182.00,N,N,A,-,N,,,,,,,,,,Y,1,1,0,2,A,-,05,21650,1,N,H,G,A,A,H,-,C,D,0,,Y,,,Y,,L,04,0,0,0,0,0,1,0,0,0,"- ","- ",38.144878387451172,-122.23500061035156,SOLANO,VALLEJO,-122.23525238037109,38.145061492919922
8911687,2020,2020-10-14,4803,2020-08-14,2239,476,,5,5,5,4803,0,0,0,,0,00S,"BECK AV","CADENASSO DR",183.00,S,N,A,-,N,,,,,,,,,,N,1,1,0,2,A,-,10,21954,B,N,G,B,E,A,H,-,C,D,0,Y,,,,Y,,A,01,0,0,0,1,0,0,0,0,0,"- ","- ",38.247539520263672,-122.06620788574219,SOLANO,FAIRFIELD,-122.06623840332031,38.247005462646484
8916276,2019,2019-08-19,4806,2019-06-04,1911,575,,2,5,5,4806,0,0,0,,0,,"LEISURE TOWN RD","ULATIS DR",0.00,,Y,A,-,N,,,,,,,,,,Y,4,0,1,3,A,-,09,21801,A,N,D,C,A,A,H,-,-,A,0,,,,,Y,,A,07,0,0,1,0,0,0,0,0,0,"- ","- ",38.358180999755859,-121.93408203125,SOLANO,VACAVILLE,-121.93402862548828,38.358001708984375
8916485,2019,2019-08-19,4806,2019-06-04,1720,575,,2,5,5,4806,0,0,0,,0,,"MARSHALL RD","ROYAL OAKS DR",119.00,E,N,A,-,N,,,,,,,,,,N,4,0,1,2,A,-,03,22350,,N,C,C,A,A,H,-,A,D,0,,,,,Y,,A,01,0,0,1,0,0,0,0,0,0,"- ","- ",38.346240997314453,-121.95699310302734,SOLANO,VACAVILLE,-121.95662689208984,38.346290588378906
8917503,2019,2019-08-15,4806,2019-06-19,1103,426,612,3,5,5,4806,0,0,0,,0,006,"COOKSON ST","SADDLE HORN TRL",31.00,S,N,A,-,N,,,,,,,,,,N,4,0,1,2,A,-,21,22106,,N,D,G,A,A,H,-,A,D,0,,Y,,,Y,,A,01,0,0,1,0,0,0,1,0,0,"- ","- ",38.319011688232422,-121.96366119384766,SOLANO,VACAVILLE,-121.96369934082031,38.318862915039062
8917599,2019,2019-08-15,4806,2019-06-24,1600,575,,1,5,5,4806,0,0,0,,0,,"HARBISON DR","NUT TREE PKWY",643.00,S,N,A,-,N,,,,,,,,,,N,4,0,1,2,D,-,00,,,N,D,C,A,A,H,-,A,A,0,,,,,Y,,-,"- ",0,0,1,0,0,0,0,0,0,"- ","- ",38.363021850585938,-121.96475982666016,SOLANO,VACAVILLE,-121.96333312988281,38.361888885498047