CASE_ID,ACCIDENT_YEAR,PROC_DATE,JURIS,COLLISION_DATE,COLLISION_TIME,OFFICER_ID,REPORTING_DISTRICT,DAY_OF_WEEK,CHP_SHIFT,POPULATION,CNTY_CITY_LOC,SPECIAL_COND,BEAT_TYPE,CHP_BEAT_TYPE,CITY_DIVISION_LAPD,CHP_BEAT_CLASS,BEAT_NUMBER,PRIMARY_RD,SECONDARY_RD,DISTANCE,DIRECTION,INTERSECTION,WEATHER_1,WEATHER_2,STATE_HWY_IND,CALTRANS_COUNTY,CALTRANS_DISTRICT,STATE_ROUTE,ROUTE_SUFFIX,POSTMILE_PREFIX,POSTMILE,LOCATION_TYPE,RAMP_INTERSECTION,SIDE_OF_HWY,TOW_AWAY,COLLISION_SEVERITY,NUMBER_KILLED,NUMBER_INJURED,PARTY_COUNT,PRIMARY_COLL_FACTOR,PCF_CODE_OF_VIOL,PCF_VIOL_CATEGORY,PCF_VIOLATION,PCF_VIOL_SUBSECTION,HIT_AND_RUN,TYPE_OF_COLLISION,MVIW,PED_ACTION,ROAD_SURFACE,ROAD_COND_1,ROAD_COND_2,LIGHTING,CONTROL_DEVICE,CHP_ROAD_TYPE,PEDESTRIAN_ACCIDENT,BICYCLE_ACCIDENT,MOTORCYCLE_ACCIDENT,TRUCK_ACCIDENT,NOT_PRIVATE_PROPERTY,ALCOHOL_INVOLVED,STWD_VEHTYPE_AT_FAULT,CHP_VEHTYPE_AT_FAULT,COUNT_SEVERE_INJ,COUNT_VISIBLE_INJ,COUNT_COMPLAINT_PAIN,COUNT_PED_KILLED,COUNT_PED_INJURED,COUNT_BICYCLIST_KILLED,COUNT_BICYCLIST_INJURED,COUNT_MC_KILLED,COUNT_MC_INJURED,PRIMARY_RAMP,SECONDARY_RAMP,LATITUDE,LONGITUDE,COUNTY,CITY,POINT_X,POINT_Y
90334884,2016,2016-12-01,9365,2016-11-24,0920,014264,,4,1,9,4800,0,1,3,,2,113,"SR-113 S/B","COOK LN",0.00,,Y,A,-,Y,,,113,,,,,,S,Y,4,0,1,1,A,-,03,22350,,N,F,A,A,A,H,-,A,A,0,,,Y,,Y,,C,02,0,0,1,0,0,0,0,0,1,"- ","- ",38.28537,-121.81983,SOLANO,UNINCORPORATED,-121.81982902,38.285442330000002
90336656,2016,2016-12-05,9365,2016-11-24,1510,015546,,4,2,3,4802,0,1,1,,2,088,"I-80 E/B","A ST",5280.00,W,N,A,-,Y,,,,,,,,,,Y,4,0,2,3,A,-,03,22350,,N,C,C,A,A,H,-,A,D,0,,,,,Y,,A,01,0,0,2,0,0,0,0,0,0,"- ","- ",38.434600000000003,-121.87315,SOLANO,DIXON,,
90338486,2016,2016-12-06,9365,2016-11-26,1710,020085,,6,2,5,4803,0,1,1,,2,084,"I-80 E/B","TRAVIS BLVD",1320.00,W,N,B,-,Y,,,80,,,,,,E,Y,4,0,1,1,A,-,03,22350,,N,E,I,A,B,H,-,C,D,0,,,,,Y,,D,22,0,0,1,0,0,0,0,0,0,"- ","- ",38.254330000000003,-122.06549,SOLANO,FAIRFIELD,-122.06557660999999,38.254402929999998
90339089,2016,2016-12-07,9365,2016-11-28,2230,020910,,1,3,5,4806,0,1,1,,2,086,"I-80 E/B","ELMIRA RD",420.00,W,N,A,-,Y,,,80,,,,,,E,Y,2,0,3,2,A,-,03,22350,,N,C,C,A,A,H,-,D,D,0,,,,,Y,,A,01,1,0,2,0,0,0,0,0,0,"- ","- ",38.35333,-121.9796,SOLANO,VACAVILLE,-121.97961261,38.353346469999998
90340345,2016,2016-12-08,9365,2016-12-02,1550,019051,,5,2,9,4800,0,1,1,,2,089,"I-80 EASTBOUND","OLD DAVIS ROAD",528.00,E,N,A,-,Y,,,80,,,,,,E,Y,3,0,1,2,A,-,03,22350,,N,C,C,A,A,H,-,A,D,0,,,,,Y,,A,01,0,1,0,0,0,0,0,0,0,"- ","- ",38.531179999999999,-121.74785,SOLANO,UNINCORPORATED,-121.74779525,38.531038709999997
90340365,2016,2016-12-08,9365,2016-11-30,2150,021033,,3,2,4,4801,0,1,1,,2,077,"I-780 E/B","2ND ST",1100.00,W,N,A,-,Y,,,780,,,,,,E,Y,4,0,1,1,A,-,08,22107,,N,F,I,A,A,H,-,C,D,0,,,,,Y,,A,01,0,0,1,0,0,0,0,0,0,"- ","- ",38.060400000000001,-122.15219999999999,SOLANO,BENICIA,-122.15220456,38.060394270000003
9034166,2019,2020-01-23,4803,2019-11-19,1645,1691,,2,5,5,4803,0,0,0,,0,00S,"KENTUCKY ST","UNION AV",22.00,W,N,A,-,N,,,,,,,,,,N,4,0,1,2,A,-,04,21703,,M,C,C,A,A,H,-,B,A,0,,,,,Y,,A,07,0,0,1,0,0,0,0,0,0,"- ","- ",38.251331329345703,-122.04046630859375,SOLANO,FAIRFIELD,-122.04055023193359,38.251430511474609
9034214,2019,2020-02-08,4803,2019-11-26,1616,1694,,2,5,5,4803,0,0,0,,0,0CE,"NORTH TEXAS ST","ACACIA ST",435.00,S,N,C,-,N,,,,,,,,,,Y,4,0,1,2,A,-,09,21804,A,N,A,C,A,A,H,-,C,D,0,,,,,Y,,A,01,0,0,1,0,0,0,0,0,0,"- ","- ",38.264228820800781,-122.03408050537109,SOLANO,FAIRFIELD,-122.03421783447266,38.263046264648438
90342142,2016,2016-12-12,9365,2016-12-01,1552,020432,,4,2,5,4803,0,1,1,,2,681,"I-680 N/B","W CORDELIA ROAD",3168.00,S,N,A,-,Y,,,680,,,,,,N,Y,2,0,2,2,A,-,03,22350,,N,C,C,A,A,H,-,A,D,0,,,,,Y,Y,A,07,1,0,1,0,0,0,0,0,0,"- ","- ",38.2014,-122.13789,SOLANO,FAIRFIELD,-122.13787714,38.201400210000003
90342416,2016,2016-12-12,9365,2016-12-05,0735,018702,,1,1,5,4803,0,1,1,,2,083,"I-80 E/B","SR-12 E/B",150.00,E,N,A,-,Y,,,80,,,,,,E,Y,4,0,1,2,A,-,03,22350,,N,C,C,A,A,H,-,A,A,0,,,,Y,Y,,D,22,0,0,1,0,0,0,0,0,0,"- ","- ",38.208649999999999,-122.14915000000001,SOLANO,FAIRFIELD,-122.149174,38.208684640000001
90342526,2016,2016-12-12,9365,2016-12-06,1755,019749,,2,2,6,4807,0,1,1,,2,077,"I-780 E/B","LAUREL ST",1056.00,E,N,B,-,Y,,,780,,,,,,E,Y,3,0,1,2,A,-,03,22350,,N,C,C,A,A,H,-,C,D,0,,,,,Y,,A,01,0,1,0,0,0,0,0,0,0,"- ","- ",38.090040000000002,-122.22469,SOLANO,VALLEJO,-122.22474022,38.089849610000002
90344195,2016,2016-12-14,9365,2016-12-06,0300,018303,,2,3,6,4807,0,1,1,,2,080,I-80W/B,"GEORGIA STREET",200.00,W,N,A,-,Y,,,80,,,,,,,N,4,0,1,2,A,-,03,22350,,N,C,C,A,A,H,-,C,D,0,,,,Y,Y,,G,25,0,0,1,0,0,0,0,0,0,"- ","- ",38.098849999999999,-122.22986,SOLANO,VALLEJO,-122.22990661,38.09885036
9034499,2019,2020-02-04,4803,2019-12-24,1758,1593,,2,5,5,4803,0,0,0,,0,0CE,"EAST TABOR AV","NORTH TEXAS ST",320.00,E,N,A,-,N,,,,,,,,,,N,3,0,1,2,A,-,11,21954,A,N,G,B,D,A,H,-,C,A,0,Y,,,,Y,,N,60,0,1,0,0,1,0,0,0,0,"- ","- ",38.265651702880859,-122.0341796875,SOLANO,FAIRFIELD,-122.03307342529297,38.265548706054688
9034647,2020,2020-02-08,4807,2020-01-02,1146,722,VALLE,4,5,6,4807,0,0,0,,0,006,"TENNESSEE ST","SANTA CLARA ST",0.00,,Y,A,-,N,,,,,,,,,,Y,4,0,2,3,A,-,09,21801,A,N,A,C,A,A,H,-,A,D,0,,,,,Y,,A,07,0,0,2,0,0,0,0,0,0,"- ","- ",38.110080718994141,-122.25978851318359,SOLANO,VALLEJO,-122.25972747802734,38.110080718994141
90349626,2016,2016-12-20,9365,2016-12-18,0735,017805,,7,1,6,4807,0,1,3,,2,371,"SR-37 E/B TO COLUMBUS PKWY","I-80 O/C",300.00,E,N,A,-,Y,,,,,,,,,,Y,4,0,1,1,A,-,08,22107,,N,F,A,A,C,H,-,A,D,0,,,,,Y,,A,07,0,0,1,0,0,0,0,0,0,"- ","- ",38.138080000000002,-122.21917000000001,SOLANO,VALLEJO,,
90349803,2016,2016-12-20,9365,2016-12-12,1356,015441,,1,1,9,4800,0,3,5,,2,040,"SIEVERS RD","CURRIE RD",890.00,E,N,A,-,N,,,,,,,,,,Y,3,0,2,1,A,-,08,22107,,N,E,I,A,A,H,-,A,D,0,,,,,Y,,A,01,0,2,0,0,0,0,0,0,0,"- ","- ",38.489019999999996,-121.8192,SOLANO,UNINCORPORATED,-121.81917249999999,38.489033139999997
90354355,2016,2016-12-27,9365,2016-12-04,2213,020615,,7,3,5,4803,0,1,1,,2,083,"E/B I-80",SR-12,3168.00,W,N,A,-,Y,,,,,,,,,,Y,2,0,2,2,A,-,03,22350,,N,C,C,A,A,H,-,D,D,0,,,,,Y,Y,A,07,1,0,1,0,0,0,0,0,0,"- ","- ",38.236289999999997,-122.10114,SOLANO,FAIRFIELD,,
90362370,2016,2017-01-05,9365,2016-11-04,0124,020615,,5,3,5,4806,0,1,1,,2,086,"W/B I-80","LEISURE TOWN ROAD",1050.00,E,N,A,-,Y,,,80,,,,,,,Y,1,1,0,2,A,-,01,23152,A,N,C,E,A,A,H,-,C,D,0,,,,Y,Y,Y,A,01,0,0,0,0,0,0,0,0,0,"- ","- ",38.393639999999998,-121.92737,SOLANO,VACAVILLE,-121.92726974,38.39351164
90363384,2016,2017-01-06,9365,2016-12-27,1430,015441,,2,2,9,4800,0,1,1,,2,089,"I-80 E/B","OLD DAVIS RD",800.00,E,N,A,-,Y,,,80,,,,,,E,Y,4,0,1,2,A,-,07,21658,A,N,B,C,A,A,H,-,A,D,0,,,,Y,Y,,A,01,0,0,1,0,0,0,0,0,0,"- ","- ",38.534550000000003,-121.74187000000001,SOLANO,UNINCORPORATED,-121.74192784,38.534620590000003
90363625,2016,2017-01-09,9365,2016-12-26,1530,015546,,1,2,3,4802,0,1,1,,2,088,"I-80 E/B","A ST",4224.00,W,N,A,-,Y,,,80,,,,,,E,Y,3,0,2,4,A,-,07,21658,A,N,B,C,A,A,H,-,A,D,0,,,,Y,Y,,A,07,0,1,1,0,0,0,0,0,0,"- ","- ",38.438160000000003,-121.86828,SOLANO,DIXON,-121.86833733,38.438233840000002
90364434,2016,2017-01-09,9365,2016-12-21,1705,019051,,3,2,6,4807,0,1,1,,2,080,"I-80 W/B","SPRINGS RD",528.00,W,N,A,-,Y,,,80,,,,,,W,N,3,0,2,3,A,-,03,22350,,N,C,C,A,A,H,-,B,D,0,,,,,Y,,A,01,0,1,1,0,0,0,0,0,0,"- ","- ",38.10369,-122.22984,SOLANO,VALLEJO,-122.22983701,38.103689969999998
90365760,2016,2017-01-10,9365,2016-12-29,2015,019986,,4,2,9,4800,0,1,3,,2,370,"SR-37 E/B","SOLANO COUNTY LINE",100.00,E,N,A,-,Y,,,37,,,,,,E,Y,4,0,1,2,A,-,03,22350,,N,C,C,A,A,H,-,D,D,0,,,,,Y,,A,08,0,0,1,0,0,0,0,0,0,"- ","- ",38.155650000000001,-122.40662,SOLANO,UNINCORPORATED,-122.40662149000001,38.155625950000001
90367025,2016,2017-01-11,9365,2016-12-26,1645,018954,,1,2,9,4800,0,1,A,,2,030,"PORTER ROAD","MIDWAY ROAD",88.00,N,N,A,-,N,,,,,,,,,,Y,4,0,1,1,A,-,08,22107,,N,E,I,A,A,H,-,B,D,0,,,,,Y,,A,01,0,0,1,0,0,0,0,0,0,"- ","- ",38.417290000000001,-121.85063,SOLANO,UNINCORPORATED,-121.85166853,38.416776290000001
90367070,2016,2017-01-11,9365,2016-12-25,1940,020141,,7,2,4,4801,0,1,1,,2,077,"I-780 E/B FROM GLEN COVE PKWY.","GLEN COVE PKY",350.00,E,N,A,-,Y,,,,,,,,,,Y,4,0,1,2,A,-,03,22350,,N,C,C,A,A,H,-,D,D,0,,,,,Y,,A,07,0,0,1,0,0,0,0,0,0,"- ","- ",38.085169999999998,-122.20774,SOLANO,BENICIA,-122.20903668,38.085443550000001
90370529,2017,2017-03-06,9365,2017-01-04,1658,017820,,3,2,5,4803,0,1,1,,2,681,"I-680 N/B","GOLD HILL RD",1584.00,S,N,B,C,Y,,,,,,,,,,Y,4,0,1,1,A,-,08,22107,,N,E,I,A,A,H,-,B,D,0,,,,,Y,,A,07,0,0,1,0,0,0,0,0,0,"- ","- ",38.179110000000001,-122.12208,SOLANO,FAIRFIELD,-122.13197183,38.178830310000002
90372300,2017,2017-01-18,9365,2017-01-04,1504,015546,,3,2,9,4800,0,1,1,,2,089,"I-80 W/B TO N/B SR-113","HUTCHISON DR",4224.00,S,N,B,C,Y,,,80,,,,R,,W,Y,3,0,1,1,A,-,03,22350,,N,F,A,A,B,H,-,A,D,0,,,,,Y,,A,01,0,1,0,0,0,0,0,0,0,"- ","- ",38.526040000000002,-121.76643,SOLANO,UNINCORPORATED,-121.76643,38.526040000000002
90373110,2017,2017-03-06,9365,2017-01-07,0615,017559,,6,1,5,4806,0,1,1,,2,086,"I-80 W/B","ALLISON DR",500.00,W,N,C,-,Y,,,80,,,,,,W,Y,4,0,1,3,A,-,08,22107,,N,B,C,A,B,H,-,C,D,0,,,,,Y,,A,01,0,0,1,0,0,0,0,0,0,"- ","- ",38.358150000000002,-121.97427999999999,SOLANO,VACAVILLE,-121.97445464,38.3583669
90377653,2017,2017-01-25,9365,2017-01-17,1730,017820,,2,2,5,4803,0,1,3,,2,122,"SR-12 E/B","CHADBOURNE RD",150.00,E,N,A,-,Y,,,12,,,,,,E,Y,4,0,2,2,A,-,03,22350,,N,C,C,A,A,H,-,B,D,0,,,,,Y,,A,01,0,0,2,0,0,0,0,0,0,"- ","- ",38.239800000000002,-122.0838,SOLANO,FAIRFIELD,-122.08379536,38.239685010000002
90383039,2017,2017-03-07,9365,2017-01-19,0046,020566,,4,3,5,4803,0,1,1,,2,084,"I-80 W/B","AIR BASE PKY",1320.00,W,N,C,-,Y,,,,,,,,,,Y,2,0,1,3,A,-,03,22350,,N,C,C,E,B,H,-,D,D,0,Y,,,,Y,,A,01,1,0,0,0,1,0,0,0,0,"- ","- ",38.269620000000003,-122.65328,SOLANO,FAIRFIELD,-122.05246233,38.270313960000003
90383568,2017,2017-02-01,9365,2017-01-20,1000,018015,,5,1,6,4807,0,1,1,,2,080,"I-80 E/B TO I-780 E/B","I-780 E/B",365.00,W,N,C,-,Y,,,80,,,,R,,E,Y,3,0,1,1,A,-,08,22107,,N,E,I,A,B,H,-,A,D,0,,,,,Y,,A,01,0,1,0,0,0,0,0,0,0,"- ","- ",38.090200000000003,-122.23,SOLANO,VALLEJO,-122.23,38.090200000000003
90384045,2017,2017-02-01,9365,2017-01-21,2345,020085,,6,3,5,4803,0,1,1,,2,084,"I-80 E/B FROM TRAVIS BLVD","TRAVIS BLVD",100.00,E,N,B,C,Y,,,80,,,,R,,E,Y,3,0,1,1,A,-,03,22350,,N,E,I,A,B,H,-,C,D,0,,,,,Y,,D,22,0,1,0,0,0,0,0,0,0,"- ","- ",38.25891,-122.06047,SOLANO,FAIRFIELD,-122.06047,38.25891
90384790,2017,2017-02-02,9365,2017-01-23,0740,015536,,1,1,5,4803,0,1,1,,2,083,"I-80 W/B","SUISUN VALLEY RD",60.00,E,N,B,-,Y,,,80,,,,,,W,Y,4,0,1,2,A,-,17,21658,,M,B,C,A,B,H,-,A,D,0,,,,,Y,,A,01,0,0,1,0,0,0,0,0,0,"- ","- ",38.223030000000001,-122.12878000000001,SOLANO,FAIRFIELD,-122.12881933,38.223089129999998
90385002,2017,2017-02-02,9365,2017-01-24,0547,015810,,2,3,6,4807,0,1,1,,2,080,"I-80 W/B","MAGAZINE ST. O/C",10.00,W,N,A,-,Y,,,80,,,,,,W,Y,4,0,2,2,A,-,03,22350,,N,C,C,A,B,H,-,D,D,0,,,,,Y,,A,01,0,0,2,0,0,0,0,0,0,"- ","- ",38.085120000000003,-122.23326,SOLANO,VALLEJO,-122.23309534000001,38.085076209999997
9038734,2020,2020-10-20,4807,2020-01-29,1429,727,VALLE,3,5,6,4807,0,0,0,,0,004,"SONOMA BL","CHERRY ST",0.00,,Y,A,-,Y,SOL,4,29,-,-,0.780,I,5,N,Y,3,0,2,2,A,-,09,21801,A,N,D,C,A,A,H,-,A,D,0,,,,,Y,,A,01,0,2,0,0,0,0,0,0,0,"- ","- ",38.084999084472656,-122.24099731445312,SOLANO,VALLEJO,-122.24118804931641,38.085285186767578
90387491,2017,2017-02-07,9365,2017-01-27,1910,019749,,5,2,9,4800,0,1,1,,2,089,"I-80 E/B",SR-113,528.00,W,N,A,-,Y,,,80,,,,,,E,N,4,0,2,2,A,-,03,22350,,M,C,C,A,A,H,-,D,D,0,,,,,Y,,-,99,0,0,2,0,0,0,0,0,0,"- ","- ",38.52422,-121.76527,SOLANO,UNINCORPORATED,-121.7652521,38.52419956
90388994,2016,2017-02-08,9365,2016-12-14,1955,015441,,3,2,9,4800,0,3,5,,2,040,"MERIDIAN RD","SWEENEY RD",0.00,,Y,B,-,N,,,,,,,,,,Y,1,1,0,1,A,-,03,22350,,N,E,I,A,A,H,-,D,A,0,,,,,Y,,D,22,0,0,0,0,0,0,0,0,0,"- ","- ",38.467599999999997,-121.9156,SOLANO,UNINCORPORATED,-121.91560987,38.467699949999997
9038949,2019,2020-02-15,4807,2019-12-17,1750,#710,,2,5,6,4807,0,0,0,,0,004,"LINCOLN RD WEST","PINE ST",100.00,W,N,A,-,N,,,,,,,,,,N,3,0,1,2,A,-,09,21804,A,N,-,G,A,A,H,-,C,A,0,,Y,,,Y,,L,04,0,1,0,0,0,0,1,0,0,"- ","- ",38.084770202636719,-122.23464202880859,SOLANO,VALLEJO,,
90393156,2017,2017-02-14,9365,2017-02-03,2027,020432,,5,2,5,4803,0,1,1,,2,084,"I-80 W/B","TRAVIS BLVD",1584.00,W,N,B,C,Y,,,80,,,,,,W,N,4,0,1,3,A,-,08,22107,,N,B,C,A,B,H,-,C,D,0,,,,,Y,,A,01,0,0,1,0,0,0,0,0,0,"- ","- ",38.25367,-122.06653,SOLANO,FAIRFIELD,-122.06654321000001,38.253680979999999
90393687,2017,2017-02-15,9365,2017-02-05,1705,020085,,7,2,6,4807,0,1,3,,2,371,"SR-37 W/B","I-80 W/B",1320.00,W,N,B,C,Y,,,37,,,,,,W,Y,3,0,1,1,A,-,03,22350,,N,E,I,A,B,H,-,C,D,0,,,,,Y,,D,22,0,1,0,0,0,0,0,0,0,"- ","- ",38.141300000000001,-122.22678000000001,SOLANO,VALLEJO,-122.22677688,38.141493969999999
90394655,2017,2017-02-16,9365,2017-02-06,1848,019051,,1,2,5,4803,0,1,1,,2,083,"I-80 E/B","SUISUN VALLEY ROAD",1056.00,W,N,C,-,Y,,,80,,,,,,E,N,3,0,1,2,A,-,11,21956,,N,G,B,E,B,H,-,C,D,0,Y,,,,Y,,N,60,0,1,0,0,1,0,0,0,0,"- ","- ",38.220579999999998,-122.13209000000001,SOLANO,FAIRFIELD,-122.1320774,38.220561760000002
90395808,2017,2017-02-17,9365,2017-02-10,1845,020141,,5,2,5,4803,0,1,1,,2,084,"I-80 E/B","ROCKVILLE RD.",500.00,W,N,A,-,Y,,,80,,,,,,E,N,4,0,1,2,A,-,17,23114,A,N,H,J,A,A,H,-,C,D,0,,,,,Y,,D,22,0,0,1,0,0,0,0,0,0,"- ","- ",38.247489999999999,-122.07232999999999,SOLANO,FAIRFIELD,-122.0724738,38.247807190000003
9039610,2020,2020-02-28,4803,2020-02-06,0829,1694,,4,5,5,4803,0,0,0,,0,0CO,"GOLDHILL RD","RT 680",254.00,W,N,A,-,N,,,,,,,,,,Y,3,0,2,3,A,-,03,22350,,N,C,C,A,A,H,-,A,D,0,,,,,Y,,A,01,0,1,1,0,0,0,0,0,0,"- ",NO,38.184398651123047,-122.13279724121094,SOLANO,FAIRFIELD,-122.13522338867188,38.182441711425781
90397903,2017,2017-02-22,9365,2017-02-09,1525,019720,,4,2,9,4800,0,1,1,,2,083,"E/B I-80 TO GREEN VALLEY ROAD",I-680,315.00,E,N,B,C,Y,,,,,,,,,,Y,4,0,1,1,A,-,03,22350,,N,E,I,A,B,H,-,A,D,0,,,,,Y,,D,22,0,0,1,0,0,0,0,0,0,"- ","- ",38.217019999999998,-122.13699,SOLANO,UNINCORPORATED,,
9039867,2019,2020-02-26,4805,2019-11-03,1514,5L94,4805,7,5,4,4805,0,0,0,,0,001,"MAIN ST","LOTZ WY",20.00,S,N,A,-,N,,,,,,,,,,N,3,0,2,3,A,-,10,21950,A,N,G,B,B,A,H,-,A,A,0,Y,,,,Y,,A,01,0,2,0,0,2,0,0,0,0,"- ","- ",38.242889404296875,-122.04055023193359,SOLANO,"SUISUN CITY",-122.04055786132812,38.242843627929688
9039963,2019,2020-02-19,4803,2019-12-11,1555,1694,,3,5,5,4803,0,0,0,,0,00E,"CLAY BANK RD","MEADOWLARK DR",0.00,,Y,A,-,N,,,,,,,,,,N,4,0,3,2,A,-,09,21801,A,N,B,C,A,B,H,-,A,D,0,,,,,Y,,A,01,0,0,3,0,0,0,0,0,0,"- ","- ",38.267131805419922,-122.00708770751953,SOLANO,FAIRFIELD,-122.00724029541016,38.267059326171875
9039985,2019,2020-02-26,4803,2019-12-12,2345,1664,,4,5,5,4803,0,0,0,,0,0CO,"WATT DR","EASTMAN CT",0.00,,Y,B,-,N,,,,,,,,,,N,4,0,1,2,A,-,08,22107,,N,B,E,A,B,H,-,C,D,0,,,,,Y,,A,01,0,0,1,0,0,0,0,0,0,"- ","- ",38.201969146728516,-122.14865112304688,SOLANO,FAIRFIELD,-122.14852905273438,38.202011108398438
9039993,2019,2020-02-26,4803,2019-12-11,1856,1697,,3,5,5,4803,0,0,0,,0,00E,"MANUEL CAMPOS PKWY","CEMENT HILL RD",0.00,,Y,C,-,N,,,,,,,,,,N,4,0,2,2,A,-,08,22100,5,N,D,C,A,B,H,-,C,D,0,,,,,Y,,A,01,0,0,2,0,0,0,0,0,0,"- ","- ",38.285770416259766,-121.99858093261719,SOLANO,FAIRFIELD,-121.9971923828125,38.285911560058594
90403980,2017,2017-03-01,9320,2017-01-23,0708,021546,,1,1,9,4800,0,1,1,,2,685,"I-680 S/B","SOLANO/CONTRA COSTA COUNTY LINE",2640.00,N,N,B,-,Y,,,,,,,,,,Y,4,0,3,4,A,-,03,22350,,N,C,C,A,B,H,-,A,D,0,,,,Y,Y,,D,22,0,0,3,0,0,0,0,0,0,"- ","- ",,,SOLANO,UNINCORPORATED,,
90406204,2017,2017-03-06,9365,2017-02-20,1510,020566,,1,2,9,4800,0,1,1,,2,001,"I-80 E/B","COUNTY LINE",300.00,W,N,B,C,Y,,,80,,,,,,E,Y,4,0,1,2,A,-,03,22350,,N,B,C,A,B,H,-,B,D,0,,,,,Y,,D,22,0,0,1,0,0,0,0,0,0,"- ","- ",38.058369999999996,-122.22584000000001,SOLANO,UNINCORPORATED,-122.22497620999999,38.058451910000002
90406603,2017,2017-03-06,9365,2017-02-21,1525,016515,,2,2,3,4802,0,1,1,,2,089,"I-80 E/B","SR-113 S/B",443.00,E,N,B,-,Y,,,,,,,,,,Y,3,0,3,3,A,-,03,22350,,N,C,C,A,A,H,-,A,D,0,,,,,Y,,A,07,0,2,1,0,0,0,0,0,0,"- ","- ",38.380380000000002,-121.94486999999999,SOLANO,DIXON,,
90409951,2017,2017-03-10,9365,2017-03-03,1745,020068,,5,2,5,4803,0,1,1,,2,084,"I-80 E/B","AIR BASE PARKWAY",2798.00,E,N,A,-,Y,,,,,,,,,,N,4,0,2,4,A,-,03,22350,,N,C,C,A,A,H,-,A,D,0,,,,,Y,,A,01,0,0,2,0,0,0,0,0,0,"- ","- ",38.274799999999999,-122.044,SOLANO,FAIRFIELD,-122.04951,38.273409999999998
90416753,2017,2017-03-22,9365,2017-03-16,0800,017735,,4,1,6,4807,0,1,3,,2,371,"SR-37 E/B FROM SR-29 S/B","SR-29 UNDERCROSSING",500.00,W,N,B,-,Y,,,,,,,,,,Y,4,0,2,1,A,-,08,22107,,N,F,A,A,B,H,-,A,D,0,,,,,Y,,D,22,0,0,2,0,0,0,0,0,0,"- ","- ",38.081600000000002,-122.15260000000001,SOLANO,VALLEJO,,
90421358,2017,2017-03-27,9365,2017-03-16,1634,015546,,4,2,3,4802,0,1,1,,2,088,"I-80 W/B TO DIXON AVE","DIXON AVE",546.00,E,N,A,-,Y,,,80,,,,R,,W,Y,3,0,1,2,A,-,03,22350,,N,E,I,A,A,H,-,A,D,0,,,,,Y,,A,07,0,1,0,0,0,0,0,0,0,"- ","- ",38.446910000000003,-121.85782,SOLANO,DIXON,-121.85782,38.446910000000003
90428121,2017,2017-04-05,9365,2017-03-23,1054,015810,,4,1,6,4807,0,1,1,,2,078,"I-780 W/B TO I-80 E/B","LAUREL ST. O/C",112.00,W,N,A,-,Y,,,780,,,,R,,W,Y,3,0,1,1,C,-,18,,,N,H,A,A,D,G,-,A,D,0,,,,,Y,,-,"- ",0,1,0,0,0,0,0,0,0,"- ","- ",38.091349999999998,-122.22873,SOLANO,VALLEJO,-122.22873,38.091349999999998
9042976,2020,2020-02-20,4806,2020-01-04,2212,457,901,6,5,5,4806,0,0,0,,0,009,"MONTE VISTA AV","BROWNS VALLEY PKWY",305.00,W,N,A,-,N,,,,,,,,,,Y,3,0,1,2,A,-,07,21658,A,N,C,C,A,A,H,-,C,D,0,,,Y,,Y,,A,01,0,1,0,0,0,0,0,0,1,"- ","- ",38.363800048828125,-121.96701812744141,SOLANO,VACAVILLE,-121.968017578125,38.363338470458984
9043027,2020,2020-02-20,4806,2020-01-16,1227,603,,4,5,5,4806,0,0,0,,0,,"ULATIS DR","NUT TREE RD",75.00,W,N,C,-,N,,,,,,,,,,N,4,0,1,2,A,-,03,22350,,N,B,C,A,B,H,-,A,A,0,,,,,Y,,A,01,0,0,1,0,0,0,0,0,0,"- ","- ",38.3568115234375,-121.95308685302734,SOLANO,VACAVILLE,-121.95342254638672,38.356788635253906
90431149,2017,2017-04-10,9365,2017-03-31,1618,020068,,5,2,5,4803,0,1,1,,2,084,"I-80  E/B","WEST TEXAS U/C",447.00,E,N,A,-,Y,,,80,,,,,,E,Y,4,0,1,2,A,-,03,22350,,N,C,C,A,A,H,-,A,D,0,,,,,Y,,A,01,0,0,1,0,0,0,0,0,0,"- ","- ",38.250799999999998,-122.0685,SOLANO,FAIRFIELD,-122.06856479,38.250854560000001
90431301,2017,2017-04-11,9365,2017-04-01,1850,020074,,6,2,5,4803,0,1,1,,2,083,"INTERSTATE 80","W. TEXAS ST",1600.00,W,N,A,-,Y,,,,,,,,,,N,3,0,2,4,A,-,03,22350,,N,C,C,A,A,H,-,A,D,0,,,,,Y,,A,01,0,1,1,0,0,0,0,0,0,"- ","- ",38.249360000000003,-122.15149,SOLANO,FAIRFIELD,-122.07449689000001,38.247447319999999
90432297,2017,2017-04-12,9365,2017-04-03,1650,017820,,1,2,5,4803,0,1,1,,2,084,"I-80 E/B FROM BECK AVE","WEST TEXAS ST",1320.00,E,N,A,-,Y,,,80,,,,R,,E,N,4,0,1,2,A,-,03,22350,,N,C,C,A,A,H,-,A,D,0,,,,,Y,,J,48,0,0,1,0,0,0,0,0,0,"- ","- ",38.253,-122.0656,SOLANO,FAIRFIELD,-122.0656,38.253
90434647,2017,2017-04-14,9365,2017-04-01,1130,017735,,6,1,4,4801,0,1,1,,2,680,"I-680 N/B","INDUSTRAIL WAY UNDERCROSSING",2112.00,N,N,A,-,Y,,,680,,,,,,N,Y,4,0,2,3,A,-,03,22350,,N,C,C,A,A,H,-,A,D,0,,,,,Y,,A,01,0,0,2,0,0,0,0,0,0,"- ","- ",38.07394,-122.12293,SOLANO,BENICIA,-122.12298829,38.073988110000002