CASE_ID,ACCIDENT_YEAR,PROC_DATE,JURIS,COLLISION_DATE,COLLISION_TIME,OFFICER_ID,REPORTING_DISTRICT,DAY_OF_WEEK,CHP_SHIFT,POPULATION,CNTY_CITY_LOC,SPECIAL_COND,BEAT_TYPE,CHP_BEAT_TYPE,CITY_DIVISION_LAPD,CHP_BEAT_CLASS,BEAT_NUMBER,PRIMARY_RD,SECONDARY_RD,DISTANCE,DIRECTION,INTERSECTION,WEATHER_1,WEATHER_2,STATE_HWY_IND,CALTRANS_COUNTY,CALTRANS_DISTRICT,STATE_ROUTE,ROUTE_SUFFIX,POSTMILE_PREFIX,POSTMILE,LOCATION_TYPE,RAMP_INTERSECTION,SIDE_OF_HWY,TOW_AWAY,COLLISION_SEVERITY,NUMBER_KILLED,NUMBER_INJURED,PARTY_COUNT,PRIMARY_COLL_FACTOR,PCF_CODE_OF_VIOL,PCF_VIOL_CATEGORY,PCF_VIOLATION,PCF_VIOL_SUBSECTION,HIT_AND_RUN,TYPE_OF_COLLISION,MVIW,PED_ACTION,ROAD_SURFACE,ROAD_COND_1,ROAD_COND_2,LIGHTING,CONTROL_DEVICE,CHP_ROAD_TYPE,PEDESTRIAN_ACCIDENT,BICYCLE_ACCIDENT,MOTORCYCLE_ACCIDENT,TRUCK_ACCIDENT,NOT_PRIVATE_PROPERTY,ALCOHOL_INVOLVED,STWD_VEHTYPE_AT_FAULT,CHP_VEHTYPE_AT_FAULT,COUNT_SEVERE_INJ,COUNT_VISIBLE_INJ,COUNT_COMPLAINT_PAIN,COUNT_PED_KILLED,COUNT_PED_INJURED,COUNT_BICYCLIST_KILLED,COUNT_BICYCLIST_INJURED,COUNT_MC_KILLED,COUNT_MC_INJURED,PRIMARY_RAMP,SECONDARY_RAMP,LATITUDE,LONGITUDE,COUNTY,CITY,POINT_X,POINT_Y
90518230,2017,2017-08-07,9365,2017-08-03,1350,015546,,4,1,9,4800,0,1,1,,2,089,"I-80 W/B","KIDWELL RD",528.00,E,N,A,-,Y,,,80,,,,,,W,Y,4,0,1,2,A,-,03,22350,,N,C,C,A,A,H,-,A,D,0,,,,,Y,,A,01,0,0,1,0,0,0,0,0,0,"- ","- ",38.50656,-121.78447,SOLANO,UNINCORPORATED,-121.78455944,38.506655780000003
90518553,2017,2017-08-08,9365,2017-07-25,1715,019749,,2,2,9,4800,0,3,5,,2,040,"HYDE RD","RD. 36",2640.00,S,N,A,-,N,,,,,,,,,,N,2,0,1,1,A,-,08,22107,,N,F,A,A,A,H,-,A,D,0,,,Y,,Y,,C,02,1,0,0,0,0,0,0,0,1,"- ","- ",38.48612,-121.69329,SOLANO,UNINCORPORATED,-121.69367552,38.480318539999999
90525759,2017,2017-08-17,9365,2017-08-14,1655,016515,,1,2,6,4807,0,1,3,,2,370,"SR-37 E/B TO COLUMBUS PKWY","ADMIRAL CALLAGHAN LN",2112.00,W,N,A,-,Y,,,37,,,,R,,E,Y,3,0,1,2,A,-,08,22107,,N,D,C,A,A,H,-,A,D,0,,,Y,,Y,,C,02,0,1,0,0,0,0,0,0,1,"- ","- ",38.13861,-122.21995,SOLANO,VALLEJO,-122.21995,38.13861
90527426,2017,2017-08-21,9365,2017-07-30,1820,015210,,7,2,9,4800,0,1,3,,2,370,"SR-37 E/B","MARIN/ SOLANO COUNTY LINE",15.00,E,N,A,-,Y,,,37,,,,,,E,Y,4,0,4,2,A,-,03,22350,,N,C,C,A,A,H,-,A,D,0,,,,,Y,,A,08,0,0,4,0,0,0,0,0,0,"- ","- ",38.155500000000004,-122.4062,SOLANO,UNINCORPORATED,-122.40619383000001,38.155599410000001
90528018,2017,2017-08-22,9365,2017-08-13,1745,019720,,7,2,9,4800,0,1,1,,2,080,"I-80 E/B","CAQUINEZ BRIDGE TOLL PLAZA",0.00,,Y,A,-,Y,,,,,,,,,,Y,4,0,3,2,A,-,08,22107,,N,C,C,A,A,H,-,B,D,0,,,,,Y,,A,07,0,0,3,0,0,0,0,0,0,"- ","- ",38.069499999999998,-122.22722,SOLANO,UNINCORPORATED,,
9053209,2020,2020-05-22,4803,2020-02-01,2055,1655,,6,5,5,4803,0,0,0,,0,0CO,"BUSINESS CENTER DR","ANTIQUITY DR",70.00,S,N,-,-,N,,,,,,,,,,N,3,0,3,2,A,-,01,23152,A,N,A,C,A,A,H,-,C,D,0,,,,,Y,Y,A,01,0,1,2,0,0,0,0,0,0,"- ","- ",,,SOLANO,FAIRFIELD,,
9053210,2020,2020-05-22,4803,2020-02-14,0038,1339,,5,5,5,4803,0,0,0,,0,0CO,"SUISUN VALLEY RD","NEITZEL RD",150.00,S,N,A,-,N,,,,,,,,,,N,4,0,3,2,A,-,08,22107,,N,A,C,A,A,H,-,C,A,0,,,,,Y,,A,01,0,0,3,0,0,0,0,0,0,"- ","- ",38.226371765136719,-122.12970733642578,SOLANO,FAIRFIELD,-122.12985229492188,38.224838256835938
90533880,2017,2017-08-25,9365,2017-08-17,0800,013706,,4,1,5,4806,0,1,1,,2,001,"I-80 W/B","ALAMO DRIVE",150.00,E,N,A,-,Y,,,,,,,,,,Y,4,0,1,4,A,-,03,22350,,N,C,C,A,A,H,-,A,D,0,,,,,Y,Y,A,01,0,0,1,0,0,0,0,0,0,"- ","- ",38.204700000000003,-121.595,SOLANO,VACAVILLE,-121.99664122999999,38.346692939999997
90533900,2017,2017-08-25,9365,2017-08-17,1350,019646,,4,1,9,4800,0,1,3,,2,113,"BINGHAMPTON RD E/B",SR-113,100.00,E,N,A,-,Y,,,,,,,,,,Y,4,0,1,1,A,-,08,22107,,N,E,I,A,A,H,-,A,D,0,,,,,Y,,A,01,0,0,1,0,0,0,0,0,0,"- ","- ",38.35125,-121.82299,SOLANO,UNINCORPORATED,-121.82277123999999,38.351273599999999
90534109,2017,2017-08-25,9365,2017-08-18,0600,019783,,5,1,9,4800,0,3,5,,2,020,"LOPES ROAD S/B","PARISH ROAD",300.00,S,N,A,-,N,,,,,,,,,,Y,4,0,1,1,A,-,08,22107,,N,E,I,A,A,H,-,A,D,0,,,,,Y,,A,01,0,0,1,0,0,0,0,0,0,"- ","- ",38.113,-122.1065,SOLANO,UNINCORPORATED,-122.10769491000001,38.115094689999999
90534294,2017,2017-08-25,9365,2017-08-21,0752,015810,,1,1,9,4800,0,1,1,,2,681,"I-680 S/B","MARSHVIEW ROAD O/C",5808.00,N,N,A,-,Y,,,680,,,,,,S,Y,4,0,1,3,A,-,03,22350,,N,C,C,A,A,H,-,A,D,0,,,,,Y,,A,07,0,0,1,0,0,0,0,0,0,"- ","- ",38.133809999999997,-122.10965,SOLANO,UNINCORPORATED,-122.10968174999999,38.133793079999997
90535422,2017,2017-08-28,9365,2017-08-22,0320,017736,,2,3,6,4807,0,1,3,,2,370,"SR-37 E/B","FAIRGROUNDS DR",998.00,E,N,A,-,Y,,,,,,,,,,Y,4,0,1,1,A,-,01,23152,G,N,E,I,A,A,H,-,C,D,0,,,,,Y,Y,A,01,0,0,1,0,0,0,0,0,0,"- ","- ",38.828339999999997,-122.13437999999999,SOLANO,VALLEJO,-122.2324,38.141240000000003
90537438,2017,2017-08-30,9365,2017-08-28,1105,017559,,1,1,9,4800,0,1,3,,2,121,"SR 12 (NAPA)","RED TOP RD",0.00,,Y,A,-,Y,,,12,,,,,,,Y,3,0,2,2,A,-,12,22450,A,N,D,C,A,A,H,-,A,A,0,,,,,Y,,A,01,0,2,0,0,0,0,0,0,0,"- ","- ",38.207560000000001,-122.15600000000001,SOLANO,UNINCORPORATED,-122.15601443,38.207740960000002
90538475,2017,2017-09-01,9365,2017-08-21,0500,020565,,1,3,5,4803,0,1,1,,2,083,"I-80 W/B","SR-12 (RIO VISTA) O/C",3168.00,W,N,A,-,Y,,,80,,,,,,W,Y,4,0,2,6,A,-,03,22350,,N,C,C,A,A,H,-,D,D,0,,,,,Y,,A,01,0,0,2,0,0,0,0,0,0,"- ","- ",38.237580000000001,-122.09805,SOLANO,FAIRFIELD,-122.09804409,38.237566350000002
90541966,2017,2017-09-06,9365,2017-08-27,0425,020667,,7,3,9,4800,0,1,1,,2,080,"E/B I-80","POMONA ST",150.00,E,N,A,-,Y,,,,,,,,,,Y,4,0,1,2,A,-,03,22350,,N,C,C,A,A,H,-,C,D,0,,,,,Y,,A,01,0,0,1,0,0,0,0,0,0,"- ","- ",38.052930000000003,-122.22699,SOLANO,UNINCORPORATED,,
90542306,2017,2017-09-07,9365,2017-09-04,1210,013235,,1,1,3,4802,0,1,1,,2,088,"I-80 WESTBOUND","PITT SCHOOL RD",2112.00,E,N,A,-,Y,,,,,,,,,,Y,4,0,3,2,A,-,03,22350,,N,C,C,A,A,H,-,A,D,0,,,,,Y,,A,07,0,0,3,0,0,0,0,0,0,"- ","- ",38.275799999999997,-121.49590000000001,SOLANO,DIXON,-121.83566815,38.4638998
90542322,2017,2017-09-07,9365,2017-09-02,0415,020432,,6,3,9,4800,0,1,1,,2,089,"I-80 E/B","OLD DAVIS RD",2112.00,W,N,A,-,Y,,,80,,,,,,E,Y,4,0,1,1,A,-,08,22107,,N,E,I,A,A,H,-,C,D,0,,,,,Y,,A,07,0,0,1,0,0,0,0,0,0,"- ","- ",38.525329999999997,-121.76390000000001,SOLANO,UNINCORPORATED,-121.76384803000001,38.525256220000003
90543012,2017,2017-09-07,9365,2017-09-01,1630,020074,,5,2,9,4800,0,1,3,,2,121,"SR-12 E/B (JAMESON CYN)","RED TOP ROAD",5280.00,W,N,A,-,Y,,,,,,,,,,Y,3,0,1,1,A,-,08,22107,,N,E,I,A,A,H,-,A,A,0,,,,,Y,,D,22,0,1,0,0,0,0,0,0,0,"- ","- ",38.20937,-122.15971999999999,SOLANO,UNINCORPORATED,-122.17494824000001,38.20656786
90544166,2017,2017-09-11,9365,2017-09-06,1710,020579,,3,2,9,4800,0,1,3,,2,370,"SR-37 E/B","SKAGGS ISLAND RD",2640.00,E,N,A,-,Y,,,37,,,,,,E,Y,4,0,1,3,A,-,03,22350,,N,C,C,A,A,H,-,A,D,0,,,,,Y,,A,01,0,0,1,0,0,0,0,0,0,"- ","- ",38.1447,-122.37174,SOLANO,UNINCORPORATED,-122.37172294,38.144765040000003
90547252,2017,2017-09-13,9365,2017-09-12,0535,014264,,2,3,6,4807,0,1,1,,2,080,"I-80 W/B","GEORGIA ST",528.00,E,N,A,-,Y,,,80,,,,,,W,Y,4,0,1,3,A,-,03,22350,,N,C,C,A,A,H,-,C,A,0,,,Y,,Y,,C,02,0,0,1,0,0,0,0,0,1,"- ","- ",38.102260000000001,-122.22975,SOLANO,VALLEJO,-122.22985588,38.102261589999998
90550413,2017,2017-09-18,9365,2017-09-10,2211,020565,,7,3,6,4807,0,1,1,,2,081,"I-80 W/B",SR-37,300.00,E,N,A,-,Y,,,80,,,,,,W,Y,4,0,2,3,A,-,01,23152,A,N,C,C,A,A,H,-,D,D,0,,,,,Y,Y,A,01,0,0,2,0,0,0,0,0,0,"- ","- ",38.149900000000002,-122.217,SOLANO,VALLEJO,-122.21697318,38.149897260000003
90555046,2017,2017-09-25,9365,2017-09-16,0215,020566,,6,3,9,4800,0,1,1,,2,080,"I-80 E/B","TOLL PLAZA",500.00,W,N,A,-,Y,,,80,,,,,,E,Y,4,0,1,2,A,-,03,22350,,N,C,C,A,A,H,-,C,D,0,,,,,Y,Y,A,01,0,0,1,0,0,0,0,0,0,"- ","- ",38.0672,-122.22580000000001,SOLANO,UNINCORPORATED,-122.22577185999999,38.0672073
90555104,2017,2017-09-25,9365,2017-09-17,1255,016919,,7,1,5,4806,0,1,1,,2,505,"I-505 S/B","COUNTY AIRPORT RD",528.00,N,N,A,-,Y,,,505,,,,,,S,Y,3,0,4,3,A,-,07,21658,A,N,B,C,A,A,H,-,A,D,0,,,,,Y,,A,07,0,3,1,0,0,0,0,0,0,"- ","- ",38.374389999999998,-121.95453999999999,SOLANO,VACAVILLE,-121.95456132,38.374395229999998
90555205,2017,2017-09-25,9365,2017-09-17,0425,021027,,7,3,5,4806,0,1,1,,2,087,"I-80 E/B","LEISURE TOWN ROAD",2538.00,W,N,A,-,Y,,,80,,,,,,E,Y,3,0,2,1,A,-,01,23152,A,N,E,I,A,A,H,-,C,D,0,,,,,Y,Y,D,22,0,1,1,0,0,0,0,0,0,"- ","- ",38.382710000000003,-121.9406,SOLANO,VACAVILLE,-121.94065929999999,38.382788939999998
90557539,2017,2017-09-27,9365,2017-09-18,0508,020281,,1,3,9,4800,0,1,1,,2,089,"I-80 W/B","CURRY RD O/C",3432.00,E,N,A,-,Y,,,80,,,,,,W,Y,4,0,1,4,A,-,03,22350,,N,C,C,A,A,H,-,D,D,0,,,,,Y,,A,01,0,0,1,0,0,0,0,0,0,"- ","- ",38.480029999999999,-121.81491,SOLANO,UNINCORPORATED,-121.81496676,38.480102080000002
90557541,2017,2017-09-27,9365,2017-09-18,1420,016217,,1,2,5,4806,0,1,1,,2,086,"W/B I-80 TO E MONTE VISTA AVE","E MONTE VISTA AVE",20.00,E,N,A,-,Y,,,,,,,,,,N,4,0,1,3,A,-,21,22106,,N,C,C,A,A,H,-,A,D,0,,,,,Y,,A,07,0,0,1,0,0,0,0,0,0,"- ","- ",38.366639999999997,-121.88294,SOLANO,VACAVILLE,,
90557549,2017,2017-09-27,9365,2017-09-20,0030,020606,,3,3,6,4807,0,1,1,,2,081,"I-80 W/B",SR-37,1584.00,E,N,A,-,Y,,,,,,,,,,Y,4,0,1,1,A,-,08,22107,,N,E,I,A,A,H,-,C,D,0,,,,,Y,,A,01,0,0,1,0,0,0,0,0,0,"- ","- ",38.842799999999997,-122.13117,SOLANO,VALLEJO,,
90557564,2017,2017-09-27,9365,2017-09-24,1220,017805,,7,1,9,4800,0,1,3,,2,370,"SR-37 E/B","SKAGGS ISLAND RD.",500.00,W,N,A,-,Y,,,37,,,,,,E,N,4,0,1,2,A,-,03,22350,,N,C,C,A,A,H,-,A,D,0,,,,,Y,,A,01,0,0,1,0,0,0,0,0,0,"- ","- ",38.147500000000001,-122.3784,SOLANO,UNINCORPORATED,-122.37836677999999,38.147565290000003
90557565,2017,2017-09-27,9365,2017-09-25,0720,017805,,1,1,9,4800,0,1,3,,2,370,"SR-37 W/B","SKAGGS ISLAND RD.",303.00,W,N,A,-,Y,,,37,,,,,,W,Y,4,0,1,1,A,-,08,22107,,N,F,A,A,A,H,-,A,D,0,,,,,Y,,D,22,0,0,1,0,0,0,0,0,0,"- ","- ",38.149439999999998,-122.38182999999999,SOLANO,UNINCORPORATED,-122.38186820999999,38.14936771
90557579,2017,2017-09-27,9365,2017-09-24,1815,019749,,7,2,5,4806,0,1,1,,2,085,"I-80 E/B","LAGOON VALLEY RD",8976.00,W,N,A,-,Y,,,80,,,,,,E,Y,4,0,2,2,A,-,07,21658,A,N,D,C,A,A,H,-,A,D,0,,,,,Y,,A,01,0,0,2,0,0,0,0,0,0,"- ","- ",38.318379999999998,-122.02911,SOLANO,VACAVILLE,-122.02925749000001,38.318512759999997
90566222,2017,2017-10-09,9365,2017-09-30,1357,019749,,6,1,9,4800,0,1,1,,2,087,"I-80 E/B","MERIDIAN RD",2640.00,W,N,A,-,Y,,,80,,,,,,E,N,4,0,1,2,A,-,03,22350,,N,C,C,A,A,H,-,A,D,0,,,,,Y,,A,01,0,0,1,0,0,0,0,0,0,"- ","- ",38.400770000000001,-121.9174,SOLANO,UNINCORPORATED,-121.9174446,38.400827759999999
90568230,2017,2017-10-11,9365,2017-10-03,1546,015546,,2,2,9,4800,0,1,1,,2,088,"I-80 E/B","MIDWAY RD",2112.00,E,N,A,-,Y,,,80,,,,,,E,Y,4,0,1,3,A,-,07,21658,A,M,C,C,A,A,H,-,A,D,0,,,,,Y,,-,99,0,0,1,0,0,0,0,0,0,"- ","- ",38.420439999999999,-121.89165,SOLANO,UNINCORPORATED,-121.89167876,38.420477609999999
90571238,2017,2017-10-16,9365,2017-10-09,0703,015536,,1,1,5,4803,0,1,1,,2,084,"I-80 W/B","W TEXAS ST.",60.00,E,N,A,-,Y,,,80,,,,,,W,Y,4,0,1,2,A,-,03,22350,,N,C,C,A,A,H,-,A,D,0,,,,,Y,,A,01,0,0,1,0,0,0,0,0,0,"- ","- ",38.249879999999997,-122.06977000000001,SOLANO,FAIRFIELD,-122.06979130000001,38.249906000000003
90571826,2017,2017-10-18,9365,2017-10-09,2000,020432,,1,2,9,4800,0,3,5,,2,020,"COUNTRY CLUB DRIVE","GREEN VALLEY RD",200.00,W,N,A,-,N,,,,,,,,,,Y,3,0,1,1,A,-,01,23152,A,N,E,I,A,A,H,-,D,D,0,,,,,Y,Y,A,01,0,1,0,0,0,0,0,0,0,"- ","- ",38.255980000000001,-122.16253,SOLANO,UNINCORPORATED,-122.16243175,38.256014559999997
90574364,2017,2017-10-19,9365,2017-10-13,1845,017736,,5,2,5,4803,0,1,1,,2,084,"I-80 E/B","WATERMAN BLVD",2429.00,E,N,A,-,Y,,,80,,,,,,E,Y,4,0,1,2,A,-,03,22350,,N,C,C,A,A,H,-,A,D,0,,,,,Y,,D,22,0,0,1,0,0,0,0,0,0,"- ","- ",38.279000000000003,-122.0448,SOLANO,FAIRFIELD,-122.04479155999999,38.27899274
90578655,2017,2017-10-25,9365,2017-10-13,1810,015293,,5,2,6,4807,0,1,1,,2,080,"I-80 E/B","BENICIA ROAD O/C",528.00,E,N,B,-,Y,,,80,,,,,,E,Y,3,0,1,2,D,-,00,,,N,C,C,A,A,H,-,B,D,0,,,,,Y,,-,"- ",0,1,0,0,0,0,0,0,0,"- ","- ",38.095320000000001,-122.22958,SOLANO,VALLEJO,-122.22976977,38.095325500000001
90579290,2017,2017-10-26,9365,2017-10-17,0545,019790,,2,3,9,4800,0,1,1,,2,083,"I-80 W/B","SUISUN VALLEY RD",1056.00,E,N,A,-,Y,,,80,,,,,,W,Y,4,0,1,2,A,-,03,22350,,N,C,C,A,A,H,-,D,D,0,,,,,Y,,A,01,0,0,1,0,0,0,0,0,0,"- ","- ",38.224969999999999,-122.12572,SOLANO,UNINCORPORATED,-122.12573839,38.225000209999997
90580784,2017,2017-10-27,9365,2017-10-15,1810,020565,,7,2,5,4803,0,1,1,,2,083,"I-80 E/B","GREEN VALLEY RD. O/C",2112.00,E,N,A,-,Y,,,80,,,,,,E,Y,2,0,1,1,A,-,03,22350,,N,F,A,A,A,H,-,A,D,0,,,Y,,Y,,C,02,1,0,0,0,0,0,0,0,1,"- ","- ",38.229309999999998,-122.11556,SOLANO,FAIRFIELD,-122.1156998,38.229637310000001
90582802,2017,2017-10-30,9365,2017-10-19,1830,020566,,4,2,5,4803,0,1,1,,2,084,"I-80 E/B","AIR BASE PKY",2262.00,W,N,B,-,Y,,,80,,,,,,E,Y,2,0,1,2,A,-,03,22350,,N,C,C,A,A,H,-,B,D,0,,,Y,,Y,,C,02,1,0,0,0,0,0,0,0,1,"- ","- ",38.267960000000002,-122.05394,SOLANO,FAIRFIELD,-122.05404928,38.268052750000003
90583452,2017,2017-10-31,9365,2017-10-20,2140,020506,,5,2,6,4807,0,1,3,,2,370,"SR-37 E/B TO COLUMBUS PARKWAY","I-80 W/B OVERCROSSING",0.00,W,N,A,-,Y,,,37,,,,R,,E,Y,4,0,1,1,A,-,01,23152,F,N,E,I,A,A,H,-,C,D,0,,,,,Y,,D,22,0,0,1,0,0,0,0,0,0,"- ","- ",38.139130000000002,-122.22042,SOLANO,VALLEJO,-122.22042,38.139130000000002
90585026,2017,2017-11-01,9365,2017-10-22,0305,020432,,7,3,6,4807,0,1,1,,2,080,"I-80 E/B","TOLL PLAZA",1.00,W,N,A,-,Y,,,80,,,,,,E,Y,4,0,1,2,A,-,03,22350,,N,C,C,A,A,H,-,C,A,0,,,,,Y,,A,01,0,0,1,0,0,0,0,0,0,"- ","- ",38.069310000000002,-122.22654,SOLANO,VALLEJO,-122.22670687,38.069225109999998
90585117,2017,2017-11-01,9365,2017-10-22,1855,019986,,7,2,9,4800,0,1,1,,2,086,"I-80 E/B","ALAMO DR",800.00,W,N,A,-,Y,,,80,,,,,,E,Y,4,0,2,2,A,-,01,23152,F,N,C,C,A,A,H,-,D,D,0,,,,,Y,,A,01,0,0,2,0,0,0,0,0,0,"- ","- ",38.343530000000001,-122.00426,SOLANO,UNINCORPORATED,-122.00424886,38.343495769999997
90585123,2017,2017-11-01,9365,2017-10-22,1050,017559,,7,1,9,4800,0,3,5,,2,040,"DIXON AVE W","JAHN RD",497.00,S,N,A,-,N,,,,,,,,,,N,4,0,1,2,A,-,08,22107,,N,B,C,A,A,H,-,A,D,0,,,,,Y,,A,07,0,0,1,0,0,0,0,0,0,"- ","- ",38.44594,-121.89461,SOLANO,UNINCORPORATED,-121.89637,38.445920000000001
90585177,2017,2017-11-01,9365,2017-10-22,1530,019651,,7,2,9,4800,0,1,1,,2,088,"I-80 W/B","PITT SCHOOL RD O/C",2640.00,E,N,A,-,Y,,,80,,,,,,W,N,4,0,2,2,A,-,03,22350,,N,C,C,A,A,H,-,A,D,0,,,,,Y,,A,01,0,0,2,0,0,0,0,0,0,"- ","- ",38.465150000000001,-121.83446000000001,SOLANO,UNINCORPORATED,-121.83431406,38.46496346
90585200,2017,2017-11-01,9365,2017-10-22,0405,020667,,7,3,5,4803,0,1,1,,2,085,"I-80 W/B TO MANUEL CAMPOS PKWY","MANUEL CAMPOS PKWY",500.00,E,N,A,-,Y,,,80,,,,R,,W,Y,4,0,1,1,A,-,08,22107,,N,F,A,A,A,H,-,D,D,0,,,,,Y,,A,01,0,0,1,0,0,0,0,0,0,"- ","- ",38.297460000000001,-122.03519,SOLANO,FAIRFIELD,-122.03519,38.297460000000001
90586357,2017,2017-11-02,9365,2017-10-23,0810,018702,,1,1,6,4807,0,1,3,,2,371,"SR-37 E/B","I-80 W/B",400.00,W,N,A,-,Y,,,37,,,,,,E,N,4,0,1,2,A,-,03,22350,,N,C,C,A,A,H,-,A,A,0,,,,,Y,,A,01,0,0,1,0,0,0,0,0,0,"- ","- ",38.140700000000002,-122.22069999999999,SOLANO,VALLEJO,-122.22070230999999,38.140741599999998
90590400,2017,2017-11-08,9365,2017-10-29,0007,020566,,7,3,5,4803,0,1,1,,2,084,"I-80 W/B TO MANUEL CAMPOS PKWY","MANUEL CAMPOS PKWY",380.00,E,N,A,-,Y,,,80,,,,R,,W,Y,2,0,1,1,A,-,08,22107,,N,E,I,A,A,H,-,D,D,0,,,Y,,Y,,C,02,1,0,0,0,0,0,0,0,1,"- ","- ",38.2973,-122.0346,SOLANO,FAIRFIELD,-122.0346,38.2973
90591563,2017,2017-11-09,9365,2017-10-30,1445,019458,,1,2,9,4800,0,3,5,,2,020,"CORDELIA RD.","HALE RANCH RD",1122.00,W,N,A,-,N,,,,,,,,,,Y,2,0,1,2,A,-,05,21650,,N,A,C,A,A,H,-,A,D,0,,,,,Y,,D,22,1,0,0,0,0,0,0,0,0,"- ","- ",38.227240000000002,-122.09887999999999,SOLANO,UNINCORPORATED,-122.09885121000001,38.227266059999998
90594154,2017,2017-11-14,9365,2017-10-15,2105,020615,,7,2,6,4807,0,1,3,,2,371,"SR-37 E/B","FAIRGROUNDS DR",1320.00,E,N,A,-,Y,,,37,,,,,,E,Y,4,0,1,2,A,-,08,22107,,N,B,C,A,A,H,-,C,D,0,,,,,Y,,A,07,0,0,1,0,0,0,0,0,0,"- ","- ",38.141080000000002,-122.22307000000001,SOLANO,VALLEJO,-122.2230643,38.141102789999998
90595073,2017,2017-11-15,9365,2017-06-04,2500,018702,,7,4,9,4800,0,1,3,,2,370,"SR-37 W/B","SKAGGS ISLAND ROAD",139.00,W,N,A,-,Y,,,37,,,,,,W,Y,1,1,0,1,A,-,01,23152,A,N,F,A,A,A,H,-,C,D,0,,,Y,,Y,Y,C,02,0,0,0,0,0,0,0,1,0,"- ","- ",38.149099999999997,-122.3813,SOLANO,UNINCORPORATED,-122.38131349,38.149074480000003
90597295,2017,2017-11-20,9365,2017-11-13,0435,020615,,1,3,6,4807,0,1,1,,2,080,"I-80 W/B","SONOMA BLVD",1056.00,W,N,B,F,Y,,,80,,,,,,W,Y,4,0,1,2,A,-,03,22350,,N,C,C,A,B,H,-,C,D,0,,,Y,,Y,,C,02,0,0,1,0,0,0,0,0,1,"- ","- ",38.073970000000003,-122.23036999999999,SOLANO,VALLEJO,-122.2304195,38.073933070000002
90598012,2017,2017-11-20,9365,2017-11-07,1810,019299,,2,2,5,4806,0,1,1,,2,086,"I-80 W/B","CHERRY GLEN RD",800.00,W,N,A,-,Y,,,80,,,,,,W,Y,3,0,1,3,A,-,03,22350,,N,C,C,A,A,H,-,C,D,0,,,,,Y,,A,01,0,1,0,0,0,0,0,0,0,"- ","- ",38.341819999999998,-122.01073,SOLANO,VACAVILLE,-122.01070543,38.341766210000003
90598755,2017,2017-11-20,9365,2017-10-27,1250,016970,,5,1,9,4800,0,3,5,,2,040,"PERDICK ROAD","VAUGHN ROAD",0.00,,Y,A,-,N,,,,,,,,,,Y,2,0,2,2,A,-,12,22450,A,N,D,C,A,A,H,-,A,A,0,,,,,Y,,A,07,2,0,0,0,0,0,0,0,0,"- ","- ",38.467199999999998,-121.8039,SOLANO,UNINCORPORATED,-121.803921,38.467188
90600503,2017,2017-11-22,9365,2017-11-11,0230,020774,,6,3,9,4800,0,1,1,,2,088,"I-80 E/B","PITT SCHOOL RD",2640.00,E,N,A,-,Y,,,,,,,,,,Y,3,0,1,2,A,-,01,23152,A,N,C,C,A,A,H,-,C,D,0,,,,,Y,Y,A,07,0,1,0,0,0,0,0,0,0,"- ","- ",38.275300000000001,-121.40347,SOLANO,UNINCORPORATED,-121.83435651000001,38.46464151
90601534,2017,2017-11-24,9365,2017-11-10,1700,020085,,5,2,5,4803,0,1,1,,2,085,"I-80 E/B","AIR BASE PKY",850.00,E,N,A,-,Y,,,80,,,,,,E,N,4,0,3,3,A,-,03,22350,,N,C,C,A,A,H,-,A,D,0,,,,Y,Y,,F,55,0,0,3,0,0,0,0,0,0,"- ","- ",38.276670000000003,-122.04658000000001,SOLANO,FAIRFIELD,-122.04668459,38.2767585
90604176,2017,2017-11-28,9365,2017-11-15,1515,015546,,3,2,9,4800,0,1,3,,2,113,SR-113,"CASEY RD",3696.00,N,N,A,-,Y,,,113,,,,,,,Y,4,0,1,1,A,-,08,22107,,N,E,I,A,A,H,-,A,D,0,,,,,Y,,A,01,0,0,1,0,0,0,0,0,0,"- ","- ",38.401560000000003,-121.8228,SOLANO,UNINCORPORATED,-121.82286951,38.401560230000001
90606095,2017,2017-11-30,9365,2017-11-18,0435,020615,,6,3,6,4807,0,1,3,,2,370,"SR-37 E/B FROM SONOMA BLVD",SR-37,300.00,S,N,A,-,Y,,,37,,,,R,,E,Y,4,0,1,1,A,-,08,22107,,N,F,I,A,A,H,-,C,D,0,,,,,Y,,A,01,0,0,1,0,0,0,0,0,0,"- ","- ",38.137070000000001,-122.25708,SOLANO,VALLEJO,-122.25708,38.137070000000001
9060676,2020,2020-03-16,4807,2020-02-15,1428,726,,6,5,6,4807,0,0,0,,0,003,"GLEN COVE PKWY","QUIET HARBOR DR",0.00,,Y,A,-,N,,,,,,,,,,N,4,0,1,2,A,-,05,21651,A,N,B,C,A,A,H,-,A,D,0,,,,,Y,,A,01,0,0,1,0,0,0,0,0,0,"- ","- ",38.071201324462891,-122.21573638916016,SOLANO,VALLEJO,-122.21569061279297,38.071189880371094
90609355,2017,2017-12-04,9365,2017-11-24,1207,017654,,5,1,3,4802,0,1,1,,2,088,"I-80 W/B","DIXON AVE",550.00,E,N,A,-,Y,,,80,,,,,,W,N,3,0,1,2,A,-,03,22350,,N,B,C,A,A,H,-,A,D,0,,,Y,,Y,,C,02,0,1,0,0,0,0,0,0,1,"- ","- ",38.446350000000002,-121.8584,SOLANO,DIXON,-121.85833094,38.446262519999998
90614256,2017,2017-12-11,9365,2017-11-30,1702,015546,,4,2,9,4800,0,3,5,,2,040,"PEDRICK RD","VAUGHN RD",0.00,,Y,A,-,N,,,,,,,,,,Y,3,0,1,2,A,-,12,22450,A,N,D,C,A,A,H,-,D,A,0,,,,,Y,,A,07,0,1,0,0,0,0,0,0,0,"- ","- ",38.467190000000002,-121.80392000000001,SOLANO,UNINCORPORATED,-121.80391999,38.467189930000004