CASE_ID,ACCIDENT_YEAR,PROC_DATE,JURIS,COLLISION_DATE,COLLISION_TIME,OFFICER_ID,REPORTING_DISTRICT,DAY_OF_WEEK,CHP_SHIFT,POPULATION,CNTY_CITY_LOC,SPECIAL_COND,BEAT_TYPE,CHP_BEAT_TYPE,CITY_DIVISION_LAPD,CHP_BEAT_CLASS,BEAT_NUMBER,PRIMARY_RD,SECONDARY_RD,DISTANCE,DIRECTION,INTERSECTION,WEATHER_1,WEATHER_2,STATE_HWY_IND,CALTRANS_COUNTY,CALTRANS_DISTRICT,STATE_ROUTE,ROUTE_SUFFIX,POSTMILE_PREFIX,POSTMILE,LOCATION_TYPE,RAMP_INTERSECTION,SIDE_OF_HWY,TOW_AWAY,COLLISION_SEVERITY,NUMBER_KILLED,NUMBER_INJURED,PARTY_COUNT,PRIMARY_COLL_FACTOR,PCF_CODE_OF_VIOL,PCF_VIOL_CATEGORY,PCF_VIOLATION,PCF_VIOL_SUBSECTION,HIT_AND_RUN,TYPE_OF_COLLISION,MVIW,PED_ACTION,ROAD_SURFACE,ROAD_COND_1,ROAD_COND_2,LIGHTING,CONTROL_DEVICE,CHP_ROAD_TYPE,PEDESTRIAN_ACCIDENT,BICYCLE_ACCIDENT,MOTORCYCLE_ACCIDENT,TRUCK_ACCIDENT,NOT_PRIVATE_PROPERTY,ALCOHOL_INVOLVED,STWD_VEHTYPE_AT_FAULT,CHP_VEHTYPE_AT_FAULT,COUNT_SEVERE_INJ,COUNT_VISIBLE_INJ,COUNT_COMPLAINT_PAIN,COUNT_PED_KILLED,COUNT_PED_INJURED,COUNT_BICYCLIST_KILLED,COUNT_BICYCLIST_INJURED,COUNT_MC_KILLED,COUNT_MC_INJURED,PRIMARY_RAMP,SECONDARY_RAMP,LATITUDE,LONGITUDE,COUNTY,CITY,POINT_X,POINT_Y
90764281,2018,2018-07-06,9365,2018-06-24,1818,021050,,7,2,6,4807,0,1,1,,2,081,"I-80 E/B","AMERICAN CANYON RD",5172.00,W,N,A,-,Y,,,,,,,,,,Y,2,0,1,2,A,-,01,23152,A,N,E,I,A,A,H,-,A,D,0,,,,,Y,Y,A,01,1,0,0,0,0,0,0,0,0,"- ","- ",38.158779144287109,-122.21209716796875,SOLANO,VALLEJO,-122.21185302734375,38.158901214599609
90766595,2018,2018-07-10,9365,2018-07-02,0000,020734,,1,3,5,4803,0,1,1,,2,084,"I-80 W/B","WEST TEXAS STREET",800.00,E,N,A,-,Y,,,80,,,,,,W,Y,3,0,2,3,A,-,03,22350,,N,C,C,A,A,H,-,C,D,0,,,,,Y,,A,01,0,1,1,0,0,0,0,0,0,"- ","- ",38.251789093017578,-122.06816101074219,SOLANO,FAIRFIELD,-122.06815338134766,38.251785278320312
90775380,2018,2018-07-24,9365,2018-07-20,1643,020299,,5,2,5,4803,0,1,1,,2,083,"I-80 E/B","SR-12 W/B TO I-80 W/B O/C",3326.00,W,N,A,-,Y,,,,,,,,,,N,4,0,1,2,A,-,03,22350,,N,C,C,A,A,H,-,A,D,0,,,,,Y,,D,22,0,0,1,0,0,0,0,0,0,"- ","- ",38.235538482666016,-122.10188293457031,SOLANO,FAIRFIELD,,
90775463,2018,2018-07-24,9365,2018-07-20,1910,020074,,5,2,5,4803,0,1,1,,2,085,"INTERSTATE 80 (EASTBOUND)","AIR BASE PKY",1700.00,E,N,A,-,Y,,,80,,,,,,,N,4,0,2,3,A,-,03,22350,,M,C,C,A,A,H,-,A,D,0,,,,,Y,,-,99,0,0,2,0,0,0,0,0,0,"- ","- ",38.275798797607422,-122.04730224609375,SOLANO,FAIRFIELD,-122.04741668701172,38.275897979736328
90775475,2018,2018-07-24,9365,2018-07-22,1708,020579,,7,2,6,4807,0,1,1,,2,078,"I-780 W/B TO I-80 E/B TRANSITION","LAUREL ST",83.00,W,N,A,-,Y,,,780,,,,R,,W,N,3,0,1,2,A,-,06,21750,A,M,B,C,A,A,H,-,A,D,0,,,Y,,Y,,-,99,0,1,0,0,0,0,0,0,1,"- ","- ",38.091339111328125,-122.22872924804688,SOLANO,VALLEJO,-122.22872924804688,38.091339111328125
90776481,2018,2018-07-25,9365,2018-07-17,1645,019790,,2,2,9,4800,0,1,1,,2,081,"I-80 W/B","TENNESSEE ST",1056.00,E,N,A,-,Y,,,,,,,,,,Y,4,0,3,4,A,-,03,22350,,N,C,C,A,A,H,-,A,D,0,,,,,Y,,A,07,0,0,3,0,0,0,0,0,0,"- ","- ",38.116401672363281,-122.23018646240234,SOLANO,UNINCORPORATED,-122.22972869873047,38.109649658203125
9077744,2020,2020-09-25,4805,2020-01-27,1830,5L109,4805,1,5,4,4805,0,0,0,,0,001,"RT 12","CIVIC CENTER",500.00,W,N,A,-,Y,SOL,4,12,-,R,4.870,H,-,E,N,4,0,2,2,D,-,00,,,N,C,C,A,-,H,-,C,A,0,,,,,Y,,-,"- ",0,0,2,0,0,0,0,0,0,EF,"- ",38.243438720703125,-122.04222869873047,SOLANO,"SUISUN CITY",-122.03652191162109,38.244956970214844
90783788,2018,2018-08-03,9365,2018-07-26,1040,016887,,4,1,9,4800,0,3,5,,2,040,"ROBBEN RD.","VAUGHN RD.",0.00,,Y,A,-,N,,,,,,,,,,Y,3,0,2,2,A,-,09,21801,A,N,D,C,A,A,H,-,A,D,0,,,,,Y,,E,22,0,1,1,0,0,0,0,0,0,"- ","- ",38.467098236083984,-121.78579711914062,SOLANO,UNINCORPORATED,-121.78585815429688,38.467090606689453
90787434,2018,2018-08-09,9365,2018-07-31,0730,015416,,2,1,5,4803,0,1,1,,2,083,"I-80 W/B","S.R. 12 E/B",3960.00,W,N,B,-,Y,,,,,,,,,,Y,4,0,1,2,A,-,03,22350,,N,C,C,A,A,H,-,A,D,0,,,,Y,Y,,A,07,0,0,1,0,0,0,0,0,0,"- ","- ",38.233089447021484,-122.10861206054688,SOLANO,FAIRFIELD,,
9079156,2020,2020-06-30,4806,2020-03-13,1841,457,707,5,5,5,4806,0,0,0,,0,007,"ALAMO DR","ROSEWOOD DR",435.00,W,N,B,-,N,,,,,,,,,,Y,3,0,5,3,A,-,01,23153,A,N,C,-,A,-,H,-,A,A,0,,,,,Y,Y,A,01,0,1,4,0,0,0,0,0,0,"- ","- ",38.33538818359375,-121.97569274902344,SOLANO,VACAVILLE,-121.97724914550781,38.335464477539062
90796165,2018,2018-08-22,9365,2018-08-04,1305,017735,,6,1,9,4800,0,1,1,,2,681,"I-680 N/B","MARSHVIEW RD OVERCROSSING",2112.00,N,N,A,-,Y,,,,,,,,,,Y,4,0,2,3,A,-,03,22350,,N,C,C,A,A,H,-,A,D,0,,,,,Y,,A,07,0,0,2,0,0,0,0,0,0,"- ","- ",38.153800964355469,-122.11100006103516,SOLANO,UNINCORPORATED,-122.11341094970703,38.154079437255859
90798027,2018,2018-08-27,9365,2018-08-04,0220,021050,,6,3,6,4807,0,1,1,,2,080,"I-80 W/B","SOLANO AVE",350.00,E,N,A,-,Y,,,80,,,,,,W,Y,2,0,1,1,A,-,01,23152,F,N,E,I,A,A,H,-,C,D,0,,,,,Y,,A,01,1,0,0,0,0,0,0,0,0,"- ","- ",38.106899261474609,-122.22994232177734,SOLANO,VALLEJO,-122.22980499267578,38.106899261474609
90799284,2018,2019-07-29,9365,2018-08-10,2255,015210,,5,3,9,4800,0,1,1,,2,081,"I-80 W/B","SR-37 E/B",3846.00,E,N,A,-,Y,,,,,,,,,,Y,4,0,3,4,A,-,03,22350,,N,C,C,A,A,H,-,C,D,0,,,,,Y,,A,01,0,0,3,0,0,0,0,0,0,"- ","- ",38.151420593261719,-122.21669006347656,SOLANO,UNINCORPORATED,,
90800281,2018,2018-08-28,9365,2018-08-20,2300,020222,,1,3,9,4800,0,3,5,,2,040,"CURREY RD","SIEVERS RD",1056.00,S,N,A,-,N,,,,,,,,,,Y,3,0,1,1,A,-,08,22107,,N,F,A,A,A,H,-,D,D,0,,,,,Y,,A,07,0,1,0,0,0,0,0,0,0,"- ","- ",38.486579895019531,-121.82225799560547,SOLANO,UNINCORPORATED,-121.82228088378906,38.486198425292969
90800721,2018,2018-08-29,9365,2018-08-19,2300,020506,,7,3,3,4802,0,1,1,,2,088,"I-80 E/B","SR-113 S/B",855.00,W,N,A,-,Y,,,80,,,,,,E,Y,4,0,1,2,A,-,07,21658,A,N,B,C,A,A,H,-,D,D,0,,,,,Y,,-,"- ",0,0,1,0,0,0,0,0,0,"- ","- ",38.471260070800781,-121.82594299316406,SOLANO,DIXON,-121.82591247558594,38.471221923828125
90803551,2018,2018-08-31,9365,2018-08-24,1415,019086,,5,2,6,4807,0,1,1,,2,080,"I-80 E/B","CARQUINEZ TOLL PLAZA",200.00,E,N,A,-,Y,,,80,,,,,,E,Y,4,0,3,3,A,-,03,22350,,N,C,C,A,A,H,-,A,D,0,,,,,Y,,A,07,0,0,3,0,0,0,0,0,0,"- ","- ",38.069759368896484,-122.22714233398438,SOLANO,VALLEJO,-122.22702026367188,38.069828033447266
90803962,2018,2018-09-03,9365,2018-08-24,2235,021116,,5,3,3,4802,0,1,1,,2,088,"I-80 E/B","KIDWELL RD",5280.00,W,N,A,-,Y,,,,,,,,,,Y,3,0,2,2,A,-,03,22350,,N,C,C,A,A,H,-,D,D,0,,,,,Y,,D,22,0,2,0,0,0,0,0,0,0,"- ","- ",38.498470306396484,-121.79289245605469,SOLANO,DIXON,-121.79741668701172,38.494277954101562
90809566,2018,2018-09-11,9365,2018-09-04,0910,017805,,2,1,6,4807,0,1,1,,2,081,"I-80 E/B","AMERICAN CANYON RD. O/C",2600.00,W,N,A,B,Y,,,,,,,,,,Y,4,0,1,2,A,-,07,21658,A,F,B,C,A,A,H,-,A,D,0,,,,,Y,,-,99,0,0,1,0,0,0,0,0,0,"- ","- ",38.164558410644531,-122.20716094970703,SOLANO,VALLEJO,-122.20684051513672,38.164691925048828
90809569,2018,2018-09-11,9365,2018-08-24,1545,018803,,5,2,5,4803,0,1,1,,2,680,"I-680 N/B JSO BRIDGEPORT AVENUE","BRIDGEPORT AVENUE",1584.00,S,N,A,-,Y,,,680,,,,,,N,N,4,0,2,2,A,-,03,22350,,N,C,C,A,A,H,-,A,D,0,,,,,Y,,A,01,0,0,2,0,0,0,0,0,0,"- ","- ",38.205539703369141,-122.13778686523438,SOLANO,FAIRFIELD,-122.13788604736328,38.205543518066406
90809583,2018,2018-09-11,9365,2018-09-04,0625,014948,,2,1,5,4803,0,1,1,,2,083,"I-80 W/B","SUISUN VALLEY RD",1584.00,W,N,A,-,Y,,,80,,,,,,W,N,4,0,1,3,A,-,04,21703,,N,C,C,A,A,H,-,A,D,0,,,,,Y,,D,22,0,0,1,0,0,0,0,0,0,"- ","- ",38.220699310302734,-122.13230133056641,SOLANO,FAIRFIELD,-122.13230895996094,38.220714569091797
90809925,2018,2018-09-11,9365,2018-08-30,0630,015293,,4,1,6,4807,0,1,1,,2,080,"I-80 W/B","SPRINGS ROAD O/C (W/EDGE)",350.00,W,N,B,-,Y,,,80,,,,,,W,Y,3,0,1,2,A,-,07,21658,A,N,B,C,A,A,H,-,C,D,0,,,Y,,Y,,D,22,0,1,0,0,0,0,0,0,1,"- ","- ",38.104789733886719,-122.22976684570312,SOLANO,VALLEJO,-122.22982788085938,38.104789733886719
90810036,2018,2018-09-11,9365,2018-09-01,1434,019195,,6,2,9,4800,0,1,3,,2,113,"SR-113 S/B","MIDWAY RD",0.00,,Y,A,-,Y,,,113,,,,,,S,Y,4,0,2,2,A,-,09,21802,A,N,D,C,A,A,H,-,A,D,0,,,,,Y,,A,01,0,0,2,0,0,0,0,0,0,"- ","- ",38.416538238525391,-121.82276153564453,SOLANO,UNINCORPORATED,-121.82271575927734,38.416538238525391
90810235,2018,2018-09-11,9365,2018-09-08,1210,017805,,6,1,6,4807,0,3,5,,2,010,"BENICIA RD. E/B","STARR AVE.",30.00,W,N,A,-,N,,,,,,,,,,N,4,0,1,2,A,-,08,22107,,N,D,C,A,A,H,-,A,D,0,,,,,Y,,A,01,0,0,1,0,0,0,0,0,0,"- ","- ",38.09600830078125,-122.23571014404297,SOLANO,VALLEJO,-122.23555755615234,38.096004486083984
90810529,2018,2018-09-11,9365,2018-09-11,0640,017805,,2,1,6,4807,0,1,1,,2,077,"I-780 W/B","LAUREL ST. O/C",1584.00,E,N,A,-,Y,,,780,,,,,,W,N,4,0,1,2,A,-,07,21658,A,M,B,C,A,A,H,-,A,D,0,,,,,Y,,A,07,0,0,1,0,0,0,0,0,0,"- ","- ",38.089958190917969,-122.22418975830078,SOLANO,VALLEJO,-122.22420501708984,38.089908599853516
90810537,2018,2018-09-11,9365,2018-09-05,2022,018712,,3,2,5,4806,0,1,1,,2,505,"I-505 N/B","VACA VALLEY PKY",3160.00,N,N,A,-,Y,,,,,,,,,,Y,3,0,3,3,A,-,03,22350,,N,C,C,A,A,D,-,D,D,0,,,,,Y,,D,22,0,2,1,0,0,0,0,0,0,"- ","- ",38.248790740966797,-121.56516265869141,SOLANO,VACAVILLE,-121.94764709472656,38.402503967285156
90810574,2018,2018-09-11,9365,2018-09-08,1438,020281,,6,2,5,4806,0,1,1,,2,087,"I-80 E/B","I-505 N/B O/C",1545.00,E,N,A,-,Y,,,80,,,,,,E,Y,3,0,1,2,A,-,07,21658,A,N,F,I,A,A,H,-,A,D,0,,,,,Y,,A,01,0,1,0,0,0,0,0,0,0,"- ","- ",38.375518798828125,-121.94995880126953,SOLANO,VACAVILLE,-121.95002746582031,38.375606536865234
90810627,2018,2018-09-11,9365,2018-09-07,0954,019790,,5,1,9,4800,0,1,1,,2,081,"I-80 E/B","AMERICAN CANYON RD",170.00,E,N,A,-,Y,,,80,,,,,,E,Y,4,0,1,1,A,-,08,22107,,N,F,I,A,A,H,-,A,D,0,,,,,Y,,A,01,0,0,1,0,0,0,0,0,0,"- ","- ",38.169601440429688,-122.19947814941406,SOLANO,UNINCORPORATED,-122.19949340820312,38.16961669921875
90811389,2018,2018-09-12,9365,2018-09-02,0019,020579,,7,3,9,4800,0,1,A,,2,030,"GATES CANYON RD","PLEASANTS VALLEY RD",6336.00,W,N,A,-,N,,,,,,,,,,Y,2,0,1,1,A,-,01,23152,G,N,A,I,A,A,H,-,D,D,0,,,,,Y,Y,A,07,1,0,0,0,0,0,0,0,0,"- ","- ",38.381240844726562,-122.04395294189453,SOLANO,UNINCORPORATED,-122.04397583007812,38.381217956542969
90811451,2018,2018-09-12,9365,2018-09-09,1750,019195,,7,2,9,4800,0,1,1,,2,086,"I-80 W/B","LAGOON VALLEY RD",1335.00,E,N,A,-,Y,,,80,,,,,,W,Y,4,0,4,3,A,-,03,22350,,N,C,C,A,A,H,-,A,D,0,,,,,Y,,A,01,0,0,4,0,0,0,0,0,0,"- ","- ",38.328510284423828,-122.02194976806641,SOLANO,UNINCORPORATED,-122.02202606201172,38.328556060791016
90811481,2018,2018-09-12,9365,2018-09-12,0600,017735,,3,1,5,4803,0,1,1,,2,680,"I-680 S/B","GOLD HILL RD OVERCROSSING",150.00,S,N,A,-,Y,,,680,,,,,,S,N,4,0,1,2,A,-,03,22350,,N,C,C,A,A,H,-,A,D,0,,,,,Y,,A,01,0,0,1,0,0,0,0,0,0,"- ","- ",38.182498931884766,-122.13424682617188,SOLANO,FAIRFIELD,-122.13435363769531,38.182441711425781
90811641,2018,2018-09-12,9365,2018-09-11,0753,019790,,2,1,9,4800,0,1,1,,2,083,"I-80 E/B","SR-12 (JAMESON CANYON)",320.00,W,N,A,-,Y,,,80,,,,,,E,Y,2,0,1,1,A,-,08,22107,,N,E,I,A,A,H,-,A,D,0,,,,,Y,,A,01,1,0,0,0,0,0,0,0,0,"- ","- ",38.207279205322266,-122.15081787109375,SOLANO,UNINCORPORATED,-122.15084075927734,38.207302093505859
90811717,2018,2018-09-12,9365,2018-09-07,0706,014687,,5,1,9,4800,0,3,5,,2,040,"OLD DAVIS ROAD","I-80 OFF RAMP",0.00,,Y,A,-,Y,,,,,,,,,,N,3,0,1,2,A,-,09,21801,A,N,D,G,A,A,H,-,B,A,0,,Y,,,Y,,A,07,0,1,0,0,0,0,1,0,0,"- ","- ",38.528079986572266,-121.75714874267578,SOLANO,UNINCORPORATED,,
90812170,2018,2018-11-07,9365,2018-09-12,0944,020579,,3,1,6,4807,0,1,3,,2,370,"SR-29 S/B TO SR-37 E/B","SR-37 E/B OFR",90.00,N,N,A,-,Y,,,29,,,,R,,S,Y,4,0,1,2,A,-,03,22350,,N,C,C,A,A,H,-,A,D,0,,,,,Y,,A,01,0,0,1,0,0,0,0,0,0,"- ","- ",38.137641906738281,-122.25650024414062,SOLANO,VALLEJO,-122.25650024414062,38.137641906738281
90814887,2018,2018-09-17,9365,2018-09-04,0550,017805,,2,3,6,4807,0,1,1,,2,081,"I-80 W/B","REDWOOD ST. O/C",2500.00,E,N,A,-,Y,,,80,,,,,,W,Y,3,0,1,2,A,-,07,21658,A,F,B,C,A,A,H,-,C,D,0,,,Y,,Y,,-,99,0,1,0,0,0,0,0,0,1,"- ","- ",38.129348754882812,-122.22627258300781,SOLANO,VALLEJO,-122.22638702392578,38.129425048828125
90817592,2018,2018-09-20,9365,2018-09-15,1614,019195,,6,2,9,4800,0,1,3,,2,113,"SR-113 (SOUTH)","MIDWAY RD",0.00,,Y,A,-,Y,,,113,,,,,,,Y,4,0,5,2,A,-,09,21802,A,N,D,C,A,A,H,-,A,D,0,,,,,Y,,A,01,0,0,5,0,0,0,0,0,0,"- ","- ",38.416561126708984,-121.82273864746094,SOLANO,UNINCORPORATED,-121.82271575927734,38.416561126708984
90817632,2018,2018-09-20,9365,2018-09-16,2025,019195,,7,2,9,4800,0,1,1,,2,505,"I-505 N/B","MIDWAY RD",2253.00,S,N,A,-,Y,,,,,,,,,,Y,4,0,1,3,A,-,03,22350,,N,C,C,A,A,H,-,D,D,0,,,,,Y,,A,08,0,0,1,0,0,0,0,0,0,"- ","- ",38.41094970703125,-121.94564056396484,SOLANO,UNINCORPORATED,-121.94566345214844,38.410972595214844
90817682,2018,2018-09-20,9365,2018-09-18,0700,015293,,2,1,4,4801,0,1,1,,2,077,"I-780 E/B","5TH STREET U/C",300.00,W,N,B,-,Y,,,780,,,,,,E,Y,3,0,1,3,A,-,03,22350,,N,C,C,A,A,H,-,A,D,0,,,,,Y,,A,01,0,1,0,0,0,0,0,0,0,"- ","- ",38.0535888671875,-122.14598846435547,SOLANO,BENICIA,-122.14601135253906,38.053569793701172
90818979,2018,2018-09-24,9365,2018-09-15,1345,019086,,6,1,6,4807,0,1,1,,2,081,"I-80 E/B","COLUMBUS PKWY",2000.00,W,N,A,-,Y,,,80,,,,,,E,Y,3,0,3,2,A,-,07,21658,A,N,B,C,A,A,H,-,A,D,0,,,,,Y,,A,01,0,2,1,0,0,0,0,0,0,"- ","- ",38.13323974609375,-122.22370147705078,SOLANO,VALLEJO,-122.22368621826172,38.133232116699219
90826577,2018,2018-10-02,9365,2018-09-21,1540,020606,,5,2,6,4807,0,1,1,,2,080,"I-80 E/B","MAGAZINE ST",300.00,E,N,A,-,Y,,,80,,,,,,E,Y,4,0,1,3,A,-,03,22350,,F,C,C,A,A,H,-,A,D,0,,,,,Y,,D,22,0,0,1,0,0,0,0,0,0,"- ","- ",38.0860595703125,-122.23262023925781,SOLANO,VALLEJO,-122.23258972167969,38.086048126220703
90830694,2018,2018-10-08,9365,2018-09-26,2310,021382,,3,3,3,4802,0,1,1,,2,088,"I-80 E/B","SR-113 S/B",1584.00,W,N,A,-,Y,,,80,,,,,,E,Y,4,0,1,3,A,-,03,22350,,N,C,C,A,A,D,-,D,D,0,,,,,Y,,A,01,0,0,1,0,0,0,0,0,0,"- ","- ",38.468990325927734,-121.82872772216797,SOLANO,DIXON,-121.82875061035156,38.469013214111328
90831038,2018,2018-10-08,9365,2018-09-28,1935,016505,,5,2,5,4803,0,1,1,,2,084,"I80 E/B","TRAVIS BLVD",528.00,W,N,A,-,Y,,,,,,,,,,N,4,0,2,3,A,-,03,22350,,N,C,C,A,A,H,-,C,A,0,,,,,Y,,A,01,0,0,2,0,0,0,0,0,0,"- ","- ",38.256950378417969,-122.06339263916016,SOLANO,FAIRFIELD,-122.06340789794922,38.257034301757812
90831702,2018,2018-12-11,9365,2018-09-30,1330,020281,,7,1,5,4806,0,1,1,,2,086,"I-80 W/B","PENA ADOBE RD O/C",175.00,E,N,A,-,Y,,,80,,,,,,W,N,4,0,1,2,A,-,07,21658,A,N,C,C,A,A,H,-,A,D,0,,,Y,,Y,,A,01,0,0,1,0,0,0,0,0,1,"- ","- ",38.336311340332031,-122.01699829101562,SOLANO,VACAVILLE,-122.01707458496094,38.336357116699219
90837595,2018,2018-10-16,9365,2018-10-06,1050,020579,,6,1,9,4800,0,3,5,,2,010,"BENICIA RD","STARR AVE",275.00,E,N,A,-,N,,,,,,,,,,N,4,0,1,2,A,-,11,21954,A,N,G,B,E,A,H,-,A,D,0,Y,,,,Y,Y,N,60,0,0,1,0,1,0,0,0,0,"- ","- ",38.095771789550781,-122.23423767089844,SOLANO,UNINCORPORATED,-122.23454284667969,38.095775604248047
90837751,2018,2018-10-17,9365,2018-10-08,0745,017654,,1,1,6,4807,0,1,3,,2,370,"SR-37 W/B","WILSON AVE",1000.00,E,N,B,-,Y,,,37,,,,,,W,N,3,0,1,2,A,-,21,22106,,N,C,C,A,A,H,-,A,D,0,,,,,Y,,D,22,0,1,0,0,0,0,0,0,0,"- ","- ",38.123378753662109,-122.27272796630859,SOLANO,VALLEJO,-122.27272796630859,38.123382568359375
90841727,2018,2018-10-22,9365,2018-09-28,2039,018803,,5,2,5,4803,0,1,1,,2,083,"I-80 W/B","SUISUN VALLEY RD",1056.00,W,N,A,-,Y,,,80,,,,,,W,Y,4,0,1,2,A,-,01,23152,A,N,C,C,A,A,H,-,C,D,0,,,,,Y,Y,A,01,0,0,1,0,0,0,0,0,0,"- ","- ",38.220680236816406,-122.13223266601562,SOLANO,FAIRFIELD,-122.13227081298828,38.220741271972656
90843881,2018,2018-10-24,9365,2018-10-15,0625,014264,,1,1,9,4800,0,1,1,,2,088,"I-80 W/B","DIXON AVE",5280.00,W,N,A,-,Y,,,,,,,,,,Y,4,0,1,1,A,-,04,21703,,N,E,I,A,A,H,-,D,D,0,,,,,Y,,A,01,0,0,1,0,0,0,0,0,0,"- ","- ",38.255901336669922,-121.52310180664062,SOLANO,UNINCORPORATED,-121.87203979492188,38.435676574707031
90844939,2018,2018-10-25,9365,2018-10-17,1335,017805,,3,1,5,4806,0,1,1,,2,505,"I-505 N/B","ALLENDALE RD. U/C",2112.00,S,N,A,-,Y,,,,,,,,,,Y,4,0,1,1,A,-,08,22107,,N,E,I,A,A,H,-,A,D,0,,,,,Y,,A,01,0,0,1,0,0,0,0,0,0,"- ","- ",38.447189331054688,-121.94236755371094,SOLANO,VACAVILLE,-121.94229888916016,38.447509765625
90846320,2018,2018-10-26,9365,2018-10-14,0055,021050,,7,3,6,4807,0,1,1,,2,081,"I-80 E/B",SR-37,2376.00,E,N,A,-,Y,,,80,,,,,,E,Y,4,0,1,2,A,-,01,23152,A,N,C,C,A,A,H,-,D,D,0,,,,,Y,Y,A,01,0,0,1,0,0,0,0,0,0,"- ","- ",38.147739410400391,-122.21669769287109,SOLANO,VALLEJO,-122.21659088134766,38.147747039794922
90848106,2018,2018-10-29,9365,2018-10-20,0600,016919,,6,1,5,4803,0,1,1,,2,083,"I-80 E/B","SR-12 R/V O/C",1584.00,W,N,A,-,Y,,,80,,,,,,E,Y,3,0,1,2,A,-,08,22107,,N,B,C,A,A,H,-,D,D,0,,,,Y,Y,,A,01,0,1,0,0,0,0,0,0,0,"- ","- ",38.238029479980469,-122.09661865234375,SOLANO,FAIRFIELD,-122.09658050537109,38.237941741943359
90851075,2018,2018-11-01,9365,2018-10-26,0144,020774,,5,3,5,4803,0,1,1,,2,084,"I-80 W/B","W. TEXAS ST.",1320.00,W,N,A,-,Y,,,80,,,,,,W,Y,3,0,2,2,A,-,08,22107,,F,C,C,A,A,H,-,C,D,0,,,,,Y,,D,22,0,2,0,0,0,0,0,0,0,"- ","- ",38.24761962890625,-122.07418060302734,SOLANO,FAIRFIELD,-122.07416534423828,38.247581481933594
90851702,2018,2018-11-02,9365,2018-10-25,2125,018712,,4,2,9,4800,0,1,1,,2,088,"I-80 E/B","PITT SCHOOL RD",50.00,E,N,A,-,Y,,,80,,,,,,E,Y,4,0,1,2,A,-,03,22350,,N,C,C,A,A,D,-,C,D,0,,,,,Y,,A,01,0,0,1,0,0,0,0,0,0,"- ","- ",38.460048675537109,-121.84031677246094,SOLANO,UNINCORPORATED,-121.84029388427734,38.460018157958984
90851975,2018,2018-11-02,9365,2018-10-27,1623,019790,,6,2,9,4800,0,1,1,,2,081,"I-80 W/B","REDWOOD ST",840.00,W,N,A,-,Y,,,,,,,,,,Y,3,0,7,3,A,-,07,21658,A,N,C,C,A,A,H,-,A,D,0,,,,,Y,,A,01,0,3,4,0,0,0,0,0,0,"- ","- ",38.120479583740234,-122.23062896728516,SOLANO,UNINCORPORATED,-122.23046112060547,38.120738983154297
90853005,2018,2018-11-05,9365,2018-10-27,1930,020566,,6,2,9,4800,0,1,1,,2,680,"LOPES RD","MARSHVIEW RD",2640.00,N,N,A,-,N,,,,,,,,,,Y,2,0,1,1,A,-,08,22107,,N,E,I,A,A,H,-,D,D,0,,,,,Y,,A,01,1,0,0,0,0,0,0,0,0,"- ","- ",38.155338287353516,-122.11473083496094,SOLANO,UNINCORPORATED,-122.11479187011719,38.154850006103516
90857225,2018,2018-11-09,9365,2018-11-03,2215,020508,,6,3,5,4806,0,1,1,,2,086,"I-80 E/B","CHERRY GLEN RD",1478.00,E,N,A,-,Y,,,,,,,,,,Y,2,0,5,1,A,-,08,22107,,N,F,A,A,A,H,-,D,D,0,,,,,Y,,A,01,2,2,1,0,0,0,0,0,0,"- ","- ",38.202121734619141,-122.05168914794922,SOLANO,VACAVILLE,-122.02156829833984,38.328708648681641
90857309,2018,2018-11-09,9365,2018-11-04,1800,017805,,7,2,5,4806,0,1,1,,2,505,"I-505 S/B","VACA VALLEY PKWY",600.00,S,N,A,-,Y,,,505,,,,,,S,N,3,0,1,2,A,-,07,21658,A,N,B,C,A,A,H,-,C,D,0,,,Y,,Y,Y,A,01,0,1,0,0,0,0,0,0,1,"- ","- ",38.392379760742188,-121.9503173828125,SOLANO,VACAVILLE,-121.95033264160156,38.392383575439453
90858767,2018,2018-11-13,9365,2018-10-28,0030,021382,,7,3,5,4803,0,1,1,,2,084,"I-80 W/B","ABERNATHY RD",1056.00,W,N,A,-,Y,,,,,,,,,,Y,3,0,1,2,A,-,01,23152,A,M,C,C,A,A,H,-,D,D,0,,,,,Y,Y,A,01,0,1,0,0,0,0,0,0,0,"- ","- ",38.23583984375,-122.10011291503906,SOLANO,FAIRFIELD,,
90862690,2018,2018-11-19,9365,2018-11-07,0300,018634,,3,3,5,4803,0,1,1,,2,085,"I-80 E/B","N. TEXAS ST.",200.00,W,N,A,-,Y,,,80,,,,,,E,Y,3,0,1,1,A,-,01,23152,A,N,E,I,A,A,H,-,C,D,0,,,,,Y,Y,A,01,0,1,0,0,0,0,0,0,0,"- ","- ",38.294288635253906,-122.03379821777344,SOLANO,FAIRFIELD,-122.03392028808594,38.294292449951172