CASE_ID,ACCIDENT_YEAR,PROC_DATE,JURIS,COLLISION_DATE,COLLISION_TIME,OFFICER_ID,REPORTING_DISTRICT,DAY_OF_WEEK,CHP_SHIFT,POPULATION,CNTY_CITY_LOC,SPECIAL_COND,BEAT_TYPE,CHP_BEAT_TYPE,CITY_DIVISION_LAPD,CHP_BEAT_CLASS,BEAT_NUMBER,PRIMARY_RD,SECONDARY_RD,DISTANCE,DIRECTION,INTERSECTION,WEATHER_1,WEATHER_2,STATE_HWY_IND,CALTRANS_COUNTY,CALTRANS_DISTRICT,STATE_ROUTE,ROUTE_SUFFIX,POSTMILE_PREFIX,POSTMILE,LOCATION_TYPE,RAMP_INTERSECTION,SIDE_OF_HWY,TOW_AWAY,COLLISION_SEVERITY,NUMBER_KILLED,NUMBER_INJURED,PARTY_COUNT,PRIMARY_COLL_FACTOR,PCF_CODE_OF_VIOL,PCF_VIOL_CATEGORY,PCF_VIOLATION,PCF_VIOL_SUBSECTION,HIT_AND_RUN,TYPE_OF_COLLISION,MVIW,PED_ACTION,ROAD_SURFACE,ROAD_COND_1,ROAD_COND_2,LIGHTING,CONTROL_DEVICE,CHP_ROAD_TYPE,PEDESTRIAN_ACCIDENT,BICYCLE_ACCIDENT,MOTORCYCLE_ACCIDENT,TRUCK_ACCIDENT,NOT_PRIVATE_PROPERTY,ALCOHOL_INVOLVED,STWD_VEHTYPE_AT_FAULT,CHP_VEHTYPE_AT_FAULT,COUNT_SEVERE_INJ,COUNT_VISIBLE_INJ,COUNT_COMPLAINT_PAIN,COUNT_PED_KILLED,COUNT_PED_INJURED,COUNT_BICYCLIST_KILLED,COUNT_BICYCLIST_INJURED,COUNT_MC_KILLED,COUNT_MC_INJURED,PRIMARY_RAMP,SECONDARY_RAMP,LATITUDE,LONGITUDE,COUNTY,CITY,POINT_X,POINT_Y
90863001,2018,2018-11-19,9365,2018-11-09,1640,020774,,5,2,5,4803,0,1,1,,2,083,"I-80 E/B","CHADBOURNE RD",6600.00,W,N,A,-,Y,,,,,,,,,,Y,4,0,2,4,A,-,01,23152,A,N,C,C,A,A,H,-,A,D,0,,,,,Y,Y,A,01,0,0,2,0,0,0,0,0,0,"- ","- ",38.233081817626953,-122.10740661621094,SOLANO,FAIRFIELD,-122.10672760009766,38.233547210693359
90864751,2018,2018-11-21,9365,2018-11-08,0900,019651,,4,1,5,4803,0,1,1,,2,083,"I-80 W/B","GREEN VALLEY ROAD O/C",1135.00,W,N,A,-,Y,,,80,,,,,,W,Y,3,0,2,2,A,-,03,22350,,N,C,C,A,A,H,-,A,D,0,,,,,Y,,A,01,0,1,1,0,0,0,0,0,0,"- ","- ",38.213951110839844,-122.14263153076172,SOLANO,FAIRFIELD,-122.14244842529297,38.213691711425781
90864757,2018,2018-11-21,9320,2018-11-16,1205,014911,,5,1,9,4800,0,1,1,,2,684,"I-680 N/B TO I-780 W/B","BAYSHORE ROAD",50.00,N,N,A,F,Y,,,,,,,,,,Y,2,0,1,1,A,-,08,22107,,N,E,I,A,A,H,-,A,D,0,,,,,Y,,I,11,1,0,0,0,0,0,0,0,0,"- ","- ",38.051300048828125,-122.12999725341797,SOLANO,UNINCORPORATED,-122.13076019287109,38.064544677734375
90866806,2018,2018-11-26,9365,2018-11-16,1035,017735,,5,1,4,4801,0,1,1,,2,680,"I-680 NB","INDUSTRAIL WAY UNDER CROSSING",1500.00,N,N,F,-,Y,,,680,,,,,,N,N,4,0,1,2,A,-,03,22350,,N,C,C,A,A,H,-,A,D,0,,,,,Y,,A,01,0,0,1,0,0,0,0,0,0,"- ","- ",38.071430206298828,-122.1251220703125,SOLANO,BENICIA,-122.12511444091797,38.071426391601562
90867540,2018,2018-11-26,9365,2018-11-18,0150,021027,,7,3,9,4800,0,1,1,,2,681,"I-680 S/B","MARSHVIEW RD",1600.00,N,N,A,-,Y,,,680,,,,,,S,Y,3,0,1,2,A,-,08,22107,,N,C,C,A,A,H,-,D,D,0,,,,,Y,,A,01,0,1,0,0,0,0,0,0,0,"- ","- ",38.152790069580078,-122.11312103271484,SOLANO,UNINCORPORATED,-122.11316680908203,38.15277099609375
90869325,2018,2018-11-28,9365,2018-11-20,0732,019195,,2,1,5,4803,0,1,1,,2,083,"I-80 W/B","SR-12 (RIO VISTA)",3740.00,W,N,A,-,Y,,,,,,,,,,N,4,0,1,2,A,-,07,21658,A,N,B,C,A,A,H,-,A,D,0,,,,Y,Y,,G,25,0,0,1,0,0,0,0,0,0,"- ","- ",38.235038757324219,-122.10395812988281,SOLANO,FAIRFIELD,,
90870747,2018,2018-11-29,9365,2018-11-24,0745,017735,,6,1,5,4803,0,1,1,,2,083,"I-80 W/B","GREEN VALLEY RD O/C",575.00,E,N,B,-,Y,,,80,,,,,,W,Y,4,0,2,2,A,-,08,22107,,N,E,I,A,B,H,-,A,D,0,,,,,Y,,A,01,0,0,2,0,0,0,0,0,0,"- ","- ",38.2176513671875,-122.13758087158203,SOLANO,FAIRFIELD,-122.13730621337891,38.217254638671875
90874012,2018,2018-12-03,9365,2018-11-26,1750,020774,,1,2,6,4807,0,1,3,,2,370,"SR-37 E/B","SKAGGS ISLAND RD",5280.00,E,N,A,-,Y,,,,,,,,,,Y,4,0,2,2,A,-,03,22350,,N,C,C,A,A,H,-,D,D,0,,,,,Y,,A,08,0,0,2,0,0,0,0,0,0,"- ","- ",38.144790649414062,-122.37216186523438,SOLANO,VALLEJO,-122.36444854736328,38.142009735107422
90874956,2018,2018-12-04,9365,2018-11-29,0710,016919,,4,1,9,4800,0,3,5,,2,020,"SUISUN VALLEY RD","JOYCE LN",4224.00,N,N,C,-,Y,,,,,,,,,,Y,4,0,1,1,A,-,08,22107,,N,E,I,A,B,H,-,B,D,0,,,,,Y,,A,01,0,0,1,0,0,0,0,0,0,"- ","- ",38.313861846923828,-122.13017272949219,SOLANO,UNINCORPORATED,-122.12969207763672,38.313381195068359
90875062,2018,2018-12-04,9320,2018-11-28,0700,020984,,3,1,4,4801,0,1,1,,2,684,"I-680 S/B","BAYSHORE RD",100.00,N,N,B,-,Y,,,680,,,,,,S,Y,4,0,1,2,A,-,07,21658,A,N,B,C,A,B,H,-,B,D,0,,,,Y,Y,,G,25,0,0,1,0,0,0,0,0,0,"- ","- ",38.047199249267578,-122.12830352783203,SOLANO,BENICIA,-122.12826538085938,38.047229766845703
90875909,2018,2018-12-05,9365,2018-11-28,1832,020633,,3,2,9,4800,0,3,5,,2,010,"BENICIA RD","LEMON ST",0.00,,Y,B,-,N,,,,,,,,,,Y,4,0,1,2,A,-,12,21453,A,F,D,C,A,B,H,-,C,A,0,,,,,Y,,A,07,0,0,1,0,0,0,0,0,0,"- ","- ",38.094989776611328,-122.23088836669922,SOLANO,UNINCORPORATED,-122.23098754882812,38.09490966796875
90876460,2018,2018-12-05,9365,2018-12-01,0548,019195,,6,3,5,4803,0,1,1,,2,084,"I-80 W/B","MANUEL CAMPOS PKWY",2277.00,W,N,C,-,Y,,,80,,,,,,W,Y,4,0,1,2,A,-,03,22350,,N,E,I,A,B,H,-,D,D,0,,,,,Y,,E,22,0,0,1,0,0,0,0,0,0,"- ","- ",38.289379119873047,-122.03646087646484,SOLANO,FAIRFIELD,-122.036376953125,38.289310455322266
90878250,2018,2018-12-07,9365,2018-11-30,1618,020579,,5,2,6,4807,0,1,1,,2,080,"I-80 W/B","BENICIA RD",206.00,E,N,A,-,Y,,,80,,,,,,W,Y,4,0,1,3,A,-,08,22107,,N,C,C,A,A,H,-,A,D,0,,,,Y,Y,,A,07,0,0,1,0,0,0,0,0,0,"- ","- ",38.095088958740234,-122.22997283935547,SOLANO,VALLEJO,-122.22998046875,38.0950927734375
9087894,2020,2020-11-06,4803,2020-05-26,1103,1691,,2,5,5,4803,0,0,0,,0,00E,"TABOR AV","SOLANO RD",0.00,,Y,A,-,N,,,,,,,,,,N,3,0,1,3,A,-,09,21801,A,N,D,C,A,A,H,-,A,D,0,,,,,Y,,A,01,0,1,0,0,0,0,0,0,0,"- ","- ",,,SOLANO,FAIRFIELD,-121.99307250976562,38.264949798583984
90880760,2018,2018-12-11,9365,2018-12-10,1555,019299,,1,2,9,4800,0,1,1,,2,089,"I-80 E/B","OLD DAVIS RD",800.00,E,N,A,-,Y,,,80,,,,,,E,Y,2,0,1,2,A,-,03,22350,,N,C,C,A,A,H,-,A,D,0,,,Y,,Y,,A,07,1,0,0,0,0,0,0,0,1,"- ","- ",38.530620574951172,-121.74903106689453,SOLANO,UNINCORPORATED,-121.7490234375,38.530586242675781
90884078,2018,2018-12-17,9365,2018-12-08,0230,020615,,6,3,9,4800,0,1,1,,2,681,"I-680 N/B","MARSHVIEW RD",610.00,S,N,A,-,Y,,,680,,,,,,N,Y,4,0,1,1,A,-,08,22107,,N,E,I,A,A,H,-,D,D,0,,,,,Y,Y,A,07,0,0,1,0,0,0,0,0,0,"- ","- ",38.146938323974609,-122.11033630371094,SOLANO,UNINCORPORATED,-122.11042022705078,38.146903991699219
90884212,2018,2018-12-17,9365,2018-12-10,1525,017559,,1,2,5,4803,0,1,1,,2,084,"I-80 E/B ON-RAMP","TRAVIS BLVD",170.00,E,N,B,-,Y,,,,,,,,,,N,4,0,1,2,A,-,07,21658,A,N,B,C,A,A,H,-,A,D,0,,,Y,,Y,,A,01,0,0,1,0,0,0,0,0,1,"- ","- ",38.258731842041016,-122.06044006347656,SOLANO,FAIRFIELD,,
90884226,2018,2018-12-17,9365,2018-12-11,1850,021382,,2,2,6,4807,0,1,1,,2,081,"I-80 E/B","TENNESSEE ST",500.00,E,N,A,-,Y,,,80,,,,,,E,Y,4,0,2,2,A,-,03,22350,,N,C,C,A,A,H,-,D,D,0,,,,,Y,,A,01,0,0,2,0,0,0,0,0,0,"- ","- ",38.111000061035156,-122.22949981689453,SOLANO,VALLEJO,-122.22959136962891,38.110992431640625
90885060,2018,2018-12-18,9365,2018-12-06,1710,018803,,4,2,9,4800,0,3,5,,2,020,"GOODYEAR RD","LAKE HERMAN RD",3168.00,N,N,A,-,N,,,,,,,,,,Y,3,0,1,1,A,-,01,23152,A,N,E,I,A,A,H,-,B,D,0,,,,,Y,Y,D,22,0,1,0,0,0,0,0,0,0,"- ","- ",38.093879699707031,-122.10443115234375,SOLANO,UNINCORPORATED,-122.1058349609375,38.092769622802734
90886498,2018,2018-12-19,9365,2018-12-14,1657,018803,,5,2,9,4800,0,1,3,,2,371,"SR-37 W/B","SKAGGS ISLAND RD",4752.00,E,N,C,-,Y,,,37,,,,,,W,Y,4,0,1,2,A,-,03,22350,,N,C,C,A,B,H,-,D,D,0,,,,,Y,,D,23,0,0,1,0,0,0,0,0,0,"- ","- ",38.142829895019531,-122.36621856689453,SOLANO,UNINCORPORATED,-122.36624908447266,38.142776489257812
90887137,2018,2018-12-20,9365,2018-12-19,1739,020579,,3,2,6,4807,0,1,3,,2,370,"SR-37 W/B","MARE ISLAND OFF RAMP",2376.00,E,N,A,-,Y,,,37,,,,,,W,Y,4,0,2,2,A,-,03,22350,,N,C,C,A,A,H,-,D,D,0,,,,,Y,,A,01,0,0,2,0,0,0,0,0,0,"- ","- ",38.120231628417969,-122.28090667724609,SOLANO,VALLEJO,-122.28089904785156,38.120189666748047
90887427,2018,2018-12-20,9365,2018-12-18,1828,017747,,2,2,5,4803,0,1,1,,2,084,"I-80 E/B","TRAVIS BLVD O/C",2640.00,W,N,A,-,Y,,,80,,,,,,E,Y,4,0,1,2,A,-,03,22350,,N,C,C,A,A,H,-,D,D,0,,,,,Y,,A,01,0,0,1,0,0,0,0,0,0,"- ","- ",38.252998352050781,-122.06670379638672,SOLANO,FAIRFIELD,-122.06673431396484,38.253028869628906
90888040,2018,2018-12-21,9365,2018-12-12,1558,020222,,3,2,9,4800,0,3,5,,2,020,"CORDELIA RD","THOMMASON LN",2640.00,E,N,A,-,N,,,,,,,,,,Y,4,0,2,2,A,-,05,21460,A,F,B,C,A,A,H,-,A,D,0,,,,,Y,,A,01,0,0,2,0,0,0,0,0,0,"- ","- ",38.225601196289062,-122.10394287109375,SOLANO,UNINCORPORATED,-122.10269927978516,38.226696014404297
90889897,2018,2018-12-26,9365,2018-12-13,1215,015293,,4,1,6,4807,0,1,1,,2,078,"I-780 W/B TO I-80 W/B",I-780,125.00,N,N,A,-,Y,,,780,,,,R,,W,Y,3,0,1,1,A,-,03,22350,,N,F,A,A,A,H,-,A,D,0,,,,,Y,,D,22,0,1,0,0,0,0,0,0,0,"- ","- ",38.092380523681641,-122.23175811767578,SOLANO,VALLEJO,-122.23175811767578,38.092380523681641
90889991,2018,2018-12-26,9365,2018-12-19,1740,021382,,3,2,6,4807,0,1,3,,2,370,"SR-37 W/B","RAILROAD AVE",2112.00,E,N,A,-,Y,,,,,,,,,,Y,4,0,1,3,A,-,03,22350,,N,C,C,A,A,H,-,D,D,0,,,,,Y,,A,01,0,0,1,0,0,0,0,0,0,"- ","- ",38.120399475097656,-122.28050231933594,SOLANO,VALLEJO,,
90898696,2018,2019-01-07,9365,2018-12-28,1235,015293,,5,1,6,4807,0,1,1,,2,080,"I-80 E/B","SR 29 OFFRAMP FROM I-80 EB U/C",275.00,E,N,A,-,Y,,,80,,,,,,E,Y,3,0,1,4,A,-,03,22350,,N,C,C,A,A,H,-,A,D,0,,,,,Y,,A,08,0,1,0,0,0,0,0,0,0,"- ","- ",38.077190399169922,-122.23229217529297,SOLANO,VALLEJO,-122.23226165771484,38.077201843261719
90899051,2018,2019-01-07,9365,2018-12-26,1621,018803,,3,2,9,4800,0,3,5,,2,020,"MANKAS CORNER RD","ABERNATHY RD",40.00,N,N,A,-,N,,,,,,,,,,Y,4,0,1,2,A,-,05,21460,A,N,D,C,A,A,H,-,A,D,0,,,,,Y,,A,01,0,0,1,0,0,0,0,0,0,"- ","- ",38.272239685058594,-122.09255981445312,SOLANO,UNINCORPORATED,-122.09261322021484,38.272251129150391
90900513,2018,2019-01-09,9365,2018-12-31,1635,017559,,1,2,5,4806,0,1,1,,2,086,"I-80 W/B","DAVIS ST",146.00,W,N,A,-,Y,,,80,,,,,,W,Y,4,0,3,3,A,-,03,22350,,N,C,C,A,A,H,-,A,D,0,,,,,Y,,D,22,0,0,3,0,0,0,0,0,0,"- ","- ",38.350521087646484,-121.98597717285156,SOLANO,VACAVILLE,-121.98609161376953,38.350826263427734
90902076,2019,2019-01-10,9365,2019-01-07,1215,015293,,1,1,6,4807,0,1,1,,2,080,"I-80 E/B","CAQUINEZ BRIDGE TOLL PLAZA",1584.00,W,N,A,-,Y,,,80,,,,,,E,Y,3,0,2,5,A,-,03,22350,,N,C,C,A,A,H,-,A,D,0,,,,,Y,,A,01,0,2,0,0,0,0,0,0,0,"- ","- ",38.064479827880859,-122.22534942626953,SOLANO,VALLEJO,-122.22550964355469,38.064464569091797
90902322,2019,2019-01-11,9365,2019-01-06,0100,021116,,7,3,5,4803,0,1,1,,2,083,"I-80 W/B",SR-12,800.00,W,N,B,-,Y,,,,,,,,,,Y,3,0,1,1,A,-,08,22107,,N,E,I,A,B,H,-,D,D,0,,,,,Y,Y,A,01,0,1,0,0,0,0,0,0,0,"- ","- ",38.235160827636719,-122.10346984863281,SOLANO,FAIRFIELD,,
90906476,2019,2019-01-17,9365,2019-01-16,0400,021050,,3,3,6,4807,0,1,1,,2,081,"I-80 E/B","TENNESSEE ST",2218.00,E,N,B,-,Y,,,80,,,,,,E,Y,4,0,1,1,A,-,08,22107,,N,E,J,A,B,H,-,D,D,0,,,,,Y,,A,08,0,0,1,0,0,0,0,0,0,"- ","- ",38.115898132324219,-122.22984313964844,SOLANO,VALLEJO,-122.22997283935547,38.115890502929688
90908656,2019,2019-01-22,9365,2019-01-12,0300,021157,,6,3,9,4800,0,1,1,,2,505,"SWEENEY RD","HALLEY RD",2285.00,E,N,B,-,N,,,,,,,,,,Y,4,0,1,1,A,-,01,23152,A,N,E,I,A,A,H,-,D,D,0,,,,,Y,Y,A,01,0,0,1,0,0,0,0,0,0,"- ","- ",38.467830657958984,-121.91561126708984,SOLANO,UNINCORPORATED,-121.91571807861328,38.46771240234375
9091244,2020,2020-07-28,4806,2020-04-02,1348,596,505,4,5,5,4806,0,0,0,,0,005,"LEISURE TOWN RD","STONEGATE DR",0.00,,Y,A,-,N,,,,,,,,,,Y,4,0,2,2,A,-,09,21802,A,N,D,C,A,A,H,-,A,A,0,,,,,Y,,D,22,0,0,2,0,0,0,0,0,0,"- ","- ",38.364269256591797,-121.93402099609375,SOLANO,VACAVILLE,-121.93396759033203,38.364231109619141
90912458,2019,2019-01-25,9365,2019-01-16,0405,021050,,3,3,5,4806,0,1,1,,2,081,"I-80 E/B","TENNESSEE ST",2323.00,E,N,B,-,Y,,,,,,,,,,Y,4,0,1,2,A,-,03,22350,,N,C,C,A,B,H,-,D,D,0,,,,,Y,,A,01,0,0,1,0,0,0,0,0,0,"- ","- ",38.116230010986328,-122.22994995117188,SOLANO,VACAVILLE,-122.22952270507812,38.109649658203125
90912799,2019,2019-01-25,9365,2019-01-15,2037,019651,,2,2,6,4807,0,1,3,,2,370,"SR-37 E/B","WALNUT STREET O/C",75.00,E,N,B,C,Y,,,37,,,,,,E,Y,2,0,1,1,A,-,08,22107,,N,E,I,A,B,H,-,C,D,0,,,,,Y,,A,01,1,0,0,0,0,0,0,0,0,"- ","- ",38.117401123046875,-122.28858184814453,SOLANO,VALLEJO,-122.28859710693359,38.117485046386719
90913482,2019,2019-01-28,9365,2019-01-16,0715,019051,,3,1,9,4800,0,1,1,,2,081,"I-80 W/B",SR-37,825.00,W,N,B,-,Y,,,,,,,,,,Y,4,0,1,2,A,-,07,21658,A,N,B,C,A,B,H,-,A,D,0,,,,,Y,,D,22,0,0,1,0,0,0,0,0,0,"- ","- ",38.137298583984375,-122.22136688232422,SOLANO,UNINCORPORATED,,
90913522,2019,2019-01-28,9365,2019-01-16,0615,019051,,3,1,9,4800,0,1,1,,2,081,"I-80 E/B",SR-37,959.00,E,N,C,-,Y,,,,,,,,,,Y,4,0,2,2,A,-,03,22350,,N,A,C,A,B,H,-,C,D,0,,,,,Y,,A,01,0,0,2,0,0,0,0,0,0,"- ","- ",38.141731262207031,-122.21840667724609,SOLANO,UNINCORPORATED,,
90916649,2019,2019-01-31,9365,2019-01-24,0625,016919,,4,1,5,4803,0,1,3,,2,121,"SR-12 E/B","RED TOP RD",528.00,W,N,A,-,Y,,,12,,,,,,E,Y,4,0,2,3,C,-,18,,,N,B,C,A,A,H,-,D,D,0,,,,,Y,,-,"- ",0,0,2,0,0,0,0,0,0,"- ","- ",38.207618713378906,-122.15936279296875,SOLANO,FAIRFIELD,-122.15936279296875,38.2076416015625
90917067,2019,2019-02-01,9365,2019-01-25,2245,020222,,5,3,3,4802,0,1,1,,2,088,"I-80 E/B","W. A ST",200.00,W,N,A,-,Y,,,80,,,,,,E,N,4,0,1,2,A,-,03,22350,,N,C,C,A,A,H,-,D,D,0,,,,,Y,,A,07,0,0,1,0,0,0,0,0,0,"- ","- ",38.445419311523438,-121.85903167724609,SOLANO,DIXON,-121.85905456542969,38.445449829101562
90918098,2019,2019-02-04,9365,2019-01-26,2215,021050,,6,3,6,4807,0,1,3,,2,370,"SR-37 E/B TO COLUMBUS PKWY",I-80,35.00,W,N,A,-,Y,,,37,,,,R,,E,Y,4,0,1,2,A,-,12,22450,A,F,E,I,A,A,H,-,C,A,0,,,,,Y,,-,99,0,0,1,0,0,0,0,0,0,"- ","- ",38.139198303222656,-122.22051239013672,SOLANO,VALLEJO,-122.22051239013672,38.139198303222656
90918204,2019,2019-02-04,9365,2019-01-18,0700,015293,,5,1,6,4807,0,1,1,,2,078,"I-780 E/B","LAUREL STREET O/C",60.00,W,N,B,-,Y,,,780,,,,,,E,Y,3,0,1,1,A,-,03,22350,,N,F,A,A,B,H,-,A,D,0,,,,Y,Y,,G,25,0,1,0,0,0,0,0,0,0,"- ","- ",38.090888977050781,-122.22852325439453,SOLANO,VALLEJO,-122.22852325439453,38.090888977050781
90919597,2019,2019-02-05,9365,2019-02-03,0110,021157,,7,3,6,4807,0,1,1,,2,080,"I-80 E/B","CARQUINEZ TOLL PLAZA",70.00,W,N,B,C,Y,,,80,,,,,,E,Y,4,0,1,3,A,-,03,22350,,N,C,C,A,B,H,-,C,D,0,,,,,Y,,A,01,0,0,1,0,0,0,0,0,0,"- ","- ",38.068859100341797,-122.22640991210938,SOLANO,VALLEJO,-122.22649383544922,38.068813323974609
9092046,2020,2020-07-30,4806,2020-04-06,1602,575,,1,5,5,4806,0,0,0,,0,,"WEST MONTE VISTA AV","STINSON AV",0.00,,Y,C,-,N,,,,,,,,,,N,4,0,1,2,A,-,09,21802,A,N,D,C,A,B,H,-,A,A,0,,,Y,,Y,,A,01,0,0,1,0,0,0,0,0,1,"- ","- ",,,SOLANO,VACAVILLE,-121.99887084960938,38.359138488769531
90924096,2019,2019-02-12,9365,2019-01-20,1143,016887,,7,1,5,4806,0,1,1,,2,086,"I-80 W/B","DAVIS ST",300.00,W,N,B,-,Y,,,80,,,,,,W,Y,4,0,1,2,A,-,03,22350,,N,C,C,A,A,H,-,A,D,0,,,,,Y,,A,07,0,0,1,0,0,0,0,0,0,"- ","- ",38.349800109863281,-121.9884033203125,SOLANO,VACAVILLE,-121.98844146728516,38.349903106689453
90928072,2019,2019-02-18,9365,2019-02-09,1840,017805,,6,2,5,4806,0,1,1,,2,086,"I-80 W/B","ALLISON DR",1319.00,W,N,B,C,Y,,,80,,,,,,W,Y,4,0,1,1,A,-,08,22107,,N,E,I,A,B,H,-,C,D,0,,,,,Y,,A,01,0,0,1,0,0,0,0,0,0,"- ","- ",38.358440399169922,-121.97454071044922,SOLANO,VACAVILLE,-121.97447204589844,38.358352661132812
90928080,2019,2019-02-18,9365,2019-02-09,1325,020281,,6,1,9,4800,0,1,1,,2,680,"I-680 S/B","LAKE HERMAN RD O/C",6494.00,N,N,B,C,Y,,,680,,,,,,S,N,4,0,1,2,A,-,07,21658,A,N,B,C,A,B,H,-,A,D,0,,,,,Y,,A,01,0,0,1,0,0,0,0,0,0,"- ","- ",38.102588653564453,-122.1038818359375,SOLANO,UNINCORPORATED,-122.10388946533203,38.102592468261719
90928124,2019,2019-02-18,9365,2019-02-10,0550,017735,,7,3,6,4807,0,1,1,,2,081,"I-80 E/B","SR-37 E/B OVER CROSSING",2000.00,E,N,B,-,Y,,,80,,,,,,E,Y,3,0,1,2,A,-,08,22107,,N,C,C,A,B,H,-,D,D,0,,,,,Y,,A,01,0,1,0,0,0,0,0,0,0,"- ","- ",38.147708892822266,-122.21643829345703,SOLANO,VALLEJO,-122.21659088134766,38.147697448730469
90929837,2019,2019-02-20,9365,2019-02-12,1555,018954,,2,2,5,4806,0,1,1,,2,085,"I-80 E/B","ALAMO DR",1496.00,W,N,A,B,Y,,,80,,,,,,E,Y,3,0,1,4,A,-,07,21658,A,N,B,C,A,A,H,-,A,D,0,,,,,Y,,A,01,0,1,0,0,0,0,0,0,0,"- ","- ",38.342979431152344,-122.00615692138672,SOLANO,VACAVILLE,-122.00614166259766,38.342926025390625
90929903,2019,2019-02-20,9365,2019-02-14,1020,020068,,4,1,6,4807,0,1,1,,2,081,"I-80 E/B FROM TENNESSEE ST","TENNESSEE ST",25.00,W,N,C,-,Y,,,80,,,,R,,E,Y,4,0,1,1,A,-,08,22107,,N,E,I,A,B,H,-,A,D,0,,,,,Y,,A,07,0,0,1,0,0,0,0,0,0,"- ","- ",38.109699249267578,-122.22940063476562,SOLANO,VALLEJO,-122.22940063476562,38.109699249267578
90930727,2018,2019-02-25,9365,2018-02-24,2155,020506,,6,2,9,4800,0,1,A,,2,030,"PORTER RD","PITT SCHOOL RD",1690.00,W,N,A,-,N,,,,,,,,,,Y,1,1,1,1,A,-,01,23152,A,N,E,I,A,A,H,-,D,D,0,,,,,Y,Y,A,01,0,0,1,0,0,0,0,0,0,"- ","- ",38.424018859863281,-121.84452056884766,SOLANO,UNINCORPORATED,-121.84455871582031,38.423965454101562
9093247,2020,2020-09-24,4803,2020-03-10,0840,855,,2,5,5,4803,0,0,0,,0,00S,"UNION AV","KENNEDY CT",40.00,N,N,A,-,N,,,,,,,,,,N,4,0,1,2,A,-,04,21703,,N,C,C,A,A,H,-,A,D,0,,,,,Y,,D,22,0,0,1,0,0,0,0,0,0,"- ","- ",38.256450653076172,-122.04039764404297,SOLANO,FAIRFIELD,-122.04042816162109,38.256561279296875
9093259,2020,2020-09-24,4803,2020-03-04,1719,1584,SOLAN,3,5,5,4803,0,0,0,,0,00E,"CLAY BANK RD","SANDERLING DR",0.00,,Y,A,-,N,,,,,,,,,,Y,4,0,1,2,A,-,03,22350,,N,C,C,A,A,H,-,B,D,0,,,,,Y,,J,48,0,0,1,0,0,0,0,0,0,"- ","- ",38.269191741943359,-122.007080078125,SOLANO,FAIRFIELD,-122.00724029541016,38.269149780273438
90932825,2019,2019-02-25,9365,2019-02-14,1035,015293,,4,1,4,4801,0,1,1,,2,077,"I-780 E/B","ROSE DR",1426.00,E,N,B,C,Y,,,780,,,,,,E,Y,3,0,1,2,A,-,03,22350,,N,D,C,A,B,H,-,A,D,0,,,,,Y,,A,01,0,1,0,0,0,0,0,0,0,"- ","- ",38.076858520507812,-122.19004058837891,SOLANO,BENICIA,-122.19003295898438,38.076866149902344
90933262,2019,2019-02-25,9365,2019-02-18,1738,019790,,1,2,9,4800,0,1,1,,2,081,"I-80 W/B","REDWOOD ST",2640.00,E,N,A,-,Y,,,,,,,,,,Y,3,0,3,2,A,-,01,23152,A,N,C,C,A,A,H,-,B,D,0,,,,,Y,Y,A,01,0,1,2,0,0,0,0,0,0,"- ","- ",38.132728576660156,-122.22429656982422,SOLANO,UNINCORPORATED,-122.22624206542969,38.129600524902344
90933392,2019,2019-02-25,9365,2019-02-20,1747,019927,,3,2,5,4803,0,1,1,,2,082,"I-80 E/B","RED TOP RD",100.00,W,N,A,-,Y,,,,,,,,,,Y,4,0,1,1,A,-,08,22107,,N,E,I,A,A,H,-,B,D,0,,,,,Y,,A,07,0,0,1,0,0,0,0,0,0,"- ","- ",38.120510101318359,-122.00926208496094,SOLANO,FAIRFIELD,-122.15718078613281,38.201797485351562
90935970,2019,2019-02-28,9365,2019-01-05,1020,018803,,6,1,6,4807,0,1,1,,2,080,"I-80 E/B","SEQUOIA AVE",450.00,W,N,B,-,Y,,,80,,,,,,E,Y,4,0,1,2,A,-,05,21651,B,M,D,C,A,A,H,-,A,D,0,,,,,Y,,D,22,0,0,1,0,0,0,0,0,0,"- ","- ",38.077121734619141,-122.23217010498047,SOLANO,VALLEJO,-122.23221588134766,38.077098846435547
90941358,2019,2019-03-07,9365,2019-03-01,1118,019651,,5,1,4,4801,0,1,1,,2,077,"I-780 E/B","W. K ST",2338.00,W,N,B,-,Y,,,780,,,,,,E,Y,2,0,1,2,A,-,07,21658,A,N,C,C,A,A,H,-,A,D,0,,,,,Y,,A,01,1,0,0,0,0,0,0,0,0,"- ","- ",38.073848724365234,-122.18771362304688,SOLANO,BENICIA,-122.18766021728516,38.073890686035156