CASE_ID,ACCIDENT_YEAR,PROC_DATE,JURIS,COLLISION_DATE,COLLISION_TIME,OFFICER_ID,REPORTING_DISTRICT,DAY_OF_WEEK,CHP_SHIFT,POPULATION,CNTY_CITY_LOC,SPECIAL_COND,BEAT_TYPE,CHP_BEAT_TYPE,CITY_DIVISION_LAPD,CHP_BEAT_CLASS,BEAT_NUMBER,PRIMARY_RD,SECONDARY_RD,DISTANCE,DIRECTION,INTERSECTION,WEATHER_1,WEATHER_2,STATE_HWY_IND,CALTRANS_COUNTY,CALTRANS_DISTRICT,STATE_ROUTE,ROUTE_SUFFIX,POSTMILE_PREFIX,POSTMILE,LOCATION_TYPE,RAMP_INTERSECTION,SIDE_OF_HWY,TOW_AWAY,COLLISION_SEVERITY,NUMBER_KILLED,NUMBER_INJURED,PARTY_COUNT,PRIMARY_COLL_FACTOR,PCF_CODE_OF_VIOL,PCF_VIOL_CATEGORY,PCF_VIOLATION,PCF_VIOL_SUBSECTION,HIT_AND_RUN,TYPE_OF_COLLISION,MVIW,PED_ACTION,ROAD_SURFACE,ROAD_COND_1,ROAD_COND_2,LIGHTING,CONTROL_DEVICE,CHP_ROAD_TYPE,PEDESTRIAN_ACCIDENT,BICYCLE_ACCIDENT,MOTORCYCLE_ACCIDENT,TRUCK_ACCIDENT,NOT_PRIVATE_PROPERTY,ALCOHOL_INVOLVED,STWD_VEHTYPE_AT_FAULT,CHP_VEHTYPE_AT_FAULT,COUNT_SEVERE_INJ,COUNT_VISIBLE_INJ,COUNT_COMPLAINT_PAIN,COUNT_PED_KILLED,COUNT_PED_INJURED,COUNT_BICYCLIST_KILLED,COUNT_BICYCLIST_INJURED,COUNT_MC_KILLED,COUNT_MC_INJURED,PRIMARY_RAMP,SECONDARY_RAMP,LATITUDE,LONGITUDE,COUNTY,CITY,POINT_X,POINT_Y
91833943,2022,2022-08-05,9365,2022-07-29,0050,021609,,5,3,6,4807,0,1,1,,2,081,"I-80 E/B",SR-37,1584.00,E,N,A,-,Y,SOL,,80,,,6.169,H,,R,Y,2,0,2,2,A,-,01,23152,A,N,C,C,A,A,H,-,C,D,0,,,,Y,Y,Y,A,01,2,0,0,0,0,0,0,0,0,"- ","- ",38.145999908447266,-122.21659851074219,SOLANO,VALLEJO,-122.21657562255859,38.14599609375
91835087,2022,2022-08-08,9365,2022-07-29,0450,021857,,5,3,9,4800,0,1,A,,2,030,"CANTELOW RD","ENGLISH HILLS RD",1584.00,W,N,A,-,N,,,,,,,,,,Y,4,0,1,1,A,-,01,23152,A,N,E,I,A,A,H,-,D,D,0,,,,,Y,Y,D,22,0,0,1,0,0,0,0,0,0,"- ","- ",38.415328979492188,-122.00459289550781,SOLANO,UNINCORPORATED,-122.00334167480469,38.416095733642578
91836164,2022,2022-08-09,9365,2022-08-02,1225,020286,,2,1,9,4800,0,1,1,,2,081,"I-80 W/B","LYNCH RD.",700.00,E,N,A,-,Y,,,,,,,,,,Y,4,0,1,1,A,-,01,23152,F,N,F,A,A,A,H,-,A,D,0,,,,,Y,,A,01,0,0,1,0,0,0,0,0,0,"- ","- ",38.185531616210938,-122.18173217773438,SOLANO,UNINCORPORATED,-122.18140411376953,38.185031890869141
91837517,2022,2022-08-10,9365,2022-08-07,0555,020667,,7,3,5,4806,0,1,1,,2,087,"I-80 E/B","LEISURE TOWN RD",2640.00,E,N,A,-,Y,SOL,,80,,,30.392,H,,R,N,4,0,1,1,A,-,08,22107,,N,E,8,A,A,H,-,A,D,0,,,,,Y,,A,01,0,0,1,0,0,0,0,0,0,"- ","- ",38.393329620361328,-121.92658233642578,SOLANO,VACAVILLE,-121.92681121826172,38.393512725830078
9183761,2020,2020-12-11,4807,2020-10-21,1449,651,VALLE,3,5,6,4807,0,0,0,,0,004,"SOLANO AV","CENTRAL AV",0.00,,Y,A,-,N,,,,,,,,,,Y,2,0,1,3,A,-,09,21802,B,F,D,C,A,A,H,-,A,A,0,,,,,Y,,-,,1,0,0,0,0,0,0,0,0,"- ","- ",38.100631713867188,-122.24040222167969,SOLANO,VALLEJO,-122.24034118652344,38.100658416748047
91839797,2022,2022-08-15,9365,2022-08-05,1710,021674,,5,2,5,4803,0,1,1,,2,083,"I-80 E/B","GREEN VALLEY RD",310.00,W,N,A,-,Y,SOL,,80,,,12.724,H,,R,N,4,0,1,3,A,-,03,22350,,N,C,C,A,A,H,-,A,D,0,,,,,Y,,A,01,0,0,1,0,0,0,0,0,0,"- ","- ",38.215438842773438,-122.1395263671875,SOLANO,FAIRFIELD,-122.13950347900391,38.215419769287109
91841893,2022,2022-08-16,9365,2022-08-14,2135,020217,,7,2,5,4803,0,1,1,,2,083,"I-80 E/B","MANUEL CAMPOS PKWY",3960.00,E,N,A,-,Y,SOL,,80,,,21.689,H,,R,Y,3,0,1,2,A,-,08,22107,,N,B,E,A,A,H,-,D,D,0,,,,,Y,,A,01,0,1,0,0,0,0,0,0,0,"- ","- ",38.306209564208984,-122.03369903564453,SOLANO,FAIRFIELD,-122.03369140625,38.306209564208984
91844327,2022,2022-08-19,9365,2022-08-19,0750,020667,,5,1,5,4806,0,1,1,,2,086,"I-80 W/B","PENA ADOBE RD",1848.00,E,N,A,-,Y,SOL,,80,,,24.330,H,,L,N,4,0,1,2,A,-,03,22350,,N,C,C,A,A,H,-,A,D,0,,,,,Y,,A,08,0,0,1,0,0,0,0,0,0,"- ","- ",38.340248107910156,-122.01335906982422,SOLANO,VACAVILLE,-122.01342010498047,38.340301513671875
91844629,2022,2022-08-19,9365,2022-08-17,1155,019058,,3,1,9,4800,0,1,1,,2,081,"INTERSTATE 80 EASTBOUND","AMERICAN CANYON ROAD",5280.00,W,N,A,-,Y,NAP,,80,,,7.187,H,,R,Y,3,0,2,2,A,-,03,22350,,N,C,C,A,A,H,-,A,D,0,,,,,Y,,A,01,0,2,0,0,0,0,0,0,0,"- ","- ",38.159770965576172,-122.21122741699219,SOLANO,UNINCORPORATED,-122.21122741699219,38.159770965576172
91845563,2022,2022-08-22,9365,2022-08-12,1448,019651,,5,2,5,4803,0,1,1,,2,083,"I-80 EB","SR-12 (RIO VISTA) OVER-CROSSING",100.00,E,N,A,-,Y,SOL,,80,,,15.830,H,,R,N,4,0,1,3,A,-,03,22350,,N,C,C,A,A,H,-,A,D,0,,,,,Y,,D,22,0,0,1,0,0,0,0,0,0,"- ","- ",38.240238189697266,-122.09158325195312,SOLANO,FAIRFIELD,-122.09151458740234,38.240146636962891
91845570,2022,2022-08-22,9365,2022-08-14,1254,017508,,7,1,5,4803,0,1,1,,2,084,"I-80 E/B","TRAVIS BLVD ON RAMP",10.00,W,N,A,-,Y,SOL,,80,,,18.108,H,,R,N,4,0,3,2,A,-,03,22350,,N,C,C,A,A,H,-,A,D,0,,,,,Y,,A,01,0,0,3,0,0,0,0,0,0,"- ","- ",38.260608673095703,-122.06040191650391,SOLANO,FAIRFIELD,-122.06035614013672,38.260585784912109
91845956,2022,2022-08-22,9365,2022-08-20,0845,020949,,6,1,5,4803,0,1,1,,2,082,"I-80 W/B","RED TOP ROAD",3643.00,W,N,A,-,Y,SOL,,80,,R,10.713,H,,L,Y,3,0,3,1,A,-,08,22107,,N,E,I,A,A,D,-,A,D,0,,,,,Y,,A,01,0,2,1,0,0,0,0,0,0,"- ","- ",38.194629669189453,-122.16542053222656,SOLANO,FAIRFIELD,-122.16555786132812,38.1947021484375
91846073,2022,2022-08-22,9365,2022-08-16,1930,021609,,2,2,6,4807,0,1,1,,2,077,"I-780 W/B","GLEN COVE RD",2112.00,E,N,A,-,Y,SOL,,780,,,5.627,H,,L,Y,2,0,2,3,A,-,08,22107,,N,D,C,A,A,H,-,A,D,0,,,,,Y,,A,07,1,1,0,0,0,0,0,0,0,"- ","- ",38.084819793701172,-122.20339965820312,SOLANO,VALLEJO,-122.20345306396484,38.084609985351562
91846896,2022,2022-10-20,9365,2022-08-21,1715,022286,,7,2,5,4803,0,1,1,,2,084,"I-80 EB","AIR BASE PARKWAY",1200.00,E,N,A,-,Y,SOL,,80,,,19.525,H,,R,N,3,0,4,3,A,-,03,22350,,N,C,C,A,A,H,-,A,D,0,,,,,Y,,A,01,0,2,2,0,0,0,0,0,0,"- ","- ",38.277568817138672,-122.04598999023438,SOLANO,FAIRFIELD,-122.04599761962891,38.277572631835938
91850914,2022,2022-08-26,9365,2022-08-19,1620,022286,,5,2,5,4803,0,1,1,,2,084,"I-80 E/B","WATERMAN BLVD",1100.00,W,N,A,-,Y,SOL,,80,,,18.922,H,,R,N,3,0,2,2,A,-,03,22350,,N,C,C,A,A,H,-,A,D,0,,,,,Y,,D,22,0,2,0,0,0,0,0,0,0,"- ","- ",38.270359039306641,-122.05222320556641,SOLANO,FAIRFIELD,-122.05213165283203,38.270313262939453
91854525,2022,2022-08-31,9365,2022-08-17,1605,019651,,3,2,5,4803,0,1,1,,2,084,"I-80 E/B","ABERNATHY ROAD",1125.00,E,N,A,-,Y,SOL,,80,,,16.337,H,,R,N,3,0,1,3,A,-,07,21658,A,N,B,C,A,A,H,-,A,D,0,,,,,Y,,A,08,0,1,0,0,0,0,0,0,0,"- ","- ",38.243598937988281,-122.08367156982422,SOLANO,FAIRFIELD,-122.08365631103516,38.243576049804688
91856501,2022,2022-09-02,9365,2022-06-16,1923,019651,,4,2,9,4800,0,3,5,,2,020,"LOPES ROAD","LOPES RANCH ROAD",528.00,S,N,A,-,N,,,,,,,,,,N,1,1,0,1,A,-,01,23152,A,N,F,A,A,A,H,-,A,D,0,,,Y,,Y,Y,C,02,0,0,0,0,0,0,0,1,0,"- ","- ",38.212230682373047,-122.14418029785156,SOLANO,UNINCORPORATED,,
91858117,2022,2022-09-06,9365,2022-08-27,0220,022326,,6,3,5,4806,0,1,1,,2,505,"I-505 SB TO E. MONTE VISTA AVE","E. MONTE VISTA AVENUE",195.00,N,N,A,-,Y,,,,,,,,,,Y,3,0,1,1,A,-,01,23152,A,N,E,8,A,A,H,-,C,A,0,,,,,Y,Y,A,01,0,1,0,0,0,0,0,0,0,"- ","- ",38.372909545898438,-121.95555877685547,SOLANO,VACAVILLE,-121.95555877685547,38.372909545898438
91858898,2022,2022-09-07,9365,2022-08-29,0850,020949,,1,1,9,4800,0,1,1,,2,680,"I-680 S/B","LAKE HERMAN ROAD",1056.00,N,N,B,-,Y,SOL,,680,,R,3.035,H,,L,Y,4,0,1,2,A,-,07,21658,A,F,E,I,A,A,H,-,A,D,0,,,,,Y,,-,99,0,0,1,0,0,0,0,0,0,"- ","- ",38.088489532470703,-122.10978698730469,SOLANO,UNINCORPORATED,-122.10984039306641,38.088516235351562
91859219,2022,2022-09-07,9365,2022-09-04,0100,022834,,7,3,5,4803,0,1,1,,2,084,"I-80 WESTBOUND","ROCKVILLE ROAD OVER CROSSING",314.00,W,N,A,-,Y,SOL,,80,,,17.121,H,,L,Y,3,0,2,1,A,-,08,22107,,N,E,I,A,A,H,-,D,D,0,,,,,Y,,A,01,0,1,1,0,0,0,0,0,0,"- ","- ",38.248779296875,-122.07099914550781,SOLANO,FAIRFIELD,-122.07107543945312,38.248844146728516
91859306,2022,2022-09-07,9365,2022-08-31,1735,017736,,3,2,5,4806,0,1,1,,2,086,"I-80 E/B","ALLISON DR",1161.00,E,N,A,-,Y,SOL,,80,,R,27.440,H,,R,N,3,0,1,2,A,-,08,22107,,F,B,2,A,A,D,E,A,D,0,,,,Y,Y,,A,01,0,1,0,0,0,0,0,0,0,"- ","- ",38.363319396972656,-121.96592712402344,SOLANO,VACAVILLE,-121.96601867675781,38.363410949707031
91860031,2022,2022-09-08,9365,2022-09-01,1100,017163,,4,1,5,4806,0,1,1,,2,086,"I-80 E/B","ALAMO DR",765.00,E,N,A,-,Y,SOL,,80,,R,25.463,H,,R,Y,3,0,2,3,A,-,08,22107,,N,B,C,A,A,H,-,A,D,0,,,,Y,Y,,D,22,0,2,0,0,0,0,0,0,0,"- ","- ",38.347198486328125,-121.9945068359375,SOLANO,VACAVILLE,-121.99452972412109,38.347232818603516
91863674,2022,2022-09-13,9365,2022-09-06,0256,018192,,2,3,6,4807,0,1,1,,2,081,"I-80 W/B",SR-37,15.00,E,N,A,-,Y,SOL,,80,,,5.695,H,,L,Y,4,0,1,2,C,-,18,,,N,C,C,A,A,H,-,D,D,0,,,,,Y,Y,-,"- ",0,0,1,0,0,0,0,0,0,"- ","- ",38.139739990234375,-122.21988677978516,SOLANO,VALLEJO,-122.2198486328125,38.139724731445312
91865652,2022,2022-09-15,9365,2022-09-09,2330,022326,,5,3,9,4800,0,1,3,,2,122,"SR-12 W/B","BIRDS LANDING RD",4382.00,W,N,A,-,Y,SOL,,12,,,18.245,H,,L,N,4,0,1,2,A,-,07,21658,A,M,B,C,A,A,H,-,D,D,0,,,,,Y,,-,99,0,0,1,0,0,0,0,0,0,"- ","- ",38.183719635009766,-121.82157897949219,SOLANO,UNINCORPORATED,-121.82157897949219,38.183700561523438
91867686,2022,2022-09-19,9365,2022-09-05,0050,022460,,1,3,3,4802,0,1,1,,2,080,"I-80 W/B","PEDRICK ROAD",2889.00,W,N,A,-,Y,SOL,,80,,,39.200,H,,L,Y,3,0,1,2,A,-,03,22350,,N,C,2,A,A,H,-,C,D,0,,,,,Y,,A,07,0,1,0,0,0,0,0,0,0,"- ","- ",38.483318328857422,-121.81094360351562,SOLANO,DIXON,-121.8109130859375,38.483299255371094
9186985,2020,2021-02-08,4806,2020-11-16,1412,605,904,1,5,5,4806,0,0,0,,0,009,"HELEN POWER DR","NUT TREE PKWY",760.00,S,N,A,-,N,,,,,,,,,,Y,4,0,2,2,A,-,09,21804,A,N,D,C,A,A,H,-,A,A,0,,,,,Y,,D,22,0,0,2,0,0,0,0,0,0,"- ","- ",38.365871429443359,-121.96183776855469,SOLANO,VACAVILLE,-121.96015167236328,38.364299774169922
91875520,2022,2022-09-28,9365,2022-09-16,1705,019815,,5,2,9,4800,0,1,1,,2,089,"I-80 E/B","OLD DAVIS ROAD",1700.00,E,N,A,-,Y,SOL,,80,,R,43.884,H,,R,Y,3,0,5,2,A,-,03,22350,,N,C,C,A,A,H,-,A,D,0,,,,,Y,,A,07,0,2,3,0,0,0,0,0,0,"- ","- ",38.530200958251953,-121.75071716308594,SOLANO,UNINCORPORATED,-121.75070190429688,38.530139923095703
91875581,2022,2022-09-28,9365,2022-09-16,1155,016970,,5,1,5,4806,0,3,5,,2,040,"FARREL ROAD","GIBSON CANYON ROAD",75.00,N,N,A,-,N,,,,,,,,,,Y,3,0,1,1,A,-,08,22107,,N,F,A,A,A,H,-,A,D,0,,,Y,,Y,,C,02,0,1,0,0,0,0,0,0,1,"- ","- ",38.379299163818359,-121.99828338623047,SOLANO,VACAVILLE,-121.998291015625,38.379459381103516
91876652,2022,2022-09-29,9365,2022-09-18,1020,017820,,7,1,6,4807,0,1,1,,2,080,"I-80 E/B TO FLORIDA ST","SOLANO AVE",3696.00,W,N,C,-,Y,,,,,,,,,,Y,3,0,1,2,A,-,03,22350,,N,A,C,A,B,H,-,A,A,0,,,,,Y,,A,01,0,1,0,0,0,0,0,0,0,"- ","- ",38.104808807373047,-122.22914886474609,SOLANO,VALLEJO,-122.22914886474609,38.104808807373047
91879255,2022,2022-09-30,9365,2022-09-24,0720,017508,,6,1,9,4800,0,1,1,,2,084,"LYON RD E/B","ROLLINGWOOD DR",2000.00,E,N,A,-,N,,,,,,,,,,N,4,0,1,2,A,-,08,22107,,N,C,C,A,A,H,-,A,D,0,,,,,Y,,A,01,0,0,1,0,0,0,0,0,0,"- ","- ",38.305221557617188,-122.03421020507812,SOLANO,UNINCORPORATED,-122.03621673583984,38.296131134033203
91880709,2022,2022-10-03,9365,2022-09-28,0630,017163,,3,1,5,4803,0,1,1,,2,085,"I-80 W/B","MANUEL CAMPOS PKWY",1742.00,W,N,A,-,Y,SOL,,80,,,20.554,H,,L,N,3,0,1,2,A,-,03,22350,,N,C,C,A,A,H,-,B,D,0,,,,Y,Y,,F,26,0,1,0,0,0,0,0,0,0,"- ","- ",38.290111541748047,-122.03566741943359,SOLANO,FAIRFIELD,-122.03569030761719,38.290119171142578
91882859,2022,2022-10-05,9365,2022-09-27,2500,017309,,2,4,9,4800,0,1,A,,2,030,"VACA STATION RD","B STREET",1320.00,E,N,A,-,N,,,,,,,,,,Y,4,0,1,1,A,-,03,22350,,N,E,I,A,A,H,-,D,D,0,,,,,Y,,A,01,0,0,1,0,0,0,0,0,0,"- ","- ",38.347019195556641,-121.90611267089844,SOLANO,UNINCORPORATED,-121.90609741210938,38.345779418945312
91884071,2022,2022-10-06,9365,2022-09-25,1430,021185,,7,2,9,4800,0,3,5,,2,040,"SIEVERS ROAD","SCHROEDER ROAD",0.00,,Y,A,-,N,,,,,,,,,,Y,3,0,3,2,A,-,06,21750,A,N,D,C,A,A,H,-,A,A,0,,,,,Y,,A,01,0,3,0,0,0,0,0,0,0,"- ","- ",38.48931884765625,-121.85923767089844,SOLANO,UNINCORPORATED,-121.85922241210938,38.488716125488281
91884481,2022,2022-10-07,9365,2022-09-30,1645,020566,,5,2,5,4803,0,1,1,,2,084,"I-80 E/B","AIR BASE PKY",100.00,E,N,A,-,Y,SOL,,80,,,19.221,H,,R,N,4,0,1,2,A,-,07,21658,A,N,B,C,A,A,H,-,A,D,0,,,Y,,Y,,A,01,0,0,1,0,0,0,0,0,1,"- ","- ",38.273918151855469,-122.04917144775391,SOLANO,FAIRFIELD,-122.04911804199219,38.273891448974609
91886587,2022,2022-10-10,9365,2022-10-01,1236,017508,,6,1,5,4803,0,1,1,,2,085,"I-80 EB","AIRBASE PARKWAY",50.00,E,N,A,-,Y,SOL,,80,,,19.400,H,,R,N,3,0,1,3,A,-,07,21658,A,N,C,C,A,A,H,-,A,D,0,,,,,Y,,A,01,0,1,0,0,0,0,0,0,0,"- ","- ",38.276058197021484,-122.04727935791016,SOLANO,FAIRFIELD,-122.04727935791016,38.276058197021484
91889562,2022,2022-10-13,9365,2022-10-12,0800,016449,,3,1,5,4803,0,2,4,,2,201,"ROCKVILLE RD","ABERNATHY RD",0.00,,Y,A,-,N,,,,,,,,,,N,4,0,1,2,A,-,09,21803,A,N,B,C,A,A,H,-,A,D,0,,,,,Y,,A,07,0,0,1,0,0,0,0,0,0,"- ","- ",38.246078491210938,-122.09081268310547,SOLANO,FAIRFIELD,-122.09082794189453,38.246036529541016
91892752,2022,2022-10-18,9365,2022-10-09,0001,022424,,7,3,6,4807,0,1,3,,2,370,"SR-37 E/B FROM SR-29","SONOMA BLVD",127.00,W,N,A,-,Y,,,,,,,,,,Y,4,0,1,1,A,-,01,23152,A,N,F,I,A,A,H,-,C,D,0,,,,,Y,Y,A,07,0,0,1,0,0,0,0,0,0,"- ","- ",38.137340545654297,-122.25669097900391,SOLANO,VALLEJO,-122.25669097900391,38.137340545654297
91899178,2022,2022-10-25,9365,2022-10-14,1240,019458,,5,1,6,4807,0,1,1,,2,080,"I-80 W/B","GEORGIA ST. O/C",1214.00,W,N,A,-,Y,SOL,,80,,,2.638,H,,L,N,4,0,1,3,A,-,03,22350,,N,B,C,A,A,H,-,A,D,0,,,,,Y,,A,01,0,0,1,0,0,0,0,0,0,"- ","- ",38.097309112548828,-122.22994232177734,SOLANO,VALLEJO,-122.22991943359375,38.097309112548828
91899207,2022,2022-10-25,9365,2022-10-21,1758,021674,,5,2,6,4807,0,1,1,,2,080,"I-80 E/B","MAGAZINE ST",2550.00,W,N,A,-,Y,SOL,,80,,,1.272,H,,R,N,2,0,1,2,A,-,03,22350,,M,C,C,A,A,H,-,A,D,0,,,Y,Y,Y,,C,02,1,0,0,0,0,0,0,0,1,"- ","- ",38.078220367431641,-122.23267364501953,SOLANO,VALLEJO,-122.23265838623047,38.078224182128906
91900052,2022,2022-10-26,9365,2022-10-24,1635,020949,,1,2,5,4803,0,1,1,,2,681,"I-680 N/B","GOLD HILL RD",3696.00,N,N,A,-,Y,SOL,,680,,R,10.669,H,,R,Y,4,0,1,2,A,-,03,22350,,N,C,C,A,A,H,-,A,D,0,,,,,Y,,A,01,0,0,1,0,0,0,0,0,0,"- ","- ",38.191608428955078,-122.13758850097656,SOLANO,FAIRFIELD,-122.13772583007812,38.191608428955078
91907581,2022,2022-11-02,9365,2022-10-23,1705,017736,,7,2,5,4806,0,1,1,,2,086,"I-80 W/B","ALAMO DRIVE",400.00,E,N,A,-,Y,SOL,,80,,R,25.392,H,,L,Y,4,0,1,6,A,-,03,22350,,N,C,2,A,A,D,-,A,D,0,,,,,Y,,A,01,0,0,1,0,0,0,0,0,0,"- ","- ",38.347011566162109,-121.99569702148438,SOLANO,VACAVILLE,-121.99573516845703,38.347064971923828
91907709,2022,2022-11-02,9365,2022-11-01,1135,017805,,2,1,6,4807,0,1,1,,2,080,"I-780WB TO I-80WB","I-780 U/C",100.00,E,N,B,C,Y,SOL,,80,,,2.265,H,,L,Y,3,0,1,1,A,-,08,22107,,N,E,8,A,B,H,-,A,D,0,,,,,Y,,A,01,0,1,0,0,0,0,0,0,0,"- ","- ",38.092079162597656,-122.23066711425781,SOLANO,VALLEJO,-122.23041534423828,38.092041015625
91909125,2022,2022-11-03,9365,2022-11-01,1435,020286,,2,2,9,4800,0,1,1,,2,085,"I-80 W/B","LAGOON VALLEY RD",2650.00,W,N,A,-,Y,SOL,,80,,R,22.625,H,,L,Y,4,0,2,2,A,-,03,22350,,N,C,C,A,A,H,-,A,D,0,,,,,Y,,A,01,0,0,2,0,0,0,0,0,0,"- ","- ",38.319019317626953,-122.02908325195312,SOLANO,UNINCORPORATED,-122.02915954589844,38.319061279296875
91910060,2022,2022-11-04,9365,2022-10-31,0550,015293,,1,3,3,4802,0,1,1,,2,088,"I-80  WESTBOUND","DIXON AVENUE OVERCROSSING",1056.00,W,N,B,-,Y,SOL,,80,,,35.329,H,,L,Y,3,0,2,6,A,-,04,21703,,N,C,C,A,A,H,-,D,D,0,,,,,Y,,A,01,0,2,0,0,0,0,0,0,0,"- ","- ",38.443668365478516,-121.86161041259766,SOLANO,DIXON,-121.86164855957031,38.443698883056641
91911225,2022,2022-11-07,9365,2022-10-26,1925,017736,,3,2,5,4803,0,1,1,,2,084,"I-80 E/B","TRAVIS BLVD",1584.00,E,N,A,-,Y,SOL,,80,,,18.230,H,,R,Y,4,0,1,2,A,-,03,22350,,M,C,C,A,A,H,-,C,D,0,,,,,Y,,-,99,0,0,1,0,0,0,0,0,0,"- ","- ",38.262020111083984,-122.05906677246094,SOLANO,FAIRFIELD,-122.05912780761719,38.262046813964844
91911357,2022,2022-11-07,9365,2022-10-31,0018,021185,,1,3,9,4800,0,1,1,,2,680,"INTERSTATE 680 SOUTHBOUND","MARSHVIEW ROAD",1584.00,S,N,A,-,Y,SOL,,680,,R,6.953,H,,L,Y,3,0,1,1,A,-,08,22107,,N,F,A,A,A,H,-,D,A,0,,,,,Y,,A,07,0,1,0,0,0,0,0,0,0,"- ","- ",38.143329620361328,-122.10968017578125,SOLANO,UNINCORPORATED,-122.10962677001953,38.143333435058594
91912529,2022,2022-11-08,9365,2022-10-30,2030,022834,,7,2,9,4800,0,1,3,,2,113,"SR-113 SOUTHBOUND","MIDWAY ROAD",3960.00,S,N,A,-,Y,SOL,,113,,,16.530,H,,L,Y,4,0,1,2,A,-,09,21804,A,N,D,C,A,A,H,-,D,D,0,,,,,Y,,A,01,0,0,1,0,0,0,0,0,0,"- ","- ",38.405628204345703,-121.82279968261719,SOLANO,UNINCORPORATED,-121.82283782958984,38.405632019042969
91912539,2022,2022-11-08,9365,2022-10-31,0135,022286,,1,3,9,4800,0,3,5,,2,040,"DIXON AVE","SCHROEDER RD.",3696.00,W,N,A,-,Y,,,,,,,,,,N,3,0,1,1,A,-,08,22107,,N,E,I,A,A,H,-,D,D,0,,,,,Y,,A,07,0,1,0,0,0,0,0,0,0,"- ","- ",38.445930480957031,-121.87181854248047,SOLANO,UNINCORPORATED,-121.87326049804688,38.445899963378906
91912689,2022,2022-11-08,9365,2022-11-06,0630,017508,,7,1,9,4800,0,1,3,,2,122,"SR-12 W/B",SR-113,0.00,,Y,A,-,Y,,,,,,,,,,Y,2,0,1,1,A,-,01,23152,G,N,E,I,A,A,H,-,A,D,0,,,,,Y,Y,A,01,1,0,0,0,0,0,0,0,0,"- ","- ",38.183681488037109,-121.86605834960938,SOLANO,UNINCORPORATED,-121.80597686767578,38.183769226074219
91913474,2022,2022-11-09,9365,2022-11-07,1645,020834,,1,2,9,4800,0,3,5,,2,010,"LAKE HERMAN RD","SKY VALLEY RD.",314.00,W,N,B,C,N,,,,,,,,,,N,4,0,2,2,A,-,03,22350,,N,A,C,A,B,H,-,A,A,0,,,,,Y,,A,01,0,0,2,0,0,0,0,0,0,"- ","- ",38.101119995117188,-122.16197204589844,SOLANO,UNINCORPORATED,-122.16168975830078,38.100978851318359
9191695,2020,2021-02-02,4806,2020-11-11,2350,768,,3,5,5,4806,0,0,0,,0,,"NUT TREE RD","YELLOWSTONE DR",359.00,N,N,A,-,N,,,,,,,,,,Y,3,0,1,1,A,-,03,22350,,N,E,I,A,A,H,-,C,D,0,,,,,Y,,A,01,0,1,0,0,0,0,0,0,0,"- ","- ",,,SOLANO,VACAVILLE,-121.95049285888672,38.363067626953125
91917125,2022,2022-11-14,9365,2022-11-03,0845,019458,,4,1,5,4803,0,1,1,,2,084,"I-80 W/B","MANUEL CAMPOS PARKWAY",2112.00,E,N,A,-,Y,SOL,,80,,,21.378,H,,L,N,4,0,1,3,A,-,03,22350,,N,C,C,A,A,H,-,A,D,0,,,,,Y,,A,01,0,0,1,0,0,0,0,0,0,"- ","- ",38.301849365234375,-122.03401184082031,SOLANO,FAIRFIELD,-122.03408050537109,38.301849365234375
91917276,2022,2022-11-14,9365,2022-11-04,1730,021645,,5,2,4,4801,0,1,1,,2,078,"I-780 W/B TO COLUMBUS PARKWAY","ROSE DRIVE",1465.00,E,N,A,-,Y,,,,,,,,,,Y,3,0,3,2,A,-,05,21651,B,N,B,C,A,A,H,-,A,D,0,,,,,Y,,A,01,0,1,2,0,0,0,0,0,0,"- ","- ",38.077529907226562,-122.1898193359375,SOLANO,BENICIA,-122.1898193359375,38.077529907226562
91919236,2022,2022-11-16,9365,2022-11-07,2040,020566,,1,2,5,4803,0,1,1,,2,084,"I-80 W/B","TRAVIS BLVD",200.00,W,N,C,-,Y,SOL,,80,,,17.858,H,,L,N,3,0,5,3,A,-,07,21658,A,F,B,C,A,B,H,-,C,D,0,,,,,Y,,A,01,0,1,4,0,0,0,0,0,0,"- ","- ",38.257598876953125,-122.06326293945312,SOLANO,FAIRFIELD,-122.06325531005859,38.257595062255859
91923416,2022,2022-11-21,9365,2022-11-12,0819,022796,,6,1,6,4807,0,1,3,,2,370,"SR 37 EB","RT 29",2059.00,E,N,A,-,Y,SOL,,37,,R,10.084,H,,R,N,3,0,1,1,A,-,08,22107,,N,B,I,A,A,H,-,A,D,0,,,,,Y,,A,01,0,1,0,0,0,0,0,0,0,"- ","- ",38.142440795898438,-122.24939727783203,SOLANO,VALLEJO,-122.24939727783203,38.142509460449219
91923668,2022,2022-11-21,9365,2022-11-19,1158,016970,,6,1,5,4806,0,1,1,,2,086,"I-80 W/B","MASON ST",100.00,E,N,A,-,Y,SOL,,80,,R,26.509,H,,L,Y,4,0,1,1,A,-,08,22107,,N,E,J,A,A,D,-,A,D,0,,,,,Y,,-,"- ",0,0,1,0,0,0,0,0,0,"- ","- ",38.354938507080078,-121.97827911376953,SOLANO,VACAVILLE,-121.97821044921875,38.354892730712891